INFO:     Will watch for changes in these directories: ['/workspaces/Predication-Market/backend']
INFO:     Uvicorn running on http://0.0.0.0:8000 (Press CTRL+C to quit)
INFO:     Started reloader process [4777] using WatchFiles
INFO:     Started server process [4795]
INFO:     Waiting for application startup.
INFO:     Application startup complete.
✅ Kalshi API key loaded — authenticated access enabled
✅ Kalshi private key loaded — signed requests enabled
⚠️  No Polymarket private key — Polymarket client will be read-only
Kalshi WS: connecting to wss://api.elections.kalshi.com/trade-api/ws/v2 (auth)...
Poly WS: connecting to wss://ws-subscriptions-clob.polymarket.com/ws/market (200 tokens)...
Kalshi WS: connected!
Kalshi WS: subscribed -> {'type': 'subscribed', 'id': 1, 'msg': {'channel': 'trade', 'sid': 1}}
Kalshi WS trade #1: KXMARMAD-26-ARK | yes | count=93.00 | yes=2c
Kalshi WS trade #2: KXNCAAMBGAME-26FEB18UTAHWVU-UTAH | yes | count=131.00 | yes=59c
Kalshi WS trade #3: KXNCAAMBTOTAL-26FEB18UVAGT-161 | no | count=169.00 | yes=70c
Kalshi WS trade #4: KXNCAAWBGAME-26FEB18UNLVSDSU-SDSU | yes | count=3.00 | yes=65c
Kalshi WS trade #5: KXNCAAMBGAME-26FEB18UTAHWVU-UTAH | yes | count=409.00 | yes=59c
Kalshi WS trade #6: KXNCAAMBTOTAL-26FEB18SJUMARQ-142 | no | count=13.00 | yes=86c
Poly WS: connected!
Poly WS: subscribed to 200 token IDs in 4 batches
Kalshi WS trade #7: KXNCAAMBSPREAD-26FEB18ILLUSC-ILL9 | yes | count=19.00 | yes=49c
Kalshi WS trade #8: KXNCAAMBGAME-26FEB18DEPHALL-HALL | yes | count=19.00 | yes=15c
Kalshi WS trade #9: KXNCAAMBGAME-26FEB18DEPHALL-HALL | yes | count=12.00 | yes=15c
Kalshi WS trade #10: KXMVESPORTSMULTIGAMEEXTENDED-S2026ADDC3EF1D73-5BEC8656858 | yes | count=45.00 | yes=2c
Kalshi WS trade #11: KXMVESPORTSMULTIGAMEEXTENDED-S2026ADDC3EF1D73-5BEC8656858 | yes | count=6.00 | yes=2c
Kalshi WS trade #12: KXNCAAWBGAME-26FEB18NEVCSU-NEV | no | count=34.00 | yes=2c
Kalshi WS trade #13: KXMVESPORTSMULTIGAMEEXTENDED-S202659FC29C747D-7CD551C950F | no | count=35.00 | yes=50c
Kalshi WS trade #14: KXNCAAMBGAME-26FEB18BYUARIZ-ARIZ | yes | count=7.00 | yes=83c
Kalshi WS trade #15: KXNCAAWBGAME-26FEB18UNMGC-GC | yes | count=2.00 | yes=34c
Kalshi WS trade #16: KXMVESPORTSMULTIGAMEEXTENDED-S2026F4EE98ADAB5-8A2370E39C4 | yes | count=52.00 | yes=26c
Kalshi WS trade #17: KXSAGAWARDACTO-26-LEO | no | count=2.00 | yes=9c
Kalshi WS trade #18: KXMVESPORTSMULTIGAMEEXTENDED-S2026800C2B5C1F9-E0B9FDBC45A | yes | count=80.00 | yes=60c
Kalshi WS trade #19: KXNCAAWBGAME-26FEB18UNMGC-UNM | no | count=2.00 | yes=68c
Kalshi WS trade #20: KXNCAAMBTOTAL-26FEB18UVAGT-161 | no | count=34.00 | yes=70c
Kalshi WS trade #21: KXNCAAMBGAME-26FEB18BYUARIZ-BYU | yes | count=60.00 | yes=19c
Kalshi WS trade #22: KXNCAAMBGAME-26FEB18BYUARIZ-BYU | yes | count=182.00 | yes=19c
Kalshi WS trade #23: KXNCAAMBGAME-26FEB18NCCUSCST-SCST | yes | count=1.00 | yes=60c
Kalshi WS trade #24: KXNCAAMBGAME-26FEB18UTAHWVU-UTAH | yes | count=163.00 | yes=59c
Kalshi WS trade #25: KXNCAAMBGAME-26FEB18SJUMARQ-SJU | yes | count=30.00 | yes=81c
Kalshi WS trade #26: KXNCAAWBGAME-26FEB19STANMIA-STAN | no | count=20.00 | yes=60c
Kalshi WS trade #27: KXNCAAMBGAME-26FEB18MDNW-MD | yes | count=3.00 | yes=3c
Kalshi WS trade #28: KXNCAAMBGAME-26FEB18UTAHWVU-UTAH | yes | count=4.00 | yes=59c
Kalshi WS trade #29: KXNCAAMBGAME-26FEB18DEPHALL-HALL | yes | count=31.00 | yes=15c
Kalshi WS trade #30: KXNCAAMBGAME-26FEB18VANMIZZ-MIZZ | yes | count=19.00 | yes=50c
Kalshi WS trade #31: KXATPMATCH-26FEB18GIRRUU-RUU | yes | count=14.00 | yes=41c
Kalshi WS trade #32: KXATPMATCH-26FEB18GIRRUU-RUU | yes | count=27.00 | yes=44c
Kalshi WS trade #33: KXNCAAMBGAME-26FEB18VANMIZZ-VAN | yes | count=18.00 | yes=51c
Kalshi WS trade #34: KXATPMATCH-26FEB18GIRRUU-RUU | no | count=6.00 | yes=39c
Kalshi WS trade #35: KXATPMATCH-26FEB18GIRRUU-RUU | no | count=44.00 | yes=37c
Kalshi WS trade #36: KXNCAAMBGAME-26FEB18KENNMOSU-MOSU | yes | count=34.00 | yes=34c
Kalshi WS trade #37: KXNCAAMBGAME-26FEB18KENNMOSU-MOSU | yes | count=34.00 | yes=34c
Kalshi WS trade #38: KXNCAAMBGAME-26FEB18KENNMOSU-MOSU | yes | count=34.00 | yes=34c
Kalshi WS trade #39: KXNCAAMBGAME-26FEB18KENNMOSU-MOSU | yes | count=34.00 | yes=34c
Kalshi WS trade #40: KXNCAAMBGAME-26FEB18KENNMOSU-MOSU | yes | count=34.00 | yes=34c
Kalshi WS trade #41: KXNCAAMBGAME-26FEB18KENNMOSU-MOSU | yes | count=51.00 | yes=35c
Kalshi WS trade #42: KXNCAAMBGAME-26FEB18KENNMOSU-MOSU | yes | count=34.00 | yes=35c
Kalshi WS trade #43: KXNCAAMBGAME-26FEB18KENNMOSU-MOSU | yes | count=34.00 | yes=35c
Kalshi WS trade #44: KXNCAAMBGAME-26FEB18KENNMOSU-MOSU | yes | count=100.00 | yes=35c
Kalshi WS trade #45: KXLOWTAUS-26FEB18-T61 | yes | count=7.00 | yes=75c
Kalshi WS trade #46: KXATPMATCH-26FEB18GIRRUU-RUU | yes | count=163.00 | yes=43c
Kalshi WS trade #47: KXNCAAWBGAME-26FEB19LSUMISS-MISS | no | count=5.00 | yes=28c
Kalshi WS trade #48: KXNCAAMBGAME-26FEB18NDSUSDST-SDST | yes | count=85.00 | yes=5c
Kalshi WS trade #49: KXNCAAMBGAME-26FEB18NDSUSDST-SDST | yes | count=129.00 | yes=5c
Kalshi WS trade #50: KXNCAAMBGAME-26FEB18UTAHWVU-UTAH | yes | count=9.00 | yes=59c
Kalshi WS trade #51: KXRAINAUSM-26FEB-1 | yes | count=25.00 | yes=10c
Kalshi WS trade #52: KXRAINAUSM-26FEB-1 | yes | count=20.00 | yes=11c
Kalshi WS trade #53: KXNCAAMBGAME-26FEB18NDSUSDST-NDSU | no | count=85.00 | yes=96c
Kalshi WS trade #54: KXNCAABMENTION-26FEB18BYUARIZ-TRAN | yes | count=1.00 | yes=98c
Kalshi WS trade #55: KXATPMATCH-26FEB18GIRRUU-GIR | no | count=163.00 | yes=61c
Kalshi WS trade #56: KXNCAAMBGAME-26FEB18UTAHWVU-UTAH | yes | count=20.00 | yes=59c
Kalshi WS trade #57: KXNCAAMBGAME-26FEB18NDSUSDST-SDST | yes | count=18.00 | yes=5c
Kalshi WS trade #58: KXNCAAMBSPREAD-26FEB18SJUMARQ-SJU9 | yes | count=11.00 | yes=41c
Kalshi WS trade #59: KXATPMATCH-26FEB18GIRRUU-RUU | yes | count=102.00 | yes=40c
Kalshi WS trade #60: KXATPMATCH-26FEB18GIRRUU-GIR | no | count=560.00 | yes=61c
Kalshi WS trade #61: KXNCAAMBGAME-26FEB18CHARTLSA-CHAR | yes | count=39.00 | yes=12c
Kalshi WS trade #62: KXNCAAMBGAME-26FEB18SJUMARQ-MARQ | yes | count=21.00 | yes=21c
Kalshi WS trade #63: KXBERNIEMENTION-26FEB19-TRUM | yes | count=222.00 | yes=96c
Kalshi WS trade #64: KXBERNIEMENTION-26FEB19-TRUM | yes | count=12.00 | yes=96c
Kalshi WS trade #65: KXBERNIEMENTION-26FEB19-TRUM | yes | count=50.00 | yes=96c
Kalshi WS trade #66: KXBERNIEMENTION-26FEB19-TRUM | yes | count=20.00 | yes=96c
Kalshi WS trade #67: KXNCAAMBGAME-26FEB18PEPPPORT-PORT | yes | count=20.00 | yes=76c
Kalshi WS trade #68: KXNCAAMBGAME-26FEB18CHARTLSA-TLSA | no | count=39.00 | yes=89c
Kalshi WS trade #69: KXNCAAMBGAME-26FEB18SJUMARQ-MARQ | yes | count=18.00 | yes=21c
Kalshi WS trade #70: KXATPMATCH-26FEB18GIRRUU-GIR | no | count=150.00 | yes=61c
Kalshi WS trade #71: KXNCAAMBGAME-26FEB18KENNMOSU-MOSU | yes | count=13.00 | yes=35c
Kalshi WS trade #72: KXNCAAMBGAME-26FEB18BYUARIZ-BYU | yes | count=323.00 | yes=19c
Kalshi WS trade #73: KXBTCD-26FEB1822-T66749.99 | yes | count=27.00 | yes=14c
Kalshi WS trade #74: KXATPCHALLENGERMATCH-26FEB19COLTOR-TOR | yes | count=1.00 | yes=96c
Kalshi WS trade #75: KXATPMATCH-26FEB18GIRRUU-RUU | yes | count=212.00 | yes=40c
Kalshi WS trade #76: KXNCAAMBTOTAL-26FEB18PEPPPORT-149 | no | count=765.00 | yes=53c
Kalshi WS trade #77: KXETH15M-26FEB182200-00 | yes | count=10.00 | yes=66c
Kalshi WS trade #78: KXNCAAMBGAME-26FEB18DEPHALL-HALL | yes | count=5.00 | yes=15c
Kalshi WS trade #79: KXATPMATCH-26FEB18GIRRUU-RUU | yes | count=45.00 | yes=40c
Kalshi WS trade #80: KXNCAAMBGAME-26FEB18BYUARIZ-BYU | no | count=26.00 | yes=17c
Kalshi WS trade #81: KXNCAAMBGAME-26FEB18DEPHALL-DEP | yes | count=118.00 | yes=87c
Kalshi WS trade #82: KXNCAAMBGAME-26FEB18DEPHALL-DEP | yes | count=118.00 | yes=87c
Kalshi WS trade #83: KXNCAAMBGAME-26FEB18DEPHALL-DEP | yes | count=118.00 | yes=87c
Kalshi WS trade #84: KXNCAAMBGAME-26FEB18DEPHALL-DEP | yes | count=118.00 | yes=87c
Kalshi WS trade #85: KXNCAAMBGAME-26FEB18DEPHALL-DEP | yes | count=118.00 | yes=87c
Kalshi WS trade #86: KXNCAAMBGAME-26FEB18DEPHALL-DEP | yes | count=50.00 | yes=87c
Kalshi WS trade #87: KXNCAAMBGAME-26FEB18DEPHALL-DEP | yes | count=471.00 | yes=88c
Kalshi WS trade #88: KXNCAAWBGAME-26FEB19LSUMISS-MISS | no | count=5.00 | yes=28c
Poly WS trade #1: asset=85285091029101061598... | BUY | size=3.203 | price=0.999
Kalshi WS trade #89: KXPSAKIMENTION-26FEB19-SHUT | yes | count=93.00 | yes=1c
Kalshi WS trade #90: KXMVESPORTSMULTIGAMEEXTENDED-S2026BD1AB425363-AE7C96FF69C | yes | count=19.00 | yes=10c
Kalshi WS trade #91: KXMVESPORTSMULTIGAMEEXTENDED-S2026BD1AB425363-AE7C96FF69C | yes | count=2.00 | yes=10c
Kalshi WS trade #92: KXATPMATCH-26FEB18GIRRUU-RUU | yes | count=890.00 | yes=40c
Kalshi WS trade #93: KXNCAAMBGAME-26FEB18DEPHALL-HALL | yes | count=50.00 | yes=15c
Kalshi WS trade #94: KXNCAAMBGAME-26FEB18DEPHALL-HALL | yes | count=19.00 | yes=15c
Kalshi WS trade #95: KXNCAAMBGAME-26FEB18DEPHALL-HALL | yes | count=208.00 | yes=16c
Kalshi WS trade #96: KXATPMATCH-26FEB18GIRRUU-RUU | yes | count=206.00 | yes=40c
Kalshi WS trade #97: KXNCAAMBSPREAD-26FEB18BYUARIZ-ARIZ9 | no | count=7.00 | yes=46c
Kalshi WS trade #98: KXNCAAMBGAME-26FEB18UTAHWVU-UTAH | yes | count=16.00 | yes=59c
Kalshi WS trade #99: KXNCAAMBGAME-26FEB18VANMIZZ-MIZZ | yes | count=400.00 | yes=50c
Kalshi WS trade #100: KXNCAAMBSPREAD-26FEB18DEPHALL-DEP4 | yes | count=23.00 | yes=63c
Kalshi WS trade #101: KXPGATOUR-THGI26-HMAT | yes | count=234.00 | yes=4c
Kalshi WS trade #102: KXNCAAMBSPREAD-26FEB18VANMIZZ-VAN11 | yes | count=9.00 | yes=10c
Kalshi WS trade #103: KXNCAAMBTOTAL-26FEB18KENNMOSU-167 | yes | count=3.00 | yes=67c
Kalshi WS trade #104: KXATPMATCH-26FEB18GIRRUU-RUU | yes | count=396.00 | yes=40c
Kalshi WS trade #105: KXATPMATCH-26FEB18GIRRUU-RUU | yes | count=604.00 | yes=41c
Kalshi WS trade #106: KXATPMATCH-26FEB18GIRRUU-RUU | yes | count=57.00 | yes=41c
Kalshi WS trade #107: KXNCAAMBGAME-26FEB18DEPHALL-DEP | yes | count=56.00 | yes=87c
Kalshi WS trade #108: KXATPMATCH-26FEB18GIRRUU-RUU | yes | count=44.00 | yes=41c
Kalshi WS trade #109: KXATPMATCH-26FEB18GIRRUU-RUU | yes | count=102.00 | yes=41c
Kalshi WS trade #110: KXNCAAMBGAME-26FEB18BYUARIZ-BYU | yes | count=476.00 | yes=19c
Kalshi WS trade #111: KXATPMATCH-26FEB18GIRRUU-RUU | yes | count=300.00 | yes=41c
Kalshi WS trade #112: KXBTC15M-26FEB182200-00 | yes | count=4.00 | yes=73c
Kalshi WS trade #113: KXNCAAMBSPREAD-26FEB18SJUMARQ-SJU3 | yes | count=20.00 | yes=83c
Poly WS trade #2: asset=46553455570564517989... | SELL | size=36 | price=0.007
Kalshi WS trade #114: KXNCAABMENTION-26FEB18BYUARIZ-ALL | no | count=1.00 | yes=57c
Kalshi WS trade #115: KXNCAAWBGAME-26FEB19LSUMISS-MISS | no | count=5.00 | yes=28c
Kalshi WS trade #116: KXATPMATCH-26FEB18GIRRUU-RUU | yes | count=16.00 | yes=41c
Kalshi WS trade #117: KXNCAAMBGAME-26FEB18AUBMSST-AUB | yes | count=249.00 | yes=18c
Kalshi WS trade #118: KXPSAKIMENTION-26FEB19-AFFO | yes | count=18.00 | yes=1c
Kalshi WS trade #119: KXNCAAMBGAME-26FEB18NCCUSCST-SCST | yes | count=64.00 | yes=60c
Kalshi WS trade #120: KXNCAAMBSPREAD-26FEB18ILLUSC-ILL15 | yes | count=37.00 | yes=29c
Kalshi WS trade #121: KXNCAAMBSPREAD-26FEB18ILLUSC-ILL15 | yes | count=43.00 | yes=30c
Kalshi WS trade #122: KXNCAAMBSPREAD-26FEB18ILLUSC-ILL9 | no | count=45.00 | yes=47c
Kalshi WS trade #123: KXNCAAMBGAME-26FEB18VANMIZZ-MIZZ | yes | count=19.00 | yes=50c
Kalshi WS trade #124: KXATPMATCH-26FEB18GIRRUU-RUU | yes | count=111.00 | yes=41c
Kalshi WS trade #125: KXNCAAMBGAME-26FEB18BYUARIZ-BYU | no | count=10.00 | yes=17c
Kalshi WS trade #126: KXNCAAMBGAME-26FEB18MDNW-MD | no | count=17.00 | yes=2c
Kalshi WS trade #127: KXATPCHALLENGERMATCH-26FEB18GILBAR-BAR | no | count=55.00 | yes=46c
Kalshi WS trade #128: KXNCAAWBGAME-26FEB18UNLVSDSU-SDSU | yes | count=3.00 | yes=65c
Kalshi WS trade #129: KXATPMATCH-26FEB18GIRRUU-RUU | yes | count=149.00 | yes=41c
Kalshi WS trade #130: KXGREENLANDPRICE-29JAN21-NOACQ | yes | count=888.00 | yes=77c
Kalshi WS trade #131: KXGREENLANDPRICE-29JAN21-NOACQ | yes | count=390.00 | yes=77c
Kalshi WS trade #132: KXBERNIEMENTION-26FEB19-ONE | no | count=8.00 | yes=89c
Kalshi WS trade #133: KXNCAAMBSPREAD-26FEB18ILLUSC-ILL9 | yes | count=980.00 | yes=49c
Kalshi WS trade #134: KXNCAAWBGAME-26FEB18UNMGC-GC | yes | count=4.00 | yes=35c
Kalshi WS trade #135: KXNCAAWBGAME-26FEB18UNMGC-GC | yes | count=1.00 | yes=35c
Kalshi WS trade #136: KXNCAAMBGAME-26FEB18KENNMOSU-KENN | yes | count=100.00 | yes=66c
Kalshi WS trade #137: KXNCAAMBGAME-26FEB18KENNMOSU-KENN | yes | count=100.00 | yes=66c
Kalshi WS trade #138: KXNCAAMBGAME-26FEB18KENNMOSU-KENN | yes | count=336.00 | yes=66c
Kalshi WS trade #139: KXNCAAMBGAME-26FEB18KENNMOSU-KENN | yes | count=34.00 | yes=67c
Kalshi WS trade #140: KXNCAAMBGAME-26FEB18KENNMOSU-KENN | yes | count=34.00 | yes=67c
Kalshi WS trade #141: KXNCAAMBGAME-26FEB18KENNMOSU-KENN | yes | count=34.00 | yes=67c
Kalshi WS trade #142: KXNCAAMBGAME-26FEB18KENNMOSU-KENN | yes | count=34.00 | yes=67c
Kalshi WS trade #143: KXNCAAMBGAME-26FEB18KENNMOSU-KENN | yes | count=34.00 | yes=67c
Kalshi WS trade #144: KXNCAAMBGAME-26FEB18KENNMOSU-KENN | yes | count=250.00 | yes=67c
Kalshi WS trade #145: KXBERNIEMENTION-26FEB19-SOCIA | no | count=2.00 | yes=62c
Kalshi WS trade #146: KXNCAAMBGAME-26FEB18SJUMARQ-MARQ | yes | count=13.00 | yes=21c
Kalshi WS trade #147: KXBTC15M-26FEB182200-00 | no | count=47.00 | yes=72c
Kalshi WS trade #148: KXNCAAMBGAME-26FEB18UTAHWVU-UTAH | yes | count=163.00 | yes=59c
Kalshi WS trade #149: KXNCAAMBGAME-26FEB18NCCUSCST-NCCU | yes | count=68.00 | yes=41c
Kalshi WS trade #150: KXNCAAMBGAME-26FEB18ILLUSC-USC | yes | count=43.00 | yes=20c
Kalshi WS trade #151: KXMVESPORTSMULTIGAMEEXTENDED-S20267ED6F04275B-DDBFCFDFCDC | yes | count=3084.00 | yes=3c
Kalshi WS trade #152: KXMVESPORTSMULTIGAMEEXTENDED-S2026DC4DD007FED-BDCFF6C6293 | yes | count=47.00 | yes=40c
Kalshi WS trade #153: KXATPMATCH-26FEB18GIRRUU-RUU | yes | count=12.00 | yes=40c
Kalshi WS trade #154: KXATPMATCH-26FEB18GIRRUU-RUU | yes | count=38.00 | yes=41c
Kalshi WS trade #155: KXATPMATCH-26FEB18GIRRUU-GIR | no | count=83.00 | yes=62c
Kalshi WS trade #156: KXMVESPORTSMULTIGAMEEXTENDED-S20269C8A536AA34-1B9B738E601 | yes | count=82.00 | yes=12c
Kalshi WS trade #157: KXNCAAMBGAME-26FEB18VANMIZZ-MIZZ | yes | count=38.00 | yes=50c
Kalshi WS trade #158: KXNCAAMBGAME-26FEB18VANMIZZ-MIZZ | yes | count=19.00 | yes=50c
Kalshi WS trade #159: KXNCAAMBGAME-26FEB18KUOKST-OKST | no | count=12.00 | yes=5c
Kalshi WS trade #160: KXNCAAMBGAME-26FEB18KUOKST-OKST | no | count=378.00 | yes=4c
Kalshi WS trade #161: KXNCAAMBGAME-26FEB18VANMIZZ-VAN | yes | count=1.00 | yes=51c
Kalshi WS trade #162: KXNCAAMBGAME-26FEB18VANMIZZ-VAN | yes | count=1.00 | yes=52c
Kalshi WS trade #163: KXNCAAMBTOTAL-26FEB18CHARTLSA-160 | yes | count=27.00 | yes=42c
Kalshi WS trade #164: KXNCAAMBSPREAD-26FEB18MDNW-NW8 | yes | count=20.00 | yes=69c
Kalshi WS trade #165: KXNCAAMBSPREAD-26FEB18MDNW-NW8 | yes | count=14.00 | yes=70c
Kalshi WS trade #166: KXBERNIEMENTION-26FEB19-BERN | no | count=4.00 | yes=50c
Kalshi WS trade #167: KXNCAAMBGAME-26FEB18AUBMSST-MSST | yes | count=1.00 | yes=83c
Kalshi WS trade #168: KXNCAAWBGAME-26FEB19LSUMISS-MISS | no | count=5.00 | yes=28c
Kalshi WS trade #169: KXATPMATCH-26FEB18GIRRUU-RUU | yes | count=5.00 | yes=40c
Kalshi WS trade #170: KXPSAKIMENTION-26FEB19-SHUT | yes | count=93.00 | yes=1c
Kalshi WS trade #171: KXNCAAMBTOTAL-26FEB18CHARTLSA-160 | yes | count=23.00 | yes=42c
Kalshi WS trade #172: KXNCAAMBTOTAL-26FEB18CHARTLSA-160 | yes | count=100.00 | yes=42c
Kalshi WS trade #173: KXNCAAMBTOTAL-26FEB18CHARTLSA-160 | yes | count=100.00 | yes=42c
Kalshi WS trade #174: KXNCAAMBTOTAL-26FEB18CHARTLSA-160 | yes | count=100.00 | yes=42c
Kalshi WS trade #175: KXNCAAMBTOTAL-26FEB18CHARTLSA-160 | yes | count=100.00 | yes=42c
Kalshi WS trade #176: KXNCAAMBTOTAL-26FEB18CHARTLSA-160 | yes | count=12.00 | yes=42c
Kalshi WS trade #177: KXNCAAMBGAME-26FEB18SJUMARQ-MARQ | no | count=300.00 | yes=19c
Kalshi WS trade #178: KXNCAAMBGAME-26FEB18SJUMARQ-MARQ | no | count=10.00 | yes=19c
Kalshi WS trade #179: KXNCAAMBGAME-26FEB18SJUMARQ-SJU | yes | count=100.00 | yes=81c
Kalshi WS trade #180: KXNCAAMBGAME-26FEB18SJUMARQ-SJU | yes | count=60.00 | yes=81c
Kalshi WS trade #181: KXNCAAMBGAME-26FEB18VANMIZZ-MIZZ | yes | count=193.00 | yes=50c
Kalshi WS trade #182: KXNCAAMBTOTAL-26FEB18NDSUSDST-138 | yes | count=50.00 | yes=95c
Kalshi WS trade #183: KXNCAAMBTOTAL-26FEB18NDSUSDST-138 | yes | count=630.00 | yes=96c
Kalshi WS trade #184: KXNCAAMBTOTAL-26FEB18NDSUSDST-138 | yes | count=203.00 | yes=96c
Kalshi WS trade #185: KXNCAAMBTOTAL-26FEB18NDSUSDST-138 | yes | count=203.00 | yes=96c
Kalshi WS trade #186: KXNCAAMBGAME-26FEB18UTAHWVU-UTAH | yes | count=13.00 | yes=59c
Kalshi WS trade #187: KXATPMATCH-26FEB18GIRRUU-GIR | no | count=23.00 | yes=62c
Kalshi WS trade #188: KXNCAAMBGAME-26FEB18DEPHALL-HALL | yes | count=11.00 | yes=15c
Kalshi WS trade #189: KXATPMATCH-26FEB18GIRRUU-RUU | yes | count=11.00 | yes=40c
Kalshi WS trade #190: KXNCAAMBGAME-26FEB18AUBMSST-AUB | yes | count=1.00 | yes=18c
Kalshi WS trade #191: KXNCAAMBGAME-26FEB18AUBMSST-AUB | yes | count=9.00 | yes=18c
Kalshi WS trade #192: KXBTC15M-26FEB182200-00 | yes | count=49.00 | yes=73c
Kalshi WS trade #193: KXNCAAMBGAME-26FEB18NDSUSDST-SDST | yes | count=375.00 | yes=5c
Kalshi WS trade #194: KXLPGATOUR-HONLT26-JEETHI | yes | count=1.00 | yes=32c
Kalshi WS trade #195: KXLPGATOUR-HONLT26-JEETHI | yes | count=13.00 | yes=33c
Kalshi WS trade #196: KXBTC15M-26FEB182200-00 | yes | count=64.00 | yes=73c
Kalshi WS trade #197: KXATPCHALLENGERMATCH-26FEB18GILBAR-BAR | no | count=10.00 | yes=46c
Kalshi WS trade #198: KXNCAAMBTOTAL-26FEB18BYUARIZ-155 | no | count=13.00 | yes=65c
Kalshi WS trade #199: KXNCAAMBGAME-26FEB18MDNW-NW | no | count=120.00 | yes=97c
Kalshi WS trade #200: KXNCAAMBGAME-26FEB18MDNW-NW | no | count=282.00 | yes=97c
Kalshi WS trade #201: KXNCAAMBGAME-26FEB18MDNW-NW | no | count=7.00 | yes=97c
Kalshi WS trade #202: KXNCAAMBGAME-26FEB18MDNW-NW | no | count=728.00 | yes=97c
Kalshi WS trade #203: KXNCAAMBTOTAL-26FEB18NCCUSCST-137 | no | count=3.00 | yes=46c
Kalshi WS trade #204: KXNCAAMBGAME-26FEB18KENNMOSU-MOSU | yes | count=20.00 | yes=36c
Kalshi WS trade #205: KXNCAAMBGAME-26FEB18KUOKST-OKST | yes | count=31.00 | yes=6c
Kalshi WS trade #206: KXPGATOP5-THGI26-JBRI | yes | count=46.00 | yes=6c
Kalshi WS trade #207: KXNCAAMBGAME-26FEB18PACWSU-PAC | yes | count=58.00 | yes=50c
Kalshi WS trade #208: KXNCAAMBGAME-26FEB18PACWSU-PAC | yes | count=95.00 | yes=50c
Kalshi WS trade #209: KXNCAABMENTION-26FEB18BYUARIZ-ANKL | yes | count=1.00 | yes=99c
Kalshi WS trade #210: KXNCAAMBGAME-26FEB18VANMIZZ-VAN | yes | count=19.00 | yes=51c
Kalshi WS trade #211: KXNCAAMBGAME-26FEB18DEPHALL-HALL | yes | count=8.00 | yes=15c
Kalshi WS trade #212: KXNCAAMBGAME-26FEB18DEPHALL-HALL | yes | count=33.00 | yes=15c
Kalshi WS trade #213: KXNCAAMBGAME-26FEB18PACWSU-WSU | yes | count=129.00 | yes=51c
Kalshi WS trade #214: KXNCAAMBGAME-26FEB18PACWSU-WSU | yes | count=129.00 | yes=51c
Kalshi WS trade #215: KXNCAAMBGAME-26FEB18PACWSU-WSU | yes | count=129.00 | yes=51c
Kalshi WS trade #216: KXNCAAMBGAME-26FEB18PACWSU-WSU | yes | count=129.00 | yes=51c
Kalshi WS trade #217: KXNCAAMBGAME-26FEB18PACWSU-WSU | yes | count=129.00 | yes=51c
Kalshi WS trade #218: KXNCAAMBGAME-26FEB18AUBMSST-AUB | no | count=100.00 | yes=17c
Kalshi WS trade #219: KXNCAAMBGAME-26FEB18CHARTLSA-CHAR | yes | count=42.00 | yes=11c
Kalshi WS trade #220: KXNCAAMBGAME-26FEB18PACWSU-PAC | yes | count=100.00 | yes=50c
Kalshi WS trade #221: KXNCAAMBGAME-26FEB18BSUUSU-BSU | yes | count=71.00 | yes=20c
Kalshi WS trade #222: KXAHLGAME-26FEB181905CHAROC-ROC | no | count=275.00 | yes=1c
Kalshi WS trade #223: KXNCAAWBGAME-26FEB19LSUMISS-MISS | no | count=2.00 | yes=28c
Kalshi WS trade #224: KXETH15M-26FEB182200-00 | yes | count=1.00 | yes=66c
Kalshi WS trade #225: KXETH15M-26FEB182200-00 | yes | count=2.00 | yes=66c
Kalshi WS trade #226: KXNCAAMBGAME-26FEB18VANMIZZ-VAN | yes | count=19.00 | yes=51c
Kalshi WS trade #227: KXNCAAMBGAME-26FEB18VANMIZZ-VAN | yes | count=911.00 | yes=52c
Kalshi WS trade #228: KXATPMATCH-26FEB18GIRRUU-RUU | yes | count=5.00 | yes=39c
Kalshi WS trade #229: KXATPMATCH-26FEB18GIRRUU-RUU | yes | count=194.00 | yes=40c
Kalshi WS trade #230: KXNCAAMBGAME-26FEB18BYUARIZ-ARIZ | yes | count=68.00 | yes=83c
Kalshi WS trade #231: KXNCAAMBGAME-26FEB18BYUARIZ-BYU | no | count=15.00 | yes=17c
Kalshi WS trade #232: KXMVESPORTSMULTIGAMEEXTENDED-S2026CCA966CB48F-57E8235938C | yes | count=2.00 | yes=50c
Kalshi WS trade #233: KXMVESPORTSMULTIGAMEEXTENDED-S2026D4838DC0508-F8FA8908868 | yes | count=190.00 | yes=5c
Kalshi WS trade #234: KXNCAAMBGAME-26FEB18VANMIZZ-VAN | yes | count=19.00 | yes=51c
Kalshi WS trade #235: KXNCAAMBGAME-26FEB18DEPHALL-DEP | yes | count=5.00 | yes=87c
Kalshi WS trade #236: KXATPMATCH-26FEB18GIRRUU-GIR | no | count=211.00 | yes=61c
Kalshi WS trade #237: KXMVESPORTSMULTIGAMEEXTENDED-S20268DF37A2A2BF-7933B4BEA7A | yes | count=268.00 | yes=14c
Kalshi WS trade #238: KXMVESPORTSMULTIGAMEEXTENDED-S20268DF37A2A2BF-7933B4BEA7A | yes | count=44.00 | yes=15c
Poly WS trade #3: asset=11108067103612610965... | SELL | size=34 | price=0.994
Kalshi WS trade #239: KXNCAAMBGAME-26FEB18CHARTLSA-CHAR | yes | count=58.00 | yes=11c
Kalshi WS trade #240: KXNCAAMBGAME-26FEB18CHARTLSA-CHAR | yes | count=67.00 | yes=11c
Kalshi WS trade #241: KXNCAAMBSPREAD-26FEB18CSUUNLV-UNLV1 | yes | count=16.00 | yes=57c
Kalshi WS trade #242: KXNCAAMBGAME-26FEB18KENNMOSU-MOSU | yes | count=45.00 | yes=35c
Kalshi WS trade #243: KXNCAAMBGAME-26FEB18BYUARIZ-BYU | no | count=549.00 | yes=17c
Kalshi WS trade #244: KXATPMATCH-26FEB18GIRRUU-RUU | yes | count=6.00 | yes=40c
Kalshi WS trade #245: KXNCAAMBGAME-26FEB18BYUARIZ-ARIZ | yes | count=35.00 | yes=83c
Kalshi WS trade #246: KXNCAAMBGAME-26FEB18CHARTLSA-CHAR | no | count=21.00 | yes=9c
Kalshi WS trade #247: KXNCAAMBSPREAD-26FEB18CHARTLSA-TLSA7 | yes | count=8.00 | yes=44c
Kalshi WS trade #248: KXNCAAMBGAME-26FEB18NDSUSDST-NDSU | yes | count=54.00 | yes=98c
Kalshi WS trade #249: KXOSCARSONG-26-LIE | yes | count=17.00 | yes=11c
Kalshi WS trade #250: KXNCAAMBGAME-26FEB18KENNMOSU-KENN | yes | count=34.00 | yes=68c
Kalshi WS trade #251: KXNCAAMBGAME-26FEB18KENNMOSU-KENN | yes | count=34.00 | yes=68c
Kalshi WS trade #252: KXNCAAMBGAME-26FEB18KENNMOSU-KENN | yes | count=34.00 | yes=68c
Kalshi WS trade #253: KXNCAAMBGAME-26FEB18KENNMOSU-KENN | yes | count=34.00 | yes=68c
Kalshi WS trade #254: KXNCAAMBGAME-26FEB18KENNMOSU-KENN | yes | count=34.00 | yes=68c
Kalshi WS trade #255: KXNCAAMBGAME-26FEB18KENNMOSU-KENN | yes | count=32.00 | yes=68c
Kalshi WS trade #256: KXNCAAMBGAME-26FEB18PACWSU-PAC | yes | count=888.00 | yes=50c
Kalshi WS trade #257: KXATPMATCH-26FEB18GIRRUU-GIR | yes | count=72.00 | yes=63c
Kalshi WS trade #258: KXATPMATCH-26FEB18GIRRUU-RUU | no | count=136.00 | yes=37c
Kalshi WS trade #259: KXATPMATCH-26FEB18GIRRUU-RUU | no | count=180.00 | yes=37c
Kalshi WS trade #260: KXATPMATCH-26FEB18GIRRUU-GIR | yes | count=14.00 | yes=64c
Kalshi WS trade #261: KXATPMATCH-26FEB18GIRRUU-RUU | no | count=72.00 | yes=37c
Kalshi WS trade #262: KXATPMATCH-26FEB18GIRRUU-RUU | no | count=228.00 | yes=36c
Kalshi WS trade #263: KXATPMATCH-26FEB18GIRRUU-RUU | no | count=72.00 | yes=36c
Kalshi WS trade #264: KXATPMATCH-26FEB18GIRRUU-RUU | no | count=1.00 | yes=35c
Kalshi WS trade #265: KXATPMATCH-26FEB18GIRRUU-RUU | no | count=2.00 | yes=35c
Kalshi WS trade #266: KXATPMATCH-26FEB18GIRRUU-RUU | no | count=4.00 | yes=35c
Kalshi WS trade #267: KXATPMATCH-26FEB18GIRRUU-GIR | yes | count=150.00 | yes=66c
Kalshi WS trade #268: KXBERNIEMENTION-26FEB19-CORR | yes | count=55.00 | yes=63c
Kalshi WS trade #269: KXNCAAMBSPREAD-26FEB18FAUUTSA-FAU10 | no | count=3.00 | yes=2c
Kalshi WS trade #270: KXNCAAMBTOTAL-26FEB18UTAHWVU-124 | no | count=4.00 | yes=43c
Kalshi WS trade #271: KXNCAAMBGAME-26FEB18AUBMSST-AUB | yes | count=45.00 | yes=18c
Kalshi WS trade #272: KXNCAAWBGAME-26FEB19WISUSC-WIS | no | count=5.00 | yes=8c
Kalshi WS trade #273: KXNCAAMBGAME-26FEB18MDNW-MD | yes | count=60.00 | yes=3c
Kalshi WS trade #274: KXNCAAMBGAME-26FEB18VANMIZZ-MIZZ | yes | count=15.00 | yes=50c
Kalshi WS trade #275: KXNCAAMBGAME-26FEB18DEPHALL-HALL | no | count=16.00 | yes=14c
Kalshi WS trade #276: KXNCAAMBGAME-26FEB18PACWSU-PAC | yes | count=2.00 | yes=50c
Kalshi WS trade #277: KXNCAAMBGAME-26FEB18PACWSU-PAC | yes | count=100.00 | yes=50c
Kalshi WS trade #278: KXNCAAMBGAME-26FEB18PACWSU-PAC | yes | count=100.00 | yes=50c
Kalshi WS trade #279: KXNCAAMBGAME-26FEB18PACWSU-PAC | yes | count=54.00 | yes=50c
Kalshi WS trade #280: KXNCAAMBGAME-26FEB18PACWSU-PAC | yes | count=744.00 | yes=50c
Kalshi WS trade #281: KXPGATOUR-THGI26-ABHA | yes | count=327.00 | yes=2c
Kalshi WS trade #282: KXNCAAMBGAME-26FEB18CHARTLSA-CHAR | yes | count=33.00 | yes=11c
Kalshi WS trade #283: KXNCAAMBGAME-26FEB18CHARTLSA-CHAR | yes | count=9.00 | yes=12c
Kalshi WS trade #284: KXNCAAMBGAME-26FEB18BSUUSU-USU | yes | count=1.00 | yes=82c
Kalshi WS trade #285: KXNCAAMBGAME-26FEB18CHARTLSA-TLSA | no | count=9.00 | yes=89c
Kalshi WS trade #286: KXBTCD-26FEB1822-T66749.99 | no | count=100.00 | yes=13c
Kalshi WS trade #287: KXBTCD-26FEB1822-T66749.99 | no | count=4.00 | yes=12c
Kalshi WS trade #288: KXBTCD-26FEB1822-T66749.99 | no | count=1.00 | yes=11c
Kalshi WS trade #289: KXNCAAMBTOTAL-26FEB18PACWSU-141 | no | count=50.00 | yes=65c
Kalshi WS trade #290: KXNCAAMBTOTAL-26FEB18PACWSU-141 | no | count=6.00 | yes=65c
Kalshi WS trade #291: KXNCAAMBGAME-26FEB18BYUARIZ-BYU | yes | count=14.00 | yes=19c
Kalshi WS trade #292: KXBTCD-26FEB1822-T66749.99 | no | count=100.00 | yes=11c
Kalshi WS trade #293: KXBTCD-26FEB1822-T66749.99 | no | count=9.00 | yes=10c
Kalshi WS trade #294: KXNCAAMBGAME-26FEB18AUBMSST-AUB | yes | count=34.00 | yes=18c
Kalshi WS trade #295: KXNCAAMBGAME-26FEB18DEPHALL-HALL | yes | count=85.00 | yes=15c
Kalshi WS trade #296: KXNCAAMBGAME-26FEB18DEPHALL-HALL | yes | count=118.00 | yes=15c
Kalshi WS trade #297: KXNCAAMBGAME-26FEB18DEPHALL-HALL | yes | count=97.00 | yes=15c
Kalshi WS trade #298: KXSOL15M-26FEB182200-00 | yes | count=1.00 | yes=81c
Kalshi WS trade #299: KXNCAAMBGAME-26FEB18KENNMOSU-KENN | yes | count=53.00 | yes=68c
Kalshi WS trade #300: KXNCAAMBGAME-26FEB18CHARTLSA-TLSA | no | count=1.00 | yes=89c
Kalshi WS trade #301: KXNCAAMBGAME-26FEB18CHARTLSA-TLSA | no | count=33.00 | yes=88c
Kalshi WS trade #302: KXNCAAMBGAME-26FEB18UTAHWVU-UTAH | yes | count=60.00 | yes=59c
Kalshi WS trade #303: KXEPLGAME-26FEB21CFCBUR-TIE | yes | count=174.00 | yes=12c
Kalshi WS trade #304: KXMVESPORTSMULTIGAMEEXTENDED-S2026301942355D3-C842BB726A6 | yes | count=146.00 | yes=32c
Kalshi WS trade #305: KXMARMAD-26-ARK | yes | count=46.00 | yes=2c
Kalshi WS trade #306: KXNCAAMBGAME-26FEB18VANMIZZ-MIZZ | yes | count=125.00 | yes=50c
Kalshi WS trade #307: KXNCAAMBGAME-26FEB18KENNMOSU-MOSU | yes | count=6.00 | yes=35c
Kalshi WS trade #308: KXNCAAMBGAME-26FEB18KENNMOSU-MOSU | yes | count=11.00 | yes=35c
Kalshi WS trade #309: KXNCAAMBTOTAL-26FEB18SJUMARQ-160 | no | count=250.00 | yes=50c
Kalshi WS trade #310: KXNCAAMBGAME-26FEB18UTAHWVU-UTAH | yes | count=8.00 | yes=59c
Poly WS trade #4: asset=25587456249932347125... | SELL | size=46.2 | price=0.978
Kalshi WS trade #311: KXNCAAMBTOTAL-26FEB18CHARTLSA-160 | no | count=80.00 | yes=41c
Kalshi WS trade #312: KXNCAAMBTOTAL-26FEB18GONZSF-147 | yes | count=15.00 | yes=55c
Kalshi WS trade #313: KXNCAAMBGAME-26FEB18AUBMSST-AUB | yes | count=105.00 | yes=18c
Kalshi WS trade #314: KXNCAAMBGAME-26FEB18KUOKST-OKST | yes | count=31.00 | yes=6c
Kalshi WS trade #315: KXNCAAMBGAME-26FEB18BYUARIZ-BYU | no | count=100.00 | yes=18c
Kalshi WS trade #316: KXNCAAWBGAME-26FEB19WISUSC-WIS | no | count=5.00 | yes=8c
Kalshi WS trade #317: KXNCAAMBGAME-26FEB18CHARTLSA-CHAR | yes | count=196.00 | yes=12c
Kalshi WS trade #318: KXNCAAMBGAME-26FEB18BYUARIZ-BYU | yes | count=345.00 | yes=19c
Kalshi WS trade #319: KXNCAAMBGAME-26FEB18BYUARIZ-BYU | yes | count=29.00 | yes=19c
Kalshi WS trade #320: KXNCAAMBGAME-26FEB18DEPHALL-HALL | yes | count=19.00 | yes=15c
Kalshi WS trade #321: KXNCAAMBGAME-26FEB18DEPHALL-HALL | yes | count=118.00 | yes=15c
Kalshi WS trade #322: KXNCAAMBGAME-26FEB18DEPHALL-HALL | yes | count=118.00 | yes=15c
Kalshi WS trade #323: KXNCAAMBGAME-26FEB18DEPHALL-HALL | yes | count=118.00 | yes=15c
Kalshi WS trade #324: KXNCAAMBGAME-26FEB18DEPHALL-HALL | yes | count=67.00 | yes=15c
Kalshi WS trade #325: KXETH15M-26FEB182200-00 | yes | count=2.00 | yes=67c
Kalshi WS trade #326: KXNCAAMBTOTAL-26FEB18CHARTLSA-160 | yes | count=20.00 | yes=41c
Kalshi WS trade #327: KXNCAAMBTOTAL-26FEB18CHARTLSA-160 | yes | count=100.00 | yes=42c
Kalshi WS trade #328: KXNCAAMBTOTAL-26FEB18CHARTLSA-160 | yes | count=100.00 | yes=42c
Kalshi WS trade #329: KXNCAAMBTOTAL-26FEB18CHARTLSA-160 | yes | count=100.00 | yes=42c
Kalshi WS trade #330: KXNCAAMBTOTAL-26FEB18CHARTLSA-160 | yes | count=50.00 | yes=42c
Kalshi WS trade #331: KXNCAAMBTOTAL-26FEB18CHARTLSA-160 | yes | count=100.00 | yes=42c
Kalshi WS trade #332: KXNCAAMBTOTAL-26FEB18CHARTLSA-160 | yes | count=100.00 | yes=42c
Kalshi WS trade #333: KXNCAAMBTOTAL-26FEB18CHARTLSA-160 | yes | count=1000.00 | yes=43c
Kalshi WS trade #334: KXNCAAMBTOTAL-26FEB18CHARTLSA-160 | yes | count=100.00 | yes=43c
Kalshi WS trade #335: KXNCAAMBSPREAD-26FEB18BYUARIZ-ARIZ9 | yes | count=10.00 | yes=50c
Kalshi WS trade #336: KXNCAAMBSPREAD-26FEB18BYUARIZ-ARIZ9 | yes | count=2.00 | yes=50c
Kalshi WS trade #337: KXNCAAMBSPREAD-26FEB18BYUARIZ-ARIZ9 | yes | count=9.00 | yes=51c
Kalshi WS trade #338: KXNCAAMBSPREAD-26FEB18BYUARIZ-ARIZ9 | yes | count=777.00 | yes=51c
Kalshi WS trade #339: KXNCAAMBSPREAD-26FEB18BYUARIZ-ARIZ9 | yes | count=50.00 | yes=51c
Kalshi WS trade #340: KXNCAAMBSPREAD-26FEB18BYUARIZ-ARIZ9 | yes | count=777.00 | yes=52c
Kalshi WS trade #341: KXNCAAMBSPREAD-26FEB18BYUARIZ-ARIZ9 | yes | count=416.00 | yes=52c
Kalshi WS trade #342: KXNCAAMBSPREAD-26FEB18BYUARIZ-ARIZ9 | yes | count=25.00 | yes=53c
Kalshi WS trade #343: KXNCAAMBSPREAD-26FEB18BYUARIZ-ARIZ9 | yes | count=124.00 | yes=53c
Kalshi WS trade #344: KXATPMATCH-26FEB18GIRRUU-RUU | yes | count=180.00 | yes=34c
Kalshi WS trade #345: KXATPMATCH-26FEB18GIRRUU-RUU | yes | count=180.00 | yes=34c
Kalshi WS trade #346: KXATPMATCH-26FEB18GIRRUU-RUU | yes | count=180.00 | yes=34c
Kalshi WS trade #347: KXATPMATCH-26FEB18GIRRUU-RUU | yes | count=179.00 | yes=34c
Kalshi WS trade #348: KXNCAAMBGAME-26FEB18DEPHALL-HALL | no | count=277.00 | yes=14c
Kalshi WS trade #349: KXNCAAMBGAME-26FEB18GONZSF-SF | yes | count=260.00 | yes=8c
Kalshi WS trade #350: KXNCAAMBTOTAL-26FEB18KENNMOSU-161 | yes | count=6.00 | yes=64c
Kalshi WS trade #351: KXNCAAMBTOTAL-26FEB18KENNMOSU-161 | yes | count=1.00 | yes=64c
Kalshi WS trade #352: KXNCAAMBTOTAL-26FEB18KENNMOSU-161 | yes | count=20.00 | yes=65c
Kalshi WS trade #353: KXNCAAMBTOTAL-26FEB18KENNMOSU-161 | yes | count=3.00 | yes=82c
Kalshi WS trade #354: KXNCAAMBGAME-26FEB18CHARTLSA-CHAR | yes | count=154.00 | yes=12c
Kalshi WS trade #355: KXNCAAMBGAME-26FEB18CHARTLSA-CHAR | yes | count=24.00 | yes=12c
Kalshi WS trade #356: KXNCAAMBGAME-26FEB18NDSUSDST-SDST | yes | count=14.00 | yes=5c
Kalshi WS trade #357: KXNCAAMBGAME-26FEB18SJUMARQ-MARQ | yes | count=235.00 | yes=19c
Kalshi WS trade #358: KXNCAAMBGAME-26FEB18SJUMARQ-MARQ | yes | count=384.00 | yes=19c
Kalshi WS trade #359: KXNBAGAME-26FEB19INDWAS-IND | yes | count=8.00 | yes=58c
Kalshi WS trade #360: KXMARMAD-26-ALA | yes | count=625.00 | yes=2c
Kalshi WS trade #361: KXNCAAMBTOTAL-26FEB18GONZSF-144 | yes | count=15.00 | yes=61c
Kalshi WS trade #362: KXNCAAMBGAME-26FEB18UTAHWVU-WVU | yes | count=20.00 | yes=42c
Kalshi WS trade #363: KXNCAAWBGAME-26FEB19WISUSC-WIS | no | count=5.00 | yes=8c
Kalshi WS trade #364: KXNCAAMBTOTAL-26FEB18BYUARIZ-164 | yes | count=2.00 | yes=37c
Kalshi WS trade #365: KXNCAAMBGAME-26FEB18ILLUSC-USC | yes | count=42.00 | yes=20c
Kalshi WS trade #366: KXNCAAMBSPREAD-26FEB18VANMIZZ-VAN2 | yes | count=1.00 | yes=39c
Kalshi WS trade #367: KXMVESPORTSMULTIGAMEEXTENDED-S202659D7CEB845B-60C6935B3C7 | yes | count=883.00 | yes=5c
Kalshi WS trade #368: KXMVESPORTSMULTIGAMEEXTENDED-S202656F9E9A16D0-61B50759453 | yes | count=114.00 | yes=4c
Kalshi WS trade #369: KXNCAAMBGAME-26FEB18BYUARIZ-BYU | yes | count=2.00 | yes=19c
Kalshi WS trade #370: KXMVESPORTSMULTIGAMEEXTENDED-S2026B76CADC00ED-CB7EF582163 | yes | count=6.00 | yes=33c
Kalshi WS trade #371: KXMVESPORTSMULTIGAMEEXTENDED-S2026B76CADC00ED-CB7EF582163 | yes | count=3.00 | yes=34c
Kalshi WS trade #372: KXNCAAMBGAME-26FEB18GONZSF-SF | yes | count=2000.00 | yes=8c
Kalshi WS trade #373: KXNCAAMBTOTAL-26FEB18KENNMOSU-167 | no | count=2.00 | yes=49c
Kalshi WS trade #374: KXNCAAWBGAME-26FEB18UTAUTU-UTU | yes | count=26.00 | yes=18c
Kalshi WS trade #375: KXNCAAWBGAME-26FEB18UTAUTU-UTA | no | count=26.00 | yes=85c
Kalshi WS trade #376: KXNCAAMBSPREAD-26FEB18BYUARIZ-ARIZ6 | no | count=10.00 | yes=60c
Kalshi WS trade #377: KXNCAAMBSPREAD-26FEB18KENNMOSU-KENN7 | no | count=10.00 | yes=26c
Kalshi WS trade #378: KXBTC-26FEB1822-B66625 | no | count=5.00 | yes=83c
Kalshi WS trade #379: KXNCAAMBGAME-26FEB18NDSUSDST-SDST | yes | count=258.00 | yes=4c
Kalshi WS trade #380: KXNCAAMBGAME-26FEB18NDSUSDST-SDST | yes | count=200.00 | yes=4c
Kalshi WS trade #381: KXNCAAMBGAME-26FEB18NDSUSDST-SDST | yes | count=27.00 | yes=5c
Kalshi WS trade #382: KXNCAAMBGAME-26FEB18KENNMOSU-MOSU | no | count=3.00 | yes=33c
Kalshi WS trade #383: KXNCAAMBGAME-26FEB18DEPHALL-DEP | yes | count=118.00 | yes=87c
Kalshi WS trade #384: KXNCAAMBGAME-26FEB18DEPHALL-DEP | yes | count=48.00 | yes=87c
Kalshi WS trade #385: KXNCAAMBGAME-26FEB18BYUARIZ-BYU | no | count=7.00 | yes=17c
Kalshi WS trade #386: KXNCAAMBGAME-26FEB18PACWSU-WSU | yes | count=129.00 | yes=51c
Kalshi WS trade #387: KXNCAAMBGAME-26FEB18PACWSU-WSU | yes | count=129.00 | yes=51c
Kalshi WS trade #388: KXNCAAMBGAME-26FEB18PACWSU-WSU | yes | count=129.00 | yes=51c
Kalshi WS trade #389: KXNCAAMBGAME-26FEB18PACWSU-WSU | yes | count=129.00 | yes=51c
Kalshi WS trade #390: KXNCAAMBGAME-26FEB18PACWSU-WSU | yes | count=129.00 | yes=51c
Kalshi WS trade #391: KXNCAAMBGAME-26FEB18PACWSU-WSU | yes | count=50.00 | yes=52c
Kalshi WS trade #392: KXNCAAMBGAME-26FEB18PACWSU-WSU | yes | count=640.00 | yes=52c
Kalshi WS trade #393: KXNCAAMBSPREAD-26FEB18ILLUSC-ILL9 | yes | count=10.00 | yes=49c
Kalshi WS trade #394: KXNCAAMBSPREAD-26FEB18CHARTLSA-TLSA7 | yes | count=100.00 | yes=47c
Kalshi WS trade #395: KXNCAAMBSPREAD-26FEB18CHARTLSA-TLSA7 | yes | count=33.00 | yes=47c
Kalshi WS trade #396: KXATPMATCH-26FEB18GIRRUU-RUU | yes | count=4.00 | yes=34c
Kalshi WS trade #397: KXNCAAMBGAME-26FEB18MDNW-MD | no | count=17.00 | yes=2c
Kalshi WS trade #398: KXNCAAMBTOTAL-26FEB18CHARTLSA-160 | yes | count=100.00 | yes=42c
Kalshi WS trade #399: KXNCAAMBTOTAL-26FEB18CHARTLSA-160 | yes | count=16.00 | yes=42c
Kalshi WS trade #400: KXNCAAMBGAME-26FEB18CHARTLSA-CHAR | no | count=10.00 | yes=11c
Kalshi WS trade #401: KXNCAAMBGAME-26FEB18CHARTLSA-CHAR | no | count=136.00 | yes=10c
Kalshi WS trade #402: KXLOWTNYC-26FEB18-B37.5 | yes | count=12.00 | yes=97c
Kalshi WS trade #403: KXLOWTNYC-26FEB18-B37.5 | yes | count=138.00 | yes=98c
Kalshi WS trade #404: KXNCAAMBGAME-26FEB18VANMIZZ-VAN | yes | count=19.00 | yes=51c
Kalshi WS trade #405: KXNCAAMBGAME-26FEB18VANMIZZ-VAN | yes | count=11.00 | yes=52c
Kalshi WS trade #406: KXBERNIEMENTION-26FEB19-ONE | no | count=15.00 | yes=89c
Kalshi WS trade #407: KXLOWTAUS-26FEB18-T61 | yes | count=50.00 | yes=75c
Kalshi WS trade #408: KXLOWTAUS-26FEB18-B58.5 | yes | count=50.00 | yes=16c
Kalshi WS trade #409: KXLOWTAUS-26FEB18-B60.5 | yes | count=50.00 | yes=6c
Kalshi WS trade #410: KXNCAAMBGAME-26FEB18MDNW-NW | yes | count=1.00 | yes=98c
Kalshi WS trade #411: KXNCAAMBGAME-26FEB18KUOKST-KU | yes | count=20.00 | yes=95c
Kalshi WS trade #412: KXNCAAMBGAME-26FEB18CHARTLSA-CHAR | yes | count=42.00 | yes=12c
Kalshi WS trade #413: KXNCAAMBGAME-26FEB18AUBMSST-MSST | yes | count=217.00 | yes=83c
Kalshi WS trade #414: KXBTC15M-26FEB182200-00 | yes | count=18.00 | yes=72c
Kalshi WS trade #415: KXNCAAWBGAME-26FEB18UTAUTU-UTU | yes | count=17.00 | yes=18c
Kalshi WS trade #416: KXNCAAWBGAME-26FEB18UTAUTU-UTU | yes | count=1.00 | yes=19c
Kalshi WS trade #417: KXATPMATCH-26FEB18GIRRUU-RUU | yes | count=68.00 | yes=34c
Kalshi WS trade #418: KXNCAAMBGAME-26FEB18FAUUTSA-UTSA | yes | count=46.00 | yes=2c
Kalshi WS trade #419: KXNCAAWBGAME-26FEB19QUCJAC-JAC | yes | count=25.00 | yes=95c
Kalshi WS trade #420: KXNCAAMBGAME-26FEB18BYUARIZ-BYU | yes | count=24.00 | yes=19c
Kalshi WS trade #421: KXNCAAWBGAME-26FEB18UTAUTU-UTA | no | count=17.00 | yes=85c
Kalshi WS trade #422: KXNCAAMBGAME-26FEB18SJUMARQ-MARQ | yes | count=49.00 | yes=18c
Kalshi WS trade #423: KXBTCMAXMON-BTC-26FEB28-9250000 | yes | count=10.00 | yes=2c
Kalshi WS trade #424: KXNCAAMBGAME-26FEB18ORUNEOM-ORU | yes | count=100.00 | yes=3c
Kalshi WS trade #425: KXATPMATCH-26FEB18GIRRUU-RUU | yes | count=108.00 | yes=34c
Kalshi WS trade #426: KXATPMATCH-26FEB18GIRRUU-RUU | yes | count=86.00 | yes=34c
Kalshi WS trade #427: KXNCAAMBGAME-26FEB18KUOKST-OKST | yes | count=78.00 | yes=6c
Kalshi WS trade #428: KXNCAAMBTOTAL-26FEB18DEPHALL-127 | no | count=10.00 | yes=53c
Kalshi WS trade #429: KXLOWTAUS-26FEB18-T61 | yes | count=12.00 | yes=75c
Kalshi WS trade #430: KXLOWTAUS-26FEB18-B58.5 | yes | count=12.00 | yes=16c
Kalshi WS trade #431: KXBTC15M-26FEB182200-00 | yes | count=4.00 | yes=73c
Kalshi WS trade #432: KXBTC15M-26FEB182200-00 | yes | count=1.00 | yes=74c
Kalshi WS trade #433: KXBTC15M-26FEB182200-00 | yes | count=1.00 | yes=74c
Kalshi WS trade #434: KXBTC15M-26FEB182200-00 | yes | count=1.00 | yes=74c
Kalshi WS trade #435: KXBTC15M-26FEB182200-00 | yes | count=2.00 | yes=74c
Kalshi WS trade #436: KXBTC15M-26FEB182200-00 | yes | count=6.00 | yes=74c
Kalshi WS trade #437: KXMVESPORTSMULTIGAMEEXTENDED-S2026629FAEFAD51-4753E7F25A2 | yes | count=443.00 | yes=10c
Kalshi WS trade #438: KXNCAAMBGAME-26FEB18BYUARIZ-BYU | yes | count=124.00 | yes=19c
Kalshi WS trade #439: KXMVESPORTSMULTIGAMEEXTENDED-S202687C50A71ABD-1114884F854 | yes | count=746.00 | yes=2c
Kalshi WS trade #440: KXNCAAMBGAME-26FEB18UTAHWVU-WVU | yes | count=115.00 | yes=42c
Kalshi WS trade #441: KXMVESPORTSMULTIGAMEEXTENDED-S202600227989773-EA5CB8599F1 | yes | count=311.00 | yes=3c
Kalshi WS trade #442: KXNCAAMBGAME-26FEB18UTAHWVU-UTAH | yes | count=40.00 | yes=59c
Kalshi WS trade #443: KXMVESPORTSMULTIGAMEEXTENDED-S202611B0BADDE91-7160636FEBB | yes | count=4.00 | yes=1c
Kalshi WS trade #444: KXNCAAMBGAME-26FEB18VANMIZZ-MIZZ | yes | count=19.00 | yes=50c
Kalshi WS trade #445: KXNCAAMBGAME-26FEB18SJUMARQ-MARQ | yes | count=47.00 | yes=18c
Kalshi WS trade #446: KXNCAAMBGAME-26FEB18VANMIZZ-VAN | yes | count=19.00 | yes=51c
Kalshi WS trade #447: KXNCAAMBGAME-26FEB18VANMIZZ-VAN | yes | count=260.00 | yes=52c
Kalshi WS trade #448: KXNCAAMBGAME-26FEB18BYUARIZ-ARIZ | yes | count=7.00 | yes=83c
Kalshi WS trade #449: KXNCAAMBTOTAL-26FEB18BYUARIZ-158 | yes | count=267.00 | yes=56c
Kalshi WS trade #450: KXNCAAMBTOTAL-26FEB18BYUARIZ-158 | yes | count=490.00 | yes=56c
Kalshi WS trade #451: KXNCAAMBSPREAD-26FEB18ARKALA-ALA1 | no | count=11.00 | yes=99c
Kalshi WS trade #452: KXNCAAMBGAME-26FEB18BYUARIZ-BYU | no | count=12.00 | yes=17c
Kalshi WS trade #453: KXNCAAMBGAME-26FEB18UTAHWVU-UTAH | yes | count=8.00 | yes=59c
Kalshi WS trade #454: KXNCAAMBGAME-26FEB18BYUARIZ-ARIZ | yes | count=36.00 | yes=83c
Kalshi WS trade #455: KXSB-27-SEA | yes | count=855.00 | yes=11c
Kalshi WS trade #456: KXNCAAMBGAME-26FEB18UTAHWVU-UTAH | yes | count=16.00 | yes=59c
Kalshi WS trade #457: KXATPMATCH-26FEB18GIRRUU-RUU | yes | count=1.00 | yes=34c
Kalshi WS trade #458: KXNCAAMBGAME-26FEB18BYUARIZ-BYU | yes | count=14.00 | yes=19c
Kalshi WS trade #459: KXNCAAMBTOTAL-26FEB18DEPHALL-127 | no | count=10.00 | yes=53c
Kalshi WS trade #460: KXATPMATCH-26FEB18GIRRUU-RUU | yes | count=200.00 | yes=34c
Kalshi WS trade #461: KXNCAAMBSPREAD-26FEB18BYUARIZ-ARIZ9 | yes | count=10.00 | yes=50c
Kalshi WS trade #462: KXATPMATCH-26FEB18GIRRUU-GIR | yes | count=1.00 | yes=68c
Kalshi WS trade #463: KXNCAAMBGAME-26FEB18GONZSF-SF | yes | count=587.00 | yes=8c
Kalshi WS trade #464: KXBTC15M-26FEB182200-00 | yes | count=39.00 | yes=74c
Kalshi WS trade #465: KXNCAAMBSPREAD-26FEB18DEPHALL-DEP1 | no | count=50.00 | yes=87c
Kalshi WS trade #466: KXNCAAMBGAME-26FEB18DEPHALL-HALL | no | count=47.00 | yes=14c
Kalshi WS trade #467: KXNCAAMBGAME-26FEB18DEPHALL-HALL | no | count=3.00 | yes=14c
Kalshi WS trade #468: KXNCAAMBGAME-26FEB18FAUUTSA-UTSA | yes | count=25.00 | yes=2c
Kalshi WS trade #469: KXNCAAMBTOTAL-26FEB18CHARTLSA-160 | yes | count=30.00 | yes=42c
Kalshi WS trade #470: KXNCAAMBTOTAL-26FEB18CHARTLSA-160 | no | count=82.00 | yes=42c
Kalshi WS trade #471: KXLOWTNYC-26FEB19-B34.5 | yes | count=1.00 | yes=21c
Kalshi WS trade #472: KXLOWTNYC-26FEB19-B34.5 | yes | count=50.00 | yes=21c
Kalshi WS trade #473: KXLOWTNYC-26FEB19-B34.5 | yes | count=19.00 | yes=22c
Kalshi WS trade #474: KXNCAAMBSPREAD-26FEB18AUBMSST-MSST9 | yes | count=3.00 | yes=50c
Kalshi WS trade #475: KXNCAAMBSPREAD-26FEB18AUBMSST-MSST9 | yes | count=3.00 | yes=51c
Kalshi WS trade #476: KXNCAAMBSPREAD-26FEB18KUOKST-KU6 | no | count=2.00 | yes=78c
Kalshi WS trade #477: KXNCAAMBSPREAD-26FEB18KUOKST-KU6 | no | count=8.00 | yes=78c
Kalshi WS trade #478: KXATPMATCH-26FEB18GIRRUU-RUU | yes | count=423.00 | yes=34c
Kalshi WS trade #479: KXNCAAMBSPREAD-26FEB18DEPHALL-DEP7 | no | count=50.00 | yes=30c
Kalshi WS trade #480: KXNCAAMBSPREAD-26FEB18DEPHALL-DEP7 | no | count=51.00 | yes=30c
Kalshi WS trade #481: KXNCAAMBGAME-26FEB18UTAHWVU-WVU | yes | count=22.00 | yes=42c
Poly WS trade #5: asset=10832696757358093775... | BUY | size=72.463767 | price=0.69
Kalshi WS trade #482: KXNCAAMBSPREAD-26FEB18ILLUSC-ILL9 | no | count=75.00 | yes=47c
Kalshi WS trade #483: KXNCAAMBGAME-26FEB18VANMIZZ-VAN | yes | count=19.00 | yes=51c
Kalshi WS trade #484: KXNCAAMBGAME-26FEB18AUBMSST-MSST | yes | count=408.00 | yes=83c
Kalshi WS trade #485: KXNCAAMBGAME-26FEB18KENNMOSU-MOSU | yes | count=1.00 | yes=33c
Kalshi WS trade #486: KXNCAAMBSPREAD-26FEB18UTAHWVU-UTAH2 | yes | count=68.00 | yes=49c
Kalshi WS trade #487: KXBTCD-26FEB1822-T64749.99 | no | count=21.00 | yes=99c
Kalshi WS trade #488: KXBTCD-26FEB1822-T64749.99 | no | count=79.00 | yes=99c
Kalshi WS trade #489: KXNCAAMBTOTAL-26FEB18BYUARIZ-161 | no | count=10.00 | yes=44c
Kalshi WS trade #490: KXNCAAMBTOTAL-26FEB18KUOKST-164 | yes | count=3.00 | yes=24c
Kalshi WS trade #491: KXNBA3D-26FEB19DENLAC-DENNJOKIC15 | yes | count=52.00 | yes=50c
Kalshi WS trade #492: KXNCAAMBGAME-26FEB18KENNMOSU-MOSU | yes | count=30.00 | yes=33c
Kalshi WS trade #493: KXNCAAMBGAME-26FEB18KENNMOSU-MOSU | yes | count=34.00 | yes=33c
Kalshi WS trade #494: KXNCAAMBGAME-26FEB18KENNMOSU-MOSU | yes | count=34.00 | yes=33c
Kalshi WS trade #495: KXNCAAMBGAME-26FEB18KENNMOSU-MOSU | yes | count=34.00 | yes=33c
Kalshi WS trade #496: KXNCAAMBGAME-26FEB18KENNMOSU-MOSU | yes | count=34.00 | yes=33c
Kalshi WS trade #497: KXNCAAMBGAME-26FEB18KENNMOSU-MOSU | yes | count=34.00 | yes=34c
Kalshi WS trade #498: KXNCAAMBGAME-26FEB18KENNMOSU-MOSU | yes | count=34.00 | yes=34c
Kalshi WS trade #499: KXNCAAMBGAME-26FEB18KENNMOSU-MOSU | yes | count=350.00 | yes=34c
Kalshi WS trade #500: KXNCAAMBGAME-26FEB18KENNMOSU-MOSU | yes | count=123.00 | yes=34c
Kalshi WS trade #501: KXNCAAMBGAME-26FEB18VANMIZZ-MIZZ | yes | count=19.00 | yes=50c
Kalshi WS trade #502: KXNCAAMBGAME-26FEB18AUBMSST-MSST | yes | count=53.00 | yes=83c
Kalshi WS trade #503: KXATPMATCH-26FEB18GIRRUU-RUU | yes | count=23.00 | yes=34c
Kalshi WS trade #504: KXNCAAMBGAME-26FEB18UTAHWVU-UTAH | yes | count=24.00 | yes=59c
Kalshi WS trade #505: KXNCAAWBGAME-26FEB18UNMGC-UNM | yes | count=3.00 | yes=87c
Kalshi WS trade #506: KXNCAAMBGAME-26FEB18PACWSU-WSU | yes | count=25.00 | yes=51c
Kalshi WS trade #507: KXNCAAMBGAME-26FEB18CHARTLSA-CHAR | yes | count=832.00 | yes=11c
Kalshi WS trade #508: KXNCAAMBGAME-26FEB18CHARTLSA-CHAR | yes | count=1000.00 | yes=11c
Kalshi WS trade #509: KXNCAAMBGAME-26FEB18CHARTLSA-CHAR | yes | count=257.00 | yes=12c
Kalshi WS trade #510: KXPSAKIMENTION-26FEB19-LIE | yes | count=16.00 | yes=1c
Kalshi WS trade #511: KXPSAKIMENTION-26FEB19-LIE | yes | count=451.00 | yes=1c
Kalshi WS trade #512: KXBTCD-26FEB1822-T66499.99 | no | count=117.00 | yes=96c
Kalshi WS trade #513: KXMVESPORTSMULTIGAMEEXTENDED-S2026FF0C7BF0BD1-CFB79BC6751 | yes | count=12.00 | yes=38c
Kalshi WS trade #514: KXNCAAMBGAME-26FEB18KENNMOSU-MOSU | yes | count=15.00 | yes=33c
Kalshi WS trade #515: KXNCAAMBGAME-26FEB18NCCUSCST-SCST | yes | count=1000.00 | yes=60c
Kalshi WS trade #516: KXNCAAMBGAME-26FEB18MDNW-NW | yes | count=6.00 | yes=98c
Kalshi WS trade #517: KXNCAAMBGAME-26FEB18MDNW-MD | no | count=4.00 | yes=2c
Kalshi WS trade #518: KXNCAAMBGAME-26FEB18KENNMOSU-MOSU | no | count=2.00 | yes=32c
Kalshi WS trade #519: KXNCAAMBGAME-26FEB18UTAHWVU-UTAH | yes | count=3.00 | yes=59c
Kalshi WS trade #520: KXNCAAMBGAME-26FEB18NCCUSCST-SCST | yes | count=4.00 | yes=61c
Kalshi WS trade #521: KXATPMATCH-26FEB18GIRRUU-RUU | yes | count=850.00 | yes=34c
Kalshi WS trade #522: KXATPMATCH-26FEB18GIRRUU-RUU | yes | count=180.00 | yes=34c
Kalshi WS trade #523: KXATPMATCH-26FEB18GIRRUU-RUU | yes | count=161.00 | yes=34c
Kalshi WS trade #524: KXNCAAMBGAME-26FEB18BYUARIZ-BYU | yes | count=522.00 | yes=19c
Kalshi WS trade #525: KXNCAAMB1HWINNER-26FEB18VANMIZZ-TIE | yes | count=17.00 | yes=11c
Kalshi WS trade #526: KXNCAAMBGAME-26FEB18CHARTLSA-TLSA | no | count=5.00 | yes=89c
Kalshi WS trade #527: KXNCAAMBGAME-26FEB18KENNMOSU-MOSU | yes | count=19.00 | yes=33c
Kalshi WS trade #528: KXNCAAMBGAME-26FEB18KENNMOSU-MOSU | yes | count=34.00 | yes=33c
Kalshi WS trade #529: KXNCAAMBGAME-26FEB18KENNMOSU-MOSU | yes | count=34.00 | yes=33c
Kalshi WS trade #530: KXNCAAMBGAME-26FEB18KENNMOSU-MOSU | no | count=34.00 | yes=33c
Kalshi WS trade #531: KXNCAAMBGAME-26FEB18KENNMOSU-MOSU | no | count=34.00 | yes=33c
Kalshi WS trade #532: KXNCAAMBGAME-26FEB18KENNMOSU-MOSU | no | count=34.00 | yes=33c
Poly WS trade #6: asset=48458075019957098166... | SELL | size=36 | price=0.992
Kalshi WS trade #533: KXNCAAMBSPREAD-26FEB18MURRILST-ILST6 | no | count=246.00 | yes=49c
Kalshi WS trade #534: KXNCAAMBSPREAD-26FEB18MURRILST-ILST6 | no | count=29.00 | yes=49c
Kalshi WS trade #535: KXATPMATCH-26FEB18GIRRUU-RUU | yes | count=19.00 | yes=34c
Kalshi WS trade #536: KXATPMATCH-26FEB18GIRRUU-RUU | yes | count=121.00 | yes=34c
Kalshi WS trade #537: KXBTC15M-26FEB182200-00 | no | count=1.00 | yes=71c
Kalshi WS trade #538: KXNCAAMBGAME-26FEB18KENNMOSU-MOSU | no | count=34.00 | yes=33c
Kalshi WS trade #539: KXBTC15M-26FEB182200-00 | no | count=130.00 | yes=70c
Kalshi WS trade #540: KXBTC15M-26FEB182200-00 | no | count=1.00 | yes=70c
Kalshi WS trade #541: KXBTC15M-26FEB182200-00 | no | count=5.00 | yes=70c
Kalshi WS trade #542: KXBTC15M-26FEB182200-00 | no | count=5.00 | yes=70c
Kalshi WS trade #543: KXBTC15M-26FEB182200-00 | no | count=5.00 | yes=70c
Kalshi WS trade #544: KXBTC15M-26FEB182200-00 | no | count=5.00 | yes=70c
Kalshi WS trade #545: KXBTC15M-26FEB182200-00 | no | count=5.00 | yes=70c
Kalshi WS trade #546: KXBTC15M-26FEB182200-00 | no | count=25.00 | yes=70c
Kalshi WS trade #547: KXBTC15M-26FEB182200-00 | no | count=4.00 | yes=70c
Kalshi WS trade #548: KXNCAAMBSPREAD-26FEB18KUOKST-KU18 | yes | count=15.00 | yes=30c
Kalshi WS trade #549: KXBTC15M-26FEB182200-00 | no | count=9.00 | yes=69c
Kalshi WS trade #550: KXATPMATCH-26FEB18GIRRUU-RUU | yes | count=44.00 | yes=34c
Kalshi WS trade #551: KXNCAAMBGAME-26FEB18KENNMOSU-MOSU | no | count=34.00 | yes=33c
Kalshi WS trade #552: KXNCAAMBGAME-26FEB18SJUMARQ-MARQ | yes | count=15.00 | yes=18c
Kalshi WS trade #553: KXNCAAMBGAME-26FEB18KUOKST-OKST | yes | count=6.00 | yes=6c
Kalshi WS trade #554: KXNCAAMBTOTAL-26FEB18NCCUSCST-140 | no | count=6.00 | yes=9c
Kalshi WS trade #555: KXNCAAMBGAME-26FEB18DEPHALL-DEP | yes | count=70.00 | yes=87c
Kalshi WS trade #556: KXNCAAMBGAME-26FEB18DEPHALL-DEP | yes | count=118.00 | yes=87c
Kalshi WS trade #557: KXNCAAMBGAME-26FEB18DEPHALL-DEP | yes | count=118.00 | yes=87c
Kalshi WS trade #558: KXNCAAMBGAME-26FEB18DEPHALL-DEP | yes | count=118.00 | yes=87c
Kalshi WS trade #559: KXNCAAMBGAME-26FEB18DEPHALL-DEP | yes | count=50.00 | yes=87c
Kalshi WS trade #560: KXNCAAMBGAME-26FEB18DEPHALL-DEP | yes | count=118.00 | yes=87c
Kalshi WS trade #561: KXNCAAMBGAME-26FEB18DEPHALL-DEP | yes | count=315.00 | yes=88c
Kalshi WS trade #562: KXATPMATCH-26FEB18GIRRUU-GIR | yes | count=1658.00 | yes=67c
Kalshi WS trade #563: KXATPMATCH-26FEB18GIRRUU-GIR | yes | count=20.00 | yes=68c
Kalshi WS trade #564: KXATPMATCH-26FEB18GIRRUU-GIR | yes | count=508.00 | yes=68c
Kalshi WS trade #565: KXATPMATCH-26FEB18GIRRUU-GIR | yes | count=180.00 | yes=68c
Kalshi WS trade #566: KXATPMATCH-26FEB18GIRRUU-GIR | yes | count=180.00 | yes=68c
Kalshi WS trade #567: KXATPMATCH-26FEB18GIRRUU-GIR | yes | count=180.00 | yes=68c
Kalshi WS trade #568: KXATPMATCH-26FEB18GIRRUU-GIR | yes | count=180.00 | yes=68c
Kalshi WS trade #569: KXATPMATCH-26FEB18GIRRUU-GIR | yes | count=180.00 | yes=68c
Kalshi WS trade #570: KXATPMATCH-26FEB18GIRRUU-GIR | yes | count=180.00 | yes=68c
Kalshi WS trade #571: KXATPMATCH-26FEB18GIRRUU-GIR | yes | count=180.00 | yes=68c
Kalshi WS trade #572: KXATPMATCH-26FEB18GIRRUU-GIR | yes | count=180.00 | yes=68c
Kalshi WS trade #573: KXATPMATCH-26FEB18GIRRUU-GIR | yes | count=180.00 | yes=68c
Kalshi WS trade #574: KXATPMATCH-26FEB18GIRRUU-GIR | yes | count=180.00 | yes=68c
Kalshi WS trade #575: KXATPMATCH-26FEB18GIRRUU-GIR | yes | count=62.00 | yes=69c
Kalshi WS trade #576: KXATPMATCH-26FEB18GIRRUU-GIR | yes | count=180.00 | yes=69c
Kalshi WS trade #577: KXATPMATCH-26FEB18GIRRUU-GIR | yes | count=506.00 | yes=69c
Kalshi WS trade #578: KXATPMATCH-26FEB18GIRRUU-GIR | yes | count=180.00 | yes=69c
Kalshi WS trade #579: KXATPMATCH-26FEB18GIRRUU-GIR | yes | count=1216.00 | yes=70c
Kalshi WS trade #580: KXATPMATCH-26FEB18GIRRUU-GIR | yes | count=50.00 | yes=71c
Kalshi WS trade #581: KXATPMATCH-26FEB18GIRRUU-GIR | yes | count=50.00 | yes=71c
Kalshi WS trade #582: KXATPMATCH-26FEB18GIRRUU-GIR | yes | count=50.00 | yes=72c
Kalshi WS trade #583: KXATPMATCH-26FEB18GIRRUU-GIR | yes | count=63.00 | yes=73c
Kalshi WS trade #584: KXATPMATCH-26FEB18GIRRUU-GIR | yes | count=25.00 | yes=75c
Kalshi WS trade #585: KXATPMATCH-26FEB18GIRRUU-GIR | yes | count=300.00 | yes=76c
Kalshi WS trade #586: KXATPMATCH-26FEB18GIRRUU-GIR | yes | count=300.00 | yes=76c
Kalshi WS trade #587: KXATPMATCH-26FEB18GIRRUU-GIR | yes | count=1989.00 | yes=77c
Kalshi WS trade #588: KXATPMATCH-26FEB18GIRRUU-GIR | yes | count=204.00 | yes=78c
Kalshi WS trade #589: KXATPMATCH-26FEB18GIRRUU-GIR | yes | count=255.00 | yes=80c
Kalshi WS trade #590: KXATPMATCH-26FEB18GIRRUU-GIR | yes | count=460.00 | yes=82c
Kalshi WS trade #591: KXATPMATCH-26FEB18GIRRUU-GIR | yes | count=840.00 | yes=83c
Kalshi WS trade #592: KXNCAAMBGAME-26FEB18AUBMSST-AUB | yes | count=34.00 | yes=18c
Kalshi WS trade #593: KXNCAAMBGAME-26FEB18KENNMOSU-MOSU | no | count=34.00 | yes=33c
Kalshi WS trade #594: KXNCAAMBGAME-26FEB18BYUARIZ-BYU | no | count=24.00 | yes=18c
Kalshi WS trade #595: KXNCAAMBGAME-26FEB18NDSUSDST-NDSU | no | count=72.00 | yes=95c
Kalshi WS trade #596: KXSOL15M-26FEB182200-00 | yes | count=10.00 | yes=77c
Kalshi WS trade #597: KXNCAAMBGAME-26FEB18KENNMOSU-MOSU | no | count=34.00 | yes=33c
Kalshi WS trade #598: KXNCAAMBGAME-26FEB18BYUARIZ-BYU | yes | count=44.00 | yes=19c
Kalshi WS trade #599: KXNCAAMBGAME-26FEB18BYUARIZ-BYU | yes | count=49.00 | yes=19c
Kalshi WS trade #600: KXBERNIEMENTION-26FEB19-CORR | yes | count=38.00 | yes=63c
Kalshi WS trade #601: KXNCAAMBGAME-26FEB18KENNMOSU-MOSU | no | count=34.00 | yes=33c
Kalshi WS trade #602: KXNCAAMBGAME-26FEB18VANMIZZ-VAN | yes | count=18.00 | yes=51c
Kalshi WS trade #603: KXNCAAMBGAME-26FEB18KENNMOSU-MOSU | no | count=34.00 | yes=33c
Kalshi WS trade #604: KXNCAAMBGAME-26FEB18VANMIZZ-MIZZ | no | count=149.00 | yes=49c
Kalshi WS trade #605: KXNCAAMBGAME-26FEB18KENNMOSU-MOSU | no | count=34.00 | yes=33c
Kalshi WS trade #606: KXNCAAWBGAME-26FEB19WEBMTST-WEB | no | count=1.00 | yes=2c
Poly WS trade #7: asset=11407343115582673092... | BUY | size=30 | price=0.58
Kalshi WS trade #607: KXNCAAMBTOTAL-26FEB18BYUARIZ-161 | yes | count=9.00 | yes=50c
Kalshi WS trade #608: KXNCAAMBTOTAL-26FEB18BYUARIZ-161 | yes | count=1.00 | yes=50c
Kalshi WS trade #609: KXNCAAMBGAME-26FEB18DEPHALL-HALL | yes | count=11.00 | yes=15c
Kalshi WS trade #610: KXNCAAMBGAME-26FEB18KENNMOSU-MOSU | no | count=34.00 | yes=33c
Kalshi WS trade #611: KXMVESPORTSMULTIGAMEEXTENDED-S20261FFFD749869-26419ACC65C | yes | count=353.00 | yes=32c
Kalshi WS trade #612: KXATPMATCH-26FEB18GIRRUU-RUU | yes | count=15.00 | yes=34c
Kalshi WS trade #613: KXATPMATCH-26FEB18GIRRUU-RUU | yes | count=110.00 | yes=34c
Kalshi WS trade #614: KXNCAAMBGAME-26FEB18KENNMOSU-KENN | yes | count=1.00 | yes=68c
Kalshi WS trade #615: KXNCAAMBSPREAD-26FEB18UTAHWVU-UTAH2 | yes | count=9.00 | yes=49c
Kalshi WS trade #616: KXNCAAWBGAME-26FEB18NEVCSU-NEV | no | count=241.00 | yes=2c
Kalshi WS trade #617: KXNCAAWBGAME-26FEB18NEVCSU-NEV | no | count=281.00 | yes=2c
Kalshi WS trade #618: KXNCAAMBTOTAL-26FEB18KENNMOSU-167 | yes | count=29.00 | yes=45c
Kalshi WS trade #619: KXNCAAMBGAME-26FEB18VANMIZZ-VAN | yes | count=1.00 | yes=51c
Kalshi WS trade #620: KXNCAAMBGAME-26FEB18VANMIZZ-VAN | yes | count=5.00 | yes=52c
Kalshi WS trade #621: KXNCAAMBGAME-26FEB18VANMIZZ-VAN | yes | count=212.00 | yes=52c
Kalshi WS trade #622: KXATPMATCH-26FEB18GIRRUU-RUU | yes | count=56.00 | yes=34c
Kalshi WS trade #623: KXNCAAMBGAME-26FEB18BYUARIZ-ARIZ | yes | count=119.00 | yes=83c
Kalshi WS trade #624: KXBERNIEMENTION-26FEB19-ICE | yes | count=36.00 | yes=67c
Kalshi WS trade #625: KXNCAAMBGAME-26FEB18DEPHALL-HALL | yes | count=8.00 | yes=15c
Kalshi WS trade #626: KXNCAAMBGAME-26FEB18DEPHALL-HALL | yes | count=42.00 | yes=15c
Kalshi WS trade #627: KXEPLGAME-26FEB21CFCBUR-TIE | yes | count=37.00 | yes=12c
Kalshi WS trade #628: KXNCAAMBSPREAD-26FEB19CARKSTET-CARK8 | yes | count=1.00 | yes=48c
Kalshi WS trade #629: KXLOWTCHI-26FEB18-B42.5 | no | count=30.00 | yes=5c
Kalshi WS trade #630: KXNCAAMBGAME-26FEB18UTAHWVU-UTAH | yes | count=107.00 | yes=59c
Poly WS trade #8: asset=54073086346734626735... | SELL | size=25 | price=0.005
Kalshi WS trade #631: KXNCAAWBGAME-26FEB18UNMGC-GC | yes | count=3.00 | yes=43c
Kalshi WS trade #632: KXNCAAWBGAME-26FEB18UNMGC-GC | yes | count=1.00 | yes=43c
Kalshi WS trade #633: KXBTCD-26FEB1822-T66749.99 | yes | count=20.00 | yes=12c
Kalshi WS trade #634: KXBTCD-26FEB1822-T66749.99 | yes | count=33.00 | yes=12c
Kalshi WS trade #635: KXNCAAMBGAME-26FEB18BYUARIZ-BYU | yes | count=49.00 | yes=19c
Kalshi WS trade #636: KXNCAAMBGAME-26FEB18PACWSU-PAC | yes | count=129.00 | yes=50c
Kalshi WS trade #637: KXNCAAMBGAME-26FEB18PACWSU-PAC | yes | count=129.00 | yes=50c
Kalshi WS trade #638: KXNCAAMBGAME-26FEB18PACWSU-PAC | yes | count=129.00 | yes=50c
Kalshi WS trade #639: KXNCAAMBGAME-26FEB18PACWSU-PAC | yes | count=129.00 | yes=50c
Kalshi WS trade #640: KXNCAAMBGAME-26FEB18PACWSU-PAC | yes | count=129.00 | yes=50c
Kalshi WS trade #641: KXLLM1-26FEB28-XAI | no | count=274.00 | yes=3c
Kalshi WS trade #642: KXLLM1-26FEB28-XAI | no | count=226.00 | yes=3c
Kalshi WS trade #643: KXLLM1-26FEB28-A | no | count=500.00 | yes=62c
Kalshi WS trade #644: KXNCAAMBGAME-26FEB18VANMIZZ-VAN | yes | count=19.00 | yes=51c
Kalshi WS trade #645: KXXRP15M-26FEB182200-00 | yes | count=5.00 | yes=82c
Kalshi WS trade #646: KXNCAAMBGAME-26FEB18VANMIZZ-MIZZ | no | count=10.00 | yes=49c
Kalshi WS trade #647: KXATPMATCH-26FEB18GIRRUU-RUU | yes | count=14.00 | yes=34c
Kalshi WS trade #648: KXATPMATCH-26FEB18GIRRUU-RUU | yes | count=86.00 | yes=34c
Kalshi WS trade #649: KXNCAAMBSPREAD-26FEB18DEPHALL-DEP4 | no | count=3.00 | yes=61c
Kalshi WS trade #650: KXNCAAMBGAME-26FEB18VANMIZZ-MIZZ | yes | count=38.00 | yes=50c
Kalshi WS trade #651: KXNCAAMBTOTAL-26FEB18KENNMOSU-158 | yes | count=18.00 | yes=78c
Kalshi WS trade #652: KXNCAAMBTOTAL-26FEB18KENNMOSU-158 | yes | count=69.00 | yes=79c
Kalshi WS trade #653: KXNCAAMBTOTAL-26FEB18KENNMOSU-158 | yes | count=50.00 | yes=79c
Kalshi WS trade #654: KXNCAAMBTOTAL-26FEB18KENNMOSU-158 | yes | count=69.00 | yes=79c
Kalshi WS trade #655: KXNCAAMBTOTAL-26FEB18KENNMOSU-158 | yes | count=69.00 | yes=79c
Kalshi WS trade #656: KXNCAAMBTOTAL-26FEB18KENNMOSU-158 | yes | count=69.00 | yes=79c
Kalshi WS trade #657: KXNCAAMBTOTAL-26FEB18KENNMOSU-158 | yes | count=69.00 | yes=79c
Kalshi WS trade #658: KXNCAAMBTOTAL-26FEB18KENNMOSU-158 | yes | count=123.00 | yes=80c
Kalshi WS trade #659: KXNCAAMBTOTAL-26FEB18SMCSEA-139 | yes | count=2.00 | yes=40c
Kalshi WS trade #660: KXNCAAMBTOTAL-26FEB18SMCSEA-139 | yes | count=50.00 | yes=40c
Kalshi WS trade #661: KXNCAAMBTOTAL-26FEB18SMCSEA-139 | yes | count=114.00 | yes=40c
Kalshi WS trade #662: KXNCAAMBTOTAL-26FEB18SMCSEA-139 | yes | count=134.00 | yes=40c
Kalshi WS trade #663: KXNCAAMBTOTAL-26FEB18SMCSEA-139 | yes | count=134.00 | yes=40c
Kalshi WS trade #664: KXNCAAMBTOTAL-26FEB18SMCSEA-139 | yes | count=39.00 | yes=40c
Kalshi WS trade #665: KXBTC-26FEB1822-B66625 | yes | count=16.00 | yes=84c
Kalshi WS trade #666: KXNCAAMBGAME-26FEB18DEPHALL-HALL | yes | count=76.00 | yes=15c
Kalshi WS trade #667: KXNCAAMBGAME-26FEB18DEPHALL-HALL | yes | count=118.00 | yes=15c
Kalshi WS trade #668: KXNCAAMBGAME-26FEB18DEPHALL-HALL | yes | count=118.00 | yes=15c
Kalshi WS trade #669: KXNCAAMBGAME-26FEB18DEPHALL-HALL | yes | count=118.00 | yes=15c
Kalshi WS trade #670: KXNCAAMBGAME-26FEB18DEPHALL-HALL | yes | count=70.00 | yes=15c
Kalshi WS trade #671: KXNCAAWBGAME-26FEB18AFABSU-BSU | yes | count=10.00 | yes=44c
Kalshi WS trade #672: KXNCAAMBGAME-26FEB18KENNMOSU-MOSU | yes | count=50.00 | yes=34c
Kalshi WS trade #673: KXNCAAMBGAME-26FEB18KENNMOSU-MOSU | yes | count=144.00 | yes=34c
Kalshi WS trade #674: KXNCAAMBGAME-26FEB18UTAHWVU-UTAH | yes | count=8.00 | yes=60c
Kalshi WS trade #675: KXATPMATCH-26FEB18GIRRUU-RUU | yes | count=70.00 | yes=34c
Kalshi WS trade #676: KXNCAAMBGAME-26FEB18SJUMARQ-MARQ | yes | count=25.00 | yes=18c
Kalshi WS trade #677: KXNCAAMBGAME-26FEB18BYUARIZ-BYU | yes | count=99.00 | yes=19c
Kalshi WS trade #678: KXNCAAWBGAME-26FEB18UNMGC-GC | yes | count=1.00 | yes=42c
Kalshi WS trade #679: KXNCAAMBSPREAD-26FEB18BYUARIZ-ARIZ6 | yes | count=50.00 | yes=62c
Kalshi WS trade #680: KXNCAAMBSPREAD-26FEB18BYUARIZ-ARIZ6 | yes | count=98.00 | yes=63c
Kalshi WS trade #681: KXNCAAMBSPREAD-26FEB18BYUARIZ-ARIZ6 | yes | count=10.00 | yes=64c
Kalshi WS trade #682: KXNCAAMBSPREAD-26FEB18BYUARIZ-ARIZ6 | yes | count=106.00 | yes=64c
Kalshi WS trade #683: KXNCAAWBGAME-26FEB18UNMGC-UNM | no | count=1.00 | yes=61c
Kalshi WS trade #684: KXNCAAMBGAME-26FEB18CSUUNLV-UNLV | yes | count=41.00 | yes=59c
Kalshi WS trade #685: KXNCAAMBGAME-26FEB18FAUUTSA-UTSA | yes | count=93.00 | yes=2c
Kalshi WS trade #686: KXNCAAMBGAME-26FEB18UTAHWVU-WVU | yes | count=22.00 | yes=42c
Kalshi WS trade #687: KXATPMATCH-26FEB18GIRRUU-GIR | no | count=100.00 | yes=67c
Kalshi WS trade #688: KXNCAAMBGAME-26FEB18MDNW-MD | yes | count=31.00 | yes=3c
Kalshi WS trade #689: KXNCAAMBGAME-26FEB18VANMIZZ-VAN | yes | count=19.00 | yes=51c
Kalshi WS trade #690: KXNCAAMBGAME-26FEB18VANMIZZ-VAN | yes | count=93.00 | yes=52c
Kalshi WS trade #691: KXNBAGAME-26FEB19ATLPHI-ATL | no | count=26.00 | yes=48c
Kalshi WS trade #692: KXNBAGAME-26FEB19ATLPHI-ATL | no | count=32.00 | yes=48c
Kalshi WS trade #693: KXATPMATCH-26FEB18GIRRUU-RUU | yes | count=24.00 | yes=34c
Kalshi WS trade #694: KXATPMATCH-26FEB18GIRRUU-RUU | yes | count=180.00 | yes=34c
Kalshi WS trade #695: KXATPMATCH-26FEB18GIRRUU-RUU | yes | count=180.00 | yes=34c
Kalshi WS trade #696: KXATPMATCH-26FEB18GIRRUU-RUU | yes | count=180.00 | yes=34c
Kalshi WS trade #697: KXATPMATCH-26FEB18GIRRUU-RUU | yes | count=180.00 | yes=34c
Kalshi WS trade #698: KXATPMATCH-26FEB18GIRRUU-RUU | yes | count=661.00 | yes=34c
Kalshi WS trade #699: KXNBAGAME-26FEB19HOUCHA-HOU | yes | count=38.00 | yes=63c
Kalshi WS trade #700: KXNCAAMBTOTAL-26FEB18PACWSU-147 | yes | count=1.00 | yes=54c
Kalshi WS trade #701: KXNCAAMBTOTAL-26FEB18PACWSU-147 | yes | count=7.00 | yes=55c
Kalshi WS trade #702: KXATPMATCH-26FEB18GIRRUU-RUU | yes | count=151.00 | yes=34c
Kalshi WS trade #703: KXBTC15M-26FEB182200-00 | yes | count=1.00 | yes=68c
Poly WS trade #9: asset=73192081854889000285... | BUY | size=162.752 | price=0.999
Kalshi WS trade #704: KXATPMATCH-26FEB18GIRRUU-GIR | no | count=15.00 | yes=67c
Kalshi WS trade #705: KXBERNIEMENTION-26FEB19-ICE | yes | count=20.00 | yes=67c
Kalshi WS trade #706: KXNCAAMBGAME-26FEB18BYUARIZ-BYU | yes | count=34.00 | yes=19c
Kalshi WS trade #707: KXNCAAMBGAME-26FEB18BYUARIZ-BYU | yes | count=3.00 | yes=19c
Kalshi WS trade #708: KXNCAAMBGAME-26FEB18BYUARIZ-BYU | yes | count=21.00 | yes=19c
Kalshi WS trade #709: KXSOL15M-26FEB182200-00 | yes | count=1.00 | yes=75c
Poly WS trade #10: asset=69324317355037271422... | SELL | size=36 | price=0.034
Kalshi WS trade #710: KXNCAAMBTOTAL-26FEB18MDNW-145 | yes | count=2.00 | yes=57c
Kalshi WS trade #711: KXNCAAMBTOTAL-26FEB18MDNW-145 | yes | count=73.00 | yes=58c
Kalshi WS trade #712: KXNCAAMBTOTAL-26FEB18MDNW-145 | yes | count=30.00 | yes=59c
Kalshi WS trade #713: KXNCAAMBTOTAL-26FEB18MDNW-145 | yes | count=140.00 | yes=59c
Kalshi WS trade #714: KXNCAAMBTOTAL-26FEB18MDNW-145 | yes | count=50.00 | yes=59c
Kalshi WS trade #715: KXNCAAMBTOTAL-26FEB18MDNW-145 | yes | count=12.00 | yes=60c
Kalshi WS trade #716: KXNCAAMBTOTAL-26FEB18MDNW-145 | yes | count=15.00 | yes=60c
Kalshi WS trade #717: KXNCAAMBGAME-26FEB18VANMIZZ-MIZZ | yes | count=5.00 | yes=50c
Kalshi WS trade #718: KXBTC15M-26FEB182200-00 | yes | count=34.00 | yes=68c
Kalshi WS trade #719: KXATPMATCH-26FEB18GIRRUU-RUU | yes | count=5.00 | yes=34c
Kalshi WS trade #720: KXATPMATCH-26FEB18GIRRUU-RUU | yes | count=47.00 | yes=34c
Kalshi WS trade #721: KXNCAAMBGAME-26FEB18NDSUSDST-NDSU | no | count=18.00 | yes=95c
Kalshi WS trade #722: KXNCAAMBGAME-26FEB18DEPHALL-HALL | yes | count=19.00 | yes=15c
Kalshi WS trade #723: KXNCAAMBGAME-26FEB18DEPHALL-HALL | yes | count=81.00 | yes=15c
Kalshi WS trade #724: KXNCAAMBTOTAL-26FEB18MDNW-145 | no | count=1.00 | yes=52c
Kalshi WS trade #725: KXNCAAMBGAME-26FEB18SJUMARQ-MARQ | yes | count=26.00 | yes=18c
Kalshi WS trade #726: KXBTC15M-26FEB182200-00 | yes | count=76.00 | yes=68c
Kalshi WS trade #727: KXBTC15M-26FEB182200-00 | yes | count=4.00 | yes=68c
Kalshi WS trade #728: KXBTC15M-26FEB182200-00 | yes | count=2.00 | yes=69c
Kalshi WS trade #729: KXBTC15M-26FEB182200-00 | yes | count=52.00 | yes=70c
Kalshi WS trade #730: KXNCAAMBGAME-26FEB18SJUMARQ-SJU | yes | count=400.00 | yes=84c
Kalshi WS trade #731: KXNCAAMBGAME-26FEB18KENNMOSU-KENN | yes | count=99.00 | yes=68c
Kalshi WS trade #732: KXNCAAMBGAME-26FEB18KENNMOSU-KENN | yes | count=34.00 | yes=68c
Kalshi WS trade #733: KXNCAAMBGAME-26FEB18KENNMOSU-KENN | yes | count=34.00 | yes=68c
Kalshi WS trade #734: KXNCAAMBGAME-26FEB18KENNMOSU-KENN | yes | count=100.00 | yes=68c
Kalshi WS trade #735: KXNCAAMBGAME-26FEB18BYUARIZ-BYU | yes | count=24.00 | yes=19c
Kalshi WS trade #736: KXNCAAMBGAME-26FEB18UTAHWVU-UTAH | yes | count=6.00 | yes=60c
Kalshi WS trade #737: KXNCAAMBGAME-26FEB18NCCUSCST-NCCU | yes | count=50.00 | yes=41c
Kalshi WS trade #738: KXNCAAMBGAME-26FEB18AUBMSST-AUB | yes | count=15.00 | yes=18c
Kalshi WS trade #739: KXNCAAMBGAME-26FEB18MURRILST-ILST | yes | count=6.00 | yes=80c
Kalshi WS trade #740: KXPGATOUR-THGI26-RMCI | yes | count=222.00 | yes=7c
Kalshi WS trade #741: KXMVESPORTSMULTIGAMEEXTENDED-S20260207805EEE0-772DF7BF6F4 | yes | count=521.00 | yes=9c
Kalshi WS trade #742: KXMVESPORTSMULTIGAMEEXTENDED-S2026EA057A73440-7BFD0F7FDCF | yes | count=234.00 | yes=4c
Kalshi WS trade #743: KXNCAAMBSPREAD-26FEB18BYUARIZ-ARIZ9 | yes | count=1.00 | yes=50c
Kalshi WS trade #744: KXNCAAMBSPREAD-26FEB18BYUARIZ-ARIZ9 | yes | count=18.00 | yes=51c
Kalshi WS trade #745: KXUELGAME-26FEB19DINGEN-GEN | yes | count=46.00 | yes=30c
Kalshi WS trade #746: KXNCAAMBSPREAD-26FEB18KUOKST-KU9 | no | count=2.00 | yes=71c
Kalshi WS trade #747: KXMVESPORTSMULTIGAMEEXTENDED-S2026365FDA1F914-985F55631AB | yes | count=280.00 | yes=1c
Kalshi WS trade #748: KXMVESPORTSMULTIGAMEEXTENDED-S2026403676F1ACC-E1DC80590F2 | yes | count=219.00 | yes=6c
Kalshi WS trade #749: KXNCAAMBGAME-26FEB18NDSUSDST-SDST | yes | count=187.00 | yes=5c
Kalshi WS trade #750: KXNCAAMBGAME-26FEB18NDSUSDST-SDST | yes | count=225.00 | yes=5c
Kalshi WS trade #751: KXNCAAMBGAME-26FEB18SJUMARQ-MARQ | yes | count=9.00 | yes=18c
Kalshi WS trade #752: KXNCAAMBGAME-26FEB18SJUMARQ-MARQ | yes | count=6.00 | yes=19c
Kalshi WS trade #753: KXMVESPORTSMULTIGAMEEXTENDED-S20260E345A9592F-1CADB7F6BAC | no | count=4091.00 | yes=6c
Kalshi WS trade #754: KXBTCD-26FEB1822-T66749.99 | no | count=50.00 | yes=10c
Kalshi WS trade #755: KXNCAAMBGAME-26FEB18CHARTLSA-TLSA | no | count=51.00 | yes=89c
Kalshi WS trade #756: KXNCAAMBGAME-26FEB18DEPHALL-HALL | yes | count=37.00 | yes=15c
Kalshi WS trade #757: KXNCAAMBGAME-26FEB18DEPHALL-HALL | yes | count=118.00 | yes=15c
Kalshi WS trade #758: KXNCAAMBGAME-26FEB18DEPHALL-HALL | yes | count=118.00 | yes=15c
Kalshi WS trade #759: KXNCAAMBGAME-26FEB18DEPHALL-HALL | yes | count=118.00 | yes=15c
Kalshi WS trade #760: KXNCAAMBGAME-26FEB18DEPHALL-HALL | yes | count=118.00 | yes=15c
Kalshi WS trade #761: KXNCAAMBGAME-26FEB18DEPHALL-HALL | yes | count=19.00 | yes=15c
Kalshi WS trade #762: KXNCAAMBGAME-26FEB18DEPHALL-HALL | yes | count=5027.00 | yes=16c
Kalshi WS trade #763: KXNCAAMBGAME-26FEB18AUBMSST-AUB | yes | count=19.00 | yes=18c
Kalshi WS trade #764: KXNCAAMBGAME-26FEB18VANMIZZ-MIZZ | yes | count=1.00 | yes=49c
Kalshi WS trade #765: KXNCAAMBGAME-26FEB18VANMIZZ-MIZZ | yes | count=479.00 | yes=50c
Kalshi WS trade #766: KXNCAAMBGAME-26FEB18BYUARIZ-BYU | yes | count=99.00 | yes=19c
Kalshi WS trade #767: KXNCAAMBGAME-26FEB18CHARTLSA-CHAR | yes | count=7.00 | yes=12c
Kalshi WS trade #768: KXNCAAMBGAME-26FEB18KENNMOSU-MOSU | yes | count=137.00 | yes=34c
Kalshi WS trade #769: KXNCAAMBGAME-26FEB18NCCUSCST-NCCU | no | count=76.00 | yes=39c
Kalshi WS trade #770: KXPGATOUR-THGI26-SSCH | yes | count=20.00 | yes=23c
Kalshi WS trade #771: KXNCAAMBTOTAL-26FEB18VANMIZZ-148 | no | count=8.00 | yes=46c
Kalshi WS trade #772: KXNCAAMBGAME-26FEB18NCCUSCST-NCCU | no | count=24.00 | yes=39c
Kalshi WS trade #773: KXNCAAMBGAME-26FEB18CHARTLSA-TLSA | no | count=7.00 | yes=89c
Kalshi WS trade #774: KXNCAAMBSPREAD-26FEB18DEPHALL-DEP7 | yes | count=25.00 | yes=35c
Kalshi WS trade #775: KXNCAAMB1HWINNER-26FEB18SJUMARQ-SJU | yes | count=5.00 | yes=91c
Kalshi WS trade #776: KXBERNIEMENTION-26FEB19-ELON | yes | count=43.00 | yes=97c
Kalshi WS trade #777: KXNCAAMBGAME-26FEB18SJUMARQ-MARQ | yes | count=4.00 | yes=18c
Kalshi WS trade #778: KXNCAAMBTOTAL-26FEB18ILLUSC-153 | yes | count=425.00 | yes=45c
Kalshi WS trade #779: KXNCAAMBGAME-26FEB18BYUARIZ-BYU | yes | count=49.00 | yes=19c
Kalshi WS trade #780: KXNCAAMBSPREAD-26FEB18MDNW-NW5 | no | count=8.00 | yes=84c
Kalshi WS trade #781: KXNCAAMBSPREAD-26FEB18MDNW-NW5 | no | count=50.00 | yes=84c
Kalshi WS trade #782: KXNCAAMBSPREAD-26FEB18MDNW-NW5 | no | count=581.00 | yes=83c
Kalshi WS trade #783: KXBTC15M-26FEB182200-00 | no | count=16.00 | yes=67c
Kalshi WS trade #784: KXNCAAMBGAME-26FEB18CHARTLSA-CHAR | yes | count=113.00 | yes=12c
Kalshi WS trade #785: KXNCAAMBGAME-26FEB18CHARTLSA-CHAR | yes | count=1.00 | yes=12c
Kalshi WS trade #786: KXNCAAMBGAME-26FEB18CHARTLSA-CHAR | yes | count=50.00 | yes=12c
Kalshi WS trade #787: KXNCAAMBGAME-26FEB18CHARTLSA-CHAR | yes | count=728.00 | yes=12c
Kalshi WS trade #788: KXNCAAMBGAME-26FEB18CHARTLSA-TLSA | no | count=113.00 | yes=89c
Kalshi WS trade #789: KXNCAAMBTOTAL-26FEB18BYUARIZ-158 | no | count=338.00 | yes=56c
Kalshi WS trade #790: KXNCAAMBGAME-26FEB18NDSUSDST-NDSU | yes | count=1.00 | yes=97c
Kalshi WS trade #791: KXNCAAMBGAME-26FEB18BYUARIZ-BYU | yes | count=14.00 | yes=19c
Kalshi WS trade #792: KXNCAAMBGAME-26FEB18NCCUSCST-NCCU | yes | count=52.00 | yes=39c
Kalshi WS trade #793: KXNCAAMBGAME-26FEB18NCCUSCST-NCCU | yes | count=76.00 | yes=39c
Kalshi WS trade #794: KXNCAAMBGAME-26FEB18NCCUSCST-NCCU | yes | count=76.00 | yes=39c
Kalshi WS trade #795: KXNCAAMBGAME-26FEB18NCCUSCST-NCCU | yes | count=76.00 | yes=39c
Kalshi WS trade #796: KXNCAAMBGAME-26FEB18NCCUSCST-NCCU | yes | count=100.00 | yes=40c
Kalshi WS trade #797: KXNCAAMBGAME-26FEB18NCCUSCST-NCCU | yes | count=100.00 | yes=40c
Kalshi WS trade #798: KXNCAAMBGAME-26FEB18NCCUSCST-NCCU | yes | count=76.00 | yes=40c
Kalshi WS trade #799: KXNCAAMBGAME-26FEB18NCCUSCST-NCCU | yes | count=76.00 | yes=40c
Kalshi WS trade #800: KXNCAAMBGAME-26FEB18NCCUSCST-NCCU | yes | count=64.00 | yes=41c
Kalshi WS trade #801: KXNCAAMBGAME-26FEB18NCCUSCST-NCCU | yes | count=101.00 | yes=41c
Kalshi WS trade #802: KXNCAAMBTOTAL-26FEB18VANMIZZ-148 | no | count=8.00 | yes=45c
Kalshi WS trade #803: KXNCAAMBSPREAD-26FEB18KUOKST-KU12 | yes | count=35.00 | yes=59c
Kalshi WS trade #804: KXNCAAMBGAME-26FEB18BYUARIZ-ARIZ | yes | count=8.00 | yes=83c
Kalshi WS trade #805: KXMRBEASTGAMES-26MAY01-173 | yes | count=467.00 | yes=1c
Kalshi WS trade #806: KXETH15M-26FEB182200-00 | yes | count=6.00 | yes=58c
Kalshi WS trade #807: KXNCAAMBTOTAL-26FEB18UVAGT-161 | yes | count=30.00 | yes=71c
Kalshi WS trade #808: KXNCAAMBTOTAL-26FEB18UVAGT-161 | yes | count=5.00 | yes=72c
Kalshi WS trade #809: KXNCAAMBTOTAL-26FEB18UVAGT-161 | yes | count=4.00 | yes=72c
Kalshi WS trade #810: KXNCAAMBTOTAL-26FEB18UVAGT-161 | yes | count=20.00 | yes=72c
Kalshi WS trade #811: KXNCAAMBTOTAL-26FEB18UVAGT-161 | yes | count=8.00 | yes=79c
Kalshi WS trade #812: KXATPMATCH-26FEB18GIRRUU-RUU | yes | count=14.00 | yes=34c
Kalshi WS trade #813: KXATPMATCH-26FEB18GIRRUU-RUU | yes | count=140.00 | yes=34c
Kalshi WS trade #814: KXNCAAMBGAME-26FEB18CHARTLSA-CHAR | no | count=5.00 | yes=9c
Kalshi WS trade #815: KXMVESPORTSMULTIGAMEEXTENDED-S2026EA057A73440-7BFD0F7FDCF | yes | count=117.00 | yes=4c
Kalshi WS trade #816: KXMVESPORTSMULTIGAMEEXTENDED-S2026168F9BB6121-77FFB312C25 | yes | count=13.00 | yes=36c
Kalshi WS trade #817: KXNCAAMBGAME-26FEB18UTAHWVU-UTAH | yes | count=40.00 | yes=60c
Kalshi WS trade #818: KXNCAAMBGAME-26FEB18UTAHWVU-UTAH | yes | count=54.00 | yes=60c
Kalshi WS trade #819: KXNCAAMBGAME-26FEB18UTAHWVU-UTAH | yes | count=54.00 | yes=60c
Kalshi WS trade #820: KXNCAAMBGAME-26FEB18UTAHWVU-UTAH | yes | count=54.00 | yes=60c
Kalshi WS trade #821: KXNCAAMBGAME-26FEB18UTAHWVU-UTAH | yes | count=54.00 | yes=60c
Kalshi WS trade #822: KXNCAAMBGAME-26FEB18UTAHWVU-UTAH | yes | count=1356.00 | yes=60c
Poly WS trade #11: asset=22119000719681531437... | BUY | size=360.655736 | price=0.061
Kalshi WS trade #823: KXBERNIEMENTION-26FEB19-EPST | yes | count=1.00 | yes=11c
Kalshi WS trade #824: KXBERNIEMENTION-26FEB19-EPST | yes | count=16.00 | yes=16c
Kalshi WS trade #825: KXNCAAMBGAME-26FEB18CHARTLSA-CHAR | yes | count=14.00 | yes=12c
Kalshi WS trade #826: KXNCAAMBGAME-26FEB18UTAHWVU-UTAH | yes | count=11.00 | yes=60c
Kalshi WS trade #827: KXNCAABMENTION-26FEB18ILLUSC-OVER | yes | count=59.00 | yes=40c
Kalshi WS trade #828: KXATPMATCH-26FEB18GIRRUU-RUU | no | count=1000.00 | yes=33c
Kalshi WS trade #829: KXNCAAMBGAME-26FEB18KENNMOSU-MOSU | yes | count=56.00 | yes=34c
Kalshi WS trade #830: KXATPMATCH-26FEB18GIRRUU-GIR | yes | count=115.00 | yes=68c
Kalshi WS trade #831: KXATPMATCH-26FEB18GIRRUU-RUU | yes | count=13.00 | yes=34c
Kalshi WS trade #832: KXNCAAMBSPREAD-26FEB18VANMIZZ-MIZZ1 | no | count=28.00 | yes=50c
Kalshi WS trade #833: KXNCAAMBGAME-26FEB18VANMIZZ-MIZZ | yes | count=1188.00 | yes=50c
Kalshi WS trade #834: KXNCAAMBGAME-26FEB18BYUARIZ-BYU | yes | count=49.00 | yes=19c
Kalshi WS trade #835: KXNCAAMBGAME-26FEB18NCCUSCST-NCCU | yes | count=10.00 | yes=38c
Kalshi WS trade #836: KXNCAAMBGAME-26FEB18NCCUSCST-NCCU | yes | count=1.00 | yes=39c
Kalshi WS trade #837: KXNCAAMBGAME-26FEB18VANMIZZ-MIZZ | yes | count=328.00 | yes=50c
Kalshi WS trade #838: KXNCAAMBGAME-26FEB18VANMIZZ-MIZZ | yes | count=125.00 | yes=50c
Kalshi WS trade #839: KXNCAAMBGAME-26FEB18VANMIZZ-MIZZ | yes | count=30.00 | yes=50c
Kalshi WS trade #840: KXNCAAMBGAME-26FEB18VANMIZZ-MIZZ | yes | count=30.00 | yes=50c
Kalshi WS trade #841: KXNCAAMBGAME-26FEB18VANMIZZ-MIZZ | yes | count=100.00 | yes=50c
Kalshi WS trade #842: KXNCAAMBGAME-26FEB18VANMIZZ-MIZZ | yes | count=100.00 | yes=50c
Kalshi WS trade #843: KXNCAAMBGAME-26FEB18VANMIZZ-MIZZ | no | count=125.00 | yes=50c
Kalshi WS trade #844: KXNCAAMBGAME-26FEB18DEPHALL-HALL | yes | count=6.00 | yes=15c
Kalshi WS trade #845: KXBTCD-26FEB1822-T66749.99 | yes | count=42.00 | yes=11c
Kalshi WS trade #846: KXNCAAMBGAME-26FEB18VANMIZZ-MIZZ | no | count=30.00 | yes=50c
Kalshi WS trade #847: KXNCAAMBGAME-26FEB18AUBMSST-MSST | no | count=50.00 | yes=82c
Kalshi WS trade #848: KXNCAAMBTOTAL-26FEB18SMCSEA-133 | no | count=50.00 | yes=55c
Kalshi WS trade #849: KXNCAAMBTOTAL-26FEB18SMCSEA-133 | no | count=96.00 | yes=55c
Kalshi WS trade #850: KXNCAAMBGAME-26FEB18CHARTLSA-TLSA | yes | count=371.00 | yes=90c
Kalshi WS trade #851: KXNCAAMBGAME-26FEB18CHARTLSA-TLSA | yes | count=42.00 | yes=90c
Kalshi WS trade #852: KXNCAAMBGAME-26FEB18CHARTLSA-TLSA | yes | count=42.00 | yes=90c
Kalshi WS trade #853: KXNCAAMBGAME-26FEB18CHARTLSA-TLSA | yes | count=42.00 | yes=90c
Kalshi WS trade #854: KXNCAAMBGAME-26FEB18CHARTLSA-TLSA | yes | count=42.00 | yes=90c
Kalshi WS trade #855: KXNCAAMBGAME-26FEB18CHARTLSA-TLSA | yes | count=42.00 | yes=90c
Kalshi WS trade #856: KXNCAAMBGAME-26FEB18CHARTLSA-TLSA | yes | count=22.00 | yes=91c
Kalshi WS trade #857: KXNCAAMBGAME-26FEB18CHARTLSA-TLSA | yes | count=22.00 | yes=91c
Kalshi WS trade #858: KXBTC15M-26FEB182200-00 | yes | count=1.00 | yes=70c
Kalshi WS trade #859: KXNCAAMBGAME-26FEB18BYUARIZ-BYU | yes | count=24.00 | yes=19c
Kalshi WS trade #860: KXNCAAMBSPREAD-26FEB18ILLUSC-ILL24 | yes | count=37.00 | yes=10c
Kalshi WS trade #861: KXNCAAMBSPREAD-26FEB18ILLUSC-ILL24 | yes | count=9.00 | yes=10c
Kalshi WS trade #862: KXNCAAMBSPREAD-26FEB18ILLUSC-ILL24 | yes | count=5.00 | yes=10c
Kalshi WS trade #863: KXNCAAMBSPREAD-26FEB18ILLUSC-ILL24 | yes | count=21.00 | yes=11c
Kalshi WS trade #864: KXNCAAMBSPREAD-26FEB18ILLUSC-ILL24 | yes | count=146.00 | yes=11c
Kalshi WS trade #865: KXNCAAMBTOTAL-26FEB18NDSUSDST-141 | no | count=4.00 | yes=68c
Kalshi WS trade #866: KXNCAAMBTOTAL-26FEB18NDSUSDST-141 | no | count=50.00 | yes=68c
Kalshi WS trade #867: KXNCAAMBTOTAL-26FEB18NDSUSDST-141 | no | count=2.00 | yes=68c
Kalshi WS trade #868: KXTOPMONTHLY-26FEB-BAD | yes | count=45.00 | yes=10c
Kalshi WS trade #869: KXUELGAME-26FEB19PAOKRCC-RCC | yes | count=14.00 | yes=34c
Kalshi WS trade #870: KXXRPMAXMON-XRP-26FEB28-230 | yes | count=1.00 | yes=6c
Kalshi WS trade #871: KXXRPMAXMON-XRP-26FEB28-230 | yes | count=267.00 | yes=7c
Kalshi WS trade #872: KXEARNINGSMENTIONWMT-26JUN30-UPPE | yes | count=47.00 | yes=61c
Kalshi WS trade #873: KXBTCD-26FEB2017-T64749.99 | yes | count=12.00 | yes=80c
Kalshi WS trade #874: KXMVESPORTSMULTIGAMEEXTENDED-S2026C54C372E7E5-DB324FCB2CA | yes | count=235.00 | yes=42c
Kalshi WS trade #875: KXNCAAMBGAME-26FEB18VANMIZZ-VAN | yes | count=19.00 | yes=50c
Kalshi WS trade #876: KXNCAAMBGAME-26FEB18VANMIZZ-VAN | yes | count=547.00 | yes=51c
Kalshi WS trade #877: KXNCAAMBGAME-26FEB18CHARTLSA-CHAR | yes | count=316.00 | yes=11c
Kalshi WS trade #878: KXNCAAMBGAME-26FEB18CHARTLSA-CHAR | yes | count=50.00 | yes=11c
Kalshi WS trade #879: KXNCAAMBGAME-26FEB18CHARTLSA-CHAR | yes | count=258.00 | yes=12c
Kalshi WS trade #880: KXNCAAMBGAME-26FEB18CHARTLSA-CHAR | yes | count=5.00 | yes=12c
Kalshi WS trade #881: KXNCAAMBGAME-26FEB18CHARTLSA-CHAR | yes | count=200.00 | yes=12c
Kalshi WS trade #882: KXNCAAMBGAME-26FEB18CHARTLSA-CHAR | yes | count=300.00 | yes=13c
Kalshi WS trade #883: KXNCAAMBGAME-26FEB18CHARTLSA-CHAR | yes | count=10.00 | yes=13c
Kalshi WS trade #884: KXNCAAMBGAME-26FEB18CHARTLSA-CHAR | yes | count=397.00 | yes=16c
Kalshi WS trade #885: KXNCAAMBGAME-26FEB18CHARTLSA-CHAR | yes | count=96.00 | yes=27c
Kalshi WS trade #886: KXNCAAMBGAME-26FEB18KENNMOSU-MOSU | yes | count=13.00 | yes=34c
Kalshi WS trade #887: KXNCAAMBGAME-26FEB18KENNMOSU-MOSU | yes | count=34.00 | yes=34c
Kalshi WS trade #888: KXNCAAMBGAME-26FEB18KENNMOSU-MOSU | yes | count=9.00 | yes=34c
Kalshi WS trade #889: KXNCAAMBGAME-26FEB18CHARTLSA-TLSA | no | count=50.00 | yes=91c
Kalshi WS trade #890: KXBTCMAXMON-BTC-26FEB28-8000000 | yes | count=1.00 | yes=10c
Kalshi WS trade #891: KXNCAAMBTOTAL-26FEB18GONZSF-150 | yes | count=20.00 | yes=46c
Kalshi WS trade #892: KXNCAAMBGAME-26FEB18CHARTLSA-TLSA | no | count=200.00 | yes=89c
Kalshi WS trade #893: KXNCAAMBTOTAL-26FEB18NDSUSDST-144 | yes | count=11.00 | yes=34c
Kalshi WS trade #894: KXNCAAMBGAME-26FEB18BYUARIZ-BYU | yes | count=238.00 | yes=19c
Kalshi WS trade #895: KXNCAAMBGAME-26FEB18AUBMSST-AUB | no | count=38.00 | yes=17c
Kalshi WS trade #896: KXNCAAMBGAME-26FEB18CHARTLSA-CHAR | no | count=1.00 | yes=9c
Kalshi WS trade #897: KXNCAAMBGAME-26FEB18CHARTLSA-CHAR | no | count=341.00 | yes=9c
Kalshi WS trade #898: KXNCAAMBTOTAL-26FEB18NCCUSCST-140 | yes | count=6.00 | yes=32c
Kalshi WS trade #899: KXNCAAMBTOTAL-26FEB18NCCUSCST-140 | yes | count=194.00 | yes=33c
Kalshi WS trade #900: KXNCAAMBGAME-26FEB18BYUARIZ-BYU | yes | count=14.00 | yes=19c
Kalshi WS trade #901: KXNCAAMBGAME-26FEB18SJUMARQ-MARQ | yes | count=5.00 | yes=18c
Kalshi WS trade #902: KXNCAAMBGAME-26FEB18SJUMARQ-MARQ | yes | count=5.00 | yes=19c
Kalshi WS trade #903: KXNCAAMBGAME-26FEB18KENNMOSU-MOSU | no | count=34.00 | yes=33c
Kalshi WS trade #904: KXNCAAMBGAME-26FEB18KENNMOSU-MOSU | no | count=5.00 | yes=33c
Kalshi WS trade #905: KXNCAAMBGAME-26FEB18KENNMOSU-MOSU | no | count=15.00 | yes=33c
Kalshi WS trade #906: KXNCAAMBTOTAL-26FEB18NDSUSDST-144 | yes | count=25.00 | yes=35c
Kalshi WS trade #907: KXNCAAMBGAME-26FEB18KENNMOSU-KENN | yes | count=14.00 | yes=68c
Kalshi WS trade #908: KXNCAAMBGAME-26FEB18BYUARIZ-BYU | yes | count=22.00 | yes=19c
Kalshi WS trade #909: KXNCAAMBGAME-26FEB18BYUARIZ-BYU | yes | count=800.00 | yes=19c
Kalshi WS trade #910: KXNCAAMBTOTAL-26FEB18NCCUSCST-140 | yes | count=7.00 | yes=34c
Kalshi WS trade #911: KXNCAAMBTOTAL-26FEB18NCCUSCST-140 | yes | count=16.00 | yes=39c
Kalshi WS trade #912: KXNCAAMBGAME-26FEB18KENNMOSU-MOSU | yes | count=2.00 | yes=33c
Kalshi WS trade #913: KXNCAAMBGAME-26FEB18UTAHWVU-WVU | yes | count=50.00 | yes=42c
Kalshi WS trade #914: KXMARMAD-26-ARK | yes | count=625.00 | yes=2c
Kalshi WS trade #915: KXNCAAMBTOTAL-26FEB18ILLUSC-150 | yes | count=450.00 | yes=54c
Kalshi WS trade #916: KXNCAAMBGAME-26FEB18GONZSF-SF | yes | count=5.00 | yes=8c
Kalshi WS trade #917: KXNCAAMBGAME-26FEB18BYUARIZ-ARIZ | no | count=5.00 | yes=82c
Kalshi WS trade #918: KXNCAAMBGAME-26FEB18KENNMOSU-MOSU | yes | count=12.00 | yes=33c
Kalshi WS trade #919: KXNCAAMBGAME-26FEB18KENNMOSU-MOSU | yes | count=34.00 | yes=33c
Kalshi WS trade #920: KXNCAAMBGAME-26FEB18KENNMOSU-MOSU | yes | count=34.00 | yes=33c
Kalshi WS trade #921: KXNCAAMBGAME-26FEB18KENNMOSU-MOSU | yes | count=34.00 | yes=33c
Kalshi WS trade #922: KXNCAAMBGAME-26FEB18KENNMOSU-MOSU | yes | count=34.00 | yes=33c
Kalshi WS trade #923: KXNCAAMBGAME-26FEB18KENNMOSU-MOSU | yes | count=170.00 | yes=34c
Kalshi WS trade #924: KXNCAAMBGAME-26FEB18MDNW-NW | yes | count=6.00 | yes=98c
Kalshi WS trade #925: KXATPMATCH-26FEB18GIRRUU-GIR | yes | count=247.00 | yes=68c
Kalshi WS trade #926: KXNCAAMBGAME-26FEB18DEPHALL-HALL | yes | count=13.00 | yes=15c
Kalshi WS trade #927: KXNCAAMBGAME-26FEB18DEPHALL-HALL | yes | count=47.00 | yes=15c
Kalshi WS trade #928: KXNCAAMBTOTAL-26FEB18NDSUSDST-144 | no | count=2.00 | yes=36c
Kalshi WS trade #929: KXNCAAMBTOTAL-26FEB18NDSUSDST-144 | no | count=19.00 | yes=36c
Kalshi WS trade #930: KXNCAAMBGAME-26FEB18UTAHWVU-UTAH | yes | count=750.00 | yes=60c
Kalshi WS trade #931: KXNCAAMBGAME-26FEB18CHARTLSA-TLSA | yes | count=42.00 | yes=91c
Kalshi WS trade #932: KXNCAAMBGAME-26FEB18CHARTLSA-TLSA | yes | count=42.00 | yes=91c
Kalshi WS trade #933: KXNCAAMBGAME-26FEB18UTAHWVU-UTAH | yes | count=1621.00 | yes=60c
Kalshi WS trade #934: KXBERNIEMENTION-26FEB19-ELON | yes | count=56.00 | yes=97c
Kalshi WS trade #935: KXBERNIEMENTION-26FEB19-ELON | yes | count=45.00 | yes=97c
Kalshi WS trade #936: KXBERNIEMENTION-26FEB19-ELON | yes | count=13.00 | yes=97c
Kalshi WS trade #937: KXNCAAMBGAME-26FEB18BYUARIZ-ARIZ | yes | count=58.00 | yes=83c
Kalshi WS trade #938: KXATPMATCH-26FEB18GIRRUU-RUU | yes | count=281.00 | yes=34c
Kalshi WS trade #939: KXATPMATCH-26FEB18GIRRUU-RUU | no | count=5.00 | yes=33c
Kalshi WS trade #940: KXLOWTAUS-26FEB18-T61 | yes | count=431.00 | yes=75c
Kalshi WS trade #941: KXETH-26FEB1822-B1980 | no | count=5.00 | yes=2c
Kalshi WS trade #942: KXNCAAMBTOTAL-26FEB18KENNMOSU-167 | yes | count=921.00 | yes=45c
Kalshi WS trade #943: KXNCAAMBTOTAL-26FEB18KENNMOSU-167 | yes | count=69.00 | yes=45c
Kalshi WS trade #944: KXNCAAMBTOTAL-26FEB18KENNMOSU-167 | yes | count=69.00 | yes=45c
Kalshi WS trade #945: KXNCAAMBTOTAL-26FEB18KENNMOSU-167 | yes | count=50.00 | yes=45c
Kalshi WS trade #946: KXNCAAMBTOTAL-26FEB18KENNMOSU-167 | yes | count=69.00 | yes=45c
Kalshi WS trade #947: KXNCAAMBTOTAL-26FEB18KENNMOSU-167 | yes | count=69.00 | yes=45c
Kalshi WS trade #948: KXNCAAMBGAME-26FEB18VANMIZZ-VAN | yes | count=9.00 | yes=50c
Kalshi WS trade #949: KXNCAAWBGAME-26FEB18UNMGC-GC | yes | count=4.00 | yes=40c
Kalshi WS trade #950: KXNCAAWBGAME-26FEB18UNMGC-GC | yes | count=19.00 | yes=40c
Kalshi WS trade #951: KXNCAAMBGAME-26FEB18BYUARIZ-BYU | yes | count=49.00 | yes=19c
Kalshi WS trade #952: KXNCAAMBGAME-26FEB18CHARTLSA-CHAR | yes | count=76.00 | yes=9c
Kalshi WS trade #953: KXMARMAD-26-ISU | yes | count=93.00 | yes=5c
Kalshi WS trade #954: KXNCAAMBGAME-26FEB18AUBMSST-AUB | yes | count=435.00 | yes=18c
Kalshi WS trade #955: KXNCAAMBGAME-26FEB18AUBMSST-AUB | yes | count=145.00 | yes=18c
Kalshi WS trade #956: KXMVESPORTSMULTIGAMEEXTENDED-S2026440F6107487-0FE86D9CD01 | yes | count=420.00 | yes=11c
Kalshi WS trade #957: KXNCAAMBGAME-26FEB18MDNW-MD | yes | count=5.00 | yes=3c
Kalshi WS trade #958: KXNCAAMBTOTAL-26FEB18PACWSU-144 | no | count=1.00 | yes=58c
Kalshi WS trade #959: KXNCAAMBTOTAL-26FEB18PACWSU-144 | no | count=50.00 | yes=58c
Kalshi WS trade #960: KXNCAAMBGAME-26FEB18ILLUSC-USC | yes | count=22.00 | yes=20c
Kalshi WS trade #961: KXATPMATCH-26FEB18GIRRUU-RUU | yes | count=14.00 | yes=34c
Kalshi WS trade #962: KXNCAAMBGAME-26FEB18CHARTLSA-CHAR | yes | count=8.00 | yes=9c
Kalshi WS trade #963: KXNCAAMBGAME-26FEB18VANMIZZ-MIZZ | yes | count=37.00 | yes=51c
Kalshi WS trade #964: KXNCAAMBTOTAL-26FEB18NCCUSCST-140 | yes | count=30.00 | yes=40c
Kalshi WS trade #965: KXNCAAMBTOTAL-26FEB18NCCUSCST-140 | yes | count=161.00 | yes=40c
Kalshi WS trade #966: KXNCAAWBGAME-26FEB19QUCJAC-JAC | yes | count=25.00 | yes=95c
Kalshi WS trade #967: KXCS2GAME-26FEB20PRVFAL-PRV | yes | count=6.00 | yes=31c
Kalshi WS trade #968: KXNCAAMBGAME-26FEB18GONZSF-SF | yes | count=11.00 | yes=8c
Kalshi WS trade #969: KXNCAAMBGAME-26FEB18KENNMOSU-KENN | yes | count=14.00 | yes=68c
Kalshi WS trade #970: KXATPMATCH-26FEB18GIRRUU-RUU | yes | count=360.00 | yes=34c
Kalshi WS trade #971: KXATPMATCH-26FEB18GIRRUU-RUU | yes | count=180.00 | yes=34c
Kalshi WS trade #972: KXATPMATCH-26FEB18GIRRUU-RUU | yes | count=162.00 | yes=34c
Kalshi WS trade #973: KXATPMATCH-26FEB18GIRRUU-RUU | yes | count=18.00 | yes=34c
Kalshi WS trade #974: KXATPMATCH-26FEB18GIRRUU-RUU | yes | count=41.00 | yes=34c
Kalshi WS trade #975: KXNCAAMBGAME-26FEB18BYUARIZ-BYU | yes | count=124.00 | yes=19c
Kalshi WS trade #976: KXNCAAMBGAME-26FEB18ILLUSC-USC | yes | count=47.00 | yes=20c
Kalshi WS trade #977: KXNCAAMBGAME-26FEB18NCCUSCST-SCST | yes | count=76.00 | yes=63c
Kalshi WS trade #978: KXNCAAMBGAME-26FEB18NCCUSCST-SCST | yes | count=1.00 | yes=63c
Kalshi WS trade #979: KXNCAAMBGAME-26FEB18DEPHALL-DEP | yes | count=1.00 | yes=87c
Kalshi WS trade #980: KXBTC15M-26FEB182200-00 | no | count=10.00 | yes=67c
Kalshi WS trade #981: KXNCAAMBGAME-26FEB18DEPHALL-HALL | yes | count=6.00 | yes=15c
Kalshi WS trade #982: KXNCAAMBGAME-26FEB18CHARTLSA-CHAR | yes | count=20.00 | yes=8c
Poly WS trade #12: asset=11108067103612610965... | SELL | size=25 | price=0.994
Kalshi WS trade #983: KXNCAAMBGAME-26FEB18BYUARIZ-BYU | yes | count=14.00 | yes=19c
Kalshi WS trade #984: KXNCAAMBSPREAD-26FEB18BYUARIZ-ARIZ9 | yes | count=10.00 | yes=50c
Kalshi WS trade #985: KXNCAAMBGAME-26FEB18NDSUSDST-SDST | yes | count=200.00 | yes=5c
Kalshi WS trade #986: KXNCAAMBGAME-26FEB18SJUMARQ-MARQ | yes | count=1.00 | yes=19c
Kalshi WS trade #987: KXNCAAMBGAME-26FEB18MDNW-MD | no | count=18.00 | yes=2c
Kalshi WS trade #988: KXNCAAMBGAME-26FEB18BYUARIZ-BYU | yes | count=24.00 | yes=19c
Kalshi WS trade #989: KXBTCD-26FEB1822-T66749.99 | yes | count=23.00 | yes=11c
Poly WS trade #13: asset=69324317355037271422... | SELL | size=36 | price=0.034
Kalshi WS trade #990: KXNCAAMBGAME-26FEB18DEPHALL-DEP | yes | count=50.00 | yes=87c
Kalshi WS trade #991: KXNCAAMBGAME-26FEB18PACWSU-PAC | yes | count=215.00 | yes=51c
Kalshi WS trade #992: KXATPMATCH-26FEB18GIRRUU-GIR | no | count=851.00 | yes=66c
Kalshi WS trade #993: KXNCAAMBGAME-26FEB18UTAHWVU-UTAH | yes | count=16.00 | yes=60c
Kalshi WS trade #994: KXNCAAMBGAME-26FEB18BYUARIZ-BYU | yes | count=24.00 | yes=19c
Kalshi WS trade #995: KXBTC15M-26FEB182200-00 | no | count=61.00 | yes=67c
Kalshi WS trade #996: KXNCAAMBGAME-26FEB18VANMIZZ-VAN | yes | count=10.00 | yes=50c
Kalshi WS trade #997: KXNCAAMBGAME-26FEB18VANMIZZ-VAN | yes | count=39.00 | yes=51c
Kalshi WS trade #998: KXNCAAMBSPREAD-26FEB18SMCSEA-SMC13 | yes | count=9.00 | yes=56c
Kalshi WS trade #999: KXNCAAMBSPREAD-26FEB18SMCSEA-SMC13 | yes | count=16.00 | yes=56c
Kalshi WS trade #1000: KXATPMATCH-26FEB18GIRRUU-RUU | yes | count=25.00 | yes=34c
Kalshi WS trade #1001: KXNCAAMBGAME-26FEB18CHARTLSA-CHAR | yes | count=573.00 | yes=9c
Kalshi WS trade #1002: KXNCAAMBGAME-26FEB18CHARTLSA-CHAR | yes | count=329.00 | yes=10c
Kalshi WS trade #1003: KXNCAAMBSPREAD-26FEB18BYUARIZ-ARIZ9 | no | count=45.00 | yes=50c
Kalshi WS trade #1004: KXWTAMATCH-26FEB19ANDANI-AND | yes | count=7.00 | yes=49c
Kalshi WS trade #1005: KXMVESPORTSMULTIGAMEEXTENDED-S2026F28C41CFDA0-6D1FF7D8A12 | yes | count=48.00 | yes=27c
Kalshi WS trade #1006: KXMVESPORTSMULTIGAMEEXTENDED-S2026C93B713061F-77F48643123 | yes | count=769.00 | yes=0c
Kalshi WS trade #1007: KXNCAAMBGAME-26FEB18NDSUSDST-SDST | yes | count=93.00 | yes=5c
Kalshi WS trade #1008: KXMVESPORTSMULTIGAMEEXTENDED-S2026ACC41A1BDD8-25D4B4FBBAB | yes | count=124.00 | yes=51c
Kalshi WS trade #1009: KXMVESPORTSMULTIGAMEEXTENDED-S2026ACC41A1BDD8-25D4B4FBBAB | yes | count=22.00 | yes=53c
Kalshi WS trade #1010: KXNCAAMBGAME-26FEB18CHARTLSA-CHAR | yes | count=76.00 | yes=11c
Kalshi WS trade #1011: KXNCAAMBGAME-26FEB18KENNMOSU-MOSU | yes | count=15.00 | yes=33c
Kalshi WS trade #1012: KXNCAAMBGAME-26FEB18CHARTLSA-TLSA | no | count=76.00 | yes=91c
Kalshi WS trade #1013: KXTRUMPMENTION-26FEB28-TDS | yes | count=4.00 | yes=20c
Kalshi WS trade #1014: KXNCAAMBGAME-26FEB18BYUARIZ-ARIZ | yes | count=4.00 | yes=83c
Kalshi WS trade #1015: KXNCAAMBGAME-26FEB18NDSUSDST-SDST | yes | count=232.00 | yes=5c
Kalshi WS trade #1016: KXNCAAMBGAME-26FEB18NDSUSDST-SDST | yes | count=143.00 | yes=5c
Kalshi WS trade #1017: KXNCAAMBGAME-26FEB18DEPHALL-HALL | no | count=47.00 | yes=14c
Poly WS trade #14: asset=18651141607057791214... | BUY | size=9.709 | price=0.999
Kalshi WS trade #1018: KXATPMATCH-26FEB18GIRRUU-RUU | yes | count=27.00 | yes=34c
Kalshi WS trade #1019: KXNCAAMBTOTAL-26FEB18MDNW-133 | yes | count=30.00 | yes=97c
Kalshi WS trade #1020: KXNCAAMBTOTAL-26FEB18MDNW-133 | yes | count=27.00 | yes=97c
Kalshi WS trade #1021: KXPGAMAKECUT-THGI26-SBUR | yes | count=1500.00 | yes=82c
Kalshi WS trade #1022: KXATPMATCH-26FEB18GIRRUU-RUU | yes | count=5.00 | yes=34c
Kalshi WS trade #1023: KXNCAAMBGAME-26FEB18CHARTLSA-CHAR | yes | count=25.00 | yes=11c
Kalshi WS trade #1024: KXNCAAMBSPREAD-26FEB18BYUARIZ-ARIZ9 | yes | count=759.00 | yes=51c
Kalshi WS trade #1025: KXNCAAMBSPREAD-26FEB18BYUARIZ-ARIZ9 | yes | count=50.00 | yes=51c
Kalshi WS trade #1026: KXNCAAMBSPREAD-26FEB18BYUARIZ-ARIZ9 | yes | count=10.00 | yes=51c
Kalshi WS trade #1027: KXNCAAMBGAME-26FEB18CHARTLSA-TLSA | no | count=25.00 | yes=91c
Kalshi WS trade #1028: KXNCAAMBGAME-26FEB18CHARTLSA-TLSA | no | count=47.00 | yes=91c
Kalshi WS trade #1029: KXNCAAMBGAME-26FEB18CHARTLSA-TLSA | no | count=47.00 | yes=91c
Kalshi WS trade #1030: KXNCAAMBGAME-26FEB18CHARTLSA-TLSA | no | count=47.00 | yes=91c
Kalshi WS trade #1031: KXNCAAMBGAME-26FEB18GONZSF-SF | yes | count=58.00 | yes=8c
Kalshi WS trade #1032: KXNBAGAME-26FEB19DENLAC-LAC | yes | count=61.00 | yes=39c
Kalshi WS trade #1033: KXBTCMAXMON-BTC-26FEB28-9250000 | yes | count=10.00 | yes=2c
Kalshi WS trade #1034: KXNCAAMBGAME-26FEB18CHARTLSA-CHAR | yes | count=125.00 | yes=11c
Kalshi WS trade #1035: KXNCAAMBGAME-26FEB18CHARTLSA-TLSA | no | count=125.00 | yes=91c
Kalshi WS trade #1036: KXNCAAMBGAME-26FEB18CHARTLSA-CHAR | yes | count=8.00 | yes=11c
Kalshi WS trade #1037: KXNCAAWBGAME-26FEB18UNLVSDSU-UNLV | yes | count=31.00 | yes=36c
Kalshi WS trade #1038: KXNCAAMBGAME-26FEB18BYUARIZ-ARIZ | yes | count=5.00 | yes=83c
Kalshi WS trade #1039: KXBTCD-26FEB1822-T66749.99 | yes | count=67.00 | yes=11c
Kalshi WS trade #1040: KXNCAAMBGAME-26FEB18CHARTLSA-TLSA | no | count=8.00 | yes=91c
Poly WS trade #15: asset=51797157743046504218... | SELL | size=36 | price=0.965
Kalshi WS trade #1041: KXNCAAMBTOTAL-26FEB18NCCUSCST-131 | no | count=10.00 | yes=60c
Kalshi WS trade #1042: KXNCAAMBGAME-26FEB18BYUARIZ-BYU | yes | count=744.00 | yes=19c
Kalshi WS trade #1043: KXNCAAMBGAME-26FEB18BYUARIZ-BYU | yes | count=4000.00 | yes=19c
Kalshi WS trade #1044: KXNCAAMBGAME-26FEB18BYUARIZ-BYU | yes | count=231.00 | yes=19c
Kalshi WS trade #1045: KXNCAAMBGAME-26FEB18CHARTLSA-CHAR | yes | count=267.00 | yes=11c
Kalshi WS trade #1046: KXNCAAMBGAME-26FEB18CHARTLSA-CHAR | yes | count=120.00 | yes=11c
Kalshi WS trade #1047: KXNCAAMBGAME-26FEB18CHARTLSA-CHAR | yes | count=80.00 | yes=11c
Kalshi WS trade #1048: KXNCAAMBGAME-26FEB18CHARTLSA-CHAR | yes | count=1.00 | yes=12c
Kalshi WS trade #1049: KXNCAAMBGAME-26FEB18CHARTLSA-CHAR | yes | count=164.00 | yes=13c
Kalshi WS trade #1050: KXNCAAMBGAME-26FEB18CHARTLSA-CHAR | yes | count=152.00 | yes=13c
Kalshi WS trade #1051: KXNCAAMBGAME-26FEB18DEPHALL-HALL | yes | count=53.00 | yes=14c
Kalshi WS trade #1052: KXNCAAMBGAME-26FEB18DEPHALL-HALL | yes | count=65.00 | yes=15c
Kalshi WS trade #1053: KXNCAAMBGAME-26FEB18DEPHALL-HALL | yes | count=87.00 | yes=15c
Kalshi WS trade #1054: KXNCAAMBGAME-26FEB18CHARTLSA-TLSA | no | count=267.00 | yes=91c
Kalshi WS trade #1055: KXNCAAMBGAME-26FEB18CHARTLSA-TLSA | no | count=80.00 | yes=91c
Kalshi WS trade #1056: KXNCAAMBSPREAD-26FEB18BYUARIZ-ARIZ15 | yes | count=167.00 | yes=26c
Kalshi WS trade #1057: KXNCAAMBTOTAL-26FEB18KENNMOSU-167 | no | count=1.00 | yes=39c
Kalshi WS trade #1058: KXNCAAMBGAME-26FEB18CHARTLSA-TLSA | no | count=120.00 | yes=91c
Kalshi WS trade #1059: KXNCAAMBGAME-26FEB18DEPHALL-DEP | yes | count=22.00 | yes=87c
Kalshi WS trade #1060: KXATPMATCH-26FEB18GIRRUU-RUU | yes | count=2.00 | yes=34c
Kalshi WS trade #1061: KXNCAAMBGAME-26FEB18DEPHALL-HALL | yes | count=31.00 | yes=15c
Kalshi WS trade #1062: KXNCAAMBGAME-26FEB18DEPHALL-HALL | yes | count=27.00 | yes=15c
Kalshi WS trade #1063: KXTRUMPMENTION-26FEB28-SLEE | no | count=4.00 | yes=31c
Kalshi WS trade #1064: KXTRUMPMENTION-26FEB28-SLEE | no | count=10.00 | yes=31c
Kalshi WS trade #1065: KXATPMATCH-26FEB19ALCKHA-KHA | yes | count=41.00 | yes=10c
Kalshi WS trade #1066: KXATPMATCH-26FEB19ALCKHA-KHA | yes | count=10.00 | yes=10c
Kalshi WS trade #1067: KXNCAAMBGAME-26FEB18BYUARIZ-ARIZ | yes | count=1.00 | yes=83c
Kalshi WS trade #1068: KXNCAAMBGAME-26FEB18GONZSF-SF | yes | count=447.00 | yes=8c
Kalshi WS trade #1069: KXNCAAMBGAME-26FEB18KENNMOSU-MOSU | yes | count=19.00 | yes=33c
Kalshi WS trade #1070: KXNCAAMBGAME-26FEB18KENNMOSU-MOSU | yes | count=34.00 | yes=33c
Kalshi WS trade #1071: KXNCAAMBGAME-26FEB18KENNMOSU-MOSU | yes | count=34.00 | yes=33c
Kalshi WS trade #1072: KXNCAAMBGAME-26FEB18KENNMOSU-MOSU | yes | count=34.00 | yes=33c
Kalshi WS trade #1073: KXBTCD-26FEB1822-T66749.99 | no | count=1.00 | yes=9c
Kalshi WS trade #1074: KXBTCD-26FEB1822-T66749.99 | no | count=25.00 | yes=9c
Kalshi WS trade #1075: KXBERNIEMENTION-26FEB19-PALA | yes | count=14.00 | yes=32c
Kalshi WS trade #1076: KXATPMATCH-26FEB18GIRRUU-RUU | yes | count=56.00 | yes=34c
Kalshi WS trade #1077: KXNCAAMBTOTAL-26FEB18BYUARIZ-161 | yes | count=9.00 | yes=50c
Kalshi WS trade #1078: KXNCAAMBTOTAL-26FEB18BYUARIZ-161 | yes | count=44.00 | yes=51c
Kalshi WS trade #1079: KXBERNIEMENTION-26FEB19-IMMI | no | count=5.00 | yes=23c
Kalshi WS trade #1080: KXNCAAMBGAME-26FEB18KENNMOSU-KENN | yes | count=10.00 | yes=68c
Kalshi WS trade #1081: KXATPMATCH-26FEB18GIRRUU-GIR | yes | count=23.00 | yes=68c
Kalshi WS trade #1082: KXNCAAMBGAME-26FEB18DEPHALL-DEP | yes | count=50.00 | yes=87c
Kalshi WS trade #1083: KXNCAAMBGAME-26FEB18DEPHALL-DEP | yes | count=62.00 | yes=87c
Kalshi WS trade #1084: KXNCAAMBSPREAD-26FEB18UTAHWVU-WVU4 | no | count=13.00 | yes=24c
Kalshi WS trade #1085: KXNCAAMBGAME-26FEB18UTAHWVU-UTAH | yes | count=1.00 | yes=60c
Kalshi WS trade #1086: KXNCAAMBSPREAD-26FEB18SJUMARQ-SJU6 | yes | count=88.00 | yes=59c
Kalshi WS trade #1087: KXNCAAMBGAME-26FEB18KENNMOSU-MOSU | yes | count=34.00 | yes=33c
Kalshi WS trade #1088: KXNCAAMBGAME-26FEB18KENNMOSU-MOSU | yes | count=34.00 | yes=33c
Kalshi WS trade #1089: KXNCAAMBGAME-26FEB18KENNMOSU-MOSU | yes | count=34.00 | yes=33c
Kalshi WS trade #1090: KXNCAAMBGAME-26FEB18KENNMOSU-MOSU | yes | count=34.00 | yes=33c
Kalshi WS trade #1091: KXATPCHALLENGERMATCH-26FEB18GEEMIC-MIC | yes | count=19.00 | yes=50c
Kalshi WS trade #1092: KXNCAAMBGAME-26FEB18UTAHWVU-UTAH | yes | count=16.00 | yes=60c
Kalshi WS trade #1093: KXATPMATCH-26FEB18GIRRUU-RUU | yes | count=24.00 | yes=34c
Kalshi WS trade #1094: KXATPMATCH-26FEB18GIRRUU-RUU | yes | count=167.00 | yes=34c
Kalshi WS trade #1095: KXNCAAMBGAME-26FEB18DEPHALL-HALL | yes | count=50.00 | yes=15c
Kalshi WS trade #1096: KXNCAAMBGAME-26FEB18DEPHALL-HALL | yes | count=19.00 | yes=15c
Kalshi WS trade #1097: KXNCAAMBGAME-26FEB18DEPHALL-HALL | yes | count=58.00 | yes=15c
Kalshi WS trade #1098: KXNCAAMBGAME-26FEB18VANMIZZ-VAN | yes | count=19.00 | yes=50c
Kalshi WS trade #1099: KXNCAAMBGAME-26FEB18VANMIZZ-VAN | yes | count=76.00 | yes=51c
Kalshi WS trade #1100: KXMVESPORTSMULTIGAMEEXTENDED-S2026C54C372E7E5-CDD39DBF3D5 | yes | count=5359.00 | yes=8c
Kalshi WS trade #1101: KXNCAAMBGAME-26FEB18UTAHWVU-UTAH | yes | count=1.00 | yes=60c
Kalshi WS trade #1102: KXMVESPORTSMULTIGAMEEXTENDED-S202600227989773-EA5CB8599F1 | yes | count=311.00 | yes=3c
Kalshi WS trade #1103: KXATPMATCH-26FEB18GIRRUU-RUU | yes | count=13.00 | yes=34c
Kalshi WS trade #1104: KXATPMATCH-26FEB18GIRRUU-RUU | yes | count=1.00 | yes=34c
Kalshi WS trade #1105: KXNCAAMBGAME-26FEB18NDSUSDST-SDST | yes | count=42.00 | yes=5c
Kalshi WS trade #1106: KXNCAAMBGAME-26FEB18KUOKST-OKST | yes | count=7.00 | yes=6c
Kalshi WS trade #1107: KXNCAAMBGAME-26FEB18BYUARIZ-ARIZ | yes | count=35.00 | yes=83c
Kalshi WS trade #1108: KXNCAAMBTOTAL-26FEB18NCCUSCST-143 | yes | count=4.00 | yes=23c
Kalshi WS trade #1109: KXNCAAMBTOTAL-26FEB18NCCUSCST-143 | yes | count=3.00 | yes=23c
Kalshi WS trade #1110: KXNCAAMBGAME-26FEB18AUBMSST-AUB | yes | count=50.00 | yes=18c
Kalshi WS trade #1111: KXNCAAMBGAME-26FEB18KENNMOSU-KENN | yes | count=34.00 | yes=68c
Kalshi WS trade #1112: KXNCAAMBGAME-26FEB18KENNMOSU-KENN | yes | count=34.00 | yes=68c
Kalshi WS trade #1113: KXNCAAMBGAME-26FEB18KENNMOSU-KENN | yes | count=34.00 | yes=68c
Kalshi WS trade #1114: KXNCAAMBGAME-26FEB18KENNMOSU-KENN | yes | count=34.00 | yes=68c
Kalshi WS trade #1115: KXNCAAMBGAME-26FEB18KENNMOSU-KENN | yes | count=34.00 | yes=68c
Kalshi WS trade #1116: KXNCAAMBTOTAL-26FEB18DEPHALL-127 | no | count=338.00 | yes=53c
Kalshi WS trade #1117: KXCPI-26FEB-T0.1 | no | count=5.00 | yes=87c
Kalshi WS trade #1118: KXCPI-26FEB-T0.1 | no | count=12.00 | yes=87c
Kalshi WS trade #1119: KXNCAAMBGAME-26FEB18NDSUSDST-SDST | yes | count=15.00 | yes=5c
Kalshi WS trade #1120: KXNCAAMBGAME-26FEB18NDSUSDST-SDST | yes | count=10.00 | yes=5c
Kalshi WS trade #1121: KXNCAAMBGAME-26FEB18KENNMOSU-MOSU | yes | count=5.00 | yes=33c
Kalshi WS trade #1122: KXNCAAMBGAME-26FEB18CHARTLSA-CHAR | yes | count=16.00 | yes=10c
Kalshi WS trade #1123: KXNCAAMBSPREAD-26FEB18VANMIZZ-MIZZ1 | yes | count=9.00 | yes=52c
Kalshi WS trade #1124: KXNCAAMBSPREAD-26FEB18VANMIZZ-MIZZ1 | yes | count=14.00 | yes=54c
Kalshi WS trade #1125: KXNCAAMBGAME-26FEB18BYUARIZ-ARIZ | yes | count=11.00 | yes=83c
Kalshi WS trade #1126: KXNCAAMBSPREAD-26FEB18MDNW-NW11 | yes | count=132.00 | yes=40c
Kalshi WS trade #1127: KXNCAAMBSPREAD-26FEB18MDNW-NW11 | yes | count=35.00 | yes=40c
Kalshi WS trade #1128: KXNCAAMBSPREAD-26FEB18ARKALA-ARK9 | yes | count=40.00 | yes=1c
Kalshi WS trade #1129: KXNCAAMBSPREAD-26FEB18ARKALA-ARK9 | yes | count=293.00 | yes=1c
Kalshi WS trade #1130: KXNCAAMBGAME-26FEB18CHARTLSA-TLSA | no | count=16.00 | yes=91c
Kalshi WS trade #1131: KXNCAAMBGAME-26FEB18BYUARIZ-BYU | no | count=115.00 | yes=18c
Kalshi WS trade #1132: KXATPMATCH-26FEB18GIRRUU-RUU | yes | count=70.00 | yes=34c
Kalshi WS trade #1133: KXNCAAMBGAME-26FEB18MDNW-MD | yes | count=31.00 | yes=3c
Kalshi WS trade #1134: KXNCAAMBGAME-26FEB18BYUARIZ-BYU | yes | count=124.00 | yes=19c
Kalshi WS trade #1135: KXATPMATCH-26FEB18GIRRUU-RUU | yes | count=109.00 | yes=34c
Kalshi WS trade #1136: KXATPMATCH-26FEB18GIRRUU-RUU | yes | count=168.00 | yes=34c
Kalshi WS trade #1137: KXNCAAMBGAME-26FEB18DEPHALL-HALL | yes | count=94.00 | yes=15c
Kalshi WS trade #1138: KXNCAAMBSPREAD-26FEB18SMCSEA-SMC16 | yes | count=65.00 | yes=44c
Kalshi WS trade #1139: KXNCAAMBGAME-26FEB18FAUUTSA-UTSA | yes | count=20.00 | yes=2c
Kalshi WS trade #1140: KXNCAAMBGAME-26FEB18SJUMARQ-MARQ | yes | count=50.00 | yes=19c
Kalshi WS trade #1141: KXNCAAMBGAME-26FEB18KENNMOSU-KENN | yes | count=21.00 | yes=69c
Kalshi WS trade #1142: KXNCAAMBGAME-26FEB18PACWSU-PAC | yes | count=281.00 | yes=51c
Kalshi WS trade #1143: KXNCAAMBTOTAL-26FEB18KENNMOSU-170 | yes | count=4.00 | yes=32c
Kalshi WS trade #1144: KXNCAAMBTOTAL-26FEB18KENNMOSU-170 | yes | count=30.00 | yes=32c
Kalshi WS trade #1145: KXNCAAMBGAME-26FEB18PACWSU-PAC | yes | count=9.00 | yes=51c
Kalshi WS trade #1146: KXNCAAWBGAME-26FEB18UVUCBU-CBU | yes | count=10.00 | yes=59c
Kalshi WS trade #1147: KXNCAAWBGAME-26FEB18UVUCBU-CBU | yes | count=6.00 | yes=60c
Kalshi WS trade #1148: KXNCAAMBGAME-26FEB18SMCSEA-SMC | yes | count=33.00 | yes=94c
Kalshi WS trade #1149: KXMVESPORTSMULTIGAMEEXTENDED-S20269970E2C3031-35D3557F633 | yes | count=1104.00 | yes=38c
Kalshi WS trade #1150: KXATPMATCH-26FEB18GIRRUU-RUU | yes | count=83.00 | yes=34c
Kalshi WS trade #1151: KXNCAAMBGAME-26FEB18BYUARIZ-BYU | yes | count=9.00 | yes=20c
Kalshi WS trade #1152: KXMVESPORTSMULTIGAMEEXTENDED-S2026A1A72397394-189F8EAC9B1 | yes | count=16.00 | yes=28c
Kalshi WS trade #1153: KXNCAAMBSPREAD-26FEB18MDNW-NW2 | yes | count=10.00 | yes=96c
Kalshi WS trade #1154: KXNCAAMBGAME-26FEB18BYUARIZ-BYU | no | count=100.00 | yes=19c
Kalshi WS trade #1155: KXMVESPORTSMULTIGAMEEXTENDED-S2026D8E7F139B07-B7DEF40CAC8 | yes | count=415.00 | yes=4c
Kalshi WS trade #1156: KXMVESPORTSMULTIGAMEEXTENDED-S20267D7A4FCD9B8-C8C451B3629 | yes | count=29.00 | yes=32c
Kalshi WS trade #1157: KXMVESPORTSMULTIGAMEEXTENDED-S2026C7A10FC3B47-7A432F6C165 | yes | count=141.00 | yes=13c
Kalshi WS trade #1158: KXNCAAMBGAME-26FEB18UTAHWVU-WVU | no | count=19.00 | yes=41c
Kalshi WS trade #1159: KXNCAAMBGAME-26FEB18MURRILST-ILST | yes | count=1.00 | yes=80c
Kalshi WS trade #1160: KXNCAAMBGAME-26FEB18BYUARIZ-ARIZ | no | count=995.00 | yes=82c
Kalshi WS trade #1161: KXNCAAMBSPREAD-26FEB18BYUARIZ-ARIZ9 | no | count=167.00 | yes=50c
Kalshi WS trade #1162: KXNCAAMBSPREAD-26FEB18BYUARIZ-ARIZ9 | no | count=34.00 | yes=47c
Kalshi WS trade #1163: KXUSDJPY-26FEB1910-T155.249 | yes | count=1.00 | yes=85c
Kalshi WS trade #1164: KXHIGHTPHX-26FEB19-B65.5 | no | count=2.00 | yes=37c
Kalshi WS trade #1165: KXNCAAMBTOTAL-26FEB18AUBMSST-168 | no | count=50.00 | yes=44c
Kalshi WS trade #1166: KXNCAAMBTOTAL-26FEB18AUBMSST-168 | no | count=36.00 | yes=44c
Kalshi WS trade #1167: KXATPMATCH-26FEB19ETCGAU-ETC | yes | count=1.00 | yes=81c
Kalshi WS trade #1168: KXNCAAMBGAME-26FEB18KUOKST-OKST | yes | count=2250.00 | yes=6c
Kalshi WS trade #1169: KXNCAAMBGAME-26FEB18BYUARIZ-BYU | no | count=44.00 | yes=18c
Poly WS trade #16: asset=11079000312144236512... | SELL | size=4.54 | price=0.31
Kalshi WS trade #1170: KXNCAAMBGAME-26FEB18KENNMOSU-KENN | yes | count=13.00 | yes=69c
Kalshi WS trade #1171: KXNCAAMBGAME-26FEB18KENNMOSU-KENN | yes | count=34.00 | yes=69c
Kalshi WS trade #1172: KXNCAAMBGAME-26FEB18KENNMOSU-KENN | yes | count=350.00 | yes=69c
Kalshi WS trade #1173: KXNCAAMBGAME-26FEB18KENNMOSU-KENN | yes | count=50.00 | yes=69c
Kalshi WS trade #1174: KXNCAAMBGAME-26FEB18KENNMOSU-KENN | yes | count=100.00 | yes=69c
Kalshi WS trade #1175: KXNCAAMBGAME-26FEB18KENNMOSU-KENN | yes | count=10.00 | yes=69c
Kalshi WS trade #1176: KXNCAAMBGAME-26FEB18KENNMOSU-KENN | yes | count=34.00 | yes=69c
Kalshi WS trade #1177: KXNCAAMBGAME-26FEB18KENNMOSU-KENN | yes | count=34.00 | yes=69c
Kalshi WS trade #1178: KXNCAAMBGAME-26FEB18KENNMOSU-KENN | yes | count=34.00 | yes=69c
Kalshi WS trade #1179: KXBTC15M-26FEB182200-00 | yes | count=6.00 | yes=70c
Kalshi WS trade #1180: KXNCAAMBGAME-26FEB18ILLUSC-USC | yes | count=946.00 | yes=20c
Kalshi WS trade #1181: KXNCAAMBGAME-26FEB18KENNMOSU-KENN | yes | count=21.00 | yes=69c
Kalshi WS trade #1182: KXNCAAMBTOTAL-26FEB18AUBMSST-168 | yes | count=546.00 | yes=45c
Kalshi WS trade #1183: KXPRESNOMR-28-EKIR | yes | count=935.00 | yes=1c
Kalshi WS trade #1184: KXPGATOP10-THGI26-SSCH | yes | count=10.00 | yes=72c
Kalshi WS trade #1185: KXNCAAMBGAME-26FEB18KENNMOSU-KENN | yes | count=35.00 | yes=69c
Kalshi WS trade #1186: KXATPMATCH-26FEB18GIRRUU-RUU | yes | count=562.00 | yes=34c
Kalshi WS trade #1187: KXNCAAMBGAME-26FEB18SJUMARQ-MARQ | no | count=1.00 | yes=16c
Kalshi WS trade #1188: KXNCAAMBGAME-26FEB18VANMIZZ-MIZZ | yes | count=49.00 | yes=51c
Kalshi WS trade #1189: KXMVESPORTSMULTIGAMEEXTENDED-S2026EE1CB1835E5-10AD4C1ABC4 | yes | count=551.00 | yes=90c
Kalshi WS trade #1190: KXMVESPORTSMULTIGAMEEXTENDED-S20264BC927A45FC-90B708373A1 | yes | count=72.00 | yes=8c
Kalshi WS trade #1191: KXMVESPORTSMULTIGAMEEXTENDED-S20264BC927A45FC-90B708373A1 | yes | count=14.00 | yes=8c
Kalshi WS trade #1192: KXNCAAMBGAME-26FEB18MURRILST-MURR | yes | count=4.00 | yes=22c
Kalshi WS trade #1193: KXBTCD-26FEB1822-T66749.99 | no | count=100.00 | yes=9c
Kalshi WS trade #1194: KXBTCD-26FEB1822-T66749.99 | no | count=40.00 | yes=8c
Kalshi WS trade #1195: KXBTCD-26FEB1822-T66749.99 | no | count=125.00 | yes=7c
Kalshi WS trade #1196: KXBTCD-26FEB1822-T66749.99 | no | count=116.00 | yes=6c
Kalshi WS trade #1197: KXBTCD-26FEB1822-T66749.99 | no | count=1388.00 | yes=6c
Kalshi WS trade #1198: KXNCAAMBGAME-26FEB18BYUARIZ-BYU | no | count=19.00 | yes=18c
Kalshi WS trade #1199: KXMVESPORTSMULTIGAMEEXTENDED-S2026D8E7F139B07-EC090B9F58D | yes | count=26.00 | yes=3c
Kalshi WS trade #1200: KXMVESPORTSMULTIGAMEEXTENDED-S2026CC642C84DE4-4A700B43A46 | yes | count=933.00 | yes=26c
Kalshi WS trade #1201: KXNCAAMBGAME-26FEB18NCCUSCST-NCCU | yes | count=76.00 | yes=38c
Kalshi WS trade #1202: KXNCAAMBGAME-26FEB18NCCUSCST-NCCU | yes | count=24.00 | yes=38c
Kalshi WS trade #1203: KXNCAAMBGAME-26FEB18BYUARIZ-ARIZ | yes | count=30.00 | yes=82c
Kalshi WS trade #1204: KXNCAAMBGAME-26FEB18SJUMARQ-MARQ | yes | count=24.00 | yes=19c
Kalshi WS trade #1205: KXNCAAMBSPREAD-26FEB18BYUARIZ-ARIZ12 | no | count=10.00 | yes=34c
Kalshi WS trade #1206: KXNCAAMBSPREAD-26FEB18BYUARIZ-ARIZ18 | no | count=10.00 | yes=15c
Kalshi WS trade #1207: KXNCAAMBSPREAD-26FEB18MURRILST-ILST6 | no | count=21.00 | yes=49c
Kalshi WS trade #1208: KXNCAAMBSPREAD-26FEB18MURRILST-ILST6 | no | count=246.00 | yes=49c
Kalshi WS trade #1209: KXATPMATCH-26FEB18GIRRUU-GIR | no | count=877.00 | yes=66c
Kalshi WS trade #1210: KXATPMATCH-26FEB18GIRRUU-GIR | no | count=180.00 | yes=66c
Kalshi WS trade #1211: KXATPMATCH-26FEB18GIRRUU-GIR | no | count=180.00 | yes=66c
Kalshi WS trade #1212: KXNCAAMBGAME-26FEB18NCCUSCST-NCCU | yes | count=52.00 | yes=38c
Kalshi WS trade #1213: KXNCAAMBGAME-26FEB18NCCUSCST-NCCU | yes | count=76.00 | yes=38c
Kalshi WS trade #1214: KXNCAAMBGAME-26FEB18NCCUSCST-NCCU | yes | count=76.00 | yes=38c
Kalshi WS trade #1215: KXNCAAMBGAME-26FEB18NCCUSCST-NCCU | yes | count=46.00 | yes=38c
Kalshi WS trade #1216: KXBTCD-26FEB1822-T66749.99 | yes | count=15.00 | yes=11c
Kalshi WS trade #1217: KXNCAAMBSPREAD-26FEB18BYUARIZ-ARIZ9 | yes | count=10.00 | yes=49c
Kalshi WS trade #1218: KXNCAAMBSPREAD-26FEB18BYUARIZ-ARIZ9 | yes | count=28.00 | yes=50c
Kalshi WS trade #1219: KXNCAAMBGAME-26FEB18BYUARIZ-ARIZ | yes | count=2300.00 | yes=82c
Kalshi WS trade #1220: KXNCAAMBGAME-26FEB18BYUARIZ-ARIZ | yes | count=60.00 | yes=82c
Kalshi WS trade #1221: KXNCAAMBGAME-26FEB18BYUARIZ-ARIZ | yes | count=270.00 | yes=83c
Kalshi WS trade #1222: KXNCAAMBGAME-26FEB18BYUARIZ-ARIZ | yes | count=60.00 | yes=83c
Kalshi WS trade #1223: KXNCAAMBGAME-26FEB18BYUARIZ-ARIZ | yes | count=100.00 | yes=83c
Kalshi WS trade #1224: KXNCAAMBGAME-26FEB18BYUARIZ-ARIZ | yes | count=100.00 | yes=83c
Kalshi WS trade #1225: KXNCAAMBGAME-26FEB18BYUARIZ-ARIZ | yes | count=27.00 | yes=83c
Kalshi WS trade #1226: KXPGAH2H-TGI26LABEJROS-JROS | yes | count=210.00 | yes=50c
Kalshi WS trade #1227: KXNCAAMBSPREAD-26FEB18GONZSF-GONZ14 | no | count=40.00 | yes=54c
Kalshi WS trade #1228: KXATPMATCH-26FEB18GIRRUU-GIR | yes | count=2.00 | yes=66c
Kalshi WS trade #1229: KXNCAAMBGAME-26FEB18BYUARIZ-BYU | yes | count=47.00 | yes=19c
Kalshi WS trade #1230: KXBTC15M-26FEB182200-00 | yes | count=20.00 | yes=70c
Kalshi WS trade #1231: KXBTC15M-26FEB182200-00 | no | count=86.00 | yes=68c
Kalshi WS trade #1232: KXNCAAMBSPREAD-26FEB18ILLUSC-ILL9 | yes | count=96.00 | yes=49c
Kalshi WS trade #1233: KXNCAAMBGAME-26FEB18DEPHALL-HALL | yes | count=12.00 | yes=15c
Kalshi WS trade #1234: KXNCAAMBGAME-26FEB18SJUMARQ-MARQ | yes | count=303.00 | yes=19c
Kalshi WS trade #1235: KXNCAAWBGAME-26FEB18NEVCSU-NEV | no | count=4.00 | yes=2c
Kalshi WS trade #1236: KXNCAAWBGAME-26FEB18NEVCSU-NEV | no | count=18.00 | yes=2c
Kalshi WS trade #1237: KXNCAAMBGAME-26FEB18NCCUSCST-NCCU | no | count=100.00 | yes=38c
Kalshi WS trade #1238: KXNCAAMBGAME-26FEB18NCCUSCST-NCCU | no | count=192.00 | yes=37c
Kalshi WS trade #1239: KXNCAAMBGAME-26FEB18BYUARIZ-BYU | yes | count=4.00 | yes=19c
Kalshi WS trade #1240: KXNCAAMBGAME-26FEB18UTAHWVU-WVU | yes | count=22.00 | yes=42c
Kalshi WS trade #1241: KXNCAAMBGAME-26FEB18NCCUSCST-SCST | yes | count=13.00 | yes=62c
Kalshi WS trade #1242: KXNCAAMBGAME-26FEB18CHARTLSA-CHAR | yes | count=224.00 | yes=10c
Kalshi WS trade #1243: KXNCAAMBGAME-26FEB18CHARTLSA-CHAR | yes | count=10.00 | yes=11c
Kalshi WS trade #1244: KXNCAAMBGAME-26FEB18SJUMARQ-MARQ | yes | count=29.00 | yes=19c
Kalshi WS trade #1245: KXATPMATCH-26FEB18GIRRUU-GIR | yes | count=7.00 | yes=66c
Kalshi WS trade #1246: KXATPMATCH-26FEB18GIRRUU-GIR | yes | count=5.00 | yes=66c
Kalshi WS trade #1247: KXNCAAMBGAME-26FEB18CHARTLSA-TLSA | no | count=10.00 | yes=91c
Kalshi WS trade #1248: KXNCAAMBGAME-26FEB18CHARTLSA-TLSA | no | count=224.00 | yes=91c
Kalshi WS trade #1249: KXNCAAMBGAME-26FEB18BYUARIZ-ARIZ | yes | count=4.00 | yes=82c
Kalshi WS trade #1250: KXMARMAD-26-DUKE | yes | count=102.00 | yes=12c
Kalshi WS trade #1251: KXNCAAMBGAME-26FEB18BYUARIZ-ARIZ | yes | count=20.00 | yes=82c
Kalshi WS trade #1252: KXNCAAMBGAME-26FEB18SJUMARQ-MARQ | yes | count=14.00 | yes=19c
Kalshi WS trade #1253: KXNCAAMBGAME-26FEB18AUBMSST-AUB | yes | count=16.00 | yes=18c
Kalshi WS trade #1254: KXNCAAMBGAME-26FEB18NCCUSCST-NCCU | no | count=54.00 | yes=38c
Kalshi WS trade #1255: KXNCAAWBGAME-26FEB18UNMGC-UNM | yes | count=56.00 | yes=87c
Kalshi WS trade #1256: KXNCAAMBGAME-26FEB18UTAHWVU-UTAH | yes | count=50.00 | yes=60c
Kalshi WS trade #1257: KXNCAAWBGAME-26FEB19SPCFAIR-SPC | no | count=1.00 | yes=1c
Kalshi WS trade #1258: KXNCAAMBGAME-26FEB18NDSUSDST-SDST | yes | count=20.00 | yes=6c
Kalshi WS trade #1259: KXNCAAMBGAME-26FEB18NDSUSDST-SDST | yes | count=42.00 | yes=6c
Kalshi WS trade #1260: KXNCAAMBTOTAL-26FEB18MDNW-142 | no | count=10.00 | yes=91c
Kalshi WS trade #1261: KXNCAAMBTOTAL-26FEB18AUBMSST-168 | yes | count=1454.00 | yes=45c
Kalshi WS trade #1262: KXMVESPORTSMULTIGAMEEXTENDED-S2026B57BA9E8126-B9D320A514A | yes | count=40.00 | yes=37c
Kalshi WS trade #1263: KXMVESPORTSMULTIGAMEEXTENDED-S2026B57BA9E8126-B9D320A514A | yes | count=6.00 | yes=38c
Kalshi WS trade #1264: KXNCAAWBGAME-26FEB19SPCFAIR-FAIR | yes | count=2.00 | yes=99c
Kalshi WS trade #1265: KXNCAAMBGAME-26FEB18BYUARIZ-ARIZ | yes | count=2330.00 | yes=82c
Kalshi WS trade #1266: KXNCAAMBGAME-26FEB18BYUARIZ-ARIZ | yes | count=18.00 | yes=82c
Kalshi WS trade #1267: KXNCAAMBGAME-26FEB18BYUARIZ-ARIZ | yes | count=3526.00 | yes=82c
Kalshi WS trade #1268: KXNCAAMBGAME-26FEB18PACWSU-WSU | yes | count=5.00 | yes=50c
Kalshi WS trade #1269: KXNCAAMBGAME-26FEB18VANMIZZ-MIZZ | yes | count=37.00 | yes=51c
Kalshi WS trade #1270: KXNCAAMBSPREAD-26FEB18BYUARIZ-ARIZ6 | yes | count=15.00 | yes=65c
Kalshi WS trade #1271: KXNCAAMBGAME-26FEB18DEPHALL-DEP | no | count=34.00 | yes=86c
Kalshi WS trade #1272: KXNCAAMBTOTAL-26FEB18NDSUSDST-144 | yes | count=10.00 | yes=43c
Kalshi WS trade #1273: KXNCAAMBTOTAL-26FEB18NDSUSDST-144 | yes | count=3.00 | yes=44c
Kalshi WS trade #1274: KXNCAAMBTOTAL-26FEB18NDSUSDST-144 | yes | count=21.00 | yes=49c
Kalshi WS trade #1275: KXNCAAMBTOTAL-26FEB18NDSUSDST-144 | yes | count=30.00 | yes=50c
Kalshi WS trade #1276: KXNCAAMBTOTAL-26FEB18NDSUSDST-144 | yes | count=3.00 | yes=54c
Kalshi WS trade #1277: KXNCAAMBTOTAL-26FEB18NDSUSDST-144 | yes | count=3.00 | yes=64c
Kalshi WS trade #1278: KXNCAAMBTOTAL-26FEB18NDSUSDST-144 | yes | count=2.00 | yes=74c
Kalshi WS trade #1279: KXNCAAMBTOTAL-26FEB18NDSUSDST-144 | yes | count=2.00 | yes=84c
Kalshi WS trade #1280: KXNCAAMBTOTAL-26FEB18NDSUSDST-144 | yes | count=189.00 | yes=85c
Kalshi WS trade #1281: KXNASCARRACE-FR8R26-CAHO | yes | count=104.00 | yes=9c
Kalshi WS trade #1282: KXNCAAMBGAME-26FEB18NDSUSDST-SDST | yes | count=156.00 | yes=6c
Kalshi WS trade #1283: KXNCAAMBGAME-26FEB18NDSUSDST-SDST | yes | count=12.00 | yes=6c
Kalshi WS trade #1284: KXNCAAMBGAME-26FEB18BYUARIZ-BYU | yes | count=4.00 | yes=19c
Kalshi WS trade #1285: KXACQUANNOUNCEPINS-27JAN01-OPENPINT | yes | count=5.00 | yes=16c
Kalshi WS trade #1286: KXNCAAMBGAME-26FEB18MDNW-MD | yes | count=62.00 | yes=3c
Kalshi WS trade #1287: KXNCAAWBGAME-26FEB18UNMGC-UNM | yes | count=1.00 | yes=87c
Kalshi WS trade #1288: KXNCAAMBTOTAL-26FEB18VANMIZZ-148 | no | count=80.00 | yes=45c
Kalshi WS trade #1289: KXNCAAMBTOTAL-26FEB18VANMIZZ-148 | no | count=108.00 | yes=45c
Kalshi WS trade #1290: KXNCAAMBGAME-26FEB18NCCUSCST-NCCU | no | count=10.00 | yes=38c
Kalshi WS trade #1291: KXBERNIEMENTION-26FEB19-EPST | yes | count=59.00 | yes=16c
Kalshi WS trade #1292: KXNCAAMBTOTAL-26FEB18AUBMSST-168 | yes | count=2000.00 | yes=45c
Kalshi WS trade #1293: KXNCAAMBGAME-26FEB18KENNMOSU-MOSU | yes | count=15.00 | yes=33c
Kalshi WS trade #1294: KXBTC15M-26FEB182200-00 | yes | count=13.00 | yes=70c
Kalshi WS trade #1295: KXATPMATCH-26FEB18GIRRUU-RUU | yes | count=281.00 | yes=34c
Kalshi WS trade #1296: KXNCAAMBTOTAL-26FEB18SMCSEA-139 | yes | count=50.00 | yes=36c
Kalshi WS trade #1297: KXNCAAMBTOTAL-26FEB18SMCSEA-139 | yes | count=111.00 | yes=36c
Kalshi WS trade #1298: KXNCAAMBTOTAL-26FEB18SMCSEA-139 | yes | count=111.00 | yes=36c
Kalshi WS trade #1299: KXNCAAMBTOTAL-26FEB18SMCSEA-139 | yes | count=111.00 | yes=36c
Kalshi WS trade #1300: KXNCAAMBTOTAL-26FEB18SMCSEA-139 | yes | count=111.00 | yes=36c
Kalshi WS trade #1301: KXNCAAMBTOTAL-26FEB18SMCSEA-139 | yes | count=10.00 | yes=36c
Kalshi WS trade #1302: KXNCAAMBGAME-26FEB18CHARTLSA-TLSA | no | count=3.00 | yes=91c
Kalshi WS trade #1303: KXNCAAWBGAME-26FEB19LMUSEA-SEA | no | count=2.00 | yes=2c
Kalshi WS trade #1304: KXNCAAMBSPREAD-26FEB18KUOKST-KU15 | yes | count=9.00 | yes=44c
Kalshi WS trade #1305: KXNCAAMBSPREAD-26FEB18KUOKST-KU15 | yes | count=222.00 | yes=45c
Kalshi WS trade #1306: KXNCAAMBGAME-26FEB18BYUARIZ-BYU | yes | count=23.00 | yes=19c
Kalshi WS trade #1307: KXATPMATCH-26FEB18GIRRUU-GIR | yes | count=15.00 | yes=66c
Kalshi WS trade #1308: KXNCAAMBSPREAD-26FEB18BYUARIZ-ARIZ12 | yes | count=5.00 | yes=35c
Kalshi WS trade #1309: KXNCAAMBSPREAD-26FEB18BYUARIZ-ARIZ6 | yes | count=50.00 | yes=62c
Kalshi WS trade #1310: KXNCAAMBSPREAD-26FEB18BYUARIZ-ARIZ6 | yes | count=39.00 | yes=63c
Kalshi WS trade #1311: KXNCAAMBGAME-26FEB18KENNMOSU-KENN | yes | count=294.00 | yes=69c
Kalshi WS trade #1312: KXNCAAMBGAME-26FEB18KENNMOSU-KENN | yes | count=34.00 | yes=69c
Kalshi WS trade #1313: KXNCAAMBGAME-26FEB18KENNMOSU-KENN | yes | count=34.00 | yes=69c
Kalshi WS trade #1314: KXNCAAMBGAME-26FEB18KENNMOSU-KENN | yes | count=10.00 | yes=69c
Kalshi WS trade #1315: KXNCAAMBGAME-26FEB18KENNMOSU-KENN | yes | count=51.00 | yes=70c
Kalshi WS trade #1316: KXNCAAMBGAME-26FEB18KENNMOSU-KENN | yes | count=1.00 | yes=70c
Kalshi WS trade #1317: KXPGAAWARDS-26-LIM-BLA | no | count=20.00 | yes=1c
Kalshi WS trade #1318: KXNCAAMBSPREAD-26FEB18AUBMSST-MSST9 | yes | count=64.00 | yes=52c
Poly WS trade #17: asset=51797157743046504218... | SELL | size=36 | price=0.965
Kalshi WS trade #1319: KXNCAAMBTOTAL-26FEB18NCCUSCST-143 | no | count=14.00 | yes=22c
Kalshi WS trade #1320: KXNCAAMBGAME-26FEB18NCCUSCST-SCST | yes | count=39.00 | yes=62c
Kalshi WS trade #1321: KXNCAAMBGAME-26FEB18BYUARIZ-BYU | yes | count=49.00 | yes=19c
Kalshi WS trade #1322: KXNCAAMBTOTAL-26FEB18DEPHALL-130 | yes | count=9.00 | yes=42c
Kalshi WS trade #1323: KXBTC-26FEB1822-B66625 | yes | count=1.00 | yes=85c
Kalshi WS trade #1324: KXNCAAMBGAME-26FEB18NCCUSCST-NCCU | yes | count=119.00 | yes=38c
Kalshi WS trade #1325: KXNCAAMBGAME-26FEB18NCCUSCST-SCST | yes | count=5.00 | yes=62c
Kalshi WS trade #1326: KXNCAAMBTOTAL-26FEB18BYUARIZ-158 | no | count=21.00 | yes=56c
Kalshi WS trade #1327: KXETH15M-26FEB182200-00 | yes | count=55.00 | yes=58c
Kalshi WS trade #1328: KXETH15M-26FEB182200-00 | yes | count=25.00 | yes=63c
Kalshi WS trade #1329: KXETH15M-26FEB182200-00 | yes | count=4.00 | yes=68c
Kalshi WS trade #1330: KXNCAAMBGAME-26FEB18DEPHALL-HALL | yes | count=33.00 | yes=15c
Kalshi WS trade #1331: KXATPMATCH-26FEB18GIRRUU-RUU | yes | count=140.00 | yes=34c
Kalshi WS trade #1332: KXNCAAMBGAME-26FEB18BYUARIZ-ARIZ | yes | count=7.00 | yes=83c
Kalshi WS trade #1333: KXNCAAMBGAME-26FEB18BYUARIZ-BYU | yes | count=23.00 | yes=19c
Kalshi WS trade #1334: KXT20WORLDCUP-26-SRI | yes | count=222.00 | yes=7c
Kalshi WS trade #1335: KXNCAAMBGAME-26FEB18BYUARIZ-BYU | yes | count=99.00 | yes=19c
Kalshi WS trade #1336: KXNCAAMBGAME-26FEB18VANMIZZ-MIZZ | yes | count=7.00 | yes=51c
Kalshi WS trade #1337: KXNCAAMBGAME-26FEB18SJUMARQ-MARQ | yes | count=94.00 | yes=19c
Kalshi WS trade #1338: KXNCAAMBGAME-26FEB18CHARTLSA-CHAR | yes | count=21.00 | yes=11c
Kalshi WS trade #1339: KXNCAAMBGAME-26FEB18CHARTLSA-CHAR | yes | count=21.00 | yes=11c
Kalshi WS trade #1340: KXNCAAMBGAME-26FEB18CHARTLSA-CHAR | yes | count=1.00 | yes=11c
Kalshi WS trade #1341: KXNCAAMBGAME-26FEB18CHARTLSA-CHAR | yes | count=50.00 | yes=12c
Kalshi WS trade #1342: KXNCAAMBGAME-26FEB18CHARTLSA-CHAR | yes | count=3.00 | yes=12c
Kalshi WS trade #1343: KXNCAAMBGAME-26FEB18DEPHALL-HALL | no | count=3.00 | yes=13c
Kalshi WS trade #1344: KXNCAAMBGAME-26FEB18CHARTLSA-TLSA | no | count=21.00 | yes=91c
Kalshi WS trade #1345: KXNCAAMBGAME-26FEB18CHARTLSA-TLSA | no | count=21.00 | yes=87c
Kalshi WS trade #1346: KXNCAAMBTOTAL-26FEB18NDSUSDST-144 | no | count=33.00 | yes=37c
Kalshi WS trade #1347: KXNCAAMBGAME-26FEB18SJUMARQ-MARQ | yes | count=14.00 | yes=19c
Kalshi WS trade #1348: KXNCAAMBGAME-26FEB18VANMIZZ-VAN | yes | count=7.00 | yes=50c
Kalshi WS trade #1349: KXNCAAMBSPREAD-26FEB18BYUARIZ-ARIZ9 | no | count=17.00 | yes=46c
Kalshi WS trade #1350: KXNCAAMBGAME-26FEB18NCCUSCST-SCST | yes | count=15.00 | yes=62c
Kalshi WS trade #1351: KXNCAAMBGAME-26FEB18AUBMSST-AUB | yes | count=21.00 | yes=18c
Kalshi WS trade #1352: KXFEDDECISION-26MAR-C25 | yes | count=11.00 | yes=7c
Kalshi WS trade #1353: KXNCAAMBSPREAD-26FEB18DEPHALL-DEP4 | no | count=166.00 | yes=60c
Kalshi WS trade #1354: KXNCAAMBSPREAD-26FEB18DEPHALL-DEP4 | no | count=50.00 | yes=60c
Kalshi WS trade #1355: KXNCAAMBSPREAD-26FEB18DEPHALL-DEP4 | no | count=55.00 | yes=60c
Kalshi WS trade #1356: KXNCAAMBGAME-26FEB18SJUMARQ-MARQ | yes | count=47.00 | yes=19c
Kalshi WS trade #1357: KXBTCD-26FEB1917-T66999.99 | yes | count=4.00 | yes=46c
Kalshi WS trade #1358: KXNCAAMBGAME-26FEB18UTAHWVU-UTAH | yes | count=17.00 | yes=59c
Kalshi WS trade #1359: KXNCAAMBGAME-26FEB18SJUMARQ-MARQ | yes | count=85.00 | yes=19c
Kalshi WS trade #1360: KXNCAAMBGAME-26FEB18SJUMARQ-MARQ | yes | count=1.00 | yes=19c
Kalshi WS trade #1361: KXNCAAMBGAME-26FEB18SJUMARQ-MARQ | yes | count=1.00 | yes=19c
Kalshi WS trade #1362: KXNCAAMBGAME-26FEB18SJUMARQ-MARQ | yes | count=37.00 | yes=19c
Kalshi WS trade #1363: KXNCAABMENTION-26FEB18BYUARIZ-AIRB | yes | count=1.00 | yes=43c
Kalshi WS trade #1364: KXNCAABMENTION-26FEB18BYUARIZ-AIRB | yes | count=2.00 | yes=44c
Kalshi WS trade #1365: KXNCAABMENTION-26FEB18BYUARIZ-AIRB | yes | count=22.00 | yes=44c
Kalshi WS trade #1366: KXNCAABMENTION-26FEB18BYUARIZ-AIRB | yes | count=50.00 | yes=44c
Kalshi WS trade #1367: KXNCAABMENTION-26FEB18BYUARIZ-AIRB | yes | count=33.00 | yes=45c
Kalshi WS trade #1368: KXATPMATCH-26FEB18GIRRUU-RUU | yes | count=160.00 | yes=34c
Kalshi WS trade #1369: KXNCAAMBGAME-26FEB18KENNMOSU-MOSU | yes | count=11.00 | yes=33c
Kalshi WS trade #1370: KXMVESPORTSMULTIGAMEEXTENDED-S2026128E51BBB11-6946D196566 | no | count=664.00 | yes=22c
Kalshi WS trade #1371: KXBTC15M-26FEB182200-00 | yes | count=6.00 | yes=68c
Kalshi WS trade #1372: KXMVESPORTSMULTIGAMEEXTENDED-S2026C54C372E7E5-DB324FCB2CA | yes | count=45.00 | yes=42c
Kalshi WS trade #1373: KXNCAAMBGAME-26FEB18NCCUSCST-NCCU | yes | count=73.00 | yes=40c
Kalshi WS trade #1374: KXNCAAMBGAME-26FEB18NDSUSDST-NDSU | yes | count=10.00 | yes=97c
Kalshi WS trade #1375: KXNCAAMBGAME-26FEB18FAUUTSA-UTSA | yes | count=46.00 | yes=2c
Kalshi WS trade #1376: KXBTC15M-26FEB182200-00 | yes | count=28.00 | yes=68c
Kalshi WS trade #1377: KXNCAAMBTOTAL-26FEB18VANMIZZ-148 | no | count=95.00 | yes=45c
Kalshi WS trade #1378: KXNCAAMBSPREAD-26FEB18VANMIZZ-VAN2 | yes | count=50.00 | yes=39c
Kalshi WS trade #1379: KXNCAAMBSPREAD-26FEB18VANMIZZ-VAN2 | yes | count=48.00 | yes=39c
Kalshi WS trade #1380: KXNCAAMBGAME-26FEB18NCCUSCST-NCCU | yes | count=100.00 | yes=40c
Kalshi WS trade #1381: KXETH15M-26FEB182200-00 | yes | count=4.00 | yes=59c
Kalshi WS trade #1382: KXNCAAMBGAME-26FEB18KENNMOSU-KENN | yes | count=14.00 | yes=69c
Kalshi WS trade #1383: KXNCAAMBGAME-26FEB18KUOKST-KU | yes | count=7.00 | yes=95c
Kalshi WS trade #1384: KXNCAAWBGAME-26FEB18UNMGC-UNM | yes | count=3.00 | yes=87c
Kalshi WS trade #1385: KXNCAAWBGAME-26FEB18UNMGC-UNM | yes | count=2.00 | yes=87c
Kalshi WS trade #1386: KXATPMATCH-26FEB18GIRRUU-GIR | yes | count=347.00 | yes=66c
Kalshi WS trade #1387: KXNCAAMBGAME-26FEB18NCCUSCST-SCST | yes | count=39.00 | yes=62c
Kalshi WS trade #1388: KXNCAAMBSPREAD-26FEB18UTAHWVU-WVU7 | yes | count=1.00 | yes=9c
Kalshi WS trade #1389: KXNCAAMBGAME-26FEB18KUOKST-KU | yes | count=2.00 | yes=95c
Poly WS trade #18: asset=11079000312144236512... | BUY | size=546.875 | price=0.32
Kalshi WS trade #1390: KXNCAAMBSPREAD-26FEB18AUBMSST-AUB3 | no | count=15.00 | yes=12c
Poly WS trade #19: asset=54073086346734626735... | SELL | size=36 | price=0.005
Kalshi WS trade #1391: KXNCAAMBSPREAD-26FEB18KUOKST-KU12 | yes | count=15.00 | yes=59c
Kalshi WS trade #1392: KXNCAAMBSPREAD-26FEB18KUOKST-KU12 | yes | count=469.00 | yes=59c
Kalshi WS trade #1393: KXNCAAMBSPREAD-26FEB18KUOKST-KU12 | yes | count=469.00 | yes=59c
Kalshi WS trade #1394: KXNCAAMBSPREAD-26FEB18KUOKST-KU12 | yes | count=469.00 | yes=59c
Kalshi WS trade #1395: KXNCAAMBSPREAD-26FEB18KUOKST-KU12 | yes | count=78.00 | yes=59c
Kalshi WS trade #1396: KXNCAAMBSPREAD-26FEB18PEPPPORT-PORT4 | yes | count=628.00 | yes=62c
Kalshi WS trade #1397: KXNCAAMBGAME-26FEB18KENNMOSU-KENN | yes | count=52.00 | yes=69c
Kalshi WS trade #1398: KXWOHOCKEY-MEN26CGOLD-CAN | yes | count=48.00 | yes=50c
Kalshi WS trade #1399: KXNCAAMBSPREAD-26FEB18SJUMARQ-SJU6 | no | count=41.00 | yes=54c
Kalshi WS trade #1400: KXNCAAMBGAME-26FEB18DEPHALL-HALL | yes | count=303.00 | yes=15c
Kalshi WS trade #1401: KXNCAAMBGAME-26FEB18DEPHALL-HALL | yes | count=118.00 | yes=15c
Kalshi WS trade #1402: KXNCAAMBGAME-26FEB18DEPHALL-HALL | yes | count=20.00 | yes=15c
Kalshi WS trade #1403: KXNCAAMBGAME-26FEB18NDSUSDST-SDST | yes | count=15.00 | yes=6c
Kalshi WS trade #1404: KXNCAAMBGAME-26FEB18DEPHALL-HALL | yes | count=29.00 | yes=15c
Kalshi WS trade #1405: KXNCAAMBGAME-26FEB18NCCUSCST-SCST | no | count=10.00 | yes=60c
Kalshi WS trade #1406: KXNCAAMBGAME-26FEB18NCCUSCST-NCCU | yes | count=100.00 | yes=40c
Kalshi WS trade #1407: KXNCAAMBGAME-26FEB18BYUARIZ-ARIZ | yes | count=866.00 | yes=83c
Kalshi WS trade #1408: KXBTC15M-26FEB182200-00 | no | count=1.00 | yes=66c
Kalshi WS trade #1409: KXBTC15M-26FEB182200-00 | no | count=7.00 | yes=66c
Kalshi WS trade #1410: KXNCAAMBTOTAL-26FEB18DEPHALL-133 | no | count=5.00 | yes=23c
Kalshi WS trade #1411: KXATPMATCH-26FEB18GIRRUU-GIR | yes | count=1479.00 | yes=66c
Kalshi WS trade #1412: KXNCAAMBGAME-26FEB18SJUMARQ-MARQ | yes | count=19.00 | yes=19c
Kalshi WS trade #1413: KXNCAAMBGAME-26FEB18CHARTLSA-CHAR | no | count=74.00 | yes=11c
Kalshi WS trade #1414: KXNCAAMBGAME-26FEB18BYUARIZ-ARIZ | yes | count=58.00 | yes=83c
Kalshi WS trade #1415: KXBTC15M-26FEB182200-00 | no | count=14.00 | yes=66c
Kalshi WS trade #1416: KXBTC15M-26FEB182200-00 | no | count=4.00 | yes=66c
Kalshi WS trade #1417: KXBTC15M-26FEB182200-00 | no | count=5.00 | yes=66c
Kalshi WS trade #1418: KXBTC15M-26FEB182200-00 | no | count=1.00 | yes=66c
Kalshi WS trade #1419: KXBTC15M-26FEB182200-00 | no | count=18.00 | yes=66c
Kalshi WS trade #1420: KXMVESPORTSMULTIGAMEEXTENDED-S20266F9BC7FAEF4-F5FF27ED8D0 | yes | count=12.00 | yes=38c
Kalshi WS trade #1421: KXNCAAMBGAME-26FEB18AUBMSST-AUB | yes | count=10.00 | yes=17c
Kalshi WS trade #1422: KXMVESPORTSMULTIGAMEEXTENDED-S2026C15413755C2-C926E97318F | yes | count=36.00 | yes=26c
Kalshi WS trade #1423: KXNCAAMBGAME-26FEB18BYUARIZ-BYU | yes | count=54.00 | yes=19c
Kalshi WS trade #1424: KXNCAAMBGAME-26FEB18UTAHWVU-UTAH | yes | count=48.00 | yes=59c
Kalshi WS trade #1425: KXNCAAMBTOTAL-26FEB18UTAHWVU-121 | yes | count=15.00 | yes=55c
Kalshi WS trade #1426: KXNCAAMBGAME-26FEB18VANMIZZ-VAN | yes | count=12.00 | yes=50c
Kalshi WS trade #1427: KXNCAAMBGAME-26FEB18VANMIZZ-VAN | yes | count=16.00 | yes=50c
Kalshi WS trade #1428: KXNCAAMBTOTAL-26FEB18DEPHALL-127 | yes | count=184.00 | yes=59c
Kalshi WS trade #1429: KXNCAAMBTOTAL-26FEB18DEPHALL-127 | yes | count=16.00 | yes=59c
Kalshi WS trade #1430: KXNCAAMBGAME-26FEB18ILLUSC-ILL | yes | count=953.00 | yes=82c
Kalshi WS trade #1431: KXNCAAMBGAME-26FEB18ILLUSC-ILL | yes | count=311.00 | yes=82c
Kalshi WS trade #1432: KXNCAAWBGAME-26FEB19STANMIA-STAN | no | count=25.00 | yes=59c
Kalshi WS trade #1433: KXNCAAMBGAME-26FEB18KENNMOSU-MOSU | yes | count=3.00 | yes=33c
Kalshi WS trade #1434: KXNCAAMBGAME-26FEB18KENNMOSU-MOSU | yes | count=2.00 | yes=33c
Kalshi WS trade #1435: KXNCAAMBGAME-26FEB18CHARTLSA-CHAR | no | count=10.00 | yes=11c
Kalshi WS trade #1436: KXNCAAMBTOTAL-26FEB18DEPHALL-127 | no | count=12.00 | yes=53c
Kalshi WS trade #1437: KXPGATOUR-THGI26-SSCH | yes | count=10.00 | yes=23c
Kalshi WS trade #1438: KXNCAAMBGAME-26FEB18BYUARIZ-ARIZ | no | count=18.00 | yes=81c
Kalshi WS trade #1439: KXNCAAMBGAME-26FEB18GONZSF-GONZ | yes | count=420.00 | yes=93c
Kalshi WS trade #1440: KXNCAAMBGAME-26FEB18GONZSF-GONZ | yes | count=30.00 | yes=93c
Kalshi WS trade #1441: KXNCAAMBGAME-26FEB18GONZSF-GONZ | yes | count=50.00 | yes=93c
Kalshi WS trade #1442: KXNCAAMBGAME-26FEB18SJUMARQ-MARQ | yes | count=4.00 | yes=19c
Kalshi WS trade #1443: KXNCAAMBGAME-26FEB18SJUMARQ-MARQ | yes | count=5.00 | yes=19c
Kalshi WS trade #1444: KXNCAAMBGAME-26FEB18CHARTLSA-CHAR | yes | count=35.00 | yes=12c
Kalshi WS trade #1445: KXNCAAMBGAME-26FEB18SJUMARQ-MARQ | yes | count=24.00 | yes=19c
Kalshi WS trade #1446: KXNCAAMBTOTAL-26FEB18GONZSF-144 | yes | count=45.00 | yes=61c
Kalshi WS trade #1447: KXBTCD-26FEB1822-T66749.99 | no | count=100.00 | yes=8c
Kalshi WS trade #1448: KXBTCD-26FEB1822-T66749.99 | no | count=3.00 | yes=8c
Kalshi WS trade #1449: KXNBAGAME-26FEB19ATLPHI-ATL | no | count=32.00 | yes=48c
Kalshi WS trade #1450: KXNCAAMBTOTAL-26FEB18GONZSF-150 | yes | count=20.00 | yes=46c
Kalshi WS trade #1451: KXNCAAMBGAME-26FEB18VANMIZZ-MIZZ | yes | count=3.00 | yes=51c
Kalshi WS trade #1452: KXNCAAWBGAME-26FEB19LSUMISS-MISS | no | count=1.00 | yes=27c
Kalshi WS trade #1453: KXNCAAWBGAME-26FEB19LSUMISS-MISS | no | count=1.00 | yes=27c
Kalshi WS trade #1454: KXNCAAMBGAME-26FEB18SJUMARQ-SJU | yes | count=20.00 | yes=83c
Kalshi WS trade #1455: KXNCAAMBGAME-26FEB18SJUMARQ-SJU | yes | count=58.00 | yes=83c
Kalshi WS trade #1456: KXSOL15M-26FEB182200-00 | yes | count=2.00 | yes=75c
Kalshi WS trade #1457: KXNCAAMBTOTAL-26FEB18GONZSF-141 | yes | count=39.00 | yes=69c
Kalshi WS trade #1458: KXNCAAMBTOTAL-26FEB18GONZSF-153 | yes | count=17.00 | yes=39c
Kalshi WS trade #1459: KXNCAAMBGAME-26FEB18NCCUSCST-SCST | yes | count=23.00 | yes=62c
Kalshi WS trade #1460: KXNCAAMBGAME-26FEB18MDNW-NW | yes | count=20.00 | yes=98c
Kalshi WS trade #1461: KXNCAABMENTION-26FEB18BYUARIZ-RECO | yes | count=2.00 | yes=46c
Poly WS trade #20: asset=51797157743046504218... | SELL | size=43.67 | price=0.965
Kalshi WS trade #1462: KXNCAAMBGAME-26FEB18SJUMARQ-MARQ | yes | count=9.00 | yes=19c
Kalshi WS trade #1463: KXNCAAMBGAME-26FEB18DEPHALL-HALL | yes | count=5.00 | yes=15c
Kalshi WS trade #1464: KXNCAAMBTOTAL-26FEB18BYUARIZ-161 | yes | count=10.00 | yes=52c
Kalshi WS trade #1465: KXNCAAMBTOTAL-26FEB18BYUARIZ-161 | yes | count=50.00 | yes=53c
Kalshi WS trade #1466: KXNCAAMBTOTAL-26FEB18BYUARIZ-161 | yes | count=121.00 | yes=53c
Kalshi WS trade #1467: KXNCAAMBGAME-26FEB18CHARTLSA-CHAR | yes | count=12.00 | yes=12c
Kalshi WS trade #1468: KXNCAAMBGAME-26FEB18CHARTLSA-CHAR | yes | count=11.00 | yes=12c
Kalshi WS trade #1469: KXATPMATCH-26FEB18GIRRUU-RUU | yes | count=140.00 | yes=34c
Kalshi WS trade #1470: KXNCAAMBTOTAL-26FEB18SJUMARQ-157 | yes | count=12.00 | yes=58c
Kalshi WS trade #1471: KXNCAAMBGAME-26FEB18CHARTLSA-CHAR | yes | count=39.00 | yes=12c
Kalshi WS trade #1472: KXNCAAMBGAME-26FEB18CHARTLSA-CHAR | yes | count=50.00 | yes=12c
Kalshi WS trade #1473: KXNCAAMBGAME-26FEB18CHARTLSA-CHAR | yes | count=50.00 | yes=12c
Kalshi WS trade #1474: KXNCAAMBGAME-26FEB18CHARTLSA-CHAR | yes | count=50.00 | yes=12c
Kalshi WS trade #1475: KXNCAAMBGAME-26FEB18CHARTLSA-CHAR | yes | count=46.00 | yes=12c
Kalshi WS trade #1476: KXNBAGAME-26FEB19DETNYK-DET | yes | count=11.00 | yes=40c
Kalshi WS trade #1477: KXNCAAWBGAME-26FEB18UNMGC-UNM | no | count=2.00 | yes=55c
Kalshi WS trade #1478: KXNCAAWBGAME-26FEB18UNMGC-UNM | no | count=15.00 | yes=55c
Kalshi WS trade #1479: KXNCAAMBGAME-26FEB18CHARTLSA-CHAR | yes | count=156.00 | yes=12c
Kalshi WS trade #1480: KXMVESPORTSMULTIGAMEEXTENDED-S202641BAE2A8341-5DBB352C547 | yes | count=24.00 | yes=38c
Kalshi WS trade #1481: KXMVESPORTSMULTIGAMEEXTENDED-S20260C81E0D9968-69A6E24EA2B | yes | count=588.00 | yes=13c
Kalshi WS trade #1482: KXMVESPORTSMULTIGAMEEXTENDED-S20260C81E0D9968-69A6E24EA2B | yes | count=13.00 | yes=13c
Kalshi WS trade #1483: KXNCAAMBGAME-26FEB18BYUARIZ-BYU | no | count=3.00 | yes=18c
Kalshi WS trade #1484: KXNCAAWBGAME-26FEB19WISUSC-WIS | no | count=5.00 | yes=7c
Kalshi WS trade #1485: KXMVESPORTSMULTIGAMEEXTENDED-S2026B70FDC0AAE4-C118BE6E845 | yes | count=132.00 | yes=34c
Kalshi WS trade #1486: KXNCAAMBGAME-26FEB18KENNMOSU-MOSU | yes | count=32.00 | yes=33c
Kalshi WS trade #1487: KXNCAAMBGAME-26FEB18KENNMOSU-MOSU | yes | count=34.00 | yes=33c
Kalshi WS trade #1488: KXNCAAMBGAME-26FEB18KENNMOSU-MOSU | yes | count=6.00 | yes=33c
Kalshi WS trade #1489: KXNCAAMBTOTAL-26FEB18AUBMSST-168 | yes | count=200.00 | yes=45c
Kalshi WS trade #1490: KXNCAAMBTOTAL-26FEB18AUBMSST-168 | yes | count=200.00 | yes=46c
Kalshi WS trade #1491: KXNCAAMBTOTAL-26FEB18GONZSF-138 | yes | count=26.00 | yes=76c
Kalshi WS trade #1492: KXNCAAMBTOTAL-26FEB18GONZSF-156 | yes | count=39.00 | yes=32c
Kalshi WS trade #1493: KXNCAAMBGAME-26FEB18MURRILST-ILST | yes | count=19.00 | yes=80c
Kalshi WS trade #1494: KXNCAAMBGAME-26FEB18MURRILST-ILST | yes | count=11.00 | yes=80c
Kalshi WS trade #1495: KXNCAAMBGAME-26FEB18KENNMOSU-KENN | yes | count=30.00 | yes=69c
Kalshi WS trade #1496: KXNCAAMBTOTAL-26FEB18KENNMOSU-161 | no | count=3.00 | yes=62c
Kalshi WS trade #1497: KXNCAAMBTOTAL-26FEB18KENNMOSU-161 | no | count=17.00 | yes=62c
Kalshi WS trade #1498: KXNCAAMBGAME-26FEB18KENNMOSU-MOSU | yes | count=28.00 | yes=33c
Kalshi WS trade #1499: KXNCAAMBGAME-26FEB18KENNMOSU-MOSU | yes | count=34.00 | yes=33c
Kalshi WS trade #1500: KXNCAAMBGAME-26FEB18KENNMOSU-MOSU | yes | count=34.00 | yes=33c
Kalshi WS trade #1501: KXNCAAMBGAME-26FEB18KENNMOSU-MOSU | yes | count=34.00 | yes=33c
Kalshi WS trade #1502: KXNCAAMBTOTAL-26FEB18GONZSF-150 | yes | count=42.00 | yes=46c
Kalshi WS trade #1503: KXNCAAMBTOTAL-26FEB18GONZSF-150 | yes | count=400.00 | yes=46c
Kalshi WS trade #1504: KXPGAH2H-TGI26CMORHMAT-HMAT | yes | count=3.00 | yes=51c
Kalshi WS trade #1505: KXNCAAMBTOTAL-26FEB18AUBMSST-156 | no | count=4.00 | yes=74c
Kalshi WS trade #1506: KXNCAAMBSPREAD-26FEB18VANMIZZ-MIZZ1 | no | count=25.00 | yes=51c
Kalshi WS trade #1507: KXNCAAMBSPREAD-26FEB18VANMIZZ-MIZZ1 | no | count=396.00 | yes=51c
Kalshi WS trade #1508: KXNCAAMBSPREAD-26FEB18VANMIZZ-MIZZ1 | no | count=50.00 | yes=51c
Kalshi WS trade #1509: KXNCAAMBSPREAD-26FEB18VANMIZZ-MIZZ1 | no | count=972.00 | yes=50c
Kalshi WS trade #1510: KXNCAAMBSPREAD-26FEB18VANMIZZ-MIZZ1 | no | count=981.00 | yes=50c
Kalshi WS trade #1511: KXATPMATCH-26FEB18GIRRUU-RUU | yes | count=137.00 | yes=34c
Kalshi WS trade #1512: KXBTC15M-26FEB182200-00 | no | count=281.00 | yes=66c
Kalshi WS trade #1513: KXNCAAMBGAME-26FEB18DEPHALL-HALL | no | count=95.00 | yes=14c
Kalshi WS trade #1514: KXNCAAWBGAME-26FEB19WISUSC-WIS | no | count=5.00 | yes=7c
Kalshi WS trade #1515: KXNCAAMBGAME-26FEB18DEPHALL-DEP | yes | count=227.00 | yes=87c
Kalshi WS trade #1516: KXPSAKIMENTION-26FEB19-LIE | yes | count=935.00 | yes=1c
Kalshi WS trade #1517: KXBTCMAXMON-BTC-26FEB28-9000000 | yes | count=25.00 | yes=2c
Kalshi WS trade #1518: KXATPMATCH-26FEB18GIRRUU-RUU | yes | count=28.00 | yes=34c
Kalshi WS trade #1519: KXBTCD-26FEB1822-T66749.99 | yes | count=85.00 | yes=10c
Kalshi WS trade #1520: KXBTCD-26FEB1822-T66749.99 | yes | count=9.00 | yes=10c
Kalshi WS trade #1521: KXNCAAMBGAME-26FEB18BYUARIZ-BYU | yes | count=50.00 | yes=19c
Kalshi WS trade #1522: KXNCAAMBGAME-26FEB18ILLUSC-USC | yes | count=945.00 | yes=20c
Kalshi WS trade #1523: KXNCAAMBGAME-26FEB18KENNMOSU-KENN | yes | count=18.00 | yes=69c
Kalshi WS trade #1524: KXNCAAMBSPREAD-26FEB18VANMIZZ-VAN2 | yes | count=61.00 | yes=39c
Kalshi WS trade #1525: KXNCAAMBGAME-26FEB18NCCUSCST-SCST | yes | count=31.00 | yes=60c
Kalshi WS trade #1526: KXBTC15M-26FEB182200-00 | no | count=14.00 | yes=66c
Kalshi WS trade #1527: KXNCAAMBSPREAD-26FEB18CSUUNLV-UNLV4 | no | count=32.00 | yes=41c
Kalshi WS trade #1528: KXNCAAMBGAME-26FEB18NCCUSCST-NCCU | yes | count=19.00 | yes=42c
Kalshi WS trade #1529: KXNCAAMBGAME-26FEB18MDNW-MD | yes | count=10.00 | yes=3c
Kalshi WS trade #1530: KXNCAAMBGAME-26FEB18DEPHALL-HALL | yes | count=20.00 | yes=15c
Kalshi WS trade #1531: KXNCAAMBGAME-26FEB18DEPHALL-HALL | yes | count=44.00 | yes=15c
Kalshi WS trade #1532: KXNCAAMBGAME-26FEB18DEPHALL-HALL | yes | count=12.00 | yes=15c
Kalshi WS trade #1533: KXNCAAMBGAME-26FEB18UTAHWVU-UTAH | yes | count=1524.00 | yes=59c
Kalshi WS trade #1534: KXNCAAMBGAME-26FEB18UTAHWVU-UTAH | yes | count=1754.00 | yes=59c
Kalshi WS trade #1535: KXNCAAMBGAME-26FEB18BYUARIZ-BYU | yes | count=49.00 | yes=19c
Kalshi WS trade #1536: KXNCAAMBGAME-26FEB18PACWSU-WSU | yes | count=14.00 | yes=50c
Kalshi WS trade #1537: KXNCAAMBSPREAD-26FEB18PEPPPORT-PORT7 | yes | count=197.00 | yes=49c
Kalshi WS trade #1538: KXNCAAMBSPREAD-26FEB18DEPHALL-DEP4 | yes | count=50.00 | yes=62c
Kalshi WS trade #1539: KXNCAAMBSPREAD-26FEB18DEPHALL-DEP4 | yes | count=105.00 | yes=63c
Kalshi WS trade #1540: KXNCAAMBGAME-26FEB18DEPHALL-HALL | yes | count=100.00 | yes=15c
Kalshi WS trade #1541: KXMVESPORTSMULTIGAMEEXTENDED-S2026E11A03C80CB-F8EB07FCC70 | yes | count=41.00 | yes=1c
Kalshi WS trade #1542: KXMVESPORTSMULTIGAMEEXTENDED-S2026E11A03C80CB-F8EB07FCC70 | yes | count=426.00 | yes=2c
Kalshi WS trade #1543: KXNCAAWBGAME-26FEB19WISUSC-WIS | no | count=5.00 | yes=7c
Kalshi WS trade #1544: KXNCAAMBGAME-26FEB18VANMIZZ-VAN | yes | count=9.00 | yes=49c
Kalshi WS trade #1545: KXATPMATCH-26FEB18GIRRUU-RUU | yes | count=61.00 | yes=34c
Kalshi WS trade #1546: KXATPMATCH-26FEB18GIRRUU-RUU | yes | count=39.00 | yes=34c
Kalshi WS trade #1547: KXMVESPORTSMULTIGAMEEXTENDED-S202600227989773-EA5CB8599F1 | yes | count=311.00 | yes=3c
Kalshi WS trade #1548: KXNCAAMBTOTAL-26FEB18GONZSF-144 | yes | count=61.00 | yes=61c
Kalshi WS trade #1549: KXMVESPORTSMULTIGAMEEXTENDED-S2026DD290BB5726-8CA448467A6 | yes | count=1475.00 | yes=42c
Kalshi WS trade #1550: KXMVESPORTSMULTIGAMEEXTENDED-S20260B99D3BF972-5DD1788A249 | yes | count=32.00 | yes=15c
Kalshi WS trade #1551: KXMVESPORTSMULTIGAMEEXTENDED-S20260B99D3BF972-5DD1788A249 | yes | count=4.00 | yes=15c
Kalshi WS trade #1552: KXNCAAMBGAME-26FEB18SJUMARQ-MARQ | yes | count=2.00 | yes=19c
Kalshi WS trade #1553: KXNCAAMBGAME-26FEB18UTAHWVU-WVU | yes | count=1.00 | yes=42c
Kalshi WS trade #1554: KXBTC15M-26FEB182200-00 | no | count=2.00 | yes=66c
Kalshi WS trade #1555: KXNCAAMBGAME-26FEB18CHARTLSA-CHAR | no | count=141.00 | yes=11c
Kalshi WS trade #1556: KXNCAAMBGAME-26FEB18DEPHALL-DEP | yes | count=77.00 | yes=87c
Kalshi WS trade #1557: KXNCAAMBTOTAL-26FEB18DEPHALL-127 | no | count=1.00 | yes=58c
Kalshi WS trade #1558: KXNCAAMBTOTAL-26FEB18DEPHALL-127 | no | count=101.00 | yes=54c
Kalshi WS trade #1559: KXLLM1-26FEB28-OAI | no | count=258.00 | yes=1c
Kalshi WS trade #1560: KXLLM1-26FEB28-A | no | count=258.00 | yes=63c
Kalshi WS trade #1561: KXLLM1-26FEB28-GOOG | no | count=111.00 | yes=37c
Kalshi WS trade #1562: KXLLM1-26FEB28-GOOG | no | count=147.00 | yes=37c
Kalshi WS trade #1563: KXLLM1-26FEB28-XAI | no | count=258.00 | yes=3c
Kalshi WS trade #1564: KXBTCD-26FEB1822-T66749.99 | yes | count=65.00 | yes=10c
Kalshi WS trade #1565: KXBTCD-26FEB1822-T66749.99 | yes | count=190.00 | yes=10c
Kalshi WS trade #1566: KXNCAAMBGAME-26FEB18AUBMSST-MSST | no | count=49.00 | yes=82c
Kalshi WS trade #1567: KXNCAAMBGAME-26FEB18VANMIZZ-VAN | yes | count=2.00 | yes=49c
Kalshi WS trade #1568: KXNCAAMBSPREAD-26FEB18UTAHWVU-UTAH2 | no | count=24.00 | yes=48c
Kalshi WS trade #1569: KXATPMATCH-26FEB18GIRRUU-GIR | yes | count=29.00 | yes=66c
Kalshi WS trade #1570: KXNCAAMBGAME-26FEB18DEPHALL-HALL | yes | count=6.00 | yes=15c
Kalshi WS trade #1571: KXNCAAMBGAME-26FEB18DEPHALL-HALL | yes | count=2.00 | yes=15c
Kalshi WS trade #1572: KXATPMATCH-26FEB18GIRRUU-RUU | no | count=126.00 | yes=32c
Kalshi WS trade #1573: KXNCAAMBGAME-26FEB18VANMIZZ-VAN | yes | count=8.00 | yes=49c
Kalshi WS trade #1574: KXNCAAMBGAME-26FEB18VANMIZZ-VAN | yes | count=185.00 | yes=49c
Kalshi WS trade #1575: KXT20MATCH-26FEB19ITAWI-ITA | yes | count=231.00 | yes=11c
Kalshi WS trade #1576: KXNCAAWBGAME-26FEB19WISUSC-WIS | no | count=5.00 | yes=7c
Kalshi WS trade #1577: KXNCAAWBGAME-26FEB18NEVCSU-CSU | yes | count=1.00 | yes=98c
Kalshi WS trade #1578: KXNCAAMBGAME-26FEB18BYUARIZ-BYU | yes | count=24.00 | yes=19c
Kalshi WS trade #1579: KXNCAAMBSPREAD-26FEB18UTAHWVU-WVU4 | no | count=30.00 | yes=24c
Kalshi WS trade #1580: KXNCAAMBGAME-26FEB18DEPHALL-HALL | yes | count=10.00 | yes=15c
Kalshi WS trade #1581: KXNCAAMBTOTAL-26FEB18KENNMOSU-149 | yes | count=69.00 | yes=98c
Kalshi WS trade #1582: KXNCAAMBTOTAL-26FEB18KENNMOSU-149 | yes | count=69.00 | yes=98c
Kalshi WS trade #1583: KXNCAAMBTOTAL-26FEB18KENNMOSU-149 | yes | count=69.00 | yes=98c
Kalshi WS trade #1584: KXNCAAMBTOTAL-26FEB18KENNMOSU-149 | yes | count=69.00 | yes=98c
Kalshi WS trade #1585: KXNCAAMBTOTAL-26FEB18KENNMOSU-149 | yes | count=69.00 | yes=98c
Kalshi WS trade #1586: KXNCAAMBTOTAL-26FEB18KENNMOSU-149 | yes | count=50.00 | yes=98c
Kalshi WS trade #1587: KXNCAAMBGAME-26FEB18KENNMOSU-KENN | yes | count=236.00 | yes=69c
Kalshi WS trade #1588: KXNCAAMBGAME-26FEB18KENNMOSU-KENN | yes | count=34.00 | yes=69c
Kalshi WS trade #1589: KXNCAAMBGAME-26FEB18KENNMOSU-KENN | yes | count=11.00 | yes=69c
Kalshi WS trade #1590: KXNCAAMBGAME-26FEB18DEPHALL-DEP | yes | count=134.00 | yes=87c
Kalshi WS trade #1591: KXNCAAMBGAME-26FEB18DEPHALL-DEP | yes | count=100.00 | yes=87c
Kalshi WS trade #1592: KXNCAAMBGAME-26FEB18DEPHALL-DEP | yes | count=118.00 | yes=87c
Kalshi WS trade #1593: KXNCAAMBGAME-26FEB18DEPHALL-DEP | yes | count=118.00 | yes=87c
Kalshi WS trade #1594: KXNCAAMBGAME-26FEB18DEPHALL-DEP | yes | count=118.00 | yes=87c
Kalshi WS trade #1595: KXNCAAMBGAME-26FEB18DEPHALL-DEP | yes | count=118.00 | yes=87c
Kalshi WS trade #1596: KXNCAAMBGAME-26FEB18DEPHALL-DEP | yes | count=118.00 | yes=87c
Kalshi WS trade #1597: KXNCAAMBGAME-26FEB18DEPHALL-DEP | yes | count=67.00 | yes=87c
Kalshi WS trade #1598: KXNCAAMBGAME-26FEB18AUBMSST-MSST | no | count=1.00 | yes=82c
Kalshi WS trade #1599: KXNCAAMBTOTAL-26FEB18KENNMOSU-167 | no | count=30.00 | yes=40c
Kalshi WS trade #1600: KXNCAAMBGAME-26FEB18MDNW-MD | yes | count=20.00 | yes=3c
Kalshi WS trade #1601: KXNCAAMBGAME-26FEB18AUBMSST-AUB | yes | count=18.00 | yes=18c
Kalshi WS trade #1602: KXNCAAMBGAME-26FEB18AUBMSST-AUB | yes | count=100.00 | yes=18c
Kalshi WS trade #1603: KXNCAAMBGAME-26FEB18AUBMSST-AUB | yes | count=100.00 | yes=18c
Kalshi WS trade #1604: KXNCAAMBGAME-26FEB18KENNMOSU-KENN | yes | count=23.00 | yes=69c
Kalshi WS trade #1605: KXNCAAMBGAME-26FEB18KENNMOSU-KENN | yes | count=10.00 | yes=69c
Kalshi WS trade #1606: KXNCAAMBGAME-26FEB18KENNMOSU-KENN | yes | count=350.00 | yes=69c
Kalshi WS trade #1607: KXNCAAMBGAME-26FEB18KENNMOSU-KENN | yes | count=34.00 | yes=69c
Kalshi WS trade #1608: KXNCAAMBTOTAL-26FEB18DEPHALL-130 | no | count=2.00 | yes=38c
Kalshi WS trade #1609: KXATPMATCH-26FEB18GIRRUU-RUU | yes | count=29.00 | yes=34c
Kalshi WS trade #1610: KXATPMATCH-26FEB18GIRRUU-RUU | yes | count=112.00 | yes=34c
Kalshi WS trade #1611: KXATPMATCH-26FEB18GIRRUU-RUU | yes | count=180.00 | yes=34c
Kalshi WS trade #1612: KXATPMATCH-26FEB18GIRRUU-RUU | yes | count=1544.00 | yes=34c
Kalshi WS trade #1613: KXATPMATCH-26FEB18GIRRUU-RUU | yes | count=639.00 | yes=35c
Kalshi WS trade #1614: KXMVESPORTSMULTIGAMEEXTENDED-S2026CE0F44E14FE-BCB4496C5D7 | yes | count=16.00 | yes=67c
Kalshi WS trade #1615: KXMVESPORTSMULTIGAMEEXTENDED-S202692B9A2510E9-A2B22AF8799 | yes | count=219.00 | yes=6c
Kalshi WS trade #1616: KXNBAMENTION-26FEB19DETNYK-PLAY | yes | count=1.00 | yes=90c
Poly WS trade #21: asset=46553455570564517989... | SELL | size=27 | price=0.007
Kalshi WS trade #1617: KXNCAAMBGAME-26FEB18DEPHALL-HALL | no | count=95.00 | yes=14c
Kalshi WS trade #1618: KXNCAAWBGAME-26FEB19QUCJAC-JAC | yes | count=25.00 | yes=95c
Kalshi WS trade #1619: KXNCAAWBGAME-26FEB18UNMGC-GC | yes | count=7.00 | yes=46c
Kalshi WS trade #1620: KXNCAAWBGAME-26FEB18UNMGC-GC | yes | count=3.00 | yes=48c
Kalshi WS trade #1621: KXNCAAMBGAME-26FEB18CHARTLSA-CHAR | yes | count=60.00 | yes=14c
Kalshi WS trade #1622: KXNCAAMBGAME-26FEB18CHARTLSA-CHAR | yes | count=125.00 | yes=14c
Kalshi WS trade #1623: KXNCAAMBGAME-26FEB18CHARTLSA-CHAR | yes | count=17.00 | yes=14c
Kalshi WS trade #1624: KXNCAAMBGAME-26FEB18SJUMARQ-SJU | yes | count=1.00 | yes=82c
Kalshi WS trade #1625: KXNCAAMBGAME-26FEB18CHARTLSA-TLSA | yes | count=832.00 | yes=89c
Kalshi WS trade #1626: KXNCAAMBGAME-26FEB18KENNMOSU-MOSU | yes | count=34.00 | yes=33c
Kalshi WS trade #1627: KXNCAAMBGAME-26FEB18KENNMOSU-MOSU | yes | count=34.00 | yes=33c
Kalshi WS trade #1628: KXNCAAMBGAME-26FEB18KENNMOSU-MOSU | yes | count=34.00 | yes=33c
Kalshi WS trade #1629: KXNCAABMENTION-26FEB18BYUARIZ-DOUB | yes | count=24.00 | yes=57c
Kalshi WS trade #1630: KXNCAABMENTION-26FEB18BYUARIZ-DOUB | yes | count=1.00 | yes=57c
Kalshi WS trade #1631: KXNCAAMBGAME-26FEB18SJUMARQ-MARQ | yes | count=4.00 | yes=19c
Kalshi WS trade #1632: KXBERNIEMENTION-26FEB19-BIDE | yes | count=8.00 | yes=7c
Kalshi WS trade #1633: KXBERNIEMENTION-26FEB19-BIDE | yes | count=14.00 | yes=9c
Kalshi WS trade #1634: KXNCAAMBSPREAD-26FEB18SJUMARQ-SJU9 | yes | count=42.00 | yes=45c
Kalshi WS trade #1635: KXNCAAMBGAME-26FEB18SJUMARQ-MARQ | yes | count=33.00 | yes=19c
Kalshi WS trade #1636: KXNCAAMBGAME-26FEB18SJUMARQ-MARQ | yes | count=38.00 | yes=19c
Kalshi WS trade #1637: KXNCAAMBGAME-26FEB18NCCUSCST-NCCU | yes | count=4.00 | yes=42c
Kalshi WS trade #1638: KXNCAAMBTOTAL-26FEB18SMCSEA-127 | yes | count=68.00 | yes=73c
Kalshi WS trade #1639: KXNCAAMBGAME-26FEB18CHARTLSA-CHAR | no | count=240.00 | yes=10c
Kalshi WS trade #1640: KXNCAAMBGAME-26FEB18CHARTLSA-CHAR | no | count=6.00 | yes=10c
Kalshi WS trade #1641: KXHIGHTLV-26FEB19-B49.5 | no | count=24.00 | yes=37c
Kalshi WS trade #1642: KXHIGHTLV-26FEB19-B49.5 | no | count=9.00 | yes=37c
Kalshi WS trade #1643: KXHIGHTLV-26FEB19-B49.5 | no | count=3.00 | yes=37c
Kalshi WS trade #1644: KXHIGHTLV-26FEB19-B49.5 | no | count=12.00 | yes=37c
Kalshi WS trade #1645: APPLEUS-29DEC31 | no | count=6.00 | yes=32c
Kalshi WS trade #1646: APPLEUS-29DEC31 | no | count=2.00 | yes=32c
Kalshi WS trade #1647: KXATPMATCH-26FEB18GIRRUU-GIR | yes | count=1161.00 | yes=66c
Kalshi WS trade #1648: KXNCAAMBGAME-26FEB18CHARTLSA-TLSA | yes | count=168.00 | yes=89c
Kalshi WS trade #1649: KXNCAAMBGAME-26FEB18CHARTLSA-TLSA | yes | count=50.00 | yes=89c
Kalshi WS trade #1650: KXNCAAMBGAME-26FEB18CHARTLSA-TLSA | yes | count=22.00 | yes=89c
Kalshi WS trade #1651: KXATPMATCH-26FEB18GIRRUU-RUU | yes | count=180.00 | yes=34c
Kalshi WS trade #1652: KXATPMATCH-26FEB18GIRRUU-RUU | yes | count=10.00 | yes=34c
Kalshi WS trade #1653: KXNCAAMBTOTAL-26FEB18AUBMSST-153 | yes | count=30.00 | yes=86c
Kalshi WS trade #1654: KXNCAAMBGAME-26FEB18CHARTLSA-CHAR | yes | count=50.00 | yes=12c
Kalshi WS trade #1655: KXNCAAMBGAME-26FEB18CHARTLSA-CHAR | yes | count=17.00 | yes=12c
Kalshi WS trade #1656: KXNCAAMBGAME-26FEB18DEPHALL-HALL | yes | count=3.00 | yes=15c
Kalshi WS trade #1657: KXNCAAMBSPREAD-26FEB18BYUARIZ-ARIZ6 | yes | count=30.00 | yes=62c
Kalshi WS trade #1658: KXNCAAMBSPREAD-26FEB18BYUARIZ-ARIZ6 | yes | count=15.00 | yes=62c
Kalshi WS trade #1659: KXNCAAMBSPREAD-26FEB18BYUARIZ-ARIZ6 | yes | count=10.00 | yes=64c
Kalshi WS trade #1660: KXNCAAMBSPREAD-26FEB18BYUARIZ-ARIZ6 | yes | count=98.00 | yes=64c
Kalshi WS trade #1661: KXNCAAMBGAME-26FEB18CHARTLSA-TLSA | yes | count=19.00 | yes=89c
Kalshi WS trade #1662: KXNCAAMBGAME-26FEB18NCCUSCST-NCCU | yes | count=36.00 | yes=42c
Kalshi WS trade #1663: KXMVESPORTSMULTIGAMEEXTENDED-S20268DC2715CA1F-BBED54CAF24 | yes | count=20.00 | yes=46c
Kalshi WS trade #1664: KXNCAAMBGAME-26FEB18NDSUSDST-NDSU | yes | count=514.00 | yes=97c
Kalshi WS trade #1665: KXSOL15M-26FEB182200-00 | yes | count=28.00 | yes=71c
Kalshi WS trade #1666: KXNCAAMBGAME-26FEB18BYUARIZ-BYU | yes | count=54.00 | yes=19c
Kalshi WS trade #1667: KXNCAAMBGAME-26FEB18VANMIZZ-VAN | yes | count=50.00 | yes=49c
Kalshi WS trade #1668: KXNCAAWBGAME-26FEB18UNMGC-GC | yes | count=2.00 | yes=45c
Kalshi WS trade #1669: KXNCAAWBGAME-26FEB18UNMGC-GC | yes | count=2.00 | yes=47c
Kalshi WS trade #1670: KXNCAAWBGAME-26FEB18UNMGC-GC | yes | count=6.00 | yes=48c
Kalshi WS trade #1671: KXNCAAMBGAME-26FEB18MURRILST-ILST | yes | count=30.00 | yes=80c
Kalshi WS trade #1672: KXNCAAMBGAME-26FEB18CHARTLSA-CHAR | no | count=10.00 | yes=10c
Kalshi WS trade #1673: KXNCAAMBGAME-26FEB18PACWSU-PAC | yes | count=1.00 | yes=51c
Kalshi WS trade #1674: KXNCAAWBGAME-26FEB18UNMGC-UNM | no | count=2.00 | yes=58c
Kalshi WS trade #1675: KXNCAAMBGAME-26FEB18AUBMSST-MSST | no | count=11.00 | yes=81c
Kalshi WS trade #1676: KXNCAAMBGAME-26FEB18BYUARIZ-BYU | no | count=10.00 | yes=18c
Kalshi WS trade #1677: KXNCAAMBGAME-26FEB18KENNMOSU-MOSU | yes | count=14.00 | yes=33c
Kalshi WS trade #1678: KXBERNIEMENTION-26FEB19-IMMI | yes | count=3.00 | yes=28c
Kalshi WS trade #1679: KXBERNIEMENTION-26FEB19-IMMI | yes | count=3.00 | yes=29c
Kalshi WS trade #1680: KXNCAAMBGAME-26FEB18BYUARIZ-BYU | no | count=23.00 | yes=18c
Kalshi WS trade #1681: KXNCAABMENTION-26FEB18BYUARIZ-RECR | yes | count=8.00 | yes=40c
Kalshi WS trade #1682: KXNCAAMBGAME-26FEB18DEPHALL-DEP | yes | count=280.00 | yes=87c
Kalshi WS trade #1683: KXPSAKIMENTION-26FEB19-TRUM | no | count=565.00 | yes=99c
Kalshi WS trade #1684: KXPSAKIMENTION-26FEB19-TRUM | no | count=183.00 | yes=99c
Poly WS trade #22: asset=75085355106524808693... | BUY | size=60 | price=0.11
Kalshi WS trade #1685: KXNCAAMBGAME-26FEB18DEPHALL-HALL | no | count=33.00 | yes=14c
Kalshi WS trade #1686: KXNCAAMBGAME-26FEB18MDNW-MD | no | count=100.00 | yes=2c
Kalshi WS trade #1687: KXNCAAMBGAME-26FEB18BYUARIZ-BYU | yes | count=1245.00 | yes=19c
Kalshi WS trade #1688: KXNCAAMBGAME-26FEB18ILLUSC-ILL | yes | count=30.00 | yes=82c
Kalshi WS trade #1689: KXHIGHAUS-26FEB19-T89 | no | count=100.00 | yes=3c
Kalshi WS trade #1690: KXHIGHAUS-26FEB19-T89 | no | count=2.00 | yes=3c
Kalshi WS trade #1691: KXNCAAMBTOTAL-26FEB18BYUARIZ-161 | no | count=9.00 | yes=48c
Kalshi WS trade #1692: KXNCAAMBTOTAL-26FEB18BYUARIZ-161 | no | count=10.00 | yes=48c
Kalshi WS trade #1693: KXNCAAMBGAME-26FEB18AUBMSST-MSST | yes | count=119.00 | yes=82c
Kalshi WS trade #1694: KXATPMATCH-26FEB18GIRRUU-RUU | yes | count=14.00 | yes=34c
Kalshi WS trade #1695: KXNCAAMBGAME-26FEB18UVAGT-GT | yes | count=16.00 | yes=1c
Kalshi WS trade #1696: KXNCAAMBGAME-26FEB18VANMIZZ-VAN | yes | count=29.00 | yes=49c
Kalshi WS trade #1697: KXNCAAMBGAME-26FEB18DEPHALL-HALL | no | count=34.00 | yes=14c
Kalshi WS trade #1698: KXBTC15M-26FEB182200-00 | no | count=9.00 | yes=66c
Kalshi WS trade #1699: KXBTC15M-26FEB182200-00 | no | count=5.00 | yes=66c
Kalshi WS trade #1700: KXNCAAMBTOTAL-26FEB18NCCUSCST-140 | yes | count=166.00 | yes=43c
Kalshi WS trade #1701: KXNCAAMBGAME-26FEB18DEPHALL-DEP | yes | count=5.00 | yes=87c
Kalshi WS trade #1702: KXNCAAMBGAME-26FEB18CHARTLSA-CHAR | yes | count=18.00 | yes=12c
Kalshi WS trade #1703: KXNCAAMBTOTAL-26FEB18BYUARIZ-161 | yes | count=27.00 | yes=48c
Kalshi WS trade #1704: KXBTC-26FEB1822-B66625 | yes | count=11.00 | yes=89c
Kalshi WS trade #1705: KXNCAAMBSPREAD-26FEB18ILLUSC-ILL9 | yes | count=49.00 | yes=49c
Kalshi WS trade #1706: KXNCAAMBGAME-26FEB18KENNMOSU-MOSU | yes | count=20.00 | yes=33c
Kalshi WS trade #1707: KXNCAAMBGAME-26FEB18KENNMOSU-MOSU | yes | count=34.00 | yes=33c
Kalshi WS trade #1708: KXNCAAMBGAME-26FEB18KENNMOSU-MOSU | yes | count=34.00 | yes=33c
Kalshi WS trade #1709: KXNCAAMBGAME-26FEB18KENNMOSU-MOSU | yes | count=180.00 | yes=34c
Kalshi WS trade #1710: KXNCAAMBGAME-26FEB18KENNMOSU-MOSU | yes | count=100.00 | yes=34c
Kalshi WS trade #1711: KXNCAAMBGAME-26FEB18KENNMOSU-MOSU | yes | count=50.00 | yes=34c
Kalshi WS trade #1712: KXNCAAMBGAME-26FEB18KENNMOSU-MOSU | yes | count=51.00 | yes=34c
Kalshi WS trade #1713: KXNCAAMBGAME-26FEB18KENNMOSU-MOSU | yes | count=100.00 | yes=35c
Kalshi WS trade #1714: KXNCAAMBGAME-26FEB18KENNMOSU-MOSU | yes | count=255.00 | yes=35c
Kalshi WS trade #1715: KXNCAAMBGAME-26FEB18KENNMOSU-MOSU | yes | count=19.00 | yes=36c
Kalshi WS trade #1716: KXNCAAMBGAME-26FEB18KENNMOSU-MOSU | yes | count=53.00 | yes=38c
Kalshi WS trade #1717: KXNCAAMBGAME-26FEB18KENNMOSU-MOSU | yes | count=500.00 | yes=40c
Kalshi WS trade #1718: KXNCAAMBGAME-26FEB18KENNMOSU-MOSU | yes | count=322.00 | yes=40c
Kalshi WS trade #1719: KXNCAAMBGAME-26FEB18KENNMOSU-MOSU | yes | count=386.00 | yes=41c
Kalshi WS trade #1720: KXNCAAMBGAME-26FEB18MDNW-NW | yes | count=18.00 | yes=98c
Kalshi WS trade #1721: KXNCAAMBGAME-26FEB18KENNMOSU-KENN | no | count=350.00 | yes=66c
Kalshi WS trade #1722: KXNCAAMBGAME-26FEB18KENNMOSU-KENN | no | count=50.00 | yes=66c
Kalshi WS trade #1723: KXNCAAMBGAME-26FEB18KENNMOSU-KENN | no | count=10.00 | yes=66c
Kalshi WS trade #1724: KXNCAAMBGAME-26FEB18KENNMOSU-KENN | no | count=51.00 | yes=66c
Kalshi WS trade #1725: KXNCAAMBGAME-26FEB18KENNMOSU-KENN | no | count=10.00 | yes=65c
Kalshi WS trade #1726: KXNCAAMBGAME-26FEB18KENNMOSU-KENN | no | count=255.00 | yes=65c
Kalshi WS trade #1727: KXNCAAMBGAME-26FEB18KENNMOSU-KENN | no | count=38.00 | yes=64c
Kalshi WS trade #1728: KXNCAAMBGAME-26FEB18KENNMOSU-KENN | no | count=111.00 | yes=63c
Kalshi WS trade #1729: KXNCAAMBGAME-26FEB18KENNMOSU-KENN | no | count=50.00 | yes=61c
Kalshi WS trade #1730: KXNCAAMBGAME-26FEB18KENNMOSU-KENN | no | count=387.00 | yes=60c
Kalshi WS trade #1731: KXNCAAMBGAME-26FEB18KENNMOSU-KENN | no | count=328.00 | yes=60c
Kalshi WS trade #1732: KXNCAAMBGAME-26FEB18KENNMOSU-KENN | no | count=547.00 | yes=57c
Kalshi WS trade #1733: KXATPMATCH-26FEB18GIRRUU-RUU | yes | count=84.00 | yes=34c
Kalshi WS trade #1734: KXCABOUT-29JAN-PBON | yes | count=21.00 | yes=22c
Kalshi WS trade #1735: KXPGATOP20-THGI26-LABE | yes | count=23.00 | yes=38c
Kalshi WS trade #1736: KXNCAAMBSPREAD-26FEB18KENNMOSU-KENN1 | no | count=69.00 | yes=58c
Kalshi WS trade #1737: KXNCAAMBSPREAD-26FEB18KENNMOSU-KENN1 | no | count=50.00 | yes=58c
Kalshi WS trade #1738: KXNCAAMBSPREAD-26FEB18KENNMOSU-KENN4 | no | count=50.00 | yes=35c
Kalshi WS trade #1739: KXNCAAMBSPREAD-26FEB18KENNMOSU-KENN4 | no | count=69.00 | yes=35c
Kalshi WS trade #1740: KXMVESPORTSMULTIGAMEEXTENDED-S20268A7BC5602EC-3532438AD77 | yes | count=65.00 | yes=7c
Kalshi WS trade #1741: KXNCAAMBGAME-26FEB18VANMIZZ-MIZZ | yes | count=14.00 | yes=52c
Kalshi WS trade #1742: KXMVESPORTSMULTIGAMEEXTENDED-S202637ABAF31EDB-B6CBA294E05 | yes | count=30.00 | yes=13c
Kalshi WS trade #1743: KXMVESPORTSMULTIGAMEEXTENDED-S202637ABAF31EDB-B6CBA294E05 | yes | count=4.00 | yes=13c
Kalshi WS trade #1744: KXNCAAMBSPREAD-26FEB18BYUARIZ-ARIZ9 | yes | count=30.00 | yes=49c
Kalshi WS trade #1745: KXMVESPORTSMULTIGAMEEXTENDED-S202659C91991B64-1581A48A37C | yes | count=2.00 | yes=47c
Kalshi WS trade #1746: KXNCAAMBTOTAL-26FEB18KENNMOSU-164 | yes | count=12.00 | yes=50c
Kalshi WS trade #1747: KXBTC15M-26FEB182200-00 | no | count=1.00 | yes=65c
Kalshi WS trade #1748: KXNCAAMBTOTAL-26FEB18NDSUSDST-138 | no | count=5.00 | yes=87c
Kalshi WS trade #1749: KXNCAAMBTOTAL-26FEB18NDSUSDST-138 | no | count=30.00 | yes=86c
Kalshi WS trade #1750: KXNCAAMBTOTAL-26FEB18NDSUSDST-138 | no | count=3.00 | yes=80c
Kalshi WS trade #1751: KXNCAAMBTOTAL-26FEB18NDSUSDST-138 | no | count=11.00 | yes=65c
Kalshi WS trade #1752: KXNCAAMBGAME-26FEB18BYUARIZ-BYU | yes | count=63.00 | yes=19c
Kalshi WS trade #1753: KXLLM1-26FEB28-A | no | count=406.00 | yes=63c
Kalshi WS trade #1754: KXLLM1-26FEB28-A | no | count=94.00 | yes=62c
Kalshi WS trade #1755: KXLLM1-26FEB28-GOOG | no | count=199.00 | yes=37c
Kalshi WS trade #1756: KXLLM1-26FEB28-GOOG | no | count=24.00 | yes=37c
Kalshi WS trade #1757: KXNCAAMBTOTAL-26FEB18NCCUSCST-134 | no | count=16.00 | yes=50c
Kalshi WS trade #1758: KXLLM1-26FEB28-XAI | no | count=500.00 | yes=3c
Kalshi WS trade #1759: KXNCAAMBTOTAL-26FEB18DEPHALL-139 | no | count=11.00 | yes=8c
Kalshi WS trade #1760: KXATPMATCH-26FEB18GIRRUU-GIR | yes | count=15.00 | yes=66c
Kalshi WS trade #1761: KXATPMATCH-26FEB18GIRRUU-GIR | yes | count=14.00 | yes=66c
Kalshi WS trade #1762: KXNCAAWBGAME-26FEB18USUSJSU-USU | yes | count=8.00 | yes=59c
Kalshi WS trade #1763: KXNCAAMBGAME-26FEB18CHARTLSA-CHAR | no | count=100.00 | yes=10c
Kalshi WS trade #1764: KXATPMATCH-26FEB18GIRRUU-GIR | yes | count=6.00 | yes=66c
Kalshi WS trade #1765: KXNCAAMBGAME-26FEB18VANMIZZ-MIZZ | yes | count=7.00 | yes=52c
Kalshi WS trade #1766: KXNCAAMBTOTAL-26FEB18ORUNEOM-154 | yes | count=4.00 | yes=23c
Kalshi WS trade #1767: KXNCAAMBTOTAL-26FEB18ORUNEOM-154 | yes | count=2.00 | yes=23c
Poly WS trade #23: asset=11108067103612610965... | SELL | size=36 | price=0.994
Kalshi WS trade #1768: KXNCAAMBGAME-26FEB18PACWSU-PAC | yes | count=25.00 | yes=51c
Kalshi WS trade #1769: KXNCAAMBGAME-26FEB18KUOKST-OKST | yes | count=127.00 | yes=6c
Kalshi WS trade #1770: KXNCAAMBGAME-26FEB18VANMIZZ-VAN | yes | count=400.00 | yes=49c
Kalshi WS trade #1771: KXATPMATCH-26FEB18GIRRUU-RUU | yes | count=5.00 | yes=34c
Kalshi WS trade #1772: KXBTC15M-26FEB182200-00 | no | count=1.00 | yes=65c
Kalshi WS trade #1773: KXNCAAMBGAME-26FEB18NDSUSDST-NDSU | yes | count=15.00 | yes=97c
Kalshi WS trade #1774: KXNCAAMBTOTAL-26FEB18VANMIZZ-139 | no | count=4.00 | yes=69c
Kalshi WS trade #1775: KXNCAAMBTOTAL-26FEB18VANMIZZ-142 | no | count=49.00 | yes=62c
Kalshi WS trade #1776: KXNCAAMBTOTAL-26FEB18VANMIZZ-145 | no | count=71.00 | yes=53c
Kalshi WS trade #1777: KXNCAAMBTOTAL-26FEB18VANMIZZ-148 | no | count=7.00 | yes=43c
Kalshi WS trade #1778: KXNCAAMBTOTAL-26FEB18VANMIZZ-148 | no | count=200.00 | yes=43c
Kalshi WS trade #1779: KXNCAAMBTOTAL-26FEB18VANMIZZ-151 | no | count=200.00 | yes=36c
Kalshi WS trade #1780: KXNCAAMBTOTAL-26FEB18NDSUSDST-144 | yes | count=1.00 | yes=44c
Kalshi WS trade #1781: KXNCAAMBSPREAD-26FEB18BYUARIZ-ARIZ12 | no | count=7.00 | yes=33c
Kalshi WS trade #1782: KXNCAAMBSPREAD-26FEB18UTAHWVU-WVU4 | no | count=20.00 | yes=24c
Kalshi WS trade #1783: KXNCAAMBSPREAD-26FEB18UTAHWVU-WVU4 | no | count=109.00 | yes=24c
Kalshi WS trade #1784: KXPGATOP20-THGI26-CGOT | yes | count=50.00 | yes=42c
Kalshi WS trade #1785: KXNCAAMBGAME-26FEB18KENNMOSU-MOSU | yes | count=300.00 | yes=42c
Kalshi WS trade #1786: KXNCAAMBGAME-26FEB18KENNMOSU-KENN | no | count=176.00 | yes=58c
Kalshi WS trade #1787: KXNCAAWBGAME-26FEB19WASHUCLA-WASH | yes | count=8.00 | yes=4c
Kalshi WS trade #1788: KXNCAAWBGAME-26FEB19WASHUCLA-WASH | yes | count=12.00 | yes=5c
Kalshi WS trade #1789: KXBTCD-26FEB1822-T66749.99 | yes | count=114.00 | yes=10c
Kalshi WS trade #1790: KXBTCD-26FEB1822-T66749.99 | yes | count=100.00 | yes=10c
Poly WS trade #24: asset=69324317355037271422... | SELL | size=28 | price=0.034
Kalshi WS trade #1791: KXNCAAMBGAME-26FEB18DEPHALL-HALL | yes | count=6.00 | yes=15c
Kalshi WS trade #1792: KXNCAAWBGAME-26FEB18NEVCSU-NEV | yes | count=34.00 | yes=3c
Kalshi WS trade #1793: KXCPIYOY-26MAR-T2.8 | no | count=12.00 | yes=18c
Kalshi WS trade #1794: KXNCAAMBGAME-26FEB18NDSUSDST-NDSU | yes | count=20.00 | yes=97c
Kalshi WS trade #1795: KXNCAAMBGAME-26FEB18CHARTLSA-CHAR | yes | count=50.00 | yes=12c
Kalshi WS trade #1796: KXNCAAMBGAME-26FEB18CHARTLSA-CHAR | yes | count=50.00 | yes=12c
Kalshi WS trade #1797: KXNCAAMBGAME-26FEB18CHARTLSA-CHAR | yes | count=50.00 | yes=12c
Kalshi WS trade #1798: KXNCAAMBGAME-26FEB18CHARTLSA-CHAR | yes | count=50.00 | yes=12c
Kalshi WS trade #1799: KXNCAAMBGAME-26FEB18CHARTLSA-CHAR | yes | count=50.00 | yes=12c
Kalshi WS trade #1800: KXNCAAMBGAME-26FEB18CHARTLSA-CHAR | yes | count=856.00 | yes=12c
Kalshi WS trade #1801: KXMVESPORTSMULTIGAMEEXTENDED-S20264894725B815-2D77B138953 | yes | count=3.00 | yes=27c
Kalshi WS trade #1802: KXMVESPORTSMULTIGAMEEXTENDED-S2026ADDFA6B3C92-F4EEC0FC305 | yes | count=123.00 | yes=3c
Kalshi WS trade #1803: KXMVESPORTSMULTIGAMEEXTENDED-S2026469B1B29CF9-34918D477C8 | yes | count=85.00 | yes=22c
Kalshi WS trade #1804: KXNCAAMBSPREAD-26FEB18NDSUSDST-NDSU4 | no | count=1.00 | yes=51c
Kalshi WS trade #1805: KXNCAAMBGAME-26FEB18NDSUSDST-SDST | yes | count=77.00 | yes=5c
Kalshi WS trade #1806: KXNCAAMBGAME-26FEB18NDSUSDST-SDST | yes | count=65.00 | yes=5c
Kalshi WS trade #1807: KXNCAAMBSPREAD-26FEB18KUOKST-KU12 | yes | count=164.00 | yes=59c
Kalshi WS trade #1808: KXNCAAWBGAME-26FEB18UTAUTU-UTU | yes | count=2.00 | yes=18c
Kalshi WS trade #1809: KXNCAAMBGAME-26FEB18UTAHWVU-WVU | yes | count=735.00 | yes=42c
Kalshi WS trade #1810: KXNCAAMBGAME-26FEB18UTAHWVU-WVU | yes | count=54.00 | yes=42c
Kalshi WS trade #1811: KXNCAAMBGAME-26FEB18UTAHWVU-WVU | yes | count=54.00 | yes=42c
Kalshi WS trade #1812: KXNCAAMBGAME-26FEB18UTAHWVU-WVU | yes | count=54.00 | yes=42c
Kalshi WS trade #1813: KXNCAAMBGAME-26FEB18UTAHWVU-WVU | yes | count=54.00 | yes=42c
Kalshi WS trade #1814: KXNCAAMBGAME-26FEB18UTAHWVU-WVU | yes | count=54.00 | yes=42c
Kalshi WS trade #1815: KXNCAAMBGAME-26FEB18VANMIZZ-VAN | yes | count=1.00 | yes=49c
Kalshi WS trade #1816: KXNURSESTRIKE-26-FEB25 | no | count=32.00 | yes=50c
Kalshi WS trade #1817: KXETH15M-26FEB182200-00 | no | count=1.00 | yes=55c
Kalshi WS trade #1818: KXETH15M-26FEB182200-00 | no | count=19.00 | yes=54c
Kalshi WS trade #1819: KXNCAAWBGAME-26FEB18UTAUTU-UTA | no | count=2.00 | yes=86c
Kalshi WS trade #1820: KXMAKEMARMAD-26-SCU | yes | count=1.00 | yes=52c
Kalshi WS trade #1821: KXNCAABMENTION-26FEB18VANMIZZ-MCKA | yes | count=93.00 | yes=5c
Kalshi WS trade #1822: KXNCAAMBGAME-26FEB18CHARTLSA-TLSA | yes | count=5.00 | yes=89c
Kalshi WS trade #1823: KXNCAAMBGAME-26FEB18AUBMSST-AUB | yes | count=24.00 | yes=19c
Kalshi WS trade #1824: KXNCAAMBGAME-26FEB18SJUMARQ-SJU | yes | count=2.00 | yes=81c
Kalshi WS trade #1825: KXATPMATCH-26FEB18GIRRUU-RUU | yes | count=67.00 | yes=34c
Kalshi WS trade #1826: KXATPMATCH-26FEB18GIRRUU-RUU | yes | count=180.00 | yes=34c
Kalshi WS trade #1827: KXATPMATCH-26FEB18GIRRUU-RUU | yes | count=435.00 | yes=35c
Kalshi WS trade #1828: KXLOWTCHI-26FEB18-B44.5 | yes | count=2.00 | yes=6c
Kalshi WS trade #1829: KXNCAAMBGAME-26FEB18KENNMOSU-KENN | yes | count=3.00 | yes=61c
Kalshi WS trade #1830: KXNCAAMBGAME-26FEB18KENNMOSU-KENN | yes | count=35.00 | yes=61c
Kalshi WS trade #1831: KXNCAAMBGAME-26FEB18SJUMARQ-MARQ | no | count=1.00 | yes=20c
Kalshi WS trade #1832: KXNCAAMBGAME-26FEB18SJUMARQ-MARQ | no | count=76.00 | yes=20c
Kalshi WS trade #1833: KXNCAAMBGAME-26FEB18BYUARIZ-ARIZ | yes | count=24.00 | yes=82c
Kalshi WS trade #1834: KXNCAAMBGAME-26FEB18UTAHWVU-UTAH | yes | count=50.00 | yes=59c
Kalshi WS trade #1835: KXNCAAMBGAME-26FEB18UTAHWVU-UTAH | yes | count=54.00 | yes=59c
Kalshi WS trade #1836: KXNCAAMBGAME-26FEB18UTAHWVU-UTAH | yes | count=54.00 | yes=59c
Kalshi WS trade #1837: KXNCAAMBGAME-26FEB18UTAHWVU-UTAH | yes | count=54.00 | yes=59c
Kalshi WS trade #1838: KXNCAAMBGAME-26FEB18UTAHWVU-UTAH | yes | count=31.00 | yes=59c
Kalshi WS trade #1839: KXNCAAMBGAME-26FEB18SJUMARQ-SJU | yes | count=3.00 | yes=81c
Kalshi WS trade #1840: KXNCAAMBGAME-26FEB18VANMIZZ-MIZZ | yes | count=9.00 | yes=52c
Kalshi WS trade #1841: KXNCAABMENTION-26FEB18BYUARIZ-NIL | yes | count=11.00 | yes=4c
Kalshi WS trade #1842: KXNCAAMBGAME-26FEB18BYUARIZ-BYU | yes | count=34.00 | yes=19c
Kalshi WS trade #1843: KXATPMATCH-26FEB18GIRRUU-GIR | yes | count=73.00 | yes=66c
Kalshi WS trade #1844: KXNCAAWBGAME-26FEB18USUSJSU-SJSU | yes | count=40.00 | yes=45c
Kalshi WS trade #1845: KXNCAAWBGAME-26FEB18USUSJSU-SJSU | yes | count=260.00 | yes=46c
Kalshi WS trade #1846: KXNCAAMBGAME-26FEB18BYUARIZ-ARIZ | yes | count=276.00 | yes=82c
Kalshi WS trade #1847: KXNCAAMBGAME-26FEB18BYUARIZ-ARIZ | yes | count=365.00 | yes=82c
Kalshi WS trade #1848: KXNCAAMBGAME-26FEB18BYUARIZ-BYU | yes | count=3.00 | yes=19c
Kalshi WS trade #1849: KXNCAAMBGAME-26FEB18BYUARIZ-BYU | yes | count=2.00 | yes=19c
Kalshi WS trade #1850: KXNCAAMBGAME-26FEB18BYUARIZ-BYU | yes | count=14.00 | yes=20c
Kalshi WS trade #1851: KXNCAAMBTOTAL-26FEB18KENNMOSU-170 | yes | count=500.00 | yes=39c
Kalshi WS trade #1852: KXNCAAMBGAME-26FEB18SJUMARQ-SJU | yes | count=2.00 | yes=80c
Kalshi WS trade #1853: KXNCAAMBTOTAL-26FEB18VANMIZZ-148 | yes | count=1494.00 | yes=43c
Kalshi WS trade #1854: KXMVESPORTSMULTIGAMEEXTENDED-S2026A4ABA71A01F-43137629F7E | no | count=34.00 | yes=77c
Kalshi WS trade #1855: KXNCAAMBGAME-26FEB18KENNMOSU-KENN | no | count=1.00 | yes=59c
Kalshi WS trade #1856: KXMVESPORTSMULTIGAMEEXTENDED-S2026488025EA1EB-7FA8748EA3F | yes | count=13.00 | yes=67c
Kalshi WS trade #1857: KXMVESPORTSMULTIGAMEEXTENDED-S20266F92382F379-9003E98E62D | yes | count=333.00 | yes=1c
Kalshi WS trade #1858: KXNCAAMBTOTAL-26FEB18VANMIZZ-148 | yes | count=1.00 | yes=43c
Kalshi WS trade #1859: KXNCAAMBGAME-26FEB18UTAHWVU-UTAH | yes | count=30.00 | yes=59c
Kalshi WS trade #1860: KXMVESPORTSMULTIGAMEEXTENDED-S2026B6AF25B79C6-E0BE502F18C | yes | count=33.00 | yes=6c
Kalshi WS trade #1861: KXNCAAMBGAME-26FEB18NCCUSCST-NCCU | no | count=30.00 | yes=42c
Kalshi WS trade #1862: KXNCAABMENTION-26FEB18BYUARIZ-MCKA | no | count=1.00 | yes=11c
Kalshi WS trade #1863: KXMVESPORTSMULTIGAMEEXTENDED-S20261C9AB9D2643-9DEEDCC9FD0 | yes | count=33.00 | yes=30c
Kalshi WS trade #1864: KXNCAAMBGAME-26FEB18NCCUSCST-SCST | yes | count=11.00 | yes=58c
Kalshi WS trade #1865: KXNCAAMBGAME-26FEB18DEPHALL-HALL | yes | count=10.00 | yes=15c
Kalshi WS trade #1866: KXNCAAMBGAME-26FEB18DEPHALL-HALL | yes | count=2.00 | yes=15c
Kalshi WS trade #1867: KXATPMATCH-26FEB18GIRRUU-GIR | yes | count=1.00 | yes=66c
Kalshi WS trade #1868: KXNBAGAME-26FEB19HOUCHA-HOU | yes | count=7.00 | yes=63c
Kalshi WS trade #1869: KXNCAAMBGAME-26FEB18GONZSF-GONZ | yes | count=5.00 | yes=94c
Kalshi WS trade #1870: KXWOHOCKEY-MEN26CGOLD-USA | yes | count=17.00 | yes=44c
Kalshi WS trade #1871: KXNCAAMBGAME-26FEB18UTAHWVU-UTAH | yes | count=8.00 | yes=59c
Kalshi WS trade #1872: KXNCAAMBGAME-26FEB18SJUMARQ-SJU | yes | count=12.00 | yes=80c
Kalshi WS trade #1873: KXNCAAMBTOTAL-26FEB18BYUARIZ-161 | yes | count=912.00 | yes=48c
Kalshi WS trade #1874: KXATPMATCH-26FEB18GIRRUU-GIR | yes | count=10.00 | yes=66c
Kalshi WS trade #1875: KXNCAAMBTOTAL-26FEB18DEPHALL-127 | yes | count=20.00 | yes=59c
Kalshi WS trade #1876: KXNCAAMBTOTAL-26FEB18SMCSEA-136 | no | count=4.00 | yes=44c
Kalshi WS trade #1877: KXNCAAMBGAME-26FEB18MDNW-NW | yes | count=10.00 | yes=98c
Kalshi WS trade #1878: KXNCAAMBGAME-26FEB18DEPHALL-HALL | yes | count=48.00 | yes=15c
Kalshi WS trade #1879: KXNCAAMBGAME-26FEB18DEPHALL-HALL | yes | count=46.00 | yes=15c
Kalshi WS trade #1880: KXBTCD-26FEB1822-T66499.99 | no | count=12.00 | yes=98c
Kalshi WS trade #1881: KXBTCD-26FEB1822-T66499.99 | no | count=34.00 | yes=98c
Kalshi WS trade #1882: KXMRBEASTGAMES-26MAY01-167 | no | count=94.00 | yes=90c
Kalshi WS trade #1883: KXNCAAMBGAME-26FEB18AUBMSST-MSST | yes | count=14.00 | yes=82c
Kalshi WS trade #1884: KXNCAAMBGAME-26FEB18VANMIZZ-MIZZ | no | count=38.00 | yes=51c
Kalshi WS trade #1885: KXNCAAMBGAME-26FEB18PACWSU-PAC | yes | count=3.00 | yes=51c
Kalshi WS trade #1886: KXNCAAMBGAME-26FEB18FAUUTSA-UTSA | yes | count=46.00 | yes=1c
Kalshi WS trade #1887: KXBTC15M-26FEB182200-00 | yes | count=4.00 | yes=66c
Kalshi WS trade #1888: KXBTC15M-26FEB182200-00 | yes | count=2.00 | yes=67c
Kalshi WS trade #1889: KXBTC15M-26FEB182200-00 | yes | count=14.00 | yes=68c
Kalshi WS trade #1890: KXPGATOUR-THGI26-XSCH | yes | count=18.00 | yes=5c
Kalshi WS trade #1891: KXNCAAMBSPREAD-26FEB18VANMIZZ-MIZZ4 | no | count=50.00 | yes=34c
Kalshi WS trade #1892: KXNCAAMBGAME-26FEB18KENNMOSU-KENN | yes | count=349.00 | yes=58c
Kalshi WS trade #1893: KXNCAAMBGAME-26FEB18KENNMOSU-KENN | yes | count=482.00 | yes=58c
Kalshi WS trade #1894: KXNCAAMBGAME-26FEB18KENNMOSU-KENN | yes | count=50.00 | yes=58c
Kalshi WS trade #1895: KXNCAAMBGAME-26FEB18KENNMOSU-KENN | yes | count=193.00 | yes=60c
Kalshi WS trade #1896: KXNCAAMBGAME-26FEB18KENNMOSU-KENN | yes | count=34.00 | yes=60c
Kalshi WS trade #1897: KXNCAAMBGAME-26FEB18KENNMOSU-KENN | yes | count=34.00 | yes=60c
Kalshi WS trade #1898: KXNCAAMBGAME-26FEB18KENNMOSU-KENN | yes | count=34.00 | yes=60c
Kalshi WS trade #1899: KXNCAAMBGAME-26FEB18KENNMOSU-KENN | yes | count=34.00 | yes=60c
Kalshi WS trade #1900: KXNCAAMBGAME-26FEB18KENNMOSU-KENN | yes | count=34.00 | yes=60c
Kalshi WS trade #1901: KXNCAAMBGAME-26FEB18KENNMOSU-KENN | yes | count=19.00 | yes=60c
Kalshi WS trade #1902: KXBTCMAX150-25-26MAY31-149999.99 | yes | count=22.00 | yes=7c
Kalshi WS trade #1903: KXNCAAMBGAME-26FEB18VANMIZZ-VAN | yes | count=18.00 | yes=49c
Kalshi WS trade #1904: KXNCAAMBGAME-26FEB18CHARTLSA-CHAR | yes | count=14.00 | yes=12c
Kalshi WS trade #1905: KXHIGHTSFO-26FEB19-B54.5 | yes | count=1.00 | yes=13c
Kalshi WS trade #1906: KXNCAABMENTION-26FEB18ARKALA-NIL | yes | count=60.00 | yes=1c
Kalshi WS trade #1907: KXWOHOCKEY-MEN26CGOLD-SVK | yes | count=467.00 | yes=2c
Kalshi WS trade #1908: KXNCAAMBGAME-26FEB18FAUUTSA-UTSA | yes | count=1250.00 | yes=1c
Kalshi WS trade #1909: KXNCAAMBTOTAL-26FEB18BSUUSU-153 | no | count=1120.00 | yes=44c
Kalshi WS trade #1910: KXNCAAMBGAME-26FEB18SJUMARQ-SJU | yes | count=15.00 | yes=81c
Kalshi WS trade #1911: KXNCAAMBGAME-26FEB18SJUMARQ-SJU | yes | count=45.00 | yes=82c
Kalshi WS trade #1912: KXNCAAMBTOTAL-26FEB18DEPHALL-127 | no | count=58.00 | yes=54c
Kalshi WS trade #1913: KXBTCD-26FEB1822-T66749.99 | yes | count=125.00 | yes=10c
Kalshi WS trade #1914: KXBTCD-26FEB1822-T66749.99 | yes | count=100.00 | yes=10c
Kalshi WS trade #1915: KXNCAAMBGAME-26FEB18KENNMOSU-MOSU | yes | count=34.00 | yes=41c
Kalshi WS trade #1916: KXNCAAMBGAME-26FEB18KENNMOSU-MOSU | yes | count=34.00 | yes=41c
Kalshi WS trade #1917: KXNCAAMBGAME-26FEB18KENNMOSU-MOSU | yes | count=34.00 | yes=41c
Kalshi WS trade #1918: KXNCAAMBGAME-26FEB18KENNMOSU-MOSU | yes | count=34.00 | yes=41c
Kalshi WS trade #1919: KXNCAAMBGAME-26FEB18KENNMOSU-MOSU | yes | count=34.00 | yes=41c
Kalshi WS trade #1920: KXNCAAMBGAME-26FEB18KENNMOSU-MOSU | yes | count=30.00 | yes=41c
Kalshi WS trade #1921: KXNCAAMBGAME-26FEB18CHARTLSA-CHAR | yes | count=50.00 | yes=13c
Kalshi WS trade #1922: KXNCAAMBGAME-26FEB18CHARTLSA-CHAR | yes | count=50.00 | yes=13c
Kalshi WS trade #1923: KXNCAAMBGAME-26FEB18CHARTLSA-CHAR | yes | count=34.00 | yes=13c
Kalshi WS trade #1924: KXATPMATCH-26FEB18GIRRUU-RUU | yes | count=56.00 | yes=34c
Kalshi WS trade #1925: KXNCAAMBGAME-26FEB18MDNW-MD | no | count=1.00 | yes=2c
Kalshi WS trade #1926: KXNBAGAME-26FEB19ATLPHI-ATL | no | count=32.00 | yes=48c
Kalshi WS trade #1927: KXMVESPORTSMULTIGAMEEXTENDED-S2026677697F254F-BFCCF63B664 | yes | count=82.00 | yes=68c
Kalshi WS trade #1928: KXMVESPORTSMULTIGAMEEXTENDED-S2026677697F254F-BFCCF63B664 | yes | count=18.00 | yes=69c
Kalshi WS trade #1929: KXNCAAMBGAME-26FEB18DEPHALL-HALL | yes | count=31.00 | yes=15c
Kalshi WS trade #1930: KXNCAAMBSPREAD-26FEB18DEPHALL-DEP7 | no | count=185.00 | yes=30c
Kalshi WS trade #1931: KXNCAAMBSPREAD-26FEB18DEPHALL-DEP7 | no | count=50.00 | yes=30c
Kalshi WS trade #1932: KXNCAAMBSPREAD-26FEB18DEPHALL-DEP7 | no | count=27.00 | yes=29c
Kalshi WS trade #1933: KXMVESPORTSMULTIGAMEEXTENDED-S2026DA29E7128E9-ADE52C977BC | yes | count=35.00 | yes=54c
Kalshi WS trade #1934: KXMVESPORTSMULTIGAMEEXTENDED-S20260BA27A25665-A51844CC950 | yes | count=934.00 | yes=1c
Kalshi WS trade #1935: KXEPLSPREAD-26FEB21CFCBUR-CFC1 | no | count=75.00 | yes=57c
Kalshi WS trade #1936: KXNCAAMBGAME-26FEB18VANMIZZ-MIZZ | yes | count=18.00 | yes=51c
Kalshi WS trade #1937: KXNCAAMBTOTAL-26FEB18BYUARIZ-161 | yes | count=7.00 | yes=48c
Kalshi WS trade #1938: KXNCAAWBGAME-26FEB18UNMGC-UNM | yes | count=1.00 | yes=87c
Kalshi WS trade #1939: KXNBAPTS-26FEB19BKNCLE-CLEJHARDEN1-20 | yes | count=4.00 | yes=55c
Kalshi WS trade #1940: KXNCAAMBGAME-26FEB18MDNW-MD | no | count=9.00 | yes=2c
Kalshi WS trade #1941: KXNCAAMBGAME-26FEB18DEPHALL-HALL | no | count=1.00 | yes=14c
Kalshi WS trade #1942: KXNCAAMBTOTAL-26FEB18KENNMOSU-167 | yes | count=30.00 | yes=49c
Kalshi WS trade #1943: KXBTCD-26FEB1822-T66499.99 | yes | count=9.00 | yes=99c
Kalshi WS trade #1944: KXNCAAMBGAME-26FEB18DEPHALL-HALL | yes | count=8.00 | yes=15c
Kalshi WS trade #1945: KXNCAAMBGAME-26FEB18KENNMOSU-KENN | no | count=25.00 | yes=60c
Kalshi WS trade #1946: KXNCAAMBGAME-26FEB18NDSUSDST-SDST | yes | count=200.00 | yes=5c
Kalshi WS trade #1947: KXNCAAMBGAME-26FEB18SJUMARQ-MARQ | yes | count=9.00 | yes=21c
Kalshi WS trade #1948: KXNCAAMBGAME-26FEB18BSUUSU-USU | yes | count=10.00 | yes=82c
Kalshi WS trade #1949: KXNCAAMBGAME-26FEB18BSUUSU-USU | yes | count=4.00 | yes=82c
Kalshi WS trade #1950: KXNCAAMBGAME-26FEB18VANMIZZ-VAN | yes | count=21.00 | yes=50c
Kalshi WS trade #1951: KXNCAAMBTOTAL-26FEB18SMCSEA-130 | no | count=50.00 | yes=63c
Kalshi WS trade #1952: KXNCAAMBTOTAL-26FEB18SMCSEA-130 | no | count=50.00 | yes=63c
Kalshi WS trade #1953: KXNCAAMBTOTAL-26FEB18SMCSEA-130 | no | count=125.00 | yes=63c
Kalshi WS trade #1954: KXNCAAMBTOTAL-26FEB18SMCSEA-136 | no | count=46.00 | yes=44c
Kalshi WS trade #1955: KXNCAAMBTOTAL-26FEB18SMCSEA-136 | no | count=130.00 | yes=44c
Kalshi WS trade #1956: KXNCAAMBTOTAL-26FEB18SMCSEA-136 | no | count=50.00 | yes=44c
Kalshi WS trade #1957: KXNCAAMBGAME-26FEB18DEPHALL-HALL | yes | count=5.00 | yes=15c
Kalshi WS trade #1958: KXNCAAMBGAME-26FEB18NCCUSCST-NCCU | yes | count=21.00 | yes=44c
Kalshi WS trade #1959: KXBTCD-26FEB1822-T66749.99 | no | count=110.00 | yes=10c
Kalshi WS trade #1960: KXNCAAMBGAME-26FEB18SJUMARQ-MARQ | yes | count=451.00 | yes=21c
Kalshi WS trade #1961: KXNCAAMBGAME-26FEB18DEPHALL-DEP | yes | count=9.00 | yes=87c
Kalshi WS trade #1962: KXNCAAMBGAME-26FEB18BYUARIZ-BYU | yes | count=200.00 | yes=20c
Kalshi WS trade #1963: KXNCAAMBGAME-26FEB18NDSUSDST-NDSU | yes | count=190.00 | yes=97c
Kalshi WS trade #1964: KXNCAAMBGAME-26FEB18NDSUSDST-NDSU | yes | count=15.00 | yes=97c
Kalshi WS trade #1965: KXBTCMAXMON-BTC-26FEB28-8250000 | yes | count=1.00 | yes=7c
Kalshi WS trade #1966: KXNCAAMBGAME-26FEB18BYUARIZ-BYU | no | count=23.00 | yes=19c
Kalshi WS trade #1967: KXNCAAMBSPREAD-26FEB18BYUARIZ-ARIZ9 | no | count=10.00 | yes=47c
Kalshi WS trade #1968: KXNCAAMBSPREAD-26FEB18BYUARIZ-ARIZ9 | no | count=9.00 | yes=46c
Kalshi WS trade #1969: KXNCAAMBSPREAD-26FEB18BYUARIZ-ARIZ9 | no | count=85.00 | yes=44c
Kalshi WS trade #1970: KXNCAAMBTOTAL-26FEB18MDNW-145 | yes | count=16.00 | yes=61c
Kalshi WS trade #1971: KXATPMATCH-26FEB18GIRRUU-GIR | yes | count=38.00 | yes=66c
Kalshi WS trade #1972: KXNCAAMBGAME-26FEB18PACWSU-PAC | yes | count=126.00 | yes=51c
Kalshi WS trade #1973: KXNCAAMBGAME-26FEB18PACWSU-PAC | yes | count=129.00 | yes=51c
Kalshi WS trade #1974: KXNCAAMBGAME-26FEB18PACWSU-PAC | yes | count=129.00 | yes=51c
Kalshi WS trade #1975: KXNCAAMBGAME-26FEB18PACWSU-PAC | yes | count=129.00 | yes=51c
Kalshi WS trade #1976: KXNCAAMBGAME-26FEB18PACWSU-PAC | yes | count=129.00 | yes=51c
Kalshi WS trade #1977: KXNCAAMBGAME-26FEB18PACWSU-PAC | yes | count=678.00 | yes=51c
Kalshi WS trade #1978: KXNCAAMBGAME-26FEB18NDSUSDST-NDSU | yes | count=25.00 | yes=97c
Kalshi WS trade #1979: KXNCAAMBTOTAL-26FEB18AUBMSST-153 | no | count=8.00 | yes=81c
Kalshi WS trade #1980: KXNCAAMBSPREAD-26FEB18VANMIZZ-MIZZ4 | no | count=21.00 | yes=33c
Kalshi WS trade #1981: KXNCAAMBTOTAL-26FEB18KENNMOSU-164 | no | count=50.00 | yes=57c
Kalshi WS trade #1982: KXNCAAMBTOTAL-26FEB18KENNMOSU-164 | no | count=68.00 | yes=57c
Kalshi WS trade #1983: KXNCAAMBTOTAL-26FEB18KENNMOSU-164 | no | count=276.00 | yes=56c
Kalshi WS trade #1984: KXNCAAMBSPREAD-26FEB18NDSUSDST-NDSU4 | no | count=45.00 | yes=50c
Kalshi WS trade #1985: KXNCAAMBSPREAD-26FEB18VANMIZZ-VAN14 | yes | count=319.00 | yes=5c
Kalshi WS trade #1986: KXNCAAMBGAME-26FEB18NCCUSCST-SCST | yes | count=4.00 | yes=58c
Kalshi WS trade #1987: KXNCAAMBGAME-26FEB18UTAHWVU-UTAH | yes | count=10.00 | yes=59c
Kalshi WS trade #1988: KXNCAAMBTOTAL-26FEB18GONZSF-156 | yes | count=40.00 | yes=32c
Kalshi WS trade #1989: KXNCAAMBTOTAL-26FEB18KENNMOSU-161 | no | count=20.00 | yes=68c
Kalshi WS trade #1990: KXNCAAMBGAME-26FEB18KENNMOSU-MOSU | yes | count=95.00 | yes=41c
Kalshi WS trade #1991: KXLOWTCHI-26FEB18-B44.5 | no | count=2.00 | yes=5c
Kalshi WS trade #1992: KXLOWTCHI-26FEB18-B44.5 | no | count=11.00 | yes=5c
Kalshi WS trade #1993: KXLOWTCHI-26FEB18-B44.5 | no | count=2.00 | yes=5c
Kalshi WS trade #1994: KXNCAAMBGAME-26FEB18VANMIZZ-MIZZ | yes | count=12.00 | yes=51c
Kalshi WS trade #1995: KXNBAGAME-26FEB19BOSGSW-BOS | yes | count=294.00 | yes=66c
Kalshi WS trade #1996: KXMRBEASTGAMES-26MAY01-152 | yes | count=233.00 | yes=2c
Kalshi WS trade #1997: KXETH15M-26FEB182200-00 | yes | count=1.00 | yes=58c
Kalshi WS trade #1998: KXNCAAMBSPREAD-26FEB18VANMIZZ-MIZZ1 | no | count=27.00 | yes=50c
Kalshi WS trade #1999: KXNCAAMBGAME-26FEB18DEPHALL-DEP | yes | count=2.00 | yes=87c
Kalshi WS trade #2000: KXNCAABMENTION-26FEB18BYUARIZ-NIL | yes | count=16.00 | yes=4c
Kalshi WS trade #2001: KXNCAAMBGAME-26FEB18CHARTLSA-CHAR | yes | count=133.00 | yes=13c
Kalshi WS trade #2002: KXNCAAMBGAME-26FEB18VANMIZZ-MIZZ | yes | count=18.00 | yes=51c
Kalshi WS trade #2003: KXNCAAMBGAME-26FEB18NCCUSCST-NCCU | yes | count=23.00 | yes=44c
Kalshi WS trade #2004: KXNCAAMBGAME-26FEB18VANMIZZ-VAN | yes | count=114.00 | yes=50c
Kalshi WS trade #2005: KXNCAAMBGAME-26FEB18CHARTLSA-TLSA | no | count=133.00 | yes=88c
Kalshi WS trade #2006: KXNCAAMBTOTAL-26FEB18NDSUSDST-147 | yes | count=2.00 | yes=50c
Kalshi WS trade #2007: KXNCAAWBGAME-26FEB18TARLSUU-SUU | yes | count=95.00 | yes=98c
Kalshi WS trade #2008: KXNCAAWBGAME-26FEB18TARLSUU-SUU | yes | count=1.00 | yes=98c
Kalshi WS trade #2009: KXNCAAWBGAME-26FEB18TARLSUU-SUU | yes | count=500.00 | yes=99c
Kalshi WS trade #2010: KXNCAAWBGAME-26FEB18TARLSUU-SUU | yes | count=414.00 | yes=99c
Kalshi WS trade #2011: KXNCAAMBTOTAL-26FEB18NDSUSDST-147 | no | count=13.00 | yes=50c
Kalshi WS trade #2012: KXCHISNOWM-26FEB-4.0 | yes | count=33.00 | yes=14c
Kalshi WS trade #2013: KXNCAAMBTOTAL-26FEB18SMCSEA-133 | no | count=4.00 | yes=54c
Kalshi WS trade #2014: KXNCAAWBGAME-26FEB18UNLVSDSU-UNLV | yes | count=66.00 | yes=36c
Kalshi WS trade #2015: KXBTC15M-26FEB182200-00 | no | count=27.00 | yes=65c
Kalshi WS trade #2016: KXNCAAMBSPREAD-26FEB18UVAGT-UVA13 | no | count=1.00 | yes=93c
Kalshi WS trade #2017: KXNCAAMBGAME-26FEB18KENNMOSU-MOSU | yes | count=34.00 | yes=42c
Kalshi WS trade #2018: KXNCAAMBGAME-26FEB18KENNMOSU-MOSU | yes | count=34.00 | yes=42c
Kalshi WS trade #2019: KXNCAAMBGAME-26FEB18KENNMOSU-MOSU | yes | count=34.00 | yes=42c
Kalshi WS trade #2020: KXNCAAMBGAME-26FEB18KENNMOSU-MOSU | yes | count=34.00 | yes=42c
Kalshi WS trade #2021: KXNCAAMBGAME-26FEB18KENNMOSU-MOSU | yes | count=34.00 | yes=42c
Kalshi WS trade #2022: KXNCAAMBGAME-26FEB18BYUARIZ-BYU | yes | count=47.00 | yes=20c
Kalshi WS trade #2023: KXNCAAMBTOTAL-26FEB18BYUARIZ-161 | no | count=10.00 | yes=47c
Kalshi WS trade #2024: KXATPMATCH-26FEB18GIRRUU-GIR | yes | count=98.00 | yes=65c
Kalshi WS trade #2025: KXNCAAMBSPREAD-26FEB18NDSUSDST-NDSU7 | no | count=2.00 | yes=22c
Kalshi WS trade #2026: KXBTC15M-26FEB182200-00 | no | count=5.00 | yes=65c
Kalshi WS trade #2027: KXNCAAWBGAME-26FEB18NEVCSU-NEV | no | count=267.00 | yes=2c
Kalshi WS trade #2028: KXNCAAWBGAME-26FEB18NEVCSU-NEV | no | count=285.00 | yes=2c
Kalshi WS trade #2029: KXNCAAWBGAME-26FEB18NEVCSU-NEV | no | count=32.00 | yes=1c
Kalshi WS trade #2030: KXNCAAMBSPREAD-26FEB18MURRILST-ILST6 | no | count=50.00 | yes=49c
Kalshi WS trade #2031: KXNCAAMBSPREAD-26FEB18MURRILST-ILST6 | no | count=246.00 | yes=49c
Kalshi WS trade #2032: KXNCAAMBSPREAD-26FEB18SJUMARQ-SJU9 | yes | count=310.00 | yes=45c
Kalshi WS trade #2033: KXNCAAMBSPREAD-26FEB18SJUMARQ-SJU9 | yes | count=190.00 | yes=45c
Kalshi WS trade #2034: KXNCAAMBGAME-26FEB18VANMIZZ-MIZZ | yes | count=28.00 | yes=51c
Kalshi WS trade #2035: KXNCAAMBGAME-26FEB18NDSUSDST-SDST | yes | count=33.00 | yes=5c
Kalshi WS trade #2036: KXNCAAMB1HWINNER-26FEB18SJUMARQ-TIE | yes | count=67.00 | yes=7c
Kalshi WS trade #2037: KXNCAAMBSPREAD-26FEB18DEPHALL-DEP4 | no | count=50.00 | yes=61c
Kalshi WS trade #2038: KXNCAAMBSPREAD-26FEB18DEPHALL-DEP4 | no | count=159.00 | yes=60c
Kalshi WS trade #2039: KXCS2-PGLCN26-FAL | no | count=5.00 | yes=28c
Kalshi WS trade #2040: KXTRAITORS-26DEC31C-MAU | no | count=36.00 | yes=2c
Kalshi WS trade #2041: KXTRAITORS-26DEC31C-MAU | no | count=64.00 | yes=2c
Kalshi WS trade #2042: KXBTCD-26FEB1822-T66749.99 | yes | count=85.00 | yes=10c
Kalshi WS trade #2043: KXBTCD-26FEB1822-T66749.99 | yes | count=100.00 | yes=10c
Kalshi WS trade #2044: KXNCAAMBGAME-26FEB18NDSUSDST-NDSU | yes | count=100.00 | yes=97c
Kalshi WS trade #2045: KXNCAAMBSPREAD-26FEB18SJUMARQ-SJU6 | yes | count=163.00 | yes=59c
Kalshi WS trade #2046: KXNCAAMBGAME-26FEB18SJUMARQ-MARQ | yes | count=4.00 | yes=20c
Kalshi WS trade #2047: KXTARIFFDECISIONRELEASE-26APR01 | no | count=5.00 | yes=71c
Kalshi WS trade #2048: KXTARIFFDECISIONRELEASE-26APR01 | no | count=15.00 | yes=70c
Kalshi WS trade #2049: KXTARIFFDECISIONRELEASE-26APR01 | no | count=2.00 | yes=70c
Kalshi WS trade #2050: KXTARIFFDECISIONRELEASE-26APR01 | no | count=4.00 | yes=68c
Kalshi WS trade #2051: KXTARIFFDECISIONRELEASE-26APR01 | no | count=12.00 | yes=47c
Kalshi WS trade #2052: KXNCAAMBGAME-26FEB18BYUARIZ-ARIZ | yes | count=59.00 | yes=83c
Kalshi WS trade #2053: KXNCAAMBSPREAD-26FEB18DEPHALL-DEP4 | no | count=2.00 | yes=61c
Kalshi WS trade #2054: KXNCAAMBGAME-26FEB18DEPHALL-HALL | yes | count=62.00 | yes=15c
Kalshi WS trade #2055: KXBTC15M-26FEB182200-00 | yes | count=1.00 | yes=67c
Kalshi WS trade #2056: KXMVESPORTSMULTIGAMEEXTENDED-S2026076D4733892-8CAAB46AF9A | yes | count=96.00 | yes=49c
Kalshi WS trade #2057: KXATPMATCH-26FEB18GIRRUU-GIR | yes | count=8.00 | yes=66c
Kalshi WS trade #2058: KXATPMATCH-26FEB18GIRRUU-GIR | yes | count=238.00 | yes=66c
Kalshi WS trade #2059: KXATPMATCH-26FEB18GIRRUU-GIR | yes | count=50.00 | yes=66c
Kalshi WS trade #2060: KXATPMATCH-26FEB18GIRRUU-RUU | no | count=19.00 | yes=34c
Kalshi WS trade #2061: KXMRBEASTGAMES-26MAY01-172 | yes | count=46.00 | yes=2c
Kalshi WS trade #2062: KXNCAAMBGAME-26FEB18ILLUSC-ILL | yes | count=25.00 | yes=82c
Kalshi WS trade #2063: KXNCAAMBSPREAD-26FEB18PEPPPORT-PORT7 | yes | count=9.00 | yes=49c
Kalshi WS trade #2064: KXNCAAMBGAME-26FEB18VANMIZZ-MIZZ | yes | count=5.00 | yes=50c
Kalshi WS trade #2065: KXNCAAMBGAME-26FEB18UTAHWVU-UTAH | yes | count=6.00 | yes=59c
Kalshi WS trade #2066: KXNCAAMBGAME-26FEB18UTAHWVU-UTAH | yes | count=30.00 | yes=59c
Kalshi WS trade #2067: KXNCAAMBGAME-26FEB18FAUUTSA-UTSA | yes | count=233.00 | yes=1c
Kalshi WS trade #2068: KXBTCD-26FEB1822-T66499.99 | yes | count=1.00 | yes=99c
Kalshi WS trade #2069: KXUECLGAME-26FEB19OMORIJ-OMO | yes | count=14.00 | yes=51c
Kalshi WS trade #2070: KXNCAAMBGAME-26FEB18DEPHALL-HALL | yes | count=12.00 | yes=15c
Kalshi WS trade #2071: KXNCAAMBTOTAL-26FEB18AUBMSST-153 | no | count=4.00 | yes=81c
Kalshi WS trade #2072: KXNCAAMBGAME-26FEB18VANMIZZ-MIZZ | yes | count=12.00 | yes=50c
Kalshi WS trade #2073: KXNCAAMBSPREAD-26FEB18PACWSU-WSU1 | yes | count=18.00 | yes=49c
Kalshi WS trade #2074: KXNCAAMBGAME-26FEB18MDNW-MD | no | count=24.00 | yes=2c
Kalshi WS trade #2075: KXNCAAMBGAME-26FEB18BYUARIZ-BYU | yes | count=23.00 | yes=20c
Kalshi WS trade #2076: KXNCAAMBGAME-26FEB18MDNW-MD | no | count=41.00 | yes=2c
Kalshi WS trade #2077: KXNCAAMBSPREAD-26FEB18SJUMARQ-SJU6 | yes | count=50.00 | yes=59c
Kalshi WS trade #2078: KXUFCFIGHT-26FEB21BRASOR-BRA | yes | count=1.00 | yes=54c
Kalshi WS trade #2079: KXUFCFIGHT-26FEB21BRASOR-BRA | yes | count=16.00 | yes=55c
Kalshi WS trade #2080: KXNCAAMBGAME-26FEB18SMCSEA-SEA | yes | count=100.00 | yes=6c
Kalshi WS trade #2081: KXNCAAMBGAME-26FEB18SMCSEA-SEA | yes | count=334.00 | yes=6c
Kalshi WS trade #2082: KXNCAAMBGAME-26FEB18SMCSEA-SEA | yes | count=334.00 | yes=6c
Kalshi WS trade #2083: KXNCAAMBGAME-26FEB18SMCSEA-SEA | yes | count=60.00 | yes=6c
Kalshi WS trade #2084: KXNCAAMBGAME-26FEB18SMCSEA-SEA | yes | count=422.00 | yes=6c
Kalshi WS trade #2085: KXNCAAMBGAME-26FEB18CHARTLSA-CHAR | yes | count=15.00 | yes=13c
Kalshi WS trade #2086: KXNCAAMBGAME-26FEB18CHARTLSA-CHAR | yes | count=50.00 | yes=13c
Kalshi WS trade #2087: KXNCAAMBGAME-26FEB18CHARTLSA-CHAR | yes | count=50.00 | yes=13c
Kalshi WS trade #2088: KXNCAAMBGAME-26FEB18CHARTLSA-CHAR | yes | count=50.00 | yes=13c
Kalshi WS trade #2089: KXNCAAMBGAME-26FEB18CHARTLSA-CHAR | yes | count=50.00 | yes=13c
Kalshi WS trade #2090: KXNCAAMBGAME-26FEB18CHARTLSA-CHAR | yes | count=50.00 | yes=13c
Kalshi WS trade #2091: KXNCAAMBGAME-26FEB18CHARTLSA-TLSA | no | count=15.00 | yes=88c
Kalshi WS trade #2092: KXNCAAMBTOTAL-26FEB18AUBMSST-153 | yes | count=64.00 | yes=86c
Kalshi WS trade #2093: KXNCAAMBSPREAD-26FEB18VANMIZZ-MIZZ1 | no | count=23.00 | yes=50c
Kalshi WS trade #2094: KXNCAAMBSPREAD-26FEB18VANMIZZ-MIZZ1 | no | count=300.00 | yes=50c
Kalshi WS trade #2095: KXLOWTLAX-26FEB18-B46.5 | yes | count=1.00 | yes=56c
Kalshi WS trade #2096: KXPSAKIMENTION-26FEB19-LIE | yes | count=93.00 | yes=1c
Kalshi WS trade #2097: KXTRUMPSAYMONTH-26MAR01BB | no | count=2.00 | yes=10c
Kalshi WS trade #2098: KXTRUMPSAYMONTH-26MAR01BB | no | count=7.00 | yes=9c
Kalshi WS trade #2099: KXTRUMPSAYMONTH-26MAR01BB | no | count=5.00 | yes=9c
Poly WS trade #25: asset=51797157743046504218... | SELL | size=28 | price=0.965
Kalshi WS trade #2100: KXBTCD-26FEB1822-T66749.99 | no | count=11.00 | yes=8c
Kalshi WS trade #2101: KXNCAAMBGAME-26FEB18UTAHWVU-UTAH | yes | count=14.00 | yes=59c
Poly WS trade #26: asset=74478130479911162155... | BUY | size=605 | price=0.002
Kalshi WS trade #2102: KXATPMATCH-26FEB18GIRRUU-RUU | yes | count=8.00 | yes=37c
Kalshi WS trade #2103: KXATPMATCH-26FEB18GIRRUU-RUU | yes | count=4.00 | yes=37c
Kalshi WS trade #2104: KXNCAAMBGAME-26FEB18VANMIZZ-VAN | yes | count=9.00 | yes=52c
Kalshi WS trade #2105: KXNCAAMBGAME-26FEB18KENNMOSU-MOSU | yes | count=4.00 | yes=44c
Kalshi WS trade #2106: KXNCAAMBGAME-26FEB18KENNMOSU-MOSU | yes | count=1.00 | yes=44c
Kalshi WS trade #2107: KXNCAAMBGAME-26FEB18KENNMOSU-MOSU | yes | count=34.00 | yes=44c
Kalshi WS trade #2108: KXNCAAMBGAME-26FEB18KENNMOSU-MOSU | yes | count=34.00 | yes=44c
Kalshi WS trade #2109: KXNCAAMBGAME-26FEB18KENNMOSU-MOSU | yes | count=51.00 | yes=44c
Kalshi WS trade #2110: KXNCAAMBGAME-26FEB18KENNMOSU-MOSU | yes | count=34.00 | yes=44c
Kalshi WS trade #2111: KXNCAAMBGAME-26FEB18KENNMOSU-MOSU | yes | count=34.00 | yes=44c
Kalshi WS trade #2112: KXNCAAMBGAME-26FEB18KENNMOSU-MOSU | yes | count=15.00 | yes=44c
Kalshi WS trade #2113: KXBTCD-26FEB1822-T66749.99 | yes | count=60.00 | yes=11c
Kalshi WS trade #2114: KXBTCD-26FEB1822-T66749.99 | yes | count=25.00 | yes=11c
Kalshi WS trade #2115: KXNCAAMBTOTAL-26FEB18SMCSEA-133 | no | count=3.00 | yes=54c
Kalshi WS trade #2116: KXNCAAMBTOTAL-26FEB18BYUARIZ-161 | yes | count=100.00 | yes=48c
Kalshi WS trade #2117: KXNCAAMBGAME-26FEB18DEPHALL-DEP | no | count=12.00 | yes=85c
Kalshi WS trade #2118: KXMVESPORTSMULTIGAMEEXTENDED-S20266B0DD98DBE7-9D1123F4E83 | yes | count=45.00 | yes=31c
Kalshi WS trade #2119: KXNCAAMBGAME-26FEB18CHARTLSA-TLSA | yes | count=5.00 | yes=89c
Kalshi WS trade #2120: KXNCAAMBGAME-26FEB18CHARTLSA-CHAR | no | count=13.00 | yes=11c
Kalshi WS trade #2121: KXNCAAMBGAME-26FEB18BYUARIZ-ARIZ | yes | count=440.00 | yes=82c
Kalshi WS trade #2122: KXNCAAMBGAME-26FEB18NCCUSCST-SCST | yes | count=16.00 | yes=58c
Kalshi WS trade #2123: KXATPMATCH-26FEB18GIRRUU-RUU | no | count=6.00 | yes=30c
Kalshi WS trade #2124: KXNCAAMBGAME-26FEB18BYUARIZ-ARIZ | no | count=29.00 | yes=81c
Kalshi WS trade #2125: KXNCAAMBTOTAL-26FEB18AUBMSST-168 | yes | count=162.00 | yes=41c
Kalshi WS trade #2126: KXNCAAMBGAME-26FEB18SJUMARQ-SJU | yes | count=1.00 | yes=81c
Kalshi WS trade #2127: KXEPLGAME-26FEB21AVLLEE-TIE | yes | count=88.00 | yes=27c
Kalshi WS trade #2128: KXNCAAMBTOTAL-26FEB18NCCUSCST-140 | no | count=3.00 | yes=47c
Kalshi WS trade #2129: KXNCAAMBGAME-26FEB18SJUMARQ-MARQ | yes | count=45.00 | yes=20c
Kalshi WS trade #2130: KXWOFSKATE-WOMENS26GOLD-APET | yes | count=1701.00 | yes=9c
Kalshi WS trade #2131: KXWOFSKATE-WOMENS26GOLD-APET | yes | count=1000.00 | yes=9c
Kalshi WS trade #2132: KXWOFSKATE-WOMENS26GOLD-APET | yes | count=2000.00 | yes=9c
Kalshi WS trade #2133: KXWOFSKATE-WOMENS26GOLD-APET | yes | count=157.00 | yes=10c
Kalshi WS trade #2134: KXALITOOUT-26SEP01 | yes | count=5.00 | yes=58c
Kalshi WS trade #2135: KXALITOOUT-26SEP01 | yes | count=3.00 | yes=59c
Kalshi WS trade #2136: KXNCAAMBTOTAL-26FEB18KENNMOSU-167 | no | count=50.00 | yes=41c
Kalshi WS trade #2137: KXNCAAMBTOTAL-26FEB18KENNMOSU-167 | no | count=274.00 | yes=41c
Kalshi WS trade #2138: KXNCAAMBTOTAL-26FEB18KENNMOSU-167 | no | count=68.00 | yes=41c
Kalshi WS trade #2139: KXNCAAMBTOTAL-26FEB18KENNMOSU-167 | no | count=25.00 | yes=41c
Kalshi WS trade #2140: KXNCAAMBTOTAL-26FEB18BYUARIZ-158 | yes | count=10.00 | yes=61c
Kalshi WS trade #2141: KXT20MATCH-26FEB19ITAWI-WI | yes | count=10.00 | yes=91c
Kalshi WS trade #2142: KXNCAAMBGAME-26FEB18BYUARIZ-BYU | yes | count=94.00 | yes=20c
Kalshi WS trade #2143: KXNCAAMBGAME-26FEB18VANMIZZ-MIZZ | yes | count=83.00 | yes=50c
Kalshi WS trade #2144: KXNCAAMBGAME-26FEB18VANMIZZ-MIZZ | yes | count=11.00 | yes=50c
Kalshi WS trade #2145: KXNCAAMBTOTAL-26FEB18AUBMSST-168 | yes | count=68.00 | yes=41c
Kalshi WS trade #2146: KXNCAAMBTOTAL-26FEB18AUBMSST-168 | yes | count=230.00 | yes=41c
Kalshi WS trade #2147: KXNCAAMBTOTAL-26FEB18AUBMSST-168 | yes | count=230.00 | yes=41c
Kalshi WS trade #2148: KXNCAAMBTOTAL-26FEB18AUBMSST-168 | yes | count=230.00 | yes=41c
Kalshi WS trade #2149: KXNCAAMBTOTAL-26FEB18AUBMSST-168 | yes | count=27.00 | yes=41c
Kalshi WS trade #2150: KXBTCMAX150-25-26MAR31-149999.99 | yes | count=25.00 | yes=3c
Kalshi WS trade #2151: KXNCAAMBGAME-26FEB18DEPHALL-DEP | no | count=4.00 | yes=85c
Kalshi WS trade #2152: KXNBAGAME-26FEB19DETNYK-DET | yes | count=33.00 | yes=40c
Kalshi WS trade #2153: KXNCAAMBGAME-26FEB18BYUARIZ-BYU | yes | count=113.00 | yes=20c
Kalshi WS trade #2154: KXATPMATCH-26FEB19MENSIN-MEN | yes | count=51.00 | yes=8c
Kalshi WS trade #2155: KXNCAAMBGAME-26FEB18VANMIZZ-MIZZ | yes | count=6.00 | yes=50c
Kalshi WS trade #2156: KXNCAAWBGAME-26FEB18UTAUTU-UTU | yes | count=2.00 | yes=16c
Kalshi WS trade #2157: KXNCAAMBGAME-26FEB18BYUARIZ-BYU | yes | count=500.00 | yes=20c
Kalshi WS trade #2158: KXNCAAMBGAME-26FEB18BYUARIZ-BYU | yes | count=10.00 | yes=20c
Kalshi WS trade #2159: KXNCAAMBGAME-26FEB18BYUARIZ-BYU | yes | count=436.00 | yes=20c
Kalshi WS trade #2160: KXNCAAWBGAME-26FEB18UTAUTU-UTA | no | count=2.00 | yes=86c
Kalshi WS trade #2161: KXNCAAMBTOTAL-26FEB18CSUUNLV-133 | yes | count=8.00 | yes=83c
Kalshi WS trade #2162: KXBTC15M-26FEB182200-00 | yes | count=19.00 | yes=67c
Kalshi WS trade #2163: KXBTC15M-26FEB182200-00 | yes | count=1.00 | yes=67c
Kalshi WS trade #2164: KXBTC15M-26FEB182200-00 | yes | count=5.00 | yes=67c
Kalshi WS trade #2165: KXBTC15M-26FEB182200-00 | yes | count=11.00 | yes=67c
Kalshi WS trade #2166: KXNCAAMBGAME-26FEB18VANMIZZ-MIZZ | yes | count=83.00 | yes=50c
Kalshi WS trade #2167: KXNCAAMBGAME-26FEB18VANMIZZ-MIZZ | yes | count=519.00 | yes=50c
Kalshi WS trade #2168: KXBTCD-26FEB1822-T66749.99 | yes | count=1.00 | yes=11c
Kalshi WS trade #2169: KXNCAAWBGAME-26FEB19QUCJAC-JAC | yes | count=25.00 | yes=95c
Kalshi WS trade #2170: KXNCAAMBGAME-26FEB18VANMIZZ-MIZZ | yes | count=96.00 | yes=50c
Kalshi WS trade #2171: KXNCAAMBSPREAD-26FEB18BYUARIZ-ARIZ6 | yes | count=7.00 | yes=64c
Kalshi WS trade #2172: KXNCAAMBGAME-26FEB18AUBMSST-MSST | yes | count=100.00 | yes=82c
Kalshi WS trade #2173: KXNCAAMBGAME-26FEB18VANMIZZ-MIZZ | yes | count=100.00 | yes=50c
Kalshi WS trade #2174: KXNCAAMBSPREAD-26FEB18BYUARIZ-ARIZ6 | yes | count=23.00 | yes=64c
Kalshi WS trade #2175: KXNCAAMBSPREAD-26FEB18BYUARIZ-ARIZ6 | yes | count=10.00 | yes=64c
Kalshi WS trade #2176: KXNCAAMBGAME-26FEB18NDSUSDST-NDSU | yes | count=60.00 | yes=97c
Kalshi WS trade #2177: KXNCAAMBGAME-26FEB18NDSUSDST-NDSU | yes | count=145.00 | yes=97c
Kalshi WS trade #2178: KXMVESPORTSMULTIGAMEEXTENDED-S2026AE8D28B638F-2EFCBE9D098 | yes | count=78.00 | yes=4c
Kalshi WS trade #2179: KXMVESPORTSMULTIGAMEEXTENDED-S20263EAB0AA2D29-2F7A7E715B9 | yes | count=1066.00 | yes=16c
Kalshi WS trade #2180: KXMVESPORTSMULTIGAMEEXTENDED-S20263EAB0AA2D29-2F7A7E715B9 | yes | count=23.00 | yes=21c
Kalshi WS trade #2181: KXNCAAMBGAME-26FEB18PACWSU-PAC | yes | count=200.00 | yes=51c
Kalshi WS trade #2182: KXNCAAMBGAME-26FEB18PACWSU-PAC | yes | count=129.00 | yes=51c
Kalshi WS trade #2183: KXNCAAMBGAME-26FEB18PACWSU-PAC | yes | count=129.00 | yes=51c
Kalshi WS trade #2184: KXNCAAMBGAME-26FEB18PACWSU-PAC | yes | count=15.00 | yes=51c
Kalshi WS trade #2185: KXMVESPORTSMULTIGAMEEXTENDED-S2026AC5F4DD799C-36689AF44AE | yes | count=9.00 | yes=24c
Kalshi WS trade #2186: KXMVESPORTSMULTIGAMEEXTENDED-S2026AC5F4DD799C-36689AF44AE | yes | count=98.00 | yes=26c
Kalshi WS trade #2187: KXNCAAMBGAME-26FEB18KENNMOSU-MOSU | no | count=129.00 | yes=41c
Kalshi WS trade #2188: KXNCAAMBGAME-26FEB18BYUARIZ-ARIZ | yes | count=120.00 | yes=82c
Kalshi WS trade #2189: KXNCAAMBGAME-26FEB18KENNMOSU-KENN | yes | count=31.00 | yes=59c
Kalshi WS trade #2190: KXNCAAMBSPREAD-26FEB18BYUARIZ-ARIZ6 | no | count=167.00 | yes=64c
Kalshi WS trade #2191: KXNCAAMBGAME-26FEB18UTAHWVU-WVU | yes | count=54.00 | yes=42c
Kalshi WS trade #2192: KXNCAAMBGAME-26FEB18UTAHWVU-WVU | yes | count=54.00 | yes=42c
Kalshi WS trade #2193: KXNCAAMBGAME-26FEB18UTAHWVU-WVU | yes | count=54.00 | yes=42c
Kalshi WS trade #2194: KXNCAAMBGAME-26FEB18UTAHWVU-WVU | yes | count=54.00 | yes=42c
Kalshi WS trade #2195: KXNCAAMBGAME-26FEB18UTAHWVU-WVU | yes | count=54.00 | yes=42c
Kalshi WS trade #2196: KXNCAAMBGAME-26FEB18DEPHALL-DEP | yes | count=2.00 | yes=87c
Kalshi WS trade #2197: KXNCAAMBGAME-26FEB18GONZSF-SF | yes | count=117.00 | yes=8c
Kalshi WS trade #2198: KXNCAAMBGAME-26FEB18BYUARIZ-ARIZ | yes | count=17.00 | yes=82c
Kalshi WS trade #2199: KXDPWORLDTOUR-MAKOPBA26-VAHL | yes | count=187.00 | yes=1c
Kalshi WS trade #2200: KXNCAAMBGAME-26FEB18BYUARIZ-BYU | yes | count=22.00 | yes=20c
Kalshi WS trade #2201: KXNCAAMBGAME-26FEB18GONZSF-SF | yes | count=34.00 | yes=8c
Kalshi WS trade #2202: KXNCAAMBGAME-26FEB18NDSUSDST-SDST | yes | count=285.00 | yes=5c
Kalshi WS trade #2203: KXBTCD-26FEB1822-T66749.99 | no | count=100.00 | yes=9c
Kalshi WS trade #2204: KXBTCD-26FEB1822-T66749.99 | no | count=100.00 | yes=8c
Kalshi WS trade #2205: KXNCAAMBGAME-26FEB18BYUARIZ-ARIZ | yes | count=5.00 | yes=82c
Kalshi WS trade #2206: KXBERNIEMENTION-26FEB19-SOCI | no | count=33.00 | yes=15c
Kalshi WS trade #2207: KXBERNIEMENTION-26FEB19-SOCI | no | count=2.00 | yes=15c
Poly WS trade #27: asset=69324317355037271422... | SELL | size=30 | price=0.034
Kalshi WS trade #2208: KXNCAAMBGAME-26FEB18VANMIZZ-VAN | yes | count=18.00 | yes=52c
Kalshi WS trade #2209: KXBERNIEMENTION-26FEB19-ICE | yes | count=13.00 | yes=67c
Kalshi WS trade #2210: KXNCAAMBGAME-26FEB18CHARTLSA-CHAR | yes | count=41.00 | yes=14c
Kalshi WS trade #2211: KXBTCD-26FEB1822-T66749.99 | no | count=23.00 | yes=8c
Kalshi WS trade #2212: KXNCAAMBGAME-26FEB18VANMIZZ-VAN | yes | count=1150.00 | yes=52c
Kalshi WS trade #2213: KXNCAAMBGAME-26FEB18VANMIZZ-VAN | yes | count=2000.00 | yes=52c
Kalshi WS trade #2214: KXNCAAMBGAME-26FEB18VANMIZZ-VAN | yes | count=1168.00 | yes=52c
Kalshi WS trade #2215: KXNCAAMBGAME-26FEB18VANMIZZ-VAN | yes | count=49.00 | yes=52c
Kalshi WS trade #2216: KXNCAAMBGAME-26FEB18DEPHALL-HALL | yes | count=314.00 | yes=15c
Kalshi WS trade #2217: KXXRP15M-26FEB182200-00 | no | count=1.00 | yes=74c
Kalshi WS trade #2218: KXNCAAMBGAME-26FEB18CHARTLSA-CHAR | yes | count=9.00 | yes=14c
Kalshi WS trade #2219: KXNCAAMBGAME-26FEB18CHARTLSA-CHAR | yes | count=24.00 | yes=14c
Kalshi WS trade #2220: KXNCAAMBGAME-26FEB18AUBMSST-AUB | yes | count=99.00 | yes=19c
Kalshi WS trade #2221: KXNCAAMBGAME-26FEB18NDSUSDST-SDST | yes | count=9.00 | yes=5c
Kalshi WS trade #2222: KXNCAAMBGAME-26FEB18KENNMOSU-MOSU | yes | count=4.00 | yes=44c
Kalshi WS trade #2223: KXNCAAMBSPREAD-26FEB18BYUARIZ-ARIZ9 | yes | count=9.00 | yes=49c
Kalshi WS trade #2224: KXNCAAMBTOTAL-26FEB18SMCSEA-136 | no | count=50.00 | yes=42c
Kalshi WS trade #2225: KXNCAAMBTOTAL-26FEB18SMCSEA-136 | no | count=75.00 | yes=42c
Kalshi WS trade #2226: KXNCAAMBGAME-26FEB18DEPHALL-DEP | yes | count=37.00 | yes=87c
Kalshi WS trade #2227: KXNCAAMBGAME-26FEB18CHARTLSA-CHAR | yes | count=2.00 | yes=14c
Kalshi WS trade #2228: KXNCAAMBGAME-26FEB18BYUARIZ-BYU | no | count=77.00 | yes=19c
Kalshi WS trade #2229: KXNCAAMBGAME-26FEB18BYUARIZ-BYU | no | count=7.00 | yes=18c
Kalshi WS trade #2230: KXNCAAMBSPREAD-26FEB18BYUARIZ-ARIZ9 | yes | count=110.00 | yes=49c
Kalshi WS trade #2231: KXNCAAMBSPREAD-26FEB18BYUARIZ-ARIZ9 | yes | count=10.00 | yes=49c
Kalshi WS trade #2232: KXNCAAMBSPREAD-26FEB18BYUARIZ-ARIZ9 | yes | count=30.00 | yes=50c
Kalshi WS trade #2233: KXNCAAMBSPREAD-26FEB18BYUARIZ-ARIZ9 | yes | count=9.00 | yes=51c
Kalshi WS trade #2234: KXNCAAMBSPREAD-26FEB18BYUARIZ-ARIZ9 | yes | count=1000.00 | yes=52c
Kalshi WS trade #2235: KXNCAAMBSPREAD-26FEB18BYUARIZ-ARIZ9 | yes | count=279.00 | yes=53c
Kalshi WS trade #2236: KXNCAAMBGAME-26FEB18MURRILST-ILST | yes | count=23.00 | yes=80c
Kalshi WS trade #2237: KXNBAGAME-26FEB19BOSGSW-GSW | yes | count=2.00 | yes=36c
Kalshi WS trade #2238: KXNCAAMBTOTAL-26FEB18SMCSEA-133 | no | count=19.00 | yes=54c
Kalshi WS trade #2239: KXBTCD-26FEB1822-T66749.99 | yes | count=85.00 | yes=10c
Kalshi WS trade #2240: KXBTCD-26FEB1822-T66749.99 | yes | count=100.00 | yes=10c
Kalshi WS trade #2241: KXNCAAMBGAME-26FEB18MDNW-MD | no | count=116.00 | yes=2c
Kalshi WS trade #2242: KXNCAAMBSPREAD-26FEB18VANMIZZ-VAN2 | yes | count=5.00 | yes=45c
Kalshi WS trade #2243: KXNCAAMBSPREAD-26FEB18VANMIZZ-VAN2 | yes | count=354.00 | yes=46c
Kalshi WS trade #2244: KXNCAAMBSPREAD-26FEB18VANMIZZ-VAN2 | yes | count=50.00 | yes=46c
Kalshi WS trade #2245: KXNCAAMBSPREAD-26FEB18VANMIZZ-VAN2 | yes | count=376.00 | yes=46c
Kalshi WS trade #2246: KXNCAAMBGAME-26FEB18NCCUSCST-NCCU | yes | count=1.00 | yes=44c
Kalshi WS trade #2247: KXNCAAMBSPREAD-26FEB18BYUARIZ-ARIZ6 | yes | count=1.00 | yes=65c
Kalshi WS trade #2248: KXNCAAMBGAME-26FEB18DEPHALL-HALL | yes | count=62.00 | yes=15c
Kalshi WS trade #2249: KXNCAAMBGAME-26FEB18CHARTLSA-CHAR | yes | count=12.00 | yes=14c
Kalshi WS trade #2250: KXNCAAMBGAME-26FEB18KENNMOSU-KENN | yes | count=121.00 | yes=59c
Kalshi WS trade #2251: KXNCAAMBGAME-26FEB18BYUARIZ-ARIZ | yes | count=89.00 | yes=82c
Kalshi WS trade #2252: KXNCAAMBGAME-26FEB18KUOKST-KU | yes | count=52.00 | yes=95c
Kalshi WS trade #2253: KXNCAAMBGAME-26FEB18NCCUSCST-SCST | yes | count=8.00 | yes=58c
Kalshi WS trade #2254: KXNCAAMBGAME-26FEB18KENNMOSU-KENN | yes | count=163.00 | yes=59c
Kalshi WS trade #2255: KXNCAAMBGAME-26FEB18NCCUSCST-NCCU | yes | count=30.00 | yes=44c
Kalshi WS trade #2256: KXNCAAMBGAME-26FEB18NCCUSCST-NCCU | yes | count=75.00 | yes=44c
Kalshi WS trade #2257: KXNCAAMBGAME-26FEB18NCCUSCST-NCCU | yes | count=75.00 | yes=44c
Kalshi WS trade #2258: KXNCAAMBGAME-26FEB18NCCUSCST-NCCU | yes | count=37.00 | yes=44c
Kalshi WS trade #2259: KXBTCD-26FEB1822-T66749.99 | no | count=215.00 | yes=10c
Kalshi WS trade #2260: KXNCAAMBTOTAL-26FEB18DEPHALL-142 | yes | count=187.00 | yes=5c
Kalshi WS trade #2261: KXBTC15M-26FEB182200-00 | no | count=13.00 | yes=65c
Poly WS trade #28: asset=82991837887127223585... | BUY | size=61.96 | price=0.969
Kalshi WS trade #2262: KXNCAAMBGAME-26FEB18ILLUSC-USC | yes | count=113.00 | yes=20c
Kalshi WS trade #2263: KXATPMATCH-26FEB18GIRRUU-GIR | yes | count=25.00 | yes=65c
Kalshi WS trade #2264: KXNCAAMBGAME-26FEB18BYUARIZ-BYU | yes | count=454.00 | yes=20c
Kalshi WS trade #2265: KXNCAABMENTION-26FEB18ILLUSC-AIRB | no | count=1.00 | yes=48c
Kalshi WS trade #2266: KXNCAAMBGAME-26FEB18NCCUSCST-SCST | yes | count=18.00 | yes=58c
Kalshi WS trade #2267: KXNCAAMBGAME-26FEB18NCCUSCST-SCST | yes | count=43.00 | yes=58c
Kalshi WS trade #2268: KXNCAAMBGAME-26FEB18NCCUSCST-SCST | yes | count=50.00 | yes=58c
Kalshi WS trade #2269: KXNCAAMBGAME-26FEB18BYUARIZ-BYU | yes | count=1363.00 | yes=20c
Kalshi WS trade #2270: KXBTC15M-26FEB182200-00 | no | count=8.00 | yes=65c
Kalshi WS trade #2271: KXBTC15M-26FEB182200-00 | no | count=7.00 | yes=65c
Kalshi WS trade #2272: KXNCAAMBGAME-26FEB18BYUARIZ-ARIZ | yes | count=329.00 | yes=82c
Kalshi WS trade #2273: KXNCAAMBGAME-26FEB18BYUARIZ-ARIZ | yes | count=4000.00 | yes=82c
Kalshi WS trade #2274: KXNCAAMBGAME-26FEB18BYUARIZ-ARIZ | yes | count=70.00 | yes=82c
Kalshi WS trade #2275: KXNCAAMBGAME-26FEB18BYUARIZ-BYU | yes | count=23.00 | yes=20c
Kalshi WS trade #2276: KXBERNIEMENTION-26FEB19-BERN | yes | count=50.00 | yes=53c
Kalshi WS trade #2277: KXBERNIEMENTION-26FEB19-BERN | yes | count=50.00 | yes=53c
Kalshi WS trade #2278: KXBTC15M-26FEB182200-00 | no | count=93.00 | yes=65c
Kalshi WS trade #2279: KXBTC15M-26FEB182200-00 | no | count=43.00 | yes=65c
Kalshi WS trade #2280: MOON-27DEC31 | no | count=10.00 | yes=12c
Kalshi WS trade #2281: KXNCAAMBGAME-26FEB18DEPHALL-DEP | yes | count=45.00 | yes=87c
Kalshi WS trade #2282: KXNCAAMBGAME-26FEB18NDSUSDST-SDST | yes | count=10.00 | yes=5c
Kalshi WS trade #2283: KXNCAAMBGAME-26FEB18CHARTLSA-CHAR | yes | count=12.00 | yes=14c
Kalshi WS trade #2284: KXNCAAMBGAME-26FEB18CHARTLSA-CHAR | yes | count=19.00 | yes=14c
Kalshi WS trade #2285: KXNCAAMBGAME-26FEB18KENNMOSU-KENN | yes | count=16.00 | yes=59c
Kalshi WS trade #2286: KXNCAAMBGAME-26FEB18KENNMOSU-KENN | yes | count=100.00 | yes=59c
Kalshi WS trade #2287: KXNCAAMBGAME-26FEB18KENNMOSU-KENN | yes | count=34.00 | yes=59c
Kalshi WS trade #2288: KXNCAAMBGAME-26FEB18KENNMOSU-KENN | yes | count=34.00 | yes=59c
Kalshi WS trade #2289: KXNCAAMBGAME-26FEB18KENNMOSU-KENN | yes | count=34.00 | yes=59c
Kalshi WS trade #2290: KXNCAAMBGAME-26FEB18KENNMOSU-KENN | yes | count=34.00 | yes=59c
Kalshi WS trade #2291: KXNCAAMBGAME-26FEB18KENNMOSU-KENN | yes | count=34.00 | yes=59c
Kalshi WS trade #2292: KXNCAAMBGAME-26FEB18BYUARIZ-BYU | no | count=58.00 | yes=18c
Kalshi WS trade #2293: KXNCAAMBGAME-26FEB18CHARTLSA-CHAR | yes | count=20.00 | yes=14c
Kalshi WS trade #2294: KXNCAAMBTOTAL-26FEB18NDSUSDST-144 | no | count=9.00 | yes=39c
Kalshi WS trade #2295: KXNCAAMBGAME-26FEB18DEPHALL-DEP | yes | count=25.00 | yes=87c
Kalshi WS trade #2296: KXNCAAMBGAME-26FEB18KENNMOSU-MOSU | yes | count=15.00 | yes=44c
Kalshi WS trade #2297: KXNCAAMBGAME-26FEB18KENNMOSU-MOSU | yes | count=34.00 | yes=44c
Kalshi WS trade #2298: KXNCAAMBGAME-26FEB18KENNMOSU-MOSU | yes | count=34.00 | yes=44c
Kalshi WS trade #2299: KXNCAAMBGAME-26FEB18KENNMOSU-MOSU | yes | count=51.00 | yes=44c
Kalshi WS trade #2300: KXNCAAMBGAME-26FEB18KENNMOSU-MOSU | yes | count=9.00 | yes=44c
Kalshi WS trade #2301: KXNCAAMBGAME-26FEB18KENNMOSU-MOSU | yes | count=150.00 | yes=45c
Kalshi WS trade #2302: KXNCAAMBGAME-26FEB18KENNMOSU-MOSU | yes | count=50.00 | yes=45c
Kalshi WS trade #2303: KXNCAAMBGAME-26FEB18KENNMOSU-MOSU | yes | count=34.00 | yes=45c
Kalshi WS trade #2304: KXNCAAMBGAME-26FEB18KENNMOSU-MOSU | yes | count=34.00 | yes=45c
Kalshi WS trade #2305: KXNCAAMBGAME-26FEB18KENNMOSU-MOSU | yes | count=193.00 | yes=45c
Kalshi WS trade #2306: KXNCAAMBGAME-26FEB18NDSUSDST-NDSU | yes | count=51.00 | yes=97c
Kalshi WS trade #2307: KXNCAAMBGAME-26FEB18NCCUSCST-NCCU | yes | count=5.00 | yes=44c
Kalshi WS trade #2308: KXNCAAMBGAME-26FEB18BYUARIZ-BYU | yes | count=32.00 | yes=20c
Kalshi WS trade #2309: KXNCAAMBGAME-26FEB18BYUARIZ-BYU | yes | count=60.00 | yes=20c
Kalshi WS trade #2310: KXNCAAMBGAME-26FEB18BYUARIZ-BYU | yes | count=26.00 | yes=20c
Kalshi WS trade #2311: KXNCAABMENTION-26FEB18BYUARIZ-NIL | no | count=8.00 | yes=3c
Kalshi WS trade #2312: KXNCAABMENTION-26FEB18BYUARIZ-NIL | no | count=1.00 | yes=3c
Kalshi WS trade #2313: KXNCAABMENTION-26FEB18BYUARIZ-NIL | no | count=40.00 | yes=3c
Kalshi WS trade #2314: KXNCAABMENTION-26FEB18BYUARIZ-NIL | no | count=5.00 | yes=3c
Kalshi WS trade #2315: KXMVESPORTSMULTIGAMEEXTENDED-S2026F28C41CFDA0-6D1FF7D8A12 | yes | count=304.00 | yes=27c
Kalshi WS trade #2316: KXATPMATCH-26FEB18GIRRUU-RUU | yes | count=5.00 | yes=37c
Kalshi WS trade #2317: KXMVESPORTSMULTIGAMEEXTENDED-S2026B422FED16C8-0565BEE57F2 | yes | count=97.00 | yes=16c
Kalshi WS trade #2318: KXMVESPORTSMULTIGAMEEXTENDED-S2026B422FED16C8-0565BEE57F2 | yes | count=14.00 | yes=17c
Kalshi WS trade #2319: KXPGAMAKECUT-THGI26-SBUR | yes | count=4117.00 | yes=83c
Kalshi WS trade #2320: KXNCAAMBTOTAL-26FEB18BYUARIZ-161 | yes | count=201.00 | yes=48c
Kalshi WS trade #2321: KXNCAAMBGAME-26FEB18AUBMSST-AUB | no | count=64.00 | yes=18c
Kalshi WS trade #2322: KXNCAAMBGAME-26FEB18PACWSU-PAC | yes | count=1.00 | yes=51c
Kalshi WS trade #2323: KXNBAGAME-26FEB19BOSGSW-GSW | yes | count=26.00 | yes=36c
Kalshi WS trade #2324: KXNCAAMBGAME-26FEB18BYUARIZ-BYU | yes | count=71.00 | yes=20c
Kalshi WS trade #2325: KXNCAAMBTOTAL-26FEB18AUBMSST-153 | yes | count=166.00 | yes=86c
Kalshi WS trade #2326: KXNCAAMBTOTAL-26FEB18AUBMSST-153 | yes | count=230.00 | yes=86c
Kalshi WS trade #2327: KXNCAAMBTOTAL-26FEB18AUBMSST-153 | yes | count=230.00 | yes=86c
Kalshi WS trade #2328: KXNCAAMBTOTAL-26FEB18AUBMSST-153 | yes | count=50.00 | yes=86c
Kalshi WS trade #2329: KXNCAAMBTOTAL-26FEB18AUBMSST-153 | yes | count=230.00 | yes=86c
Kalshi WS trade #2330: KXNCAAMBTOTAL-26FEB18AUBMSST-153 | yes | count=103.00 | yes=86c
Kalshi WS trade #2331: KXNCAAMB1HSPREAD-26FEB18ILLUSC-ILL5 | yes | count=139.00 | yes=52c
Kalshi WS trade #2332: KXNCAAMBGAME-26FEB18NDSUSDST-SDST | yes | count=25.00 | yes=5c
Kalshi WS trade #2333: KXNCAAMBGAME-26FEB18DEPHALL-HALL | yes | count=47.00 | yes=15c
Kalshi WS trade #2334: KXNCAAMBGAME-26FEB18SJUMARQ-MARQ | yes | count=10.00 | yes=20c
Kalshi WS trade #2335: KXNCAAMBSPREAD-26FEB18CSUUNLV-UNLV1 | yes | count=51.00 | yes=57c
Kalshi WS trade #2336: KXNCAAMBGAME-26FEB18NDSUSDST-NDSU | yes | count=40.00 | yes=97c
Poly WS trade #29: asset=46553455570564517989... | SELL | size=34 | price=0.007
Kalshi WS trade #2337: KXNCAAMBGAME-26FEB18NCCUSCST-SCST | yes | count=1000.00 | yes=58c
Kalshi WS trade #2338: KXNCAAMBGAME-26FEB18NCCUSCST-SCST | yes | count=75.00 | yes=58c
Kalshi WS trade #2339: KXNCAAMBGAME-26FEB18NCCUSCST-SCST | yes | count=75.00 | yes=58c
Kalshi WS trade #2340: KXNCAAMBGAME-26FEB18NCCUSCST-SCST | yes | count=75.00 | yes=58c
Kalshi WS trade #2341: KXNCAAMBGAME-26FEB18NCCUSCST-SCST | yes | count=75.00 | yes=58c
Kalshi WS trade #2342: KXNCAAMBGAME-26FEB18NCCUSCST-SCST | yes | count=75.00 | yes=58c
Kalshi WS trade #2343: KXNCAAMBGAME-26FEB18MDNW-MD | no | count=80.00 | yes=2c
Kalshi WS trade #2344: KXNCAAMBGAME-26FEB18AUBMSST-MSST | yes | count=36.00 | yes=82c
Kalshi WS trade #2345: KXNCAAMBGAME-26FEB18BYUARIZ-BYU | no | count=15.00 | yes=18c
Kalshi WS trade #2346: KXNCAAMBGAME-26FEB18BYUARIZ-BYU | yes | count=203.00 | yes=20c
Kalshi WS trade #2347: KXNCAAMBGAME-26FEB18BYUARIZ-BYU | yes | count=41.00 | yes=20c
Kalshi WS trade #2348: KXNCAAMBTOTAL-26FEB18MDNW-145 | no | count=5.00 | yes=54c
Kalshi WS trade #2349: KXNCAAMBTOTAL-26FEB18MDNW-145 | no | count=2.00 | yes=54c
Kalshi WS trade #2350: KXNCAAMBGAME-26FEB18MURRILST-MURR | yes | count=33.00 | yes=22c
Kalshi WS trade #2351: KXNCAAWBGAME-26FEB18UNMGC-GC | no | count=4.00 | yes=13c
Kalshi WS trade #2352: KXNCAAWBGAME-26FEB18UNMGC-GC | no | count=5.00 | yes=12c
Kalshi WS trade #2353: KXATPMATCH-26FEB18GIRRUU-RUU | yes | count=54.00 | yes=31c
Kalshi WS trade #2354: KXNCAAMBTOTAL-26FEB18AUBMSST-153 | no | count=2.00 | yes=81c
Kalshi WS trade #2355: KXNCAAMBGAME-26FEB18SJUMARQ-MARQ | yes | count=18.00 | yes=20c
Kalshi WS trade #2356: KXNCAAMBGAME-26FEB18SJUMARQ-MARQ | yes | count=28.00 | yes=20c
Kalshi WS trade #2357: KXBTC-26FEB1822-B66375 | no | count=14.00 | yes=2c
Kalshi WS trade #2358: KXNCAAMBSPREAD-26FEB18UTAHWVU-WVU4 | no | count=50.00 | yes=24c
Kalshi WS trade #2359: KXNCAAMBSPREAD-26FEB18UTAHWVU-WVU4 | no | count=109.00 | yes=24c
Kalshi WS trade #2360: KXNCAAMBGAME-26FEB18KENNMOSU-KENN | yes | count=350.00 | yes=58c
Kalshi WS trade #2361: KXNCAAMBGAME-26FEB18KENNMOSU-KENN | yes | count=338.00 | yes=58c
Kalshi WS trade #2362: KXNCAAMBGAME-26FEB18GONZSF-GONZ | yes | count=5.00 | yes=94c
Kalshi WS trade #2363: KXNCAAMBGAME-26FEB18ILLUSC-USC | yes | count=28.00 | yes=20c
Kalshi WS trade #2364: KXNCAABMENTION-26FEB18BYUARIZ-DOUB | no | count=8.00 | yes=56c
Kalshi WS trade #2365: KXNCAAMBGAME-26FEB18UTAHWVU-UTAH | yes | count=31.00 | yes=59c
Kalshi WS trade #2366: KXNCAAMBGAME-26FEB18BYUARIZ-BYU | yes | count=23.00 | yes=20c
Kalshi WS trade #2367: KXNCAAMBSPREAD-26FEB18DEPHALL-HALL2 | no | count=2.00 | yes=3c
Kalshi WS trade #2368: KXNCAAMBSPREAD-26FEB18ILLUSC-ILL9 | no | count=46.00 | yes=48c
Kalshi WS trade #2369: KXMVESPORTSMULTIGAMEEXTENDED-S20260E96F4C7676-CBFC1B203F7 | yes | count=170.00 | yes=25c
Kalshi WS trade #2370: KXMVESPORTSMULTIGAMEEXTENDED-S20267BC4BD8238F-DA87121A334 | yes | count=21.00 | yes=3c
Kalshi WS trade #2371: KXMVESPORTSMULTIGAMEEXTENDED-S20267BC4BD8238F-DA87121A334 | yes | count=4.00 | yes=3c
Kalshi WS trade #2372: KXNCAAMBGAME-26FEB18BYUARIZ-ARIZ | yes | count=58.00 | yes=82c
Kalshi WS trade #2373: KXNCAAMBGAME-26FEB18VANMIZZ-VAN | yes | count=3.00 | yes=53c
Kalshi WS trade #2374: KXNCAAMBGAME-26FEB18NCCUSCST-NCCU | no | count=300.00 | yes=43c
Kalshi WS trade #2375: KXNCAAMBGAME-26FEB18KENNMOSU-MOSU | no | count=138.00 | yes=42c
Kalshi WS trade #2376: KXNCAAMBGAME-26FEB18AUBMSST-MSST | yes | count=1.00 | yes=82c
Kalshi WS trade #2377: KXNCAAMBGAME-26FEB18UTAHWVU-UTAH | yes | count=8.00 | yes=59c
Kalshi WS trade #2378: KXNCAAMBGAME-26FEB18AUBMSST-AUB | yes | count=4.00 | yes=19c
Kalshi WS trade #2379: KXNCAAMB1HWINNER-26FEB18SJUMARQ-MARQ | yes | count=70.00 | yes=10c
Kalshi WS trade #2380: KXNCAAMB1HWINNER-26FEB18SJUMARQ-MARQ | yes | count=70.00 | yes=18c
Kalshi WS trade #2381: KXNCAAMB1HWINNER-26FEB18SJUMARQ-MARQ | yes | count=30.00 | yes=97c
Kalshi WS trade #2382: KXATPMATCH-26FEB18GIRRUU-RUU | yes | count=2.00 | yes=29c
Kalshi WS trade #2383: KXATPMATCH-26FEB18GIRRUU-RUU | yes | count=128.00 | yes=30c
Kalshi WS trade #2384: KXNCAAMBGAME-26FEB18KENNMOSU-KENN | yes | count=25.00 | yes=58c
Kalshi WS trade #2385: KXATPMATCH-26FEB18GIRRUU-RUU | yes | count=5.00 | yes=30c
Kalshi WS trade #2386: KXNCAAMBGAME-26FEB18PACWSU-PAC | yes | count=85.00 | yes=51c
Kalshi WS trade #2387: KXNCAAMBGAME-26FEB18NDSUSDST-SDST | yes | count=9.00 | yes=5c
Kalshi WS trade #2388: KXHIGHMIA-26FEB19-B84.5 | yes | count=7.00 | yes=20c
Kalshi WS trade #2389: KXNCAAMBGAME-26FEB18BYUARIZ-BYU | yes | count=23.00 | yes=20c
Kalshi WS trade #2390: KXNCAAMBGAME-26FEB18UTAHWVU-UTAH | yes | count=8.00 | yes=59c
Kalshi WS trade #2391: KXNCAAMBGAME-26FEB18BYUARIZ-BYU | yes | count=236.00 | yes=20c
Kalshi WS trade #2392: KXNCAAMBGAME-26FEB18UTAHWVU-WVU | yes | count=54.00 | yes=42c
Kalshi WS trade #2393: KXNCAAMBGAME-26FEB18UTAHWVU-WVU | yes | count=54.00 | yes=42c
Kalshi WS trade #2394: KXNCAAMBGAME-26FEB18UTAHWVU-WVU | yes | count=54.00 | yes=42c
Kalshi WS trade #2395: KXNCAAMBGAME-26FEB18UTAHWVU-WVU | yes | count=54.00 | yes=42c
Kalshi WS trade #2396: KXNCAAMBGAME-26FEB18UTAHWVU-WVU | yes | count=54.00 | yes=42c
Kalshi WS trade #2397: KXBTC15M-26FEB182200-00 | no | count=13.00 | yes=65c
Kalshi WS trade #2398: KXNCAAMBGAME-26FEB18BYUARIZ-BYU | yes | count=94.00 | yes=20c
Kalshi WS trade #2399: KXBTC15M-26FEB182200-00 | no | count=1.00 | yes=65c
Kalshi WS trade #2400: KXNCAAMBGAME-26FEB18VANMIZZ-VAN | yes | count=145.00 | yes=53c
Kalshi WS trade #2401: KXNCAAMBGAME-26FEB18NDSUSDST-SDST | yes | count=100.00 | yes=5c
Kalshi WS trade #2402: KXNCAAMBGAME-26FEB18KENNMOSU-KENN | yes | count=16.00 | yes=58c
Kalshi WS trade #2403: KXNCAAMBSPREAD-26FEB18NDSUSDST-NDSU4 | no | count=8.00 | yes=46c
Kalshi WS trade #2404: KXNCAAMBSPREAD-26FEB18NDSUSDST-NDSU4 | no | count=1.00 | yes=46c
Kalshi WS trade #2405: KXATPMATCH-26FEB18GIRRUU-RUU | yes | count=112.00 | yes=30c
Kalshi WS trade #2406: KXNCAAMBGAME-26FEB18BYUARIZ-ARIZ | yes | count=2.00 | yes=82c
Kalshi WS trade #2407: KXNCAAMBGAME-26FEB18BYUARIZ-ARIZ | yes | count=27.00 | yes=83c
Kalshi WS trade #2408: KXNCAAMBGAME-26FEB18NCCUSCST-NCCU | yes | count=13.00 | yes=43c
Kalshi WS trade #2409: KXNCAAMBGAME-26FEB18BYUARIZ-BYU | yes | count=14.00 | yes=20c
Kalshi WS trade #2410: KXNCAAMBGAME-26FEB18CHARTLSA-CHAR | yes | count=11.00 | yes=14c
Kalshi WS trade #2411: KXNCAAMBGAME-26FEB18CHARTLSA-CHAR | yes | count=50.00 | yes=14c
Kalshi WS trade #2412: KXNCAAMBGAME-26FEB18CHARTLSA-CHAR | yes | count=1.00 | yes=14c
Kalshi WS trade #2413: KXNCAAMBGAME-26FEB18NDSUSDST-NDSU | yes | count=182.00 | yes=97c
Kalshi WS trade #2414: KXHIGHMIA-26FEB19-B84.5 | yes | count=3.00 | yes=20c
Kalshi WS trade #2415: KXPGATOP10-THGI26-HMAT | yes | count=22.00 | yes=33c
Kalshi WS trade #2416: KXNCAAMBGAME-26FEB18BYUARIZ-BYU | yes | count=23.00 | yes=20c
Kalshi WS trade #2417: KXNCAAMBGAME-26FEB18SJUMARQ-MARQ | no | count=25.00 | yes=19c
Kalshi WS trade #2418: KXNCAAMBSPREAD-26FEB18MDNW-NW17 | yes | count=100.00 | yes=7c
Kalshi WS trade #2419: KXNCAAMBGAME-26FEB18CHARTLSA-CHAR | yes | count=15.00 | yes=14c
Kalshi WS trade #2420: KXNCAAMBSPREAD-26FEB18PACWSU-WSU1 | no | count=8.00 | yes=46c
Kalshi WS trade #2421: KXPGATOP20-THGI26-VHOV | yes | count=22.00 | yes=42c
Kalshi WS trade #2422: KXMVESPORTSMULTIGAMEEXTENDED-S20260BA27A25665-A51844CC950 | yes | count=934.00 | yes=1c
Kalshi WS trade #2423: KXMVESPORTSMULTIGAMEEXTENDED-S2026A4C89C0F420-6202B23A55A | yes | count=359.00 | yes=1c
Kalshi WS trade #2424: KXNCAAMBGAME-26FEB18NDSUSDST-NDSU | yes | count=1.00 | yes=97c
Kalshi WS trade #2425: KXNCAAMBGAME-26FEB18CHARTLSA-CHAR | yes | count=34.00 | yes=14c
Kalshi WS trade #2426: KXNCAAMBGAME-26FEB18CHARTLSA-CHAR | yes | count=60.00 | yes=14c
Kalshi WS trade #2427: KXNCAAMBGAME-26FEB18CHARTLSA-CHAR | yes | count=13.00 | yes=14c
Kalshi WS trade #2428: KXNBAGAME-26FEB19ATLPHI-ATL | no | count=32.00 | yes=48c
Kalshi WS trade #2429: KXNCAAMBSPREAD-26FEB18BYUARIZ-ARIZ12 | yes | count=13.00 | yes=36c
Kalshi WS trade #2430: KXNCAAWBGAME-26FEB18UTAUTU-UTU | yes | count=2.00 | yes=17c
Kalshi WS trade #2431: KXNCAAWBGAME-26FEB18UTAUTU-UTU | yes | count=72.00 | yes=19c
Kalshi WS trade #2432: KXNCAAMBSPREAD-26FEB18BYUARIZ-ARIZ9 | no | count=10.00 | yes=44c
Kalshi WS trade #2433: KXNCAAMBSPREAD-26FEB18BYUARIZ-ARIZ9 | no | count=9.00 | yes=44c
Kalshi WS trade #2434: KXNCAAMBSPREAD-26FEB18BYUARIZ-ARIZ9 | no | count=50.00 | yes=44c
Kalshi WS trade #2435: KXNCAAMBSPREAD-26FEB18BYUARIZ-ARIZ9 | no | count=16.00 | yes=44c
Kalshi WS trade #2436: KXNCAAMBGAME-26FEB18UVAGT-GT | yes | count=66.00 | yes=1c
Kalshi WS trade #2437: KXNCAAWBGAME-26FEB18UTAUTU-UTA | no | count=2.00 | yes=85c
Kalshi WS trade #2438: KXNCAABMENTION-26FEB18BYUARIZ-MCKA | yes | count=13.00 | yes=17c
Kalshi WS trade #2439: KXNCAAMBGAME-26FEB18AUBMSST-MSST | yes | count=23.00 | yes=82c
Kalshi WS trade #2440: KXNCAAMBGAME-26FEB18SMCSEA-SMC | yes | count=20.00 | yes=96c
Kalshi WS trade #2441: KXNCAAMBGAME-26FEB18SMCSEA-SMC | yes | count=60.00 | yes=96c
Kalshi WS trade #2442: KXNCAAMBGAME-26FEB18SMCSEA-SMC | yes | count=89.00 | yes=96c
Kalshi WS trade #2443: KXNCAAMBGAME-26FEB18SMCSEA-SMC | yes | count=113.00 | yes=96c
Kalshi WS trade #2444: KXNCAAMBSPREAD-26FEB18DEPHALL-DEP4 | no | count=48.00 | yes=61c
Kalshi WS trade #2445: KXNCAAMBSPREAD-26FEB18DEPHALL-DEP4 | no | count=452.00 | yes=60c
Kalshi WS trade #2446: KXNCAAMBGAME-26FEB18NDSUSDST-SDST | yes | count=9.00 | yes=5c
Kalshi WS trade #2447: KXNCAAMBGAME-26FEB18VANMIZZ-VAN | yes | count=170.00 | yes=53c
Kalshi WS trade #2448: KXNCAABMENTION-26FEB18ARKALA-MARC | yes | count=59.00 | yes=1c
Kalshi WS trade #2449: KXATPCHALLENGERMATCH-26FEB18GILBAR-GIL | yes | count=17.00 | yes=54c
Kalshi WS trade #2450: KXNCAAMBGAME-26FEB18VANMIZZ-VAN | yes | count=9.00 | yes=53c
Kalshi WS trade #2451: KXNCAAMBGAME-26FEB18SJUMARQ-MARQ | yes | count=32.00 | yes=20c
Kalshi WS trade #2452: KXNCAAMBGAME-26FEB18SJUMARQ-MARQ | yes | count=82.00 | yes=21c
Kalshi WS trade #2453: KXNCAAMBGAME-26FEB18BYUARIZ-BYU | yes | count=14.00 | yes=20c
Kalshi WS trade #2454: KXNCAAMBTOTAL-26FEB18ORUNEOM-151 | no | count=5.00 | yes=45c
Kalshi WS trade #2455: KXNCAAMBGAME-26FEB18VANMIZZ-VAN | yes | count=45.00 | yes=53c
Kalshi WS trade #2456: KXNCAAMBGAME-26FEB18DEPHALL-DEP | yes | count=28.00 | yes=87c
Kalshi WS trade #2457: KXNCAAMBGAME-26FEB18DEPHALL-DEP | yes | count=47.00 | yes=87c
Kalshi WS trade #2458: KXNCAAMBGAME-26FEB18BYUARIZ-BYU | yes | count=71.00 | yes=20c
Kalshi WS trade #2459: KXNCAAMBTOTAL-26FEB18DEPHALL-130 | no | count=2.00 | yes=38c
Kalshi WS trade #2460: KXNCAAMBTOTAL-26FEB18DEPHALL-130 | no | count=18.00 | yes=37c
Kalshi WS trade #2461: KXPGATOUR-THGI26-SSCH | yes | count=80.00 | yes=23c
Kalshi WS trade #2462: KXNCAAMBSPREAD-26FEB18BYUARIZ-ARIZ9 | no | count=5.00 | yes=45c
Kalshi WS trade #2463: KXNCAAMBGAME-26FEB18BSUUSU-BSU | yes | count=172.00 | yes=20c
Kalshi WS trade #2464: KXNCAAMBGAME-26FEB18BSUUSU-BSU | yes | count=791.00 | yes=20c
Kalshi WS trade #2465: KXNCAAMBGAME-26FEB18UTAHWVU-UTAH | yes | count=3278.00 | yes=59c
Kalshi WS trade #2466: KXNCAAMBSPREAD-26FEB18ILLUSC-ILL3 | yes | count=25.00 | yes=74c
Kalshi WS trade #2467: KXNCAAMBSPREAD-26FEB18ILLUSC-ILL3 | yes | count=9.00 | yes=74c
Kalshi WS trade #2468: KXNCAAMBGAME-26FEB18KENNMOSU-MOSU | yes | count=34.00 | yes=43c
Kalshi WS trade #2469: KXNCAAMBGAME-26FEB18KENNMOSU-MOSU | yes | count=34.00 | yes=43c
Kalshi WS trade #2470: KXNCAAMBGAME-26FEB18KENNMOSU-MOSU | yes | count=34.00 | yes=43c
Kalshi WS trade #2471: KXNCAAMBGAME-26FEB18KENNMOSU-MOSU | yes | count=34.00 | yes=43c
Kalshi WS trade #2472: KXNCAAMBGAME-26FEB18KENNMOSU-MOSU | yes | count=34.00 | yes=43c
Kalshi WS trade #2473: KXNCAAMBGAME-26FEB18KENNMOSU-MOSU | yes | count=34.00 | yes=44c
Kalshi WS trade #2474: KXNCAAMBGAME-26FEB18KENNMOSU-MOSU | yes | count=51.00 | yes=44c
Kalshi WS trade #2475: KXNCAAMBGAME-26FEB18KENNMOSU-MOSU | yes | count=34.00 | yes=44c
Kalshi WS trade #2476: KXNCAAMBGAME-26FEB18KENNMOSU-MOSU | yes | count=26.00 | yes=44c
Kalshi WS trade #2477: KXNCAAMBGAME-26FEB18VANMIZZ-MIZZ | yes | count=1181.00 | yes=49c
Kalshi WS trade #2478: KXNCAAMBGAME-26FEB18VANMIZZ-MIZZ | yes | count=30.00 | yes=49c
Kalshi WS trade #2479: KXNCAAMBGAME-26FEB18VANMIZZ-MIZZ | yes | count=94.00 | yes=49c
Kalshi WS trade #2480: KXNCAAMBGAME-26FEB18VANMIZZ-MIZZ | yes | count=655.00 | yes=49c
Kalshi WS trade #2481: KXATPMATCH-26FEB18GIRRUU-RUU | yes | count=468.00 | yes=30c
Kalshi WS trade #2482: KXNCAAMBSPREAD-26FEB18UTAHWVU-UTAH2 | no | count=1.00 | yes=48c
Kalshi WS trade #2483: KXNCAAMBSPREAD-26FEB18UTAHWVU-UTAH2 | no | count=75.00 | yes=48c
Kalshi WS trade #2484: KXNCAAMBSPREAD-26FEB18BYUARIZ-ARIZ9 | yes | count=4.00 | yes=49c
Kalshi WS trade #2485: KXNCAAMBGAME-26FEB18DEPHALL-HALL | yes | count=11.00 | yes=15c
Kalshi WS trade #2486: KXNCAAMBGAME-26FEB18UTAHWVU-WVU | yes | count=11.00 | yes=42c
Kalshi WS trade #2487: KXNCAAMBGAME-26FEB18BYUARIZ-BYU | yes | count=23.00 | yes=20c
Kalshi WS trade #2488: KXBTC15M-26FEB182200-00 | no | count=29.00 | yes=65c
Kalshi WS trade #2489: KXNCAAMBTOTAL-26FEB18BYUARIZ-164 | yes | count=2.00 | yes=38c
Kalshi WS trade #2490: KXXRP15M-26FEB182200-00 | no | count=14.00 | yes=75c
Kalshi WS trade #2491: KXNCAAMBSPREAD-26FEB18MDNW-NW8 | no | count=14.00 | yes=67c
Kalshi WS trade #2492: KXNCAAMBSPREAD-26FEB18MDNW-NW8 | no | count=5.00 | yes=67c
Kalshi WS trade #2493: KXNCAAMBSPREAD-26FEB18MDNW-NW8 | no | count=4.00 | yes=66c
Kalshi WS trade #2494: KXNCAAMBSPREAD-26FEB18MDNW-NW8 | no | count=27.00 | yes=65c
Kalshi WS trade #2495: KXMVESPORTSMULTIGAMEEXTENDED-S2026BA1D69F815D-E22E801FD24 | yes | count=152.00 | yes=0c
Kalshi WS trade #2496: KXNCAAMBGAME-26FEB18BYUARIZ-BYU | yes | count=23.00 | yes=20c
Kalshi WS trade #2497: KXMVESPORTSMULTIGAMEEXTENDED-S202642A7E8C3ABC-38322F4C6A4 | yes | count=826.00 | yes=48c
Kalshi WS trade #2498: KXNCAAMBGAME-26FEB18PACWSU-PAC | yes | count=18.00 | yes=51c
Kalshi WS trade #2499: KXNCAAMBGAME-26FEB18SJUMARQ-SJU | no | count=60.00 | yes=81c
Kalshi WS trade #2500: KXNCAAMBGAME-26FEB18ILLUSC-USC | yes | count=47.00 | yes=20c
Kalshi WS trade #2501: KXNCAAMBGAME-26FEB18BYUARIZ-BYU | yes | count=94.00 | yes=19c
Kalshi WS trade #2502: KXNCAAMBGAME-26FEB18SJUMARQ-MARQ | no | count=154.00 | yes=19c
Kalshi WS trade #2503: KXNCAAMBGAME-26FEB18SJUMARQ-MARQ | no | count=50.00 | yes=19c
Kalshi WS trade #2504: KXNCAAMBGAME-26FEB18VANMIZZ-MIZZ | yes | count=10.00 | yes=49c
Kalshi WS trade #2505: KXNCAAMBGAME-26FEB18SJUMARQ-MARQ | yes | count=23.00 | yes=20c
Kalshi WS trade #2506: KXNCAAMBGAME-26FEB18UTAHWVU-UTAH | yes | count=24.00 | yes=59c
Kalshi WS trade #2507: KXNCAAMBGAME-26FEB18DEPHALL-HALL | yes | count=314.00 | yes=15c
Kalshi WS trade #2508: KXNCAAMBSPREAD-26FEB18MURRILST-ILST6 | yes | count=19.00 | yes=49c
Kalshi WS trade #2509: KXNCAAMBSPREAD-26FEB18BYUARIZ-ARIZ3 | yes | count=10.00 | yes=78c
Poly WS trade #30: asset=51797157743046504218... | SELL | size=30 | price=0.965
Kalshi WS trade #2510: KXNCAAMBGAME-26FEB18KENNMOSU-KENN | yes | count=81.00 | yes=58c
Kalshi WS trade #2511: KXBTC15M-26FEB182200-00 | no | count=2.00 | yes=65c
Kalshi WS trade #2512: KXNCAAMBGAME-26FEB18BYUARIZ-BYU | yes | count=199.00 | yes=19c
Kalshi WS trade #2513: KXNCAAMBSPREAD-26FEB18BYUARIZ-ARIZ9 | no | count=10.00 | yes=45c
Kalshi WS trade #2514: KXNCAAMBSPREAD-26FEB18BYUARIZ-ARIZ9 | no | count=23.00 | yes=44c
Kalshi WS trade #2515: KXNCAAMBGAME-26FEB18AUBMSST-AUB | yes | count=24.00 | yes=19c
Kalshi WS trade #2516: KXNCAAMBGAME-26FEB18NDSUSDST-SDST | yes | count=5.00 | yes=5c
Kalshi WS trade #2517: KXNCAAMBGAME-26FEB18NDSUSDST-SDST | yes | count=137.00 | yes=5c
Kalshi WS trade #2518: KXNCAAMBGAME-26FEB18BYUARIZ-BYU | yes | count=42.00 | yes=19c
Kalshi WS trade #2519: KXNCAAMBGAME-26FEB18VANMIZZ-MIZZ | yes | count=401.00 | yes=49c
Kalshi WS trade #2520: KXNCAAMBGAME-26FEB18SJUMARQ-MARQ | yes | count=46.00 | yes=19c
Kalshi WS trade #2521: KXNCAAMBGAME-26FEB18VANMIZZ-VAN | yes | count=18.00 | yes=53c
Kalshi WS trade #2522: KXNCAAMBGAME-26FEB18VANMIZZ-VAN | yes | count=1.00 | yes=53c
Kalshi WS trade #2523: KXNCAAMBSPREAD-26FEB18BYUARIZ-ARIZ9 | yes | count=10.00 | yes=49c
Kalshi WS trade #2524: KXNCAAMBGAME-26FEB18PEPPPORT-PORT | yes | count=12.00 | yes=76c
Kalshi WS trade #2525: KXNCAAMBSPREAD-26FEB18KUOKST-KU18 | yes | count=17.00 | yes=30c
Kalshi WS trade #2526: KXNCAAMBSPREAD-26FEB18KUOKST-KU18 | yes | count=469.00 | yes=30c
Kalshi WS trade #2527: KXNCAAMBSPREAD-26FEB18KUOKST-KU18 | yes | count=14.00 | yes=30c
Kalshi WS trade #2528: KXNCAAMBSPREAD-26FEB18ORUNEOM-NEOM13 | no | count=29.00 | yes=32c
Kalshi WS trade #2529: KXNCAAMBSPREAD-26FEB18ORUNEOM-NEOM13 | no | count=108.00 | yes=32c
Kalshi WS trade #2530: KXNCAAMBSPREAD-26FEB18ORUNEOM-NEOM13 | no | count=50.00 | yes=32c
Kalshi WS trade #2531: KXNCAAMBSPREAD-26FEB18ORUNEOM-NEOM10 | no | count=50.00 | yes=55c
Kalshi WS trade #2532: KXNCAAMBSPREAD-26FEB18ORUNEOM-NEOM10 | no | count=108.00 | yes=55c
Kalshi WS trade #2533: KXNCAAMBGAME-26FEB18KENNMOSU-MOSU | yes | count=15.00 | yes=43c
Kalshi WS trade #2534: KXBTCD-26FEB1822-T66749.99 | no | count=1.00 | yes=9c
Kalshi WS trade #2535: KXNCAAMBGAME-26FEB18VANMIZZ-VAN | yes | count=89.00 | yes=53c
Kalshi WS trade #2536: KXNCAAMBGAME-26FEB18VANMIZZ-MIZZ | yes | count=98.00 | yes=49c
Kalshi WS trade #2537: KXBTC15M-26FEB182200-00 | no | count=13.00 | yes=65c
Kalshi WS trade #2538: KXJOBLESSCLAIMS-26FEB19-210000 | yes | count=500.00 | yes=94c
Kalshi WS trade #2539: KXJOBLESSCLAIMS-26FEB19-210000 | yes | count=42.00 | yes=94c
Kalshi WS trade #2540: KXNCAAMBGAME-26FEB18VANMIZZ-VAN | yes | count=14.00 | yes=53c
Kalshi WS trade #2541: KXATPMATCH-26FEB18GIRRUU-GIR | yes | count=18.00 | yes=74c
Kalshi WS trade #2542: KXNCAAMBTOTAL-26FEB18SMCSEA-139 | no | count=22.00 | yes=35c
Kalshi WS trade #2543: KXBTCD-26FEB1822-T66749.99 | yes | count=85.00 | yes=10c
Kalshi WS trade #2544: KXNCAAMBSPREAD-26FEB18ORUNEOM-NEOM13 | yes | count=163.00 | yes=32c
Kalshi WS trade #2545: KXNCAAMBSPREAD-26FEB18ORUNEOM-NEOM13 | yes | count=108.00 | yes=38c
Kalshi WS trade #2546: KXNCAAMBSPREAD-26FEB18ORUNEOM-NEOM13 | yes | count=108.00 | yes=38c
Kalshi WS trade #2547: KXNCAAMBSPREAD-26FEB18ORUNEOM-NEOM13 | yes | count=108.00 | yes=38c
Kalshi WS trade #2548: KXNCAAMBSPREAD-26FEB18ORUNEOM-NEOM13 | yes | count=108.00 | yes=38c
Kalshi WS trade #2549: KXNCAAMBSPREAD-26FEB18ORUNEOM-NEOM13 | yes | count=42.00 | yes=38c
Kalshi WS trade #2550: KXNCAAMBTOTAL-26FEB18BYUARIZ-161 | yes | count=50.00 | yes=48c
Kalshi WS trade #2551: KXTRUMPMENTION-26FEB28-DRIL | no | count=21.00 | yes=55c
Kalshi WS trade #2552: KXMVESPORTSMULTIGAMEEXTENDED-S20267F45F4176E4-EAF0B1E0AE7 | yes | count=41.00 | yes=23c
Kalshi WS trade #2553: KXNCAAMBTOTAL-26FEB18KENNMOSU-170 | yes | count=1000.00 | yes=37c
Kalshi WS trade #2554: KXNCAAMBTOTAL-26FEB18KENNMOSU-170 | yes | count=30.00 | yes=38c
Kalshi WS trade #2555: KXMVESPORTSMULTIGAMEEXTENDED-S2026FF1E4560489-9FC2A0039F8 | yes | count=293.00 | yes=8c
Kalshi WS trade #2556: KXMVESPORTSMULTIGAMEEXTENDED-S2026AFF8695C4F3-5232A4C0F22 | yes | count=4.00 | yes=19c
Kalshi WS trade #2557: KXNCAAMBGAME-26FEB18DEPHALL-DEP | yes | count=3.00 | yes=87c
Kalshi WS trade #2558: KXNCAAMBGAME-26FEB18DEPHALL-DEP | yes | count=64.00 | yes=87c
Kalshi WS trade #2559: KXNCAAMBGAME-26FEB18KENNMOSU-KENN | yes | count=29.00 | yes=58c
Kalshi WS trade #2560: KXNCAAMBGAME-26FEB18KUOKST-OKST | yes | count=156.00 | yes=6c
Kalshi WS trade #2561: KXATPMATCH-26FEB18GIRRUU-RUU | yes | count=9.00 | yes=29c
Kalshi WS trade #2562: KXNCAAMBGAME-26FEB18BYUARIZ-BYU | no | count=58.00 | yes=18c
Kalshi WS trade #2563: KXNCAAMBGAME-26FEB18DEPHALL-HALL | yes | count=19.00 | yes=15c
Kalshi WS trade #2564: KXNCAAMBTOTAL-26FEB18DEPHALL-124 | no | count=4.00 | yes=71c
Kalshi WS trade #2565: KXNCAAMBSPREAD-26FEB18CSUUNLV-UNLV4 | yes | count=78.00 | yes=44c
Kalshi WS trade #2566: KXNCAAMBGAME-26FEB18DEPHALL-DEP | yes | count=1.00 | yes=87c
Poly WS trade #31: asset=54073086346734626735... | SELL | size=36 | price=0.005
Kalshi WS trade #2567: KXNCAAMBGAME-26FEB18BYUARIZ-BYU | yes | count=23.00 | yes=19c
Kalshi WS trade #2568: KXNCAAMBTOTAL-26FEB18DEPHALL-127 | yes | count=164.00 | yes=59c
Kalshi WS trade #2569: KXNCAAMBGAME-26FEB18KENNMOSU-KENN | yes | count=8.00 | yes=58c
Kalshi WS trade #2570: KXSENATETXD-26-JCRO | yes | count=76.00 | yes=25c
Kalshi WS trade #2571: KXMRBEASTGAMES-26MAY01-191 | no | count=143.00 | yes=5c
Kalshi WS trade #2572: KXMRBEASTGAMES-26MAY01-191 | no | count=205.00 | yes=5c
Kalshi WS trade #2573: KXMRBEASTGAMES-26MAY01-191 | no | count=16.00 | yes=5c
Kalshi WS trade #2574: KXMRBEASTGAMES-26MAY01-191 | no | count=143.00 | yes=5c
Kalshi WS trade #2575: KXMRBEASTGAMES-26MAY01-191 | no | count=597.00 | yes=5c
Kalshi WS trade #2576: KXMRBEASTGAMES-26MAY01-191 | no | count=149.00 | yes=5c
Kalshi WS trade #2577: KXMRBEASTGAMES-26MAY01-191 | no | count=192.00 | yes=5c
Kalshi WS trade #2578: KXMRBEASTGAMES-26MAY01-191 | no | count=149.00 | yes=5c
Kalshi WS trade #2579: KXMRBEASTGAMES-26MAY01-191 | no | count=922.00 | yes=5c
Kalshi WS trade #2580: KXMRBEASTGAMES-26MAY01-191 | no | count=71.00 | yes=5c
Kalshi WS trade #2581: KXNCAAMBGAME-26FEB18CHARTLSA-CHAR | yes | count=44.00 | yes=15c
Kalshi WS trade #2582: KXNCAAMBGAME-26FEB18UTAHWVU-UTAH | yes | count=49.00 | yes=59c
Kalshi WS trade #2583: KXNCAAMBGAME-26FEB18BYUARIZ-BYU | yes | count=23.00 | yes=19c
Kalshi WS trade #2584: KXGOVTSHUTLENGTH-26FEB07-G20 | yes | count=100.00 | yes=73c
Kalshi WS trade #2585: KXNCAAMBGAME-26FEB18DEPHALL-HALL | no | count=235.00 | yes=14c
Kalshi WS trade #2586: KXATPMATCH-26FEB18GIRRUU-GIR | no | count=5.00 | yes=72c
Kalshi WS trade #2587: KXNCAAMBGAME-26FEB18DEPHALL-HALL | yes | count=44.00 | yes=15c
Kalshi WS trade #2588: KXNCAAMBTOTAL-26FEB18ORUNEOM-151 | yes | count=11.00 | yes=41c
Kalshi WS trade #2589: KXNCAAMBTOTAL-26FEB18ORUNEOM-151 | yes | count=689.00 | yes=42c
Kalshi WS trade #2590: KXNCAAWBGAME-26FEB19QUCJAC-JAC | yes | count=25.00 | yes=95c
Kalshi WS trade #2591: KXNCAAMBGAME-26FEB18CHARTLSA-CHAR | yes | count=50.00 | yes=14c
Kalshi WS trade #2592: KXNCAAMBGAME-26FEB18CHARTLSA-CHAR | yes | count=12.00 | yes=14c
Kalshi WS trade #2593: KXNCAAMBGAME-26FEB18BYUARIZ-BYU | yes | count=69.00 | yes=19c
Kalshi WS trade #2594: KXNCAAMBGAME-26FEB18BYUARIZ-BYU | yes | count=30.00 | yes=19c
Kalshi WS trade #2595: KXMARMAD-26-ARIZ | no | count=188.00 | yes=11c
Kalshi WS trade #2596: KXNCAAMBTOTAL-26FEB18BYUARIZ-152 | no | count=10.00 | yes=75c
Kalshi WS trade #2597: KXNCAAMBTOTAL-26FEB18BYUARIZ-152 | no | count=5.00 | yes=74c
Kalshi WS trade #2598: KXNCAAMBTOTAL-26FEB18AUBMSST-153 | no | count=8.00 | yes=82c
Kalshi WS trade #2599: KXNCAAMBSPREAD-26FEB18BYUARIZ-ARIZ9 | yes | count=10.00 | yes=49c
Kalshi WS trade #2600: KXNCAAMBSPREAD-26FEB18BYUARIZ-ARIZ9 | yes | count=20.00 | yes=49c
Kalshi WS trade #2601: KXATPMATCH-26FEB18GIRRUU-RUU | no | count=10.00 | yes=28c
Kalshi WS trade #2602: KXATPMATCH-26FEB18GIRRUU-RUU | no | count=114.00 | yes=28c
Kalshi WS trade #2603: KXBTC15M-26FEB182200-00 | no | count=5.00 | yes=66c
Kalshi WS trade #2604: KXNCAAMBGAME-26FEB18DEPHALL-HALL | yes | count=78.00 | yes=15c
Kalshi WS trade #2605: KXNCAAMBGAME-26FEB18CHARTLSA-TLSA | yes | count=1.00 | yes=89c
Kalshi WS trade #2606: KXNCAAMBSPREAD-26FEB18ORUNEOM-NEOM7 | no | count=12.00 | yes=78c
Kalshi WS trade #2607: KXNCAAMBGAME-26FEB18BYUARIZ-BYU | yes | count=45.00 | yes=19c
Kalshi WS trade #2608: KXNCAAMBTOTAL-26FEB18ORUNEOM-151 | yes | count=9.00 | yes=41c
Kalshi WS trade #2609: KXNCAAMBGAME-26FEB18CHARTLSA-CHAR | yes | count=18.00 | yes=14c
Kalshi WS trade #2610: KXNCAAMBGAME-26FEB18UTAHWVU-UTAH | yes | count=32.00 | yes=59c
Kalshi WS trade #2611: KXNCAAMBGAME-26FEB18KENNMOSU-KENN | yes | count=191.00 | yes=58c
Kalshi WS trade #2612: KXNCAAMBGAME-26FEB18KENNMOSU-KENN | yes | count=100.00 | yes=58c
Kalshi WS trade #2613: KXNCAAMBGAME-26FEB18KENNMOSU-MOSU | yes | count=19.00 | yes=43c
Kalshi WS trade #2614: KXNCAAMBGAME-26FEB18KUOKST-OKST | yes | count=31.00 | yes=6c
Kalshi WS trade #2615: KXNCAAMBGAME-26FEB18KENNMOSU-KENN | yes | count=17.00 | yes=59c
Kalshi WS trade #2616: KXNCAAMBGAME-26FEB18NDSUSDST-NDSU | yes | count=10.00 | yes=97c
Kalshi WS trade #2617: KXSOL15M-26FEB182200-00 | no | count=1.00 | yes=69c
Kalshi WS trade #2618: KXSOL15M-26FEB182200-00 | no | count=27.00 | yes=67c
Kalshi WS trade #2619: KXNCAAMBGAME-26FEB18SMCSEA-SMC | yes | count=21.00 | yes=95c
Kalshi WS trade #2620: KXNCAAMBGAME-26FEB18SMCSEA-SMC | yes | count=93.00 | yes=95c
Kalshi WS trade #2621: KXNCAAMBGAME-26FEB18DEPHALL-HALL | yes | count=25.00 | yes=15c
Kalshi WS trade #2622: KXNCAAMBSPREAD-26FEB18BYUARIZ-ARIZ9 | yes | count=10.00 | yes=49c
Kalshi WS trade #2623: KXNCAAMBSPREAD-26FEB18BYUARIZ-ARIZ9 | yes | count=4.00 | yes=49c
Kalshi WS trade #2624: KXBTC15M-26FEB182200-00 | no | count=2.00 | yes=66c
Poly WS trade #32: asset=73192081854889000285... | BUY | size=150.26 | price=0.999
Kalshi WS trade #2625: KXNCAAMBGAME-26FEB18BYUARIZ-BYU | yes | count=19.00 | yes=19c
Kalshi WS trade #2626: KXNCAAMBTOTAL-26FEB18NCCUSCST-140 | yes | count=2.00 | yes=49c
Kalshi WS trade #2627: KXNCAAMBTOTAL-26FEB18NCCUSCST-140 | yes | count=4.00 | yes=49c
Kalshi WS trade #2628: KXHIGHTATL-26FEB19-B73.5 | no | count=4.00 | yes=8c
Kalshi WS trade #2629: KXHIGHTATL-26FEB19-B73.5 | no | count=6.00 | yes=8c
Kalshi WS trade #2630: KXHIGHTATL-26FEB19-B73.5 | no | count=7.00 | yes=8c
Kalshi WS trade #2631: KXSOL15M-26FEB182200-00 | yes | count=3.00 | yes=71c
Kalshi WS trade #2632: KXATPMATCH-26FEB18GIRRUU-GIR | yes | count=11.00 | yes=73c
Kalshi WS trade #2633: KXNCAAMBTOTAL-26FEB18ORUNEOM-151 | yes | count=107.00 | yes=42c
Kalshi WS trade #2634: KXNCAAMBTOTAL-26FEB18ORUNEOM-151 | yes | count=50.00 | yes=42c
Poly WS trade #33: asset=62938043365772447095... | SELL | size=110 | price=0.05
Kalshi WS trade #2635: KXNCAAMBGAME-26FEB18DEPHALL-HALL | yes | count=31.00 | yes=15c
Kalshi WS trade #2636: KXNCAAMBTOTAL-26FEB18NCCUSCST-140 | yes | count=17.00 | yes=50c
Poly WS trade #34: asset=48458075019957098166... | SELL | size=34 | price=0.992
Kalshi WS trade #2637: KXNCAAMBGAME-26FEB18PACWSU-PAC | no | count=2.00 | yes=51c
Kalshi WS trade #2638: KXPGAH2H-TGI26SLOWMLEE-MLEE | yes | count=3.00 | yes=50c
Kalshi WS trade #2639: KXNCAAMBGAME-26FEB18VANMIZZ-MIZZ | yes | count=1.00 | yes=49c
Kalshi WS trade #2640: KXATPMATCH-26FEB18GIRRUU-RUU | yes | count=50.00 | yes=29c
Kalshi WS trade #2641: KXNCAAMBTOTAL-26FEB18MDNW-145 | yes | count=3.00 | yes=53c
Kalshi WS trade #2642: KXNCAAMBTOTAL-26FEB18MDNW-145 | yes | count=53.00 | yes=54c
Kalshi WS trade #2643: KXNCAAMBTOTAL-26FEB18MDNW-145 | yes | count=20.00 | yes=55c
Kalshi WS trade #2644: KXNCAAMBGAME-26FEB18NDSUSDST-SDST | yes | count=45.00 | yes=5c
Kalshi WS trade #2645: KXNCAAMBGAME-26FEB18AUBMSST-MSST | yes | count=23.00 | yes=82c
Kalshi WS trade #2646: KXNCAAMBGAME-26FEB18VANMIZZ-MIZZ | yes | count=1.00 | yes=49c
Kalshi WS trade #2647: KXNCAAMBSPREAD-26FEB18BYUARIZ-ARIZ9 | no | count=8.00 | yes=45c
Kalshi WS trade #2648: KXNCAAMBGAME-26FEB18BYUARIZ-BYU | yes | count=14.00 | yes=19c
Kalshi WS trade #2649: KXNCAAMBGAME-26FEB18UTAHWVU-WVU | yes | count=9.00 | yes=42c
Kalshi WS trade #2650: KXBTC15M-26FEB182200-00 | no | count=5.00 | yes=65c
Kalshi WS trade #2651: KXNCAAMBGAME-26FEB18BYUARIZ-BYU | yes | count=47.00 | yes=19c
Kalshi WS trade #2652: KXNCAAMBGAME-26FEB18SJUMARQ-MARQ | yes | count=14.00 | yes=19c
Kalshi WS trade #2653: KXNCAAMBGAME-26FEB18UTAHWVU-UTAH | yes | count=819.00 | yes=59c
Kalshi WS trade #2654: KXNCAAMBTOTAL-26FEB18NCCUSCST-140 | no | count=694.00 | yes=49c
Kalshi WS trade #2655: KXNCAAMBTOTAL-26FEB18NCCUSCST-140 | no | count=4.00 | yes=49c
Kalshi WS trade #2656: KXNCAAMBTOTAL-26FEB18NCCUSCST-140 | no | count=1.00 | yes=49c
Kalshi WS trade #2657: KXNCAAMBGAME-26FEB18PACWSU-PAC | yes | count=6.00 | yes=51c
Kalshi WS trade #2658: KXNCAAMBGAME-26FEB18PACWSU-WSU | yes | count=100.00 | yes=50c
Kalshi WS trade #2659: KXNCAAMBGAME-26FEB18PACWSU-WSU | yes | count=100.00 | yes=50c
Kalshi WS trade #2660: KXNCAAMBTOTAL-26FEB18KENNMOSU-167 | yes | count=1000.00 | yes=48c
Kalshi WS trade #2661: KXNCAAMBGAME-26FEB18VANMIZZ-VAN | yes | count=7.00 | yes=53c
Kalshi WS trade #2662: KXNCAAMBGAME-26FEB18AUBMSST-MSST | yes | count=30.00 | yes=82c
Kalshi WS trade #2663: KXBTC15M-26FEB182200-00 | no | count=54.00 | yes=66c
Kalshi WS trade #2664: KXATPMATCH-26FEB18GIRRUU-RUU | yes | count=32.00 | yes=29c
Kalshi WS trade #2665: KXNCAAMBGAME-26FEB18PACWSU-PAC | no | count=10.00 | yes=49c
Kalshi WS trade #2666: KXNCAAMBGAME-26FEB18UTAHWVU-UTAH | yes | count=100.00 | yes=59c
Kalshi WS trade #2667: KXNCAAMBGAME-26FEB18UTAHWVU-WVU | yes | count=34.00 | yes=42c
Kalshi WS trade #2668: KXNCAAMBGAME-26FEB18UTAHWVU-WVU | yes | count=54.00 | yes=42c
Kalshi WS trade #2669: KXNCAAMBGAME-26FEB18UTAHWVU-WVU | yes | count=54.00 | yes=42c
Kalshi WS trade #2670: KXNCAAMBGAME-26FEB18UTAHWVU-WVU | yes | count=54.00 | yes=42c
Kalshi WS trade #2671: KXNCAAMBGAME-26FEB18UTAHWVU-WVU | yes | count=4.00 | yes=42c
Kalshi WS trade #2672: KXNCAAMBTOTAL-26FEB18GONZSF-150 | yes | count=39.00 | yes=51c
Kalshi WS trade #2673: KXNCAAMBTOTAL-26FEB18BYUARIZ-161 | yes | count=41.00 | yes=48c
Kalshi WS trade #2674: KXNCAAMBGAME-26FEB18KENNMOSU-KENN | yes | count=125.00 | yes=58c
Kalshi WS trade #2675: KXNCAAMBSPREAD-26FEB18UVAGT-UVA13 | no | count=38.00 | yes=93c
Kalshi WS trade #2676: KXNCAAMBGAME-26FEB18DEPHALL-DEP | no | count=21.00 | yes=85c
Kalshi WS trade #2677: KXNCAAMBGAME-26FEB18DEPHALL-DEP | no | count=29.00 | yes=85c
Kalshi WS trade #2678: KXNCAAMBGAME-26FEB18KUOKST-OKST | yes | count=87.00 | yes=6c
Kalshi WS trade #2679: KXNCAAMBTOTAL-26FEB18BYUARIZ-161 | no | count=16.00 | yes=47c
Kalshi WS trade #2680: KXSOL15M-26FEB182200-00 | yes | count=6.00 | yes=71c
Kalshi WS trade #2681: KXNCAAMBGAME-26FEB18KENNMOSU-KENN | yes | count=5.00 | yes=58c
Kalshi WS trade #2682: KXNCAAMBGAME-26FEB18KENNMOSU-MOSU | no | count=72.00 | yes=42c
Kalshi WS trade #2683: KXNCAAMBGAME-26FEB18KENNMOSU-KENN | yes | count=220.00 | yes=58c
Kalshi WS trade #2684: KXNCAAMBGAME-26FEB18BYUARIZ-BYU | yes | count=50.00 | yes=19c
Kalshi WS trade #2685: KXNCAAMBGAME-26FEB18NDSUSDST-NDSU | no | count=35.00 | yes=95c
Kalshi WS trade #2686: KXNCAAMBGAME-26FEB18NDSUSDST-SDST | no | count=2.00 | yes=3c
Kalshi WS trade #2687: KXNCAAMBGAME-26FEB18VANMIZZ-VAN | yes | count=9.00 | yes=53c
Kalshi WS trade #2688: KXNCAAMBSPREAD-26FEB18UTAHWVU-UTAH2 | no | count=34.00 | yes=48c
Kalshi WS trade #2689: KXNCAAMBSPREAD-26FEB18UTAHWVU-UTAH2 | no | count=50.00 | yes=48c
Kalshi WS trade #2690: KXATPMATCH-26FEB18GIRRUU-RUU | yes | count=89.00 | yes=29c
Kalshi WS trade #2691: KXATPMATCH-26FEB18GIRRUU-RUU | yes | count=180.00 | yes=29c
Kalshi WS trade #2692: KXATPMATCH-26FEB18GIRRUU-RUU | yes | count=53.00 | yes=29c
Kalshi WS trade #2693: KXNCAAMBGAME-26FEB18UTAHWVU-WVU | yes | count=4.00 | yes=43c
Kalshi WS trade #2694: KXNCAAMBGAME-26FEB18UTAHWVU-WVU | yes | count=2.00 | yes=44c
Kalshi WS trade #2695: KXATPMATCH-26FEB18GIRRUU-RUU | yes | count=63.00 | yes=29c
Kalshi WS trade #2696: KXNCAAMBGAME-26FEB18BYUARIZ-BYU | yes | count=124.00 | yes=19c
Kalshi WS trade #2697: KXNCAAMBGAME-26FEB18BYUARIZ-BYU | yes | count=51.00 | yes=19c
Kalshi WS trade #2698: KXNCAAWBGAME-26FEB18UNMGC-GC | yes | count=4.00 | yes=45c
Kalshi WS trade #2699: KXNCAAWBGAME-26FEB18UNMGC-GC | yes | count=16.00 | yes=47c
Kalshi WS trade #2700: KXNCAAMBTOTAL-26FEB18KENNMOSU-164 | yes | count=2.00 | yes=60c
Kalshi WS trade #2701: KXNCAAMBTOTAL-26FEB18KENNMOSU-164 | yes | count=30.00 | yes=60c
Kalshi WS trade #2702: KXBTCMAXMON-BTC-26FEB28-8750000 | yes | count=1.00 | yes=3c
Kalshi WS trade #2703: KXNCAAMBGAME-26FEB18DEPHALL-HALL | yes | count=6.00 | yes=15c
Kalshi WS trade #2704: KXNCAAWBGAME-26FEB18UNMGC-UNM | no | count=4.00 | yes=57c
Kalshi WS trade #2705: KXGOVFLNOMR-26-JFIS | yes | count=125.00 | yes=15c
Kalshi WS trade #2706: KXATPMATCH-26FEB18GIRRUU-RUU | yes | count=64.00 | yes=29c
Kalshi WS trade #2707: KXATPMATCH-26FEB18GIRRUU-RUU | yes | count=180.00 | yes=29c
Kalshi WS trade #2708: KXATPMATCH-26FEB18GIRRUU-RUU | yes | count=180.00 | yes=29c
Kalshi WS trade #2709: KXATPMATCH-26FEB18GIRRUU-RUU | yes | count=180.00 | yes=29c
Kalshi WS trade #2710: KXATPMATCH-26FEB18GIRRUU-RUU | yes | count=180.00 | yes=29c
Kalshi WS trade #2711: KXATPMATCH-26FEB18GIRRUU-RUU | yes | count=180.00 | yes=29c
Kalshi WS trade #2712: KXATPMATCH-26FEB18GIRRUU-RUU | yes | count=180.00 | yes=29c
Kalshi WS trade #2713: KXATPMATCH-26FEB18GIRRUU-RUU | yes | count=61.00 | yes=29c
Kalshi WS trade #2714: KXNCAAMBGAME-26FEB18SJUMARQ-MARQ | yes | count=99.00 | yes=19c
Kalshi WS trade #2715: KXNCAAMBGAME-26FEB18CHARTLSA-CHAR | yes | count=20.00 | yes=14c
Kalshi WS trade #2716: KXNCAAMBGAME-26FEB18CHARTLSA-CHAR | yes | count=50.00 | yes=14c
Kalshi WS trade #2717: KXNCAAMBGAME-26FEB18CHARTLSA-CHAR | yes | count=50.00 | yes=14c
Kalshi WS trade #2718: KXNCAAMBGAME-26FEB18CHARTLSA-CHAR | yes | count=50.00 | yes=14c
Kalshi WS trade #2719: KXNCAAMBGAME-26FEB18CHARTLSA-CHAR | yes | count=50.00 | yes=14c
Kalshi WS trade #2720: KXNCAAMBGAME-26FEB18CHARTLSA-CHAR | yes | count=1.00 | yes=15c
Kalshi WS trade #2721: KXNCAAMBGAME-26FEB18CHARTLSA-CHAR | yes | count=75.00 | yes=15c
Kalshi WS trade #2722: KXNCAAMBGAME-26FEB18CHARTLSA-CHAR | yes | count=125.00 | yes=15c
Kalshi WS trade #2723: KXNCAAMBGAME-26FEB18CHARTLSA-CHAR | yes | count=2.00 | yes=15c
Kalshi WS trade #2724: KXNCAAWBGAME-26FEB19LMUSEA-SEA | no | count=4.00 | yes=2c
Kalshi WS trade #2725: KXXRP15M-26FEB182200-00 | no | count=14.00 | yes=75c
Kalshi WS trade #2726: KXATPMATCH-26FEB18GIRRUU-RUU | yes | count=33.00 | yes=29c
Kalshi WS trade #2727: KXNCAAMBTOTAL-26FEB18NDSUSDST-141 | no | count=28.00 | yes=68c
Kalshi WS trade #2728: KXNCAAMBTOTAL-26FEB18NDSUSDST-141 | no | count=1.00 | yes=68c
Kalshi WS trade #2729: KXNCAAMBTOTAL-26FEB18BYUARIZ-158 | no | count=9.00 | yes=57c
Kalshi WS trade #2730: KXNCAAMBTOTAL-26FEB18DEPHALL-127 | no | count=8.00 | yes=54c
Kalshi WS trade #2731: KXNCAAMBGAME-26FEB18DEPHALL-DEP | yes | count=56.00 | yes=87c
Kalshi WS trade #2732: KXBERNIEMENTION-26FEB19-MIDD | yes | count=40.00 | yes=35c
Kalshi WS trade #2733: KXNCAAMBGAME-26FEB18AUBMSST-AUB | yes | count=24.00 | yes=19c
Kalshi WS trade #2734: KXNBAGAME-26FEB19DETNYK-DET | yes | count=71.00 | yes=40c
Kalshi WS trade #2735: KXNCAAMBGAME-26FEB18KENNMOSU-MOSU | yes | count=34.00 | yes=43c
Kalshi WS trade #2736: KXNCAAMBGAME-26FEB18KENNMOSU-MOSU | yes | count=305.00 | yes=44c
Kalshi WS trade #2737: KXNCAAMBGAME-26FEB18KENNMOSU-MOSU | yes | count=51.00 | yes=44c
Kalshi WS trade #2738: KXNCAAMBGAME-26FEB18KENNMOSU-MOSU | yes | count=34.00 | yes=44c
Kalshi WS trade #2739: KXNCAAMBGAME-26FEB18KENNMOSU-MOSU | yes | count=350.00 | yes=45c
Kalshi WS trade #2740: KXNCAAMBGAME-26FEB18KENNMOSU-MOSU | yes | count=1.00 | yes=45c
Kalshi WS trade #2741: KXNCAAMBGAME-26FEB18KENNMOSU-MOSU | yes | count=49.00 | yes=45c
Kalshi WS trade #2742: KXNCAAMBGAME-26FEB18KENNMOSU-MOSU | yes | count=19.00 | yes=47c
Kalshi WS trade #2743: KXNCAAMBGAME-26FEB18KENNMOSU-MOSU | yes | count=100.00 | yes=47c
Kalshi WS trade #2744: KXNCAAMBGAME-26FEB18KENNMOSU-MOSU | yes | count=119.00 | yes=48c
Kalshi WS trade #2745: KXBTC15M-26FEB182200-00 | no | count=5.00 | yes=66c
Kalshi WS trade #2746: KXNCAAMBGAME-26FEB18BYUARIZ-BYU | yes | count=498.00 | yes=19c
Kalshi WS trade #2747: KXFEDDECISION-26MAR-C26 | yes | count=25.00 | yes=2c
Kalshi WS trade #2748: KXNCAAMBGAME-26FEB18DEPHALL-HALL | yes | count=147.00 | yes=15c
Kalshi WS trade #2749: KXMVESPORTSMULTIGAMEEXTENDED-S2026B4A9F9EF6B3-E9C6F96142F | yes | count=4.00 | yes=36c
Kalshi WS trade #2750: KXMVESPORTSMULTIGAMEEXTENDED-S2026B4A9F9EF6B3-E9C6F96142F | yes | count=52.00 | yes=36c
Kalshi WS trade #2751: KXMVESPORTSMULTIGAMEEXTENDED-S2026B4A9F9EF6B3-E9C6F96142F | yes | count=2.00 | yes=39c
Kalshi WS trade #2752: KXNCAAMBGAME-26FEB18DEPHALL-HALL | yes | count=117.00 | yes=15c
Kalshi WS trade #2753: KXNCAAMBGAME-26FEB18VANMIZZ-MIZZ | yes | count=1.00 | yes=49c
Kalshi WS trade #2754: KXMVESPORTSMULTIGAMEEXTENDED-S20268A53E79B63D-9B441BDD04B | yes | count=12.00 | yes=14c
Kalshi WS trade #2755: KXMVESPORTSMULTIGAMEEXTENDED-S202628A6E9F0943-05307666B93 | no | count=43.00 | yes=77c
Kalshi WS trade #2756: KXNCAAMBGAME-26FEB18NCCUSCST-SCST | yes | count=31.00 | yes=62c
Kalshi WS trade #2757: KXNCAAMBGAME-26FEB18SJUMARQ-MARQ | yes | count=9.00 | yes=19c
Kalshi WS trade #2758: KXNCAAMBGAME-26FEB18UTAHWVU-UTAH | yes | count=16.00 | yes=59c
Kalshi WS trade #2759: KXNCAAMBGAME-26FEB18SMCSEA-SEA | yes | count=60.00 | yes=7c
Kalshi WS trade #2760: KXNCAAMBGAME-26FEB18SMCSEA-SEA | yes | count=402.00 | yes=7c
Kalshi WS trade #2761: KXNCAAMBGAME-26FEB18SMCSEA-SEA | yes | count=402.00 | yes=7c
Kalshi WS trade #2762: KXNCAAMBGAME-26FEB18SMCSEA-SEA | yes | count=402.00 | yes=7c
Kalshi WS trade #2763: KXNCAAMBGAME-26FEB18SMCSEA-SEA | yes | count=402.00 | yes=7c
Kalshi WS trade #2764: KXNCAAMBGAME-26FEB18SMCSEA-SEA | yes | count=262.00 | yes=7c
Kalshi WS trade #2765: KXNCAAMBGAME-26FEB18NCCUSCST-NCCU | yes | count=150.00 | yes=40c
Kalshi WS trade #2766: KXNCAAMBGAME-26FEB18NCCUSCST-NCCU | yes | count=449.00 | yes=40c
Kalshi WS trade #2767: KXBTC15M-26FEB182200-00 | yes | count=2.00 | yes=67c
Kalshi WS trade #2768: KXNCAAMBGAME-26FEB18BYUARIZ-BYU | yes | count=99.00 | yes=19c
Kalshi WS trade #2769: KXNCAAMBSPREAD-26FEB18FAUUTSA-FAU4 | no | count=2.00 | yes=61c
Kalshi WS trade #2770: KXNCAAMBSPREAD-26FEB18FAUUTSA-FAU4 | no | count=6.00 | yes=61c
Kalshi WS trade #2771: KXNCAAMBSPREAD-26FEB18FAUUTSA-FAU4 | no | count=40.00 | yes=60c
Kalshi WS trade #2772: KXNCAAMBSPREAD-26FEB18FAUUTSA-FAU4 | no | count=62.00 | yes=55c
Kalshi WS trade #2773: KXNCAAMBGAME-26FEB18AUBMSST-MSST | yes | count=288.00 | yes=82c
Kalshi WS trade #2774: KXNCAAMBGAME-26FEB18AUBMSST-MSST | yes | count=515.00 | yes=82c
Kalshi WS trade #2775: KXNCAAMBGAME-26FEB18AUBMSST-MSST | yes | count=515.00 | yes=82c
Kalshi WS trade #2776: KXNCAAMBGAME-26FEB18AUBMSST-MSST | yes | count=467.00 | yes=82c
Kalshi WS trade #2777: KXBTC15M-26FEB182200-00 | no | count=27.00 | yes=66c
Kalshi WS trade #2778: KXNCAAMBGAME-26FEB18MURRILST-ILST | yes | count=11.00 | yes=80c
Kalshi WS trade #2779: KXNCAAMBGAME-26FEB18NDSUSDST-NDSU | yes | count=10.00 | yes=97c
Kalshi WS trade #2780: KXNCAAMBGAME-26FEB18CSUUNLV-UNLV | yes | count=500.00 | yes=59c
Kalshi WS trade #2781: KXNCAAMBGAME-26FEB18CSUUNLV-UNLV | yes | count=3598.00 | yes=59c
Kalshi WS trade #2782: KXNCAAMBGAME-26FEB18BYUARIZ-BYU | yes | count=1245.00 | yes=19c
Kalshi WS trade #2783: KXNCAAMBTOTAL-26FEB18KENNMOSU-158 | no | count=10.00 | yes=76c
Kalshi WS trade #2784: KXBTCD-26FEB1822-T66749.99 | no | count=80.00 | yes=9c
Kalshi WS trade #2785: KXNCAAMBGAME-26FEB18CHARTLSA-CHAR | no | count=120.00 | yes=13c
Kalshi WS trade #2786: KXNCAAMBGAME-26FEB18KENNMOSU-MOSU | no | count=15.00 | yes=43c
Kalshi WS trade #2787: KXNCAAMBGAME-26FEB18BYUARIZ-BYU | yes | count=220.00 | yes=19c
Kalshi WS trade #2788: KXTRUMPMENTION-26MAR01-CUBA | yes | count=9.00 | yes=49c
Kalshi WS trade #2789: KXNBAGAME-26FEB19ATLPHI-PHI | yes | count=9.00 | yes=53c
Kalshi WS trade #2790: KXFEDCHAIRNOM-29-JS | yes | count=12.00 | yes=4c
Kalshi WS trade #2791: KXNCAAMBGAME-26FEB18AUBMSST-AUB | yes | count=49.00 | yes=19c
Kalshi WS trade #2792: KXNCAAMBGAME-26FEB18VANMIZZ-MIZZ | yes | count=9.00 | yes=49c
Kalshi WS trade #2793: KXBTCD-26FEB1822-T66749.99 | yes | count=153.00 | yes=11c
Kalshi WS trade #2794: KXNCAAMBSPREAD-26FEB18BYUARIZ-ARIZ9 | yes | count=9.00 | yes=50c
Kalshi WS trade #2795: KXNCAAMBGAME-26FEB18PEPPPORT-PEPP | yes | count=39.00 | yes=26c
Kalshi WS trade #2796: KXNCAAMBGAME-26FEB18VANMIZZ-VAN | yes | count=35.00 | yes=53c
Kalshi WS trade #2797: KXNCAAMBGAME-26FEB18NDSUSDST-SDST | yes | count=18.00 | yes=5c
Kalshi WS trade #2798: KXNCAAWBGAME-26FEB18AFABSU-AFA | yes | count=8.00 | yes=73c
Kalshi WS trade #2799: KXNCAAMBTOTAL-26FEB18UTAHWVU-121 | yes | count=38.00 | yes=56c
Kalshi WS trade #2800: KXMVESPORTSMULTIGAMEEXTENDED-S2026C353A202853-F6A762217FA | yes | count=25.00 | yes=18c
Poly WS trade #35: asset=20939351535690701474... | BUY | size=41.48 | price=0.964
Kalshi WS trade #2801: KXMVESPORTSMULTIGAMEEXTENDED-S20266EB45C99EAC-CC58FEC4000 | yes | count=56.00 | yes=1c
Kalshi WS trade #2802: KXMVESPORTSMULTIGAMEEXTENDED-S20266EB45C99EAC-CC58FEC4000 | yes | count=10.00 | yes=1c
Kalshi WS trade #2803: KXNCAAMBGAME-26FEB18DEPHALL-DEP | yes | count=1.00 | yes=87c
Kalshi WS trade #2804: KXNCAAMBGAME-26FEB18BYUARIZ-BYU | yes | count=24.00 | yes=19c
Kalshi WS trade #2805: KXNCAAMBTOTAL-26FEB18BYUARIZ-164 | no | count=2.00 | yes=37c
Kalshi WS trade #2806: KXUELGAME-26FEB19PAOKRCC-PAOK | yes | count=73.00 | yes=40c
Kalshi WS trade #2807: KXNCAAMBGAME-26FEB18VANMIZZ-VAN | yes | count=19.00 | yes=53c
Kalshi WS trade #2808: KXNCAAMBGAME-26FEB18VANMIZZ-VAN | yes | count=2.00 | yes=53c
Kalshi WS trade #2809: KXNCAAMBGAME-26FEB18BYUARIZ-BYU | yes | count=19.00 | yes=19c
Kalshi WS trade #2810: KXNCAAMBGAME-26FEB18BYUARIZ-BYU | yes | count=7.00 | yes=19c
Kalshi WS trade #2811: KXNCAAMBGAME-26FEB18KUOKST-KU | yes | count=14.00 | yes=95c
Kalshi WS trade #2812: KXNCAAMBGAME-26FEB18KUOKST-KU | yes | count=34.00 | yes=95c
Kalshi WS trade #2813: KXNCAAMBGAME-26FEB18KUOKST-KU | yes | count=34.00 | yes=95c
Kalshi WS trade #2814: KXNCAAMBGAME-26FEB18BYUARIZ-BYU | yes | count=50.00 | yes=19c
Kalshi WS trade #2815: KXNCAAMBGAME-26FEB18BYUARIZ-BYU | yes | count=9.00 | yes=19c
Kalshi WS trade #2816: KXNCAAMBTOTAL-26FEB18BYUARIZ-161 | yes | count=201.00 | yes=48c
Kalshi WS trade #2817: KXNCAAMBGAME-26FEB18DEPHALL-HALL | yes | count=29.00 | yes=15c
Kalshi WS trade #2818: KXBTCD-26FEB1822-T66749.99 | no | count=47.00 | yes=7c
Kalshi WS trade #2819: KXNCAAMBTOTAL-26FEB18KUOKST-155 | yes | count=96.00 | yes=49c
Kalshi WS trade #2820: KXNCAAMBGAME-26FEB18BYUARIZ-ARIZ | yes | count=1313.00 | yes=83c
Kalshi WS trade #2821: KXNCAAMBGAME-26FEB18BYUARIZ-ARIZ | yes | count=60.00 | yes=83c
Kalshi WS trade #2822: KXNCAAMBGAME-26FEB18BYUARIZ-ARIZ | yes | count=1558.00 | yes=83c
Kalshi WS trade #2823: KXNCAAMBGAME-26FEB18CHARTLSA-CHAR | no | count=12.00 | yes=13c
Kalshi WS trade #2824: KXNCAAMBTOTAL-26FEB18PACWSU-144 | no | count=255.00 | yes=61c
Kalshi WS trade #2825: KXATPMATCH-26FEB18GIRRUU-GIR | no | count=123.00 | yes=72c
Kalshi WS trade #2826: KXNCAAMBGAME-26FEB18UTAHWVU-UTAH | yes | count=26.00 | yes=59c
Kalshi WS trade #2827: KXNCAAMBTOTAL-26FEB18BYUARIZ-161 | no | count=3.00 | yes=47c
Kalshi WS trade #2828: KXNCAAMBTOTAL-26FEB18ILLUSC-150 | yes | count=191.00 | yes=54c
Kalshi WS trade #2829: KXNCAAMBGAME-26FEB18BYUARIZ-BYU | yes | count=24.00 | yes=19c
Kalshi WS trade #2830: KXNCAAMBGAME-26FEB18CSUUNLV-UNLV | yes | count=54.00 | yes=59c
Poly WS trade #36: asset=11079000312144236512... | SELL | size=12.39 | price=0.31
Kalshi WS trade #2831: KXATPMATCH-26FEB18GIRRUU-GIR | yes | count=65.00 | yes=73c
Kalshi WS trade #2832: KXNCAAMBGAME-26FEB18BYUARIZ-BYU | yes | count=12.00 | yes=19c
Kalshi WS trade #2833: KXNCAAMBGAME-26FEB18CHARTLSA-CHAR | no | count=49.00 | yes=13c
Kalshi WS trade #2834: KXBTCD-26FEB1822-T66749.99 | yes | count=5.00 | yes=11c
Kalshi WS trade #2835: KXNCAAMBTOTAL-26FEB18NCCUSCST-140 | yes | count=11.00 | yes=47c
Kalshi WS trade #2836: KXNCAAMBTOTAL-26FEB18NCCUSCST-140 | yes | count=3.00 | yes=47c
Kalshi WS trade #2837: KXNCAAMBGAME-26FEB18KENNMOSU-KENN | yes | count=327.00 | yes=57c
Kalshi WS trade #2838: KXNCAAMBGAME-26FEB18KENNMOSU-KENN | yes | count=100.00 | yes=57c
Kalshi WS trade #2839: KXNCAAMBGAME-26FEB18KENNMOSU-KENN | yes | count=350.00 | yes=58c
Kalshi WS trade #2840: KXNCAAMBGAME-26FEB18KENNMOSU-KENN | yes | count=50.00 | yes=58c
Kalshi WS trade #2841: KXNCAAMBGAME-26FEB18KENNMOSU-KENN | yes | count=17.00 | yes=59c
Kalshi WS trade #2842: KXNCAAMBGAME-26FEB18KENNMOSU-KENN | yes | count=34.00 | yes=59c
Kalshi WS trade #2843: KXNCAAMBGAME-26FEB18KENNMOSU-KENN | yes | count=34.00 | yes=59c
Kalshi WS trade #2844: KXNCAAMBGAME-26FEB18KENNMOSU-KENN | yes | count=34.00 | yes=59c
Kalshi WS trade #2845: KXNCAAMBGAME-26FEB18KENNMOSU-KENN | yes | count=34.00 | yes=59c
Kalshi WS trade #2846: KXNCAAMBGAME-26FEB18KENNMOSU-KENN | yes | count=191.00 | yes=59c
Kalshi WS trade #2847: KXNCAAMBGAME-26FEB18KENNMOSU-MOSU | yes | count=20.00 | yes=45c
Kalshi WS trade #2848: KXNCAAMBGAME-26FEB18CHARTLSA-CHAR | yes | count=6.00 | yes=15c
Kalshi WS trade #2849: KXNCAAMBGAME-26FEB18ILLUSC-ILL | yes | count=2.00 | yes=82c
Kalshi WS trade #2850: KXNCAABMENTION-26FEB18BYUARIZ-RECO | yes | count=20.00 | yes=46c
Kalshi WS trade #2851: KXNCAAWBGAME-26FEB18UNMGC-GC | yes | count=4.00 | yes=46c
Kalshi WS trade #2852: KXNCAAWBGAME-26FEB18UNMGC-GC | yes | count=6.00 | yes=47c
Kalshi WS trade #2853: KXBTC15M-26FEB182200-00 | no | count=41.00 | yes=66c
Kalshi WS trade #2854: KXNCAAMBGAME-26FEB18DEPHALL-HALL | yes | count=10.00 | yes=15c
Kalshi WS trade #2855: KXNCAAWBGAME-26FEB18UNMGC-UNM | no | count=4.00 | yes=56c
Kalshi WS trade #2856: KXNCAAMBGAME-26FEB18VANMIZZ-MIZZ | yes | count=9.00 | yes=49c
Kalshi WS trade #2857: KXNCAAMBGAME-26FEB18VANMIZZ-VAN | yes | count=12.00 | yes=53c
Kalshi WS trade #2858: KXNCAAMBSPREAD-26FEB18UTAHWVU-WVU4 | no | count=109.00 | yes=24c
Kalshi WS trade #2859: KXNCAAMBSPREAD-26FEB18UTAHWVU-WVU4 | no | count=50.00 | yes=24c
Kalshi WS trade #2860: KXNCAAMBSPREAD-26FEB18MDNW-NW11 | no | count=15.00 | yes=35c
Kalshi WS trade #2861: KXNCAAMBSPREAD-26FEB18MDNW-NW11 | no | count=50.00 | yes=34c
Kalshi WS trade #2862: KXNCAAMBSPREAD-26FEB18MDNW-NW11 | no | count=154.00 | yes=33c
Kalshi WS trade #2863: KXNCAAMBTOTAL-26FEB18NDSUSDST-141 | yes | count=19.00 | yes=74c
Kalshi WS trade #2864: KXNCAAMBTOTAL-26FEB18NDSUSDST-141 | yes | count=84.00 | yes=75c
Kalshi WS trade #2865: KXNCAAMBTOTAL-26FEB18BYUARIZ-161 | no | count=12.00 | yes=47c
Kalshi WS trade #2866: KXNCAAMBGAME-26FEB18BYUARIZ-BYU | yes | count=49.00 | yes=19c
Kalshi WS trade #2867: KXNCAAMBGAME-26FEB18CHARTLSA-CHAR | yes | count=44.00 | yes=15c
Kalshi WS trade #2868: KXNCAAMBGAME-26FEB18CHARTLSA-CHAR | yes | count=11.00 | yes=15c
Kalshi WS trade #2869: KXATPMATCH-26FEB18GIRRUU-RUU | yes | count=86.00 | yes=29c
Kalshi WS trade #2870: KXATPMATCH-26FEB18GIRRUU-RUU | yes | count=735.00 | yes=29c
Kalshi WS trade #2871: KXNCAAMBGAME-26FEB18CSUUNLV-CSU | yes | count=44.00 | yes=43c
Kalshi WS trade #2872: KXNCAAMBGAME-26FEB18UTAHWVU-UTAH | yes | count=107.00 | yes=59c
Kalshi WS trade #2873: KXNCAAMBGAME-26FEB18BYUARIZ-BYU | yes | count=24.00 | yes=19c
Kalshi WS trade #2874: KXNBAGAME-26FEB19ATLPHI-ATL | no | count=32.00 | yes=48c
Kalshi WS trade #2875: KXNCAAMBSPREAD-26FEB18BYUARIZ-ARIZ15 | no | count=10.00 | yes=21c
Kalshi WS trade #2876: KXNCAAMBSPREAD-26FEB18BYUARIZ-ARIZ15 | no | count=14.00 | yes=21c
Kalshi WS trade #2877: KXNCAAMBGAME-26FEB18BYUARIZ-BYU | yes | count=238.00 | yes=19c
Kalshi WS trade #2878: KXMVESPORTSMULTIGAMEEXTENDED-S20266DAB61CB53D-CCD92BF5611 | yes | count=273.00 | yes=71c
Kalshi WS trade #2879: KXNCAAMBGAME-26FEB18ILLUSC-USC | yes | count=55.00 | yes=20c
Kalshi WS trade #2880: KXNCAAMBGAME-26FEB18BYUARIZ-BYU | yes | count=17.00 | yes=19c
Kalshi WS trade #2881: KXATPMATCH-26FEB18GIRRUU-RUU | yes | count=88.00 | yes=29c
Kalshi WS trade #2882: KXBERNIEMENTION-26FEB19-ELON | no | count=13.00 | yes=94c
Kalshi WS trade #2883: KXBERNIEMENTION-26FEB19-ELON | no | count=7.00 | yes=94c
Kalshi WS trade #2884: KXNCAAMBGAME-26FEB18SMCSEA-SMC | yes | count=5.00 | yes=95c
Kalshi WS trade #2885: KXNCAAWBGAME-26FEB18UTAUTU-UTU | yes | count=3.00 | yes=17c
Kalshi WS trade #2886: KXNCAAWBGAME-26FEB18UTAUTU-UTU | yes | count=21.00 | yes=20c
Kalshi WS trade #2887: KXNCAAWBGAME-26FEB18UTAUTU-UTA | no | count=3.00 | yes=85c
Kalshi WS trade #2888: KXNCAAWBGAME-26FEB18UNMGC-GC | yes | count=1.00 | yes=47c
Kalshi WS trade #2889: KXNCAAMBTOTAL-26FEB18BYUARIZ-161 | yes | count=22.00 | yes=48c
Kalshi WS trade #2890: KXNCAAMBGAME-26FEB18BYUARIZ-ARIZ | yes | count=34.00 | yes=83c
Kalshi WS trade #2891: KXNCAAMBGAME-26FEB18SJUMARQ-MARQ | yes | count=99.00 | yes=19c
Kalshi WS trade #2892: KXNCAAMBTOTAL-26FEB18BYUARIZ-161 | yes | count=1358.00 | yes=48c
Kalshi WS trade #2893: KXNCAAMBGAME-26FEB18BYUARIZ-BYU | yes | count=1.00 | yes=19c
Kalshi WS trade #2894: KXATPMATCH-26FEB18GIRRUU-RUU | no | count=17.00 | yes=27c
Poly WS trade #37: asset=11108067103612610965... | SELL | size=36 | price=0.994
Kalshi WS trade #2895: KXNCAAMBGAME-26FEB18VANMIZZ-VAN | yes | count=4.00 | yes=53c
Kalshi WS trade #2896: KXATPMATCH-26FEB18GIRRUU-GIR | yes | count=212.00 | yes=73c
Kalshi WS trade #2897: KXUECLGAME-26FEB19ZRICRY-ZRI | no | count=5.00 | yes=9c
Kalshi WS trade #2898: KXNCAAMBTOTAL-26FEB18GONZSF-135 | yes | count=8.00 | yes=87c
Kalshi WS trade #2899: KXNCAAMBGAME-26FEB18DEPHALL-HALL | yes | count=6.00 | yes=15c
Kalshi WS trade #2900: KXNCAAMBGAME-26FEB18KENNMOSU-MOSU | no | count=10.00 | yes=42c
Kalshi WS trade #2901: KXNCAAMBGAME-26FEB18KENNMOSU-MOSU | no | count=100.00 | yes=42c
Kalshi WS trade #2902: KXNCAAMBGAME-26FEB18KENNMOSU-MOSU | no | count=51.00 | yes=40c
Kalshi WS trade #2903: KXNCAAMBGAME-26FEB18KENNMOSU-MOSU | no | count=300.00 | yes=40c
Kalshi WS trade #2904: KXNCAAMBGAME-26FEB18KENNMOSU-MOSU | no | count=163.00 | yes=39c
Kalshi WS trade #2905: KXNCAAMBGAME-26FEB18KENNMOSU-MOSU | no | count=184.00 | yes=39c
Kalshi WS trade #2906: KXNCAAMBGAME-26FEB18KENNMOSU-MOSU | no | count=500.00 | yes=39c
Kalshi WS trade #2907: KXNCAAMBGAME-26FEB18KENNMOSU-MOSU | no | count=100.00 | yes=37c
Poly WS trade #38: asset=46553455570564517989... | SELL | size=25 | price=0.007
Kalshi WS trade #2908: KXNCAAMBGAME-26FEB18KENNMOSU-KENN | yes | count=10.00 | yes=57c
Kalshi WS trade #2909: KXNCAAMBGAME-26FEB18KENNMOSU-KENN | yes | count=54.00 | yes=57c
Kalshi WS trade #2910: KXNCAAMBGAME-26FEB18UTAHWVU-WVU | yes | count=54.00 | yes=43c
Kalshi WS trade #2911: KXNCAAMBGAME-26FEB18UTAHWVU-WVU | yes | count=54.00 | yes=43c
Kalshi WS trade #2912: KXNCAAMBGAME-26FEB18UTAHWVU-WVU | yes | count=3.00 | yes=43c
Kalshi WS trade #2913: KXBTC15M-26FEB182200-00 | no | count=14.00 | yes=66c
Kalshi WS trade #2914: KXNCAAMBTOTAL-26FEB18UTAHWVU-121 | yes | count=43.00 | yes=56c
Kalshi WS trade #2915: KXNCAAMBSPREAD-26FEB18BYUARIZ-ARIZ15 | no | count=3.00 | yes=22c
Kalshi WS trade #2916: KXNCAAMBGAME-26FEB18DEPHALL-HALL | no | count=12.00 | yes=14c
Kalshi WS trade #2917: KXNCAAMBGAME-26FEB18NCCUSCST-SCST | yes | count=10.00 | yes=62c
Kalshi WS trade #2918: KXNCAAMBGAME-26FEB18NCCUSCST-SCST | yes | count=21.00 | yes=63c
Kalshi WS trade #2919: KXMVESPORTSMULTIGAMEEXTENDED-S2026769D456A93E-EB74771BA11 | yes | count=909.00 | yes=0c
Kalshi WS trade #2920: KXATPMATCH-26FEB18GIRRUU-GIR | yes | count=873.00 | yes=73c
Kalshi WS trade #2921: KXMVESPORTSMULTIGAMEEXTENDED-S202600A9AD16213-29557998843 | yes | count=3.00 | yes=57c
Kalshi WS trade #2922: KXATTENDSOTU-IOMA | yes | count=2.00 | yes=54c
Kalshi WS trade #2923: KXATTENDSOTU-IOMA | yes | count=74.00 | yes=54c
Kalshi WS trade #2924: KXATTENDSOTU-IOMA | yes | count=365.00 | yes=55c
Kalshi WS trade #2925: KXATPMATCH-26FEB18GIRRUU-GIR | no | count=52.00 | yes=72c
Kalshi WS trade #2926: KXATPMATCH-26FEB18GIRRUU-GIR | no | count=180.00 | yes=72c
Kalshi WS trade #2927: KXATPMATCH-26FEB18GIRRUU-GIR | no | count=75.00 | yes=71c
Kalshi WS trade #2928: KXNCAAMBTOTAL-26FEB18VANMIZZ-148 | yes | count=4.00 | yes=49c
Kalshi WS trade #2929: KXNCAAMBSPREAD-26FEB18DEPHALL-DEP4 | yes | count=9.00 | yes=64c
Kalshi WS trade #2930: KXBTC15M-26FEB182200-00 | yes | count=3.00 | yes=67c
Kalshi WS trade #2931: KXBTC15M-26FEB182200-00 | yes | count=4.00 | yes=67c
Kalshi WS trade #2932: KXNCAAMBGAME-26FEB18VANMIZZ-VAN | yes | count=7.00 | yes=53c
Kalshi WS trade #2933: KXNCAAMBGAME-26FEB18KENNMOSU-MOSU | yes | count=418.00 | yes=44c
Kalshi WS trade #2934: KXNCAAMBGAME-26FEB18KENNMOSU-MOSU | yes | count=114.00 | yes=45c
Kalshi WS trade #2935: KXXRP15M-26FEB182200-00 | no | count=3.00 | yes=74c
Kalshi WS trade #2936: KXNCAAMBGAME-26FEB18AUBMSST-MSST | yes | count=515.00 | yes=82c
Kalshi WS trade #2937: KXNCAAMBGAME-26FEB18AUBMSST-MSST | yes | count=413.00 | yes=82c
Kalshi WS trade #2938: KXNCAAMBGAME-26FEB18KENNMOSU-KENN | yes | count=1138.00 | yes=57c
Kalshi WS trade #2939: KXNCAAMBGAME-26FEB18CHARTLSA-CHAR | yes | count=64.00 | yes=15c
Kalshi WS trade #2940: KXNCAAMBGAME-26FEB18CHARTLSA-CHAR | yes | count=50.00 | yes=15c
Kalshi WS trade #2941: KXNCAAMBGAME-26FEB18CHARTLSA-CHAR | yes | count=43.00 | yes=15c
Kalshi WS trade #2942: KXXRP15M-26FEB182200-00 | no | count=8.00 | yes=74c
Kalshi WS trade #2943: KXNCAAMBGAME-26FEB18PACWSU-PAC | no | count=10.00 | yes=48c
Kalshi WS trade #2944: KXNCAAMBGAME-26FEB18PACWSU-PAC | no | count=500.00 | yes=48c
Kalshi WS trade #2945: KXNCAAMBGAME-26FEB18KENNMOSU-MOSU | no | count=6.00 | yes=43c
Kalshi WS trade #2946: KXNCAAMBGAME-26FEB18VANMIZZ-VAN | yes | count=9.00 | yes=53c
Kalshi WS trade #2947: KXNCAAMBGAME-26FEB18UTAHWVU-WVU | yes | count=54.00 | yes=43c
Kalshi WS trade #2948: KXNCAAMBGAME-26FEB18UTAHWVU-WVU | yes | count=54.00 | yes=43c
Kalshi WS trade #2949: KXNCAAMBGAME-26FEB18UTAHWVU-WVU | yes | count=54.00 | yes=43c
Kalshi WS trade #2950: KXNCAAMBGAME-26FEB18UTAHWVU-WVU | yes | count=54.00 | yes=43c
Kalshi WS trade #2951: KXNCAAMBGAME-26FEB18UTAHWVU-WVU | yes | count=54.00 | yes=43c
Kalshi WS trade #2952: KXATPMATCH-26FEB18GIRRUU-GIR | yes | count=134.00 | yes=73c
Kalshi WS trade #2953: KXATPMATCH-26FEB18GIRRUU-GIR | yes | count=336.00 | yes=73c
Kalshi WS trade #2954: KXNCAAMBGAME-26FEB18MDNW-NW | yes | count=3459.00 | yes=98c
Kalshi WS trade #2955: KXNCAAMBGAME-26FEB18MDNW-NW | yes | count=750.00 | yes=98c
Kalshi WS trade #2956: KXNCAAMBGAME-26FEB18MDNW-NW | yes | count=750.00 | yes=98c
Kalshi WS trade #2957: KXNCAAMBGAME-26FEB18MDNW-NW | yes | count=541.00 | yes=98c
Kalshi WS trade #2958: KXNCAAMBGAME-26FEB18MDNW-NW | yes | count=4.00 | yes=98c
Kalshi WS trade #2959: KXNCAAMBGAME-26FEB18KENNMOSU-KENN | yes | count=10.00 | yes=57c
Kalshi WS trade #2960: KXNCAAMBGAME-26FEB18KENNMOSU-KENN | yes | count=1.00 | yes=57c
Kalshi WS trade #2961: KXNCAAMBGAME-26FEB18KENNMOSU-KENN | yes | count=89.00 | yes=58c
Kalshi WS trade #2962: KXNCAAMBTOTAL-26FEB18NCCUSCST-140 | yes | count=2.00 | yes=49c
Kalshi WS trade #2963: KXNCAAMBGAME-26FEB18BYUARIZ-ARIZ | yes | count=588.00 | yes=83c
Kalshi WS trade #2964: KXNCAAMBGAME-26FEB18VANMIZZ-MIZZ | yes | count=3.00 | yes=49c
Kalshi WS trade #2965: KXBTC15M-26FEB182200-00 | yes | count=1.00 | yes=67c
Kalshi WS trade #2966: KXBTC15M-26FEB182200-00 | yes | count=6.00 | yes=67c
Kalshi WS trade #2967: KXNCAAMBGAME-26FEB18BYUARIZ-BYU | yes | count=59.00 | yes=19c
Kalshi WS trade #2968: KXNCAAMBGAME-26FEB18BYUARIZ-BYU | yes | count=40.00 | yes=19c
Kalshi WS trade #2969: KXNCAAMBGAME-26FEB18BYUARIZ-ARIZ | yes | count=14.00 | yes=83c
Kalshi WS trade #2970: KXNCAAMBGAME-26FEB18BYUARIZ-ARIZ | yes | count=136.00 | yes=83c
Kalshi WS trade #2971: KXNCAAMBGAME-26FEB18BYUARIZ-ARIZ | yes | count=264.00 | yes=83c
Kalshi WS trade #2972: KXNCAABMENTION-26FEB18BYUARIZ-NIL | yes | count=38.00 | yes=3c
Kalshi WS trade #2973: KXNCAABMENTION-26FEB18BYUARIZ-NIL | yes | count=24.00 | yes=3c
Kalshi WS trade #2974: KXATPMATCH-26FEB18GIRRUU-GIR | yes | count=84.00 | yes=73c
Kalshi WS trade #2975: KXATPMATCH-26FEB18GIRRUU-GIR | yes | count=11.00 | yes=74c
Kalshi WS trade #2976: KXATTENDSOTU-GINF | yes | count=28.00 | yes=25c
Kalshi WS trade #2977: KXATTENDSOTU-GINF | yes | count=100.00 | yes=25c
Kalshi WS trade #2978: KXATTENDSOTU-GINF | yes | count=500.00 | yes=26c
Kalshi WS trade #2979: KXATTENDSOTU-GINF | yes | count=15.00 | yes=26c
Kalshi WS trade #2980: KXATTENDSOTU-GINF | yes | count=100.00 | yes=27c
Kalshi WS trade #2981: KXATTENDSOTU-GINF | yes | count=100.00 | yes=28c
Kalshi WS trade #2982: KXATTENDSOTU-GINF | yes | count=100.00 | yes=30c
Kalshi WS trade #2983: KXNCAAMBGAME-26FEB18DEPHALL-DEP | yes | count=1.00 | yes=87c
Kalshi WS trade #2984: KXMVESPORTSMULTIGAMEEXTENDED-S20267CE2BF5F8F2-D727B84528A | yes | count=95.00 | yes=3c
Kalshi WS trade #2985: KXMVESPORTSMULTIGAMEEXTENDED-S20260BA27A25665-A51844CC950 | yes | count=934.00 | yes=1c
Kalshi WS trade #2986: KXETH15M-26FEB182200-00 | yes | count=1.00 | yes=59c
Kalshi WS trade #2987: KXMVESPORTSMULTIGAMEEXTENDED-S20260C8C29524AE-B7A2679DD1C | yes | count=80.00 | yes=23c
Kalshi WS trade #2988: KXNCAAMBGAME-26FEB18BYUARIZ-BYU | yes | count=9.00 | yes=19c
Kalshi WS trade #2989: KXMVESPORTSMULTIGAMEEXTENDED-S2026EF7D8DDF1F0-88082CD5E9F | yes | count=83.00 | yes=22c
Kalshi WS trade #2990: KXNCAAWBGAME-26FEB18UNLVSDSU-SDSU | no | count=1.00 | yes=65c
Kalshi WS trade #2991: KXNCAAWBGAME-26FEB18NEVCSU-CSU | yes | count=59.00 | yes=98c
Kalshi WS trade #2992: KXNCAAWBGAME-26FEB18NEVCSU-CSU | yes | count=58.00 | yes=98c
Kalshi WS trade #2993: KXNCAAWBGAME-26FEB18NEVCSU-CSU | yes | count=58.00 | yes=98c
Kalshi WS trade #2994: KXNCAAMBGAME-26FEB18UTAHWVU-UTAH | yes | count=16.00 | yes=59c
Kalshi WS trade #2995: KXNCAAMBGAME-26FEB18NDSUSDST-SDST | yes | count=93.00 | yes=5c
Kalshi WS trade #2996: KXNCAAMBGAME-26FEB18KENNMOSU-MOSU | yes | count=1.00 | yes=37c
Kalshi WS trade #2997: KXNCAAMBGAME-26FEB18BYUARIZ-BYU | yes | count=5.00 | yes=19c
Kalshi WS trade #2998: KXKHAMENEIOUT-AKHA-26APR01 | yes | count=347.00 | yes=27c
Kalshi WS trade #2999: KXKHAMENEIOUT-AKHA-26APR01 | yes | count=1.00 | yes=27c
Kalshi WS trade #3000: KXKHAMENEIOUT-AKHA-26APR01 | yes | count=332.00 | yes=28c
Kalshi WS trade #3001: KXKHAMENEIOUT-AKHA-26APR01 | yes | count=12.00 | yes=28c
Kalshi WS trade #3002: KXNCAAMBGAME-26FEB18VANMIZZ-MIZZ | yes | count=197.00 | yes=49c
Kalshi WS trade #3003: KXLOWTAUS-26FEB18-B60.5 | yes | count=50.00 | yes=6c
Kalshi WS trade #3004: KXLOWTAUS-26FEB18-B60.5 | yes | count=2.00 | yes=6c
Kalshi WS trade #3005: KXLOWTAUS-26FEB18-B60.5 | yes | count=2.00 | yes=11c
Kalshi WS trade #3006: KXNCAAMBGAME-26FEB18NCCUSCST-NCCU | yes | count=1.00 | yes=41c
Kalshi WS trade #3007: KXNCAAMBGAME-26FEB18NCCUSCST-NCCU | yes | count=45.00 | yes=41c
Kalshi WS trade #3008: KXNCAAMBGAME-26FEB18BYUARIZ-ARIZ | yes | count=1.00 | yes=83c
Kalshi WS trade #3009: KXATPMATCH-26FEB18GIRRUU-GIR | yes | count=1000.00 | yes=73c
Kalshi WS trade #3010: KXNCAAMBGAME-26FEB18CHARTLSA-TLSA | yes | count=5.00 | yes=88c
Kalshi WS trade #3011: KXBTC15M-26FEB182200-00 | yes | count=44.00 | yes=67c
Kalshi WS trade #3012: KXBTC15M-26FEB182200-00 | yes | count=227.00 | yes=67c
Kalshi WS trade #3013: KXNCAAMBGAME-26FEB18VANMIZZ-VAN | yes | count=3.00 | yes=53c
Kalshi WS trade #3014: KXNCAAMBGAME-26FEB18VANMIZZ-VAN | yes | count=161.00 | yes=53c
Kalshi WS trade #3015: KXNCAAMBSPREAD-26FEB18DEPHALL-HALL2 | yes | count=10.00 | yes=4c
Kalshi WS trade #3016: KXNCAAMBSPREAD-26FEB18DEPHALL-HALL2 | yes | count=107.00 | yes=4c
Kalshi WS trade #3017: KXATPMATCH-26FEB18GIRRUU-RUU | yes | count=84.00 | yes=29c
Kalshi WS trade #3018: KXNCAAMBGAME-26FEB18NCCUSCST-NCCU | yes | count=11.00 | yes=43c
Kalshi WS trade #3019: KXBTCD-26FEB1822-T66749.99 | no | count=100.00 | yes=8c
Kalshi WS trade #3020: KXBTCD-26FEB1822-T66749.99 | no | count=2.00 | yes=7c
Kalshi WS trade #3021: KXBTCD-26FEB1822-T66749.99 | no | count=1.00 | yes=6c
Kalshi WS trade #3022: KXBTCD-26FEB1822-T66749.99 | no | count=3.00 | yes=5c
Kalshi WS trade #3023: KXATPMATCH-26FEB18GIRRUU-RUU | yes | count=150.00 | yes=29c
Kalshi WS trade #3024: KXATPMATCH-26FEB18GIRRUU-RUU | yes | count=16.00 | yes=29c
Kalshi WS trade #3025: KXNCAAMBGAME-26FEB18BYUARIZ-BYU | yes | count=11.00 | yes=19c
Kalshi WS trade #3026: KXNCAAMBGAME-26FEB18ILLUSC-USC | yes | count=217.00 | yes=20c
Kalshi WS trade #3027: KXNCAAMBGAME-26FEB18UTAHWVU-UTAH | no | count=10.00 | yes=58c
Kalshi WS trade #3028: KXNCAAMBGAME-26FEB18UTAHWVU-UTAH | no | count=4.00 | yes=57c
Kalshi WS trade #3029: KXNCAAMBGAME-26FEB18UTAHWVU-UTAH | no | count=10.00 | yes=57c
Kalshi WS trade #3030: KXNCAAMBGAME-26FEB18UTAHWVU-UTAH | no | count=17.00 | yes=56c
Kalshi WS trade #3031: KXNCAAMBSPREAD-26FEB18MDNW-NW8 | no | count=7.00 | yes=65c
Kalshi WS trade #3032: KXNCAAMBTOTAL-26FEB18AUBMSST-165 | no | count=21.00 | yes=45c
Kalshi WS trade #3033: KXNCAAMBTOTAL-26FEB18UTAHWVU-115 | yes | count=1.00 | yes=78c
Kalshi WS trade #3034: KXNCAAMBGAME-26FEB18BYUARIZ-BYU | yes | count=24.00 | yes=19c
Kalshi WS trade #3035: KXATPMATCH-26FEB18GIRRUU-RUU | yes | count=16.00 | yes=29c
Kalshi WS trade #3036: KXATPMATCH-26FEB18GIRRUU-RUU | no | count=143.00 | yes=27c
Kalshi WS trade #3037: KXNCAAMBGAME-26FEB18CHARTLSA-CHAR | yes | count=50.00 | yes=14c
Kalshi WS trade #3038: KXNCAAMBGAME-26FEB18CHARTLSA-CHAR | yes | count=50.00 | yes=14c
Kalshi WS trade #3039: KXNCAAMBGAME-26FEB18PEPPPORT-PEPP | yes | count=11.00 | yes=26c
Kalshi WS trade #3040: KXMVESPORTSMULTIGAMEEXTENDED-S202642A447A7293-CF551BC53E7 | yes | count=2.00 | yes=66c
Kalshi WS trade #3041: KXMVESPORTSMULTIGAMEEXTENDED-S202642A447A7293-CF551BC53E7 | yes | count=50.00 | yes=66c
Kalshi WS trade #3042: KXMVESPORTSMULTIGAMEEXTENDED-S202642A447A7293-CF551BC53E7 | yes | count=8.00 | yes=68c
Kalshi WS trade #3043: KXNCAAMBGAME-26FEB18DEPHALL-HALL | yes | count=118.00 | yes=15c
Kalshi WS trade #3044: KXNCAAMBGAME-26FEB18DEPHALL-HALL | yes | count=118.00 | yes=15c
Kalshi WS trade #3045: KXNCAAMBGAME-26FEB18DEPHALL-HALL | yes | count=78.00 | yes=15c
Kalshi WS trade #3046: KXNCAAMBGAME-26FEB18PACWSU-WSU | yes | count=128.00 | yes=53c
Kalshi WS trade #3047: KXNCAAMBGAME-26FEB18PACWSU-WSU | yes | count=128.00 | yes=53c
Kalshi WS trade #3048: KXNCAAMBGAME-26FEB18PACWSU-WSU | yes | count=128.00 | yes=53c
Kalshi WS trade #3049: KXNCAAMBGAME-26FEB18PACWSU-WSU | yes | count=192.00 | yes=54c
Kalshi WS trade #3050: KXNCAAMBGAME-26FEB18PACWSU-WSU | yes | count=200.00 | yes=54c
Kalshi WS trade #3051: KXNCAAMBGAME-26FEB18PACWSU-WSU | yes | count=123.00 | yes=54c
Kalshi WS trade #3052: KXNCAAMBGAME-26FEB18CHARTLSA-TLSA | yes | count=111.00 | yes=88c
Kalshi WS trade #3053: KXNCAAMBGAME-26FEB18UTAHWVU-WVU | yes | count=54.00 | yes=43c
Kalshi WS trade #3054: KXNCAAMBGAME-26FEB18UTAHWVU-WVU | yes | count=1.00 | yes=43c
Kalshi WS trade #3055: KXKHAMENEIOUT-AKHA-26SEP01 | yes | count=61.00 | yes=47c
Kalshi WS trade #3056: KXBTC15M-26FEB182200-00 | yes | count=5.00 | yes=68c
Kalshi WS trade #3057: KXBTC15M-26FEB182200-00 | yes | count=2.00 | yes=68c
Kalshi WS trade #3058: KXNCAAMBGAME-26FEB18VANMIZZ-VAN | yes | count=10.00 | yes=53c
Kalshi WS trade #3059: KXNCAAMBSPREAD-26FEB18ORUNEOM-NEOM13 | yes | count=29.00 | yes=30c
Kalshi WS trade #3060: KXNCAAMBSPREAD-26FEB18ORUNEOM-NEOM13 | yes | count=393.00 | yes=31c
Kalshi WS trade #3061: KXNCAAMBSPREAD-26FEB18BYUARIZ-ARIZ9 | no | count=30.00 | yes=46c
Kalshi WS trade #3062: KXNCAAMBSPREAD-26FEB18BYUARIZ-ARIZ9 | no | count=10.00 | yes=46c
Kalshi WS trade #3063: KXNCAAMBSPREAD-26FEB18BYUARIZ-ARIZ9 | no | count=50.00 | yes=45c
Kalshi WS trade #3064: KXNCAAMBSPREAD-26FEB18BYUARIZ-ARIZ9 | no | count=10.00 | yes=45c
Kalshi WS trade #3065: KXNCAAMBTOTAL-26FEB18SJUMARQ-157 | yes | count=7.00 | yes=63c
Kalshi WS trade #3066: KXNCAAMBTOTAL-26FEB18SJUMARQ-157 | yes | count=15.00 | yes=64c
Kalshi WS trade #3067: KXNCAAMBGAME-26FEB18BSUUSU-BSU | yes | count=150.00 | yes=20c
Kalshi WS trade #3068: KXNCAAMBGAME-26FEB18VANMIZZ-MIZZ | yes | count=9.00 | yes=49c
Kalshi WS trade #3069: KXNCAAMBGAME-26FEB18VANMIZZ-VAN | yes | count=181.00 | yes=53c
Kalshi WS trade #3070: KXSOL15M-26FEB182200-00 | no | count=30.00 | yes=71c
Kalshi WS trade #3071: KXNCAAMBGAME-26FEB18BYUARIZ-BYU | no | count=5.00 | yes=18c
Kalshi WS trade #3072: KXNCAAMBTOTAL-26FEB18NDSUSDST-144 | no | count=2.00 | yes=38c
Kalshi WS trade #3073: KXNCAAMBTOTAL-26FEB18NDSUSDST-144 | no | count=2.00 | yes=38c
Kalshi WS trade #3074: KXNCAAMBTOTAL-26FEB18NDSUSDST-144 | no | count=27.00 | yes=37c
Kalshi WS trade #3075: KXNCAAMBGAME-26FEB18GONZSF-SF | yes | count=23.00 | yes=8c
Kalshi WS trade #3076: KXNCAAMBSPREAD-26FEB18BYUARIZ-ARIZ12 | no | count=9.00 | yes=32c
Kalshi WS trade #3077: KXNCAAMBSPREAD-26FEB18BYUARIZ-ARIZ12 | no | count=30.00 | yes=32c
Kalshi WS trade #3078: KXNCAAMBSPREAD-26FEB18BYUARIZ-ARIZ12 | no | count=10.00 | yes=32c
Kalshi WS trade #3079: KXNCAAMBSPREAD-26FEB18BYUARIZ-ARIZ12 | no | count=109.00 | yes=31c
Kalshi WS trade #3080: KXNCAAMBGAME-26FEB18DEPHALL-HALL | yes | count=19.00 | yes=15c
Kalshi WS trade #3081: KXNCAAMBGAME-26FEB18DEPHALL-HALL | yes | count=31.00 | yes=15c
Kalshi WS trade #3082: KXNCAAWBGAME-26FEB18UTAUTU-UTU | yes | count=19.00 | yes=24c
Kalshi WS trade #3083: KXNCAAMBGAME-26FEB18SJUMARQ-MARQ | yes | count=51.00 | yes=19c
Kalshi WS trade #3084: KXNCAAMBGAME-26FEB18SJUMARQ-MARQ | yes | count=49.00 | yes=19c
Kalshi WS trade #3085: KXNCAAMBSPREAD-26FEB18CHARTLSA-TLSA7 | yes | count=3.00 | yes=45c
Kalshi WS trade #3086: KXBTCD-26FEB1822-T66749.99 | no | count=100.00 | yes=6c
Kalshi WS trade #3087: KXBTCD-26FEB1822-T66749.99 | no | count=15.00 | yes=5c
Kalshi WS trade #3088: KXNCAAMBTOTAL-26FEB18CHARTLSA-151 | yes | count=10.00 | yes=83c
Kalshi WS trade #3089: KXNCAAMBGAME-26FEB18BYUARIZ-BYU | yes | count=51.00 | yes=19c
Kalshi WS trade #3090: KXNCAAMBGAME-26FEB18BYUARIZ-BYU | yes | count=425.00 | yes=20c
Kalshi WS trade #3091: KXNCAAMBGAME-26FEB18SJUMARQ-MARQ | yes | count=49.00 | yes=19c
Kalshi WS trade #3092: KXNCAAMBGAME-26FEB18NCCUSCST-SCST | yes | count=60.00 | yes=59c
Kalshi WS trade #3093: KXNCAAMBGAME-26FEB18NCCUSCST-SCST | yes | count=60.00 | yes=59c
Kalshi WS trade #3094: KXNCAAMBGAME-26FEB18NCCUSCST-SCST | yes | count=60.00 | yes=59c
Kalshi WS trade #3095: KXNCAAMBGAME-26FEB18NCCUSCST-SCST | yes | count=60.00 | yes=59c
Kalshi WS trade #3096: KXNCAAMBGAME-26FEB18NCCUSCST-SCST | yes | count=60.00 | yes=59c
Kalshi WS trade #3097: KXNCAAMBGAME-26FEB18NCCUSCST-SCST | yes | count=22.00 | yes=59c
Kalshi WS trade #3098: KXNCAAMBSPREAD-26FEB18DEPHALL-DEP4 | yes | count=36.00 | yes=64c
Kalshi WS trade #3099: KXNCAAWBGAME-26FEB19LSUMISS-MISS | no | count=4.00 | yes=27c
Kalshi WS trade #3100: KXNCAAMBSPREAD-26FEB18BYUARIZ-ARIZ9 | no | count=10.00 | yes=46c
Kalshi WS trade #3101: KXNCAAMBSPREAD-26FEB18BYUARIZ-ARIZ9 | no | count=16.00 | yes=45c
Kalshi WS trade #3102: KXNCAAMBTOTAL-26FEB18BYUARIZ-158 | yes | count=10.00 | yes=61c
Kalshi WS trade #3103: KXNCAAMBTOTAL-26FEB18BYUARIZ-158 | yes | count=328.00 | yes=66c
Kalshi WS trade #3104: KXATPMATCH-26FEB18GIRRUU-GIR | yes | count=67.00 | yes=73c
Kalshi WS trade #3105: KXNCAAMBSPREAD-26FEB18PACWSU-WSU4 | yes | count=1.00 | yes=37c
Kalshi WS trade #3106: KXNCAAMBSPREAD-26FEB18PACWSU-WSU4 | yes | count=257.00 | yes=37c
Kalshi WS trade #3107: KXNCAAMBSPREAD-26FEB18PACWSU-WSU4 | yes | count=212.00 | yes=37c
Kalshi WS trade #3108: KXNCAAMBGAME-26FEB18GONZSF-SF | yes | count=245.00 | yes=8c
Kalshi WS trade #3109: KXBTC15M-26FEB182200-00 | yes | count=1.00 | yes=68c
Kalshi WS trade #3110: KXNCAAWBGAME-26FEB18NEVCSU-CSU | yes | count=140.00 | yes=98c
Kalshi WS trade #3111: KXNCAAMBGAME-26FEB18KENNMOSU-MOSU | yes | count=40.00 | yes=35c
Kalshi WS trade #3112: KXSOL15M-26FEB182200-00 | no | count=13.00 | yes=71c
Kalshi WS trade #3113: KXNCAAMBGAME-26FEB18BYUARIZ-BYU | yes | count=48.00 | yes=20c
Kalshi WS trade #3114: KXNCAAMBSPREAD-26FEB18NDSUSDST-NDSU4 | no | count=8.00 | yes=36c
Kalshi WS trade #3115: KXNCAAMBSPREAD-26FEB18NDSUSDST-NDSU4 | no | count=1.00 | yes=36c
Kalshi WS trade #3116: KXNCAAMBGAME-26FEB18DEPHALL-HALL | yes | count=87.00 | yes=15c
Kalshi WS trade #3117: KXNCAAMBGAME-26FEB18DEPHALL-HALL | yes | count=61.00 | yes=15c
Kalshi WS trade #3118: KXNCAAMBGAME-26FEB18FAUUTSA-UTSA | yes | count=46.00 | yes=1c
Kalshi WS trade #3119: KXNCAAMBGAME-26FEB18CHARTLSA-CHAR | yes | count=50.00 | yes=14c
Kalshi WS trade #3120: KXNCAAMBGAME-26FEB18CHARTLSA-CHAR | yes | count=50.00 | yes=14c
Kalshi WS trade #3121: KXNCAAMBGAME-26FEB18CHARTLSA-CHAR | yes | count=50.00 | yes=14c
Kalshi WS trade #3122: KXNCAAMBGAME-26FEB18CHARTLSA-CHAR | yes | count=50.00 | yes=14c
Kalshi WS trade #3123: KXNCAAMBGAME-26FEB18CHARTLSA-CHAR | yes | count=50.00 | yes=15c
Kalshi WS trade #3124: KXNCAAMBGAME-26FEB18CHARTLSA-CHAR | yes | count=125.00 | yes=15c
Kalshi WS trade #3125: KXNCAAMBGAME-26FEB18CHARTLSA-CHAR | yes | count=60.00 | yes=15c
Kalshi WS trade #3126: KXNCAAMBGAME-26FEB18CHARTLSA-CHAR | yes | count=75.00 | yes=15c
Kalshi WS trade #3127: KXNCAAMBGAME-26FEB18CHARTLSA-CHAR | yes | count=50.00 | yes=15c
Kalshi WS trade #3128: KXNCAAMBGAME-26FEB18CHARTLSA-CHAR | yes | count=40.00 | yes=15c
Kalshi WS trade #3129: KXATPMATCH-26FEB18GIRRUU-GIR | yes | count=134.00 | yes=73c
Kalshi WS trade #3130: KXBERNIEMENTION-26FEB19-MIDD | yes | count=13.00 | yes=35c
Kalshi WS trade #3131: KXNURSESTRIKE-26-FEB25 | yes | count=5.00 | yes=50c
Kalshi WS trade #3132: KXNCAAMBGAME-26FEB18BYUARIZ-BYU | no | count=90.00 | yes=18c
Kalshi WS trade #3133: KXNCAAWBGAME-26FEB18UNLVSDSU-UNLV | yes | count=5.00 | yes=36c
Kalshi WS trade #3134: KXNCAAMBSPREAD-26FEB18ORUNEOM-NEOM13 | yes | count=255.00 | yes=31c
Kalshi WS trade #3135: KXNCAAMBGAME-26FEB18AUBMSST-MSST | no | count=11.00 | yes=81c
Kalshi WS trade #3136: KXNCAAWBGAME-26FEB18NEVCSU-CSU | yes | count=1.00 | yes=98c
Kalshi WS trade #3137: KXNCAABMENTION-26FEB18BYUARIZ-DOUB | yes | count=5.00 | yes=57c
Kalshi WS trade #3138: KXNCAABMENTION-26FEB18BYUARIZ-DOUB | yes | count=6.00 | yes=58c
Kalshi WS trade #3139: KXNCAAWBGAME-26FEB18UTAUTU-UTU | yes | count=19.00 | yes=24c
Kalshi WS trade #3140: KXNCAAMBGAME-26FEB18MDNW-MD | yes | count=47.00 | yes=3c
Kalshi WS trade #3141: KXNCAAMBGAME-26FEB18MDNW-MD | yes | count=750.00 | yes=3c
Kalshi WS trade #3142: KXNCAAMBGAME-26FEB18MDNW-MD | yes | count=282.00 | yes=3c
Kalshi WS trade #3143: KXNCAAMBGAME-26FEB18MDNW-MD | yes | count=282.00 | yes=3c
Kalshi WS trade #3144: KXNCAAMBGAME-26FEB18MDNW-MD | yes | count=282.00 | yes=3c
Kalshi WS trade #3145: KXNCAAMBGAME-26FEB18MDNW-MD | yes | count=282.00 | yes=3c
Kalshi WS trade #3146: KXNCAAMBGAME-26FEB18MDNW-MD | yes | count=103.00 | yes=3c
Kalshi WS trade #3147: KXNCAAMBTOTAL-26FEB18PACWSU-147 | no | count=30.00 | yes=53c
Kalshi WS trade #3148: KXBTC-26FEB1822-B66625 | yes | count=18.00 | yes=90c
Kalshi WS trade #3149: KXNCAAMBGAME-26FEB18NDSUSDST-NDSU | no | count=375.00 | yes=95c
Kalshi WS trade #3150: KXNCAAMBGAME-26FEB18NDSUSDST-NDSU | no | count=10.00 | yes=95c
Kalshi WS trade #3151: KXNCAAMBGAME-26FEB18NDSUSDST-NDSU | no | count=31.00 | yes=95c
Kalshi WS trade #3152: KXNCAAMBSPREAD-26FEB18BYUARIZ-ARIZ12 | no | count=14.00 | yes=31c
Kalshi WS trade #3153: KXNCAAWBGAME-26FEB19QUCJAC-JAC | yes | count=25.00 | yes=95c
Kalshi WS trade #3154: KXLLM1-26FEB28-GOOG | no | count=500.00 | yes=36c
Kalshi WS trade #3155: KXLLM1-26FEB28-A | no | count=500.00 | yes=62c
Kalshi WS trade #3156: KXNCAAMBGAME-26FEB18SJUMARQ-MARQ | yes | count=14.00 | yes=19c
Kalshi WS trade #3157: KXNCAAMBTOTAL-26FEB18DEPHALL-124 | yes | count=2.00 | yes=74c
Kalshi WS trade #3158: KXNCAAMBTOTAL-26FEB18DEPHALL-124 | yes | count=63.00 | yes=75c
Kalshi WS trade #3159: KXNCAAMBTOTAL-26FEB18NCCUSCST-140 | no | count=698.00 | yes=49c
Kalshi WS trade #3160: KXNCAAMBTOTAL-26FEB18NCCUSCST-140 | no | count=3.00 | yes=49c
Kalshi WS trade #3161: KXNCAAMBTOTAL-26FEB18NCCUSCST-140 | no | count=14.00 | yes=49c
Kalshi WS trade #3162: KXNCAAMBTOTAL-26FEB18NCCUSCST-140 | no | count=50.00 | yes=49c
Kalshi WS trade #3163: KXNCAAMBTOTAL-26FEB18NCCUSCST-140 | no | count=140.00 | yes=49c
Kalshi WS trade #3164: KXNCAAMBSPREAD-26FEB18BYUARIZ-ARIZ9 | no | count=2.00 | yes=45c
Kalshi WS trade #3165: KXNCAAMBGAME-26FEB18NDSUSDST-SDST | yes | count=18.00 | yes=5c
Kalshi WS trade #3166: KXNCAAMBGAME-26FEB18KUOKST-KU | yes | count=103.00 | yes=96c
Kalshi WS trade #3167: KXNCAAMBGAME-26FEB18VANMIZZ-VAN | yes | count=20.00 | yes=53c
Kalshi WS trade #3168: KXNCAAMBSPREAD-26FEB18MURRILST-ILST6 | no | count=246.00 | yes=49c
Kalshi WS trade #3169: KXNCAAMBSPREAD-26FEB18MURRILST-ILST6 | no | count=4.00 | yes=49c
Kalshi WS trade #3170: KXNCAAMBTOTAL-26FEB18BYUARIZ-161 | no | count=9.00 | yes=47c
Kalshi WS trade #3171: KXBTC15M-26FEB182200-00 | no | count=222.00 | yes=67c
Kalshi WS trade #3172: KXBTC15M-26FEB182200-00 | no | count=4.00 | yes=66c
Kalshi WS trade #3173: KXBTC15M-26FEB182200-00 | no | count=13.00 | yes=66c
Kalshi WS trade #3174: KXBTC15M-26FEB182200-00 | no | count=25.00 | yes=66c
Kalshi WS trade #3175: KXBTC15M-26FEB182200-00 | no | count=150.00 | yes=66c
Kalshi WS trade #3176: KXBTC15M-26FEB182200-00 | no | count=20.00 | yes=66c
Kalshi WS trade #3177: KXBTC15M-26FEB182200-00 | no | count=144.00 | yes=65c
Kalshi WS trade #3178: KXBTC15M-26FEB182200-00 | no | count=5.00 | yes=65c
Kalshi WS trade #3179: KXBTC15M-26FEB182200-00 | no | count=5.00 | yes=65c
Kalshi WS trade #3180: KXBTC15M-26FEB182200-00 | no | count=5.00 | yes=65c
Kalshi WS trade #3181: KXBTC15M-26FEB182200-00 | no | count=5.00 | yes=65c
Kalshi WS trade #3182: KXBTC15M-26FEB182200-00 | no | count=150.00 | yes=64c
Kalshi WS trade #3183: KXBTC15M-26FEB182200-00 | no | count=1.00 | yes=63c
Kalshi WS trade #3184: KXBTC15M-26FEB182200-00 | no | count=17.00 | yes=63c
Kalshi WS trade #3185: KXBTC15M-26FEB182200-00 | no | count=400.00 | yes=63c
Kalshi WS trade #3186: KXBTC15M-26FEB182200-00 | no | count=100.00 | yes=63c
Kalshi WS trade #3187: KXBTC15M-26FEB182200-00 | no | count=3.00 | yes=63c
Kalshi WS trade #3188: KXBTC15M-26FEB182200-00 | no | count=150.00 | yes=62c
Kalshi WS trade #3189: KXBTC15M-26FEB182200-00 | no | count=78.00 | yes=61c
Kalshi WS trade #3190: KXBTC15M-26FEB182200-00 | no | count=150.00 | yes=60c
Kalshi WS trade #3191: KXBTC15M-26FEB182200-00 | no | count=1.00 | yes=60c
Kalshi WS trade #3192: KXBTC15M-26FEB182200-00 | no | count=250.00 | yes=60c
Kalshi WS trade #3193: KXBTC15M-26FEB182200-00 | no | count=8.00 | yes=59c
Kalshi WS trade #3194: KXBTC15M-26FEB182200-00 | no | count=150.00 | yes=58c
Kalshi WS trade #3195: KXBTC15M-26FEB182200-00 | no | count=157.00 | yes=58c
Kalshi WS trade #3196: KXBTC15M-26FEB182200-00 | no | count=193.00 | yes=57c
Kalshi WS trade #3197: KXBTC15M-26FEB182200-00 | no | count=58.00 | yes=56c
Kalshi WS trade #3198: KXWOFREESKI-XTAER26MEDAL-CHE | no | count=62.00 | yes=47c
Kalshi WS trade #3199: KXWOFREESKI-XTAER26MEDAL-CHE | no | count=166.00 | yes=46c
Kalshi WS trade #3200: KXBTC15M-26FEB182200-00 | yes | count=2.00 | yes=68c
Kalshi WS trade #3201: KXBTC15M-26FEB182200-00 | yes | count=5.00 | yes=68c
Kalshi WS trade #3202: KXMVESPORTSMULTIGAMEEXTENDED-S2026CF021C02ECE-CE5BAFAFE95 | yes | count=83.00 | yes=10c
Kalshi WS trade #3203: KXNCAAMBSPREAD-26FEB18VANMIZZ-MIZZ4 | no | count=9.00 | yes=28c
Kalshi WS trade #3204: KXNCAAMBSPREAD-26FEB18VANMIZZ-MIZZ4 | no | count=40.00 | yes=28c
Kalshi WS trade #3205: KXMVESPORTSMULTIGAMEEXTENDED-S2026D7ABCB98CC1-1012D3A97D8 | yes | count=6.00 | yes=44c
Kalshi WS trade #3206: KXNCAAMBSPREAD-26FEB18FAUUTSA-FAU10 | no | count=3.00 | yes=2c
Kalshi WS trade #3207: KXNCAAMBSPREAD-26FEB18VANMIZZ-VAN2 | no | count=14.00 | yes=37c
Kalshi WS trade #3208: KXNCAAMBSPREAD-26FEB18VANMIZZ-VAN2 | no | count=139.00 | yes=37c
Kalshi WS trade #3209: KXBTC15M-26FEB182200-00 | no | count=1.00 | yes=68c
Kalshi WS trade #3210: KXNCAAMBGAME-26FEB18SJUMARQ-MARQ | yes | count=14.00 | yes=19c
Kalshi WS trade #3211: KXNCAAMBSPREAD-26FEB18UVAGT-UVA28 | no | count=22.00 | yes=61c
Kalshi WS trade #3212: KXNCAAMBSPREAD-26FEB18BYUARIZ-ARIZ9 | yes | count=10.00 | yes=50c
Kalshi WS trade #3213: KXNCAAMBSPREAD-26FEB18BYUARIZ-ARIZ9 | yes | count=25.00 | yes=50c
Kalshi WS trade #3214: KXBTC15M-26FEB182200-00 | no | count=10.00 | yes=68c
Kalshi WS trade #3215: KXNCAAMBTOTAL-26FEB18BYUARIZ-161 | yes | count=200.00 | yes=48c
Kalshi WS trade #3216: KXBTC-26FEB1822-B66875 | yes | count=39.00 | yes=11c
Kalshi WS trade #3217: KXATPMATCH-26FEB18GIRRUU-RUU | no | count=26.00 | yes=27c
Kalshi WS trade #3218: KXNCAAWBGAME-26FEB18UVUCBU-UVU | yes | count=2.00 | yes=47c
Kalshi WS trade #3219: KXNCAAMBSPREAD-26FEB18BYUARIZ-ARIZ9 | yes | count=10.00 | yes=50c
Kalshi WS trade #3220: KXNCAAMBGAME-26FEB18KENNMOSU-MOSU | yes | count=10.00 | yes=34c
Kalshi WS trade #3221: KXNCAAWBGAME-26FEB18UVUCBU-CBU | no | count=2.00 | yes=56c
Kalshi WS trade #3222: KXNCAAMBGAME-26FEB18ORUNEOM-NEOM | yes | count=2.00 | yes=98c
Kalshi WS trade #3223: KXNCAAMBTOTAL-26FEB18AUBMSST-153 | no | count=7.00 | yes=82c
Kalshi WS trade #3224: KXNCAAMBGAME-26FEB18BYUARIZ-BYU | yes | count=236.00 | yes=20c
Poly WS trade #39: asset=46553455570564517989... | SELL | size=36 | price=0.007
Poly WS trade #40: asset=48458075019957098166... | SELL | size=25 | price=0.992
Kalshi WS trade #3225: KXNCAAMBTOTAL-26FEB18BYUARIZ-161 | yes | count=211.00 | yes=48c
Poly WS trade #41: asset=89036168105179001192... | BUY | size=1.05262 | price=0.95
Kalshi WS trade #3226: KXNCAAMBGAME-26FEB18KENNMOSU-MOSU | yes | count=15.00 | yes=34c
Kalshi WS trade #3227: KXNCAAMBGAME-26FEB18KENNMOSU-MOSU | yes | count=34.00 | yes=36c
Kalshi WS trade #3228: KXNCAAMBGAME-26FEB18KENNMOSU-MOSU | yes | count=34.00 | yes=36c
Kalshi WS trade #3229: KXNCAAMBGAME-26FEB18KENNMOSU-MOSU | yes | count=34.00 | yes=36c
Kalshi WS trade #3230: KXNCAAMBGAME-26FEB18KENNMOSU-MOSU | yes | count=34.00 | yes=36c
Kalshi WS trade #3231: KXNCAAMBGAME-26FEB18KENNMOSU-MOSU | yes | count=34.00 | yes=36c
Kalshi WS trade #3232: KXNCAAMBGAME-26FEB18KENNMOSU-MOSU | yes | count=100.00 | yes=36c
Kalshi WS trade #3233: KXNCAAMBGAME-26FEB18KENNMOSU-MOSU | yes | count=253.00 | yes=36c
Kalshi WS trade #3234: KXNCAAMBGAME-26FEB18VANMIZZ-MIZZ | yes | count=957.00 | yes=49c
Kalshi WS trade #3235: KXNCAAMBGAME-26FEB18VANMIZZ-MIZZ | yes | count=243.00 | yes=49c
Kalshi WS trade #3236: KXATPMATCH-26FEB18GIRRUU-RUU | yes | count=205.00 | yes=29c
Kalshi WS trade #3237: KXNCAAMBGAME-26FEB18CHARTLSA-CHAR | yes | count=17.00 | yes=15c
Kalshi WS trade #3238: KXNCAAMBGAME-26FEB18CHARTLSA-CHAR | yes | count=1.00 | yes=15c
Kalshi WS trade #3239: KXNCAAMBGAME-26FEB18VANMIZZ-VAN | yes | count=4000.00 | yes=53c
Kalshi WS trade #3240: KXNCAAMBGAME-26FEB18CHARTLSA-CHAR | yes | count=32.00 | yes=15c
Kalshi WS trade #3241: KXNCAAMBGAME-26FEB18CHARTLSA-CHAR | yes | count=25.00 | yes=15c
Kalshi WS trade #3242: KXNCAAMBTOTAL-26FEB18KENNMOSU-170 | yes | count=2.00 | yes=37c
Kalshi WS trade #3243: KXNCAAMBTOTAL-26FEB18ORUNEOM-151 | yes | count=50.00 | yes=41c
Kalshi WS trade #3244: KXNCAAMBGAME-26FEB18CHARTLSA-CHAR | no | count=1.00 | yes=12c
Kalshi WS trade #3245: KXBTCD-26FEB1822-T66749.99 | no | count=7.00 | yes=6c
Kalshi WS trade #3246: KXNCAAMBGAME-26FEB18VANMIZZ-VAN | yes | count=181.00 | yes=53c
Kalshi WS trade #3247: KXBTCD-26FEB1822-T66749.99 | yes | count=85.00 | yes=8c
Kalshi WS trade #3248: KXBTCD-26FEB1822-T66749.99 | yes | count=100.00 | yes=9c
Kalshi WS trade #3249: KXBTCD-26FEB1822-T66749.99 | yes | count=114.00 | yes=9c
Kalshi WS trade #3250: KXNCAAMBGAME-26FEB18AUBMSST-AUB | yes | count=26.00 | yes=19c
Kalshi WS trade #3251: KXNCAAMBGAME-26FEB18AUBMSST-AUB | yes | count=13.00 | yes=19c
Kalshi WS trade #3252: KXNCAAMBGAME-26FEB18ILLUSC-ILL | no | count=111.00 | yes=81c
Kalshi WS trade #3253: KXBTC-26FEB1822-B66625 | yes | count=16.00 | yes=90c
Kalshi WS trade #3254: KXMVESPORTSMULTIGAMEEXTENDED-S2026A1A72397394-420264FA36F | yes | count=15.00 | yes=30c
Kalshi WS trade #3255: KXNCAAMBTOTAL-26FEB18ORUNEOM-151 | yes | count=583.00 | yes=42c
Kalshi WS trade #3256: KXMVESPORTSMULTIGAMEEXTENDED-S2026DD92E1E255D-A7A0CEBC43C | yes | count=333.00 | yes=1c
Kalshi WS trade #3257: KXNCAAMBSPREAD-26FEB18BYUARIZ-ARIZ15 | no | count=7.00 | yes=22c
Kalshi WS trade #3258: KXNCAAMBSPREAD-26FEB18BYUARIZ-ARIZ18 | no | count=30.00 | yes=14c
Kalshi WS trade #3259: KXNCAAMBSPREAD-26FEB18BYUARIZ-ARIZ18 | no | count=10.00 | yes=14c
Kalshi WS trade #3260: KXBTC15M-26FEB182200-00 | no | count=19.00 | yes=68c
Kalshi WS trade #3261: KXBTC15M-26FEB182200-00 | no | count=1.00 | yes=66c
Kalshi WS trade #3262: KXNCAAMBGAME-26FEB18BYUARIZ-BYU | yes | count=23.00 | yes=20c
Kalshi WS trade #3263: KXMVESPORTSMULTIGAMEEXTENDED-S2026B14695EB22B-BA808D8CDEC | yes | count=193.00 | yes=9c
Kalshi WS trade #3264: KXNCAAMBTOTAL-26FEB18UVAGT-161 | no | count=2.00 | yes=62c
Kalshi WS trade #3265: KXNCAAMBGAME-26FEB18CHARTLSA-TLSA | yes | count=333.00 | yes=88c
Kalshi WS trade #3266: KXNCAAMBGAME-26FEB18BYUARIZ-BYU | yes | count=135.00 | yes=20c
Kalshi WS trade #3267: KXNCAAMBGAME-26FEB18CHARTLSA-CHAR | yes | count=25.00 | yes=15c
Kalshi WS trade #3268: KXNCAAMBGAME-26FEB18CHARTLSA-CHAR | yes | count=32.00 | yes=15c
Kalshi WS trade #3269: KXNCAAMBSPREAD-26FEB18BYUARIZ-ARIZ18 | no | count=10.00 | yes=15c
Kalshi WS trade #3270: KXATPMATCH-26FEB18GIRRUU-RUU | yes | count=290.00 | yes=29c
Kalshi WS trade #3271: KXATPMATCH-26FEB18GIRRUU-RUU | yes | count=38.00 | yes=29c
Kalshi WS trade #3272: KXNBAGAME-26FEB19ATLPHI-ATL | no | count=32.00 | yes=48c
Kalshi WS trade #3273: KXTARIFFDECISIONRELEASE-26MAR17 | no | count=2.00 | yes=53c
Kalshi WS trade #3274: KXTARIFFDECISIONRELEASE-26MAR17 | no | count=1.00 | yes=53c
Kalshi WS trade #3275: KXTARIFFDECISIONRELEASE-26MAR17 | no | count=20.00 | yes=52c
Kalshi WS trade #3276: KXTARIFFDECISIONRELEASE-26MAR17 | no | count=2.00 | yes=50c
Kalshi WS trade #3277: KXTARIFFDECISIONRELEASE-26MAR17 | no | count=5.00 | yes=49c
Kalshi WS trade #3278: KXNCAAMBGAME-26FEB18MDNW-MD | yes | count=20.00 | yes=3c
Kalshi WS trade #3279: KXBTC15M-26FEB182200-00 | yes | count=1.00 | yes=68c
Kalshi WS trade #3280: KXNCAAMBTOTAL-26FEB18KENNMOSU-158 | no | count=20.00 | yes=76c
Kalshi WS trade #3281: KXATPMATCH-26FEB18GIRRUU-RUU | yes | count=59.00 | yes=29c
Kalshi WS trade #3282: KXNCAAMBGAME-26FEB18BYUARIZ-BYU | yes | count=127.00 | yes=20c
Kalshi WS trade #3283: KXATPMATCH-26FEB18GIRRUU-GIR | yes | count=34.00 | yes=73c
Kalshi WS trade #3284: KXNCAAMBGAME-26FEB18KUOKST-OKST | yes | count=18.00 | yes=6c
Kalshi WS trade #3285: KXNCAAMBGAME-26FEB18PEPPPORT-PORT | yes | count=130.00 | yes=76c
Kalshi WS trade #3286: KXNCAAMBGAME-26FEB18BYUARIZ-BYU | yes | count=94.00 | yes=20c
Kalshi WS trade #3287: KXATPMATCH-26FEB18GIRRUU-RUU | yes | count=19.00 | yes=29c
Kalshi WS trade #3288: KXLOWTCHI-26FEB18-B44.5 | yes | count=40.00 | yes=7c
Kalshi WS trade #3289: KXNCAAMBTOTAL-26FEB18UTAHWVU-124 | no | count=3.00 | yes=44c
Kalshi WS trade #3290: KXNCAAMBTOTAL-26FEB18UTAHWVU-124 | no | count=50.00 | yes=44c
Kalshi WS trade #3291: KXNCAAMBTOTAL-26FEB18UTAHWVU-124 | no | count=109.00 | yes=44c
Kalshi WS trade #3292: KXNCAAMBTOTAL-26FEB18NCCUSCST-140 | no | count=50.00 | yes=49c
Kalshi WS trade #3293: KXNCAAMBTOTAL-26FEB18NCCUSCST-140 | no | count=40.00 | yes=49c
Kalshi WS trade #3294: KXNCAAMBGAME-26FEB18ORUNEOM-ORU | yes | count=37.00 | yes=3c
Kalshi WS trade #3295: KXNCAAMBGAME-26FEB18ORUNEOM-ORU | yes | count=37.00 | yes=3c
Kalshi WS trade #3296: KXNCAAMBGAME-26FEB18ORUNEOM-ORU | yes | count=26.00 | yes=3c
Kalshi WS trade #3297: KXNCAAMBGAME-26FEB18VANMIZZ-VAN | yes | count=60.00 | yes=53c
Kalshi WS trade #3298: KXATPMATCH-26FEB18GIRRUU-RUU | no | count=1301.00 | yes=27c
Kalshi WS trade #3299: KXATPMATCH-26FEB18GIRRUU-RUU | no | count=100.00 | yes=27c
Kalshi WS trade #3300: KXATPMATCH-26FEB18GIRRUU-RUU | no | count=100.00 | yes=27c
Kalshi WS trade #3301: KXATPMATCH-26FEB18GIRRUU-RUU | no | count=180.00 | yes=26c
Kalshi WS trade #3302: KXATPMATCH-26FEB18GIRRUU-RUU | no | count=180.00 | yes=26c
Kalshi WS trade #3303: KXATPMATCH-26FEB18GIRRUU-RUU | no | count=1482.00 | yes=26c
Kalshi WS trade #3304: KXATPMATCH-26FEB18GIRRUU-RUU | no | count=21.00 | yes=25c
Kalshi WS trade #3305: KXBTC15M-26FEB182200-00 | no | count=14.00 | yes=66c
Kalshi WS trade #3306: KXNCAAMBTOTAL-26FEB18ORUNEOM-151 | yes | count=117.00 | yes=42c
Kalshi WS trade #3307: KXNCAAMBGAME-26FEB18NCCUSCST-NCCU | yes | count=88.00 | yes=43c
Kalshi WS trade #3308: KXBTCMAXMON-BTC-26FEB28-8500000 | yes | count=1.00 | yes=4c
Kalshi WS trade #3309: KXNCAAMBTOTAL-26FEB18AUBMSST-168 | yes | count=23.00 | yes=41c
Kalshi WS trade #3310: KXNCAAMBTOTAL-26FEB18AUBMSST-168 | yes | count=230.00 | yes=41c
Kalshi WS trade #3311: KXNCAAMBTOTAL-26FEB18AUBMSST-168 | yes | count=230.00 | yes=41c
Kalshi WS trade #3312: KXNCAAMBTOTAL-26FEB18AUBMSST-168 | yes | count=111.00 | yes=41c
Kalshi WS trade #3313: KXNCAAMBGAME-26FEB18UTAHWVU-UTAH | no | count=4.00 | yes=56c
Kalshi WS trade #3314: KXATPMATCH-26FEB18GIRRUU-GIR | yes | count=50.00 | yes=73c
Kalshi WS trade #3315: KXMVESPORTSMULTIGAMEEXTENDED-S20263D61FBCD437-013724A158A | yes | count=16.00 | yes=28c
Kalshi WS trade #3316: KXATPMATCH-26FEB18GIRRUU-RUU | yes | count=339.00 | yes=28c
Kalshi WS trade #3317: KXMVESPORTSMULTIGAMEEXTENDED-S20262847FCC3899-63D023ABB83 | yes | count=185.00 | yes=0c
Kalshi WS trade #3318: KXTOPMODEL-26FEB28-CLAU6 | no | count=27.00 | yes=6c
Kalshi WS trade #3319: KXNCAAMBGAME-26FEB18BYUARIZ-BYU | yes | count=104.00 | yes=20c
Kalshi WS trade #3320: KXNCAAMBSPREAD-26FEB18MDNW-NW11 | yes | count=8.00 | yes=38c
Kalshi WS trade #3321: KXNCAAMBSPREAD-26FEB18MDNW-NW11 | yes | count=140.00 | yes=39c
Kalshi WS trade #3322: KXNCAAMBSPREAD-26FEB18MDNW-NW11 | yes | count=105.00 | yes=39c
Kalshi WS trade #3323: KXNCAAMBGAME-26FEB18MDNW-MD | yes | count=3.00 | yes=3c
Kalshi WS trade #3324: KXATPMATCH-26FEB18GIRRUU-GIR | yes | count=1.00 | yes=73c
Kalshi WS trade #3325: KXWOHOCKEY-WOMEN26CGOLD-USA | yes | count=60.00 | yes=82c
Kalshi WS trade #3326: KXNCAAMBGAME-26FEB18VANMIZZ-MIZZ | yes | count=19.00 | yes=49c
Kalshi WS trade #3327: KXNCAAMBGAME-26FEB18BYUARIZ-BYU | yes | count=9.00 | yes=20c
Kalshi WS trade #3328: KXNCAAMBGAME-26FEB18CHARTLSA-TLSA | yes | count=1.00 | yes=88c
Kalshi WS trade #3329: KXNCAAMBGAME-26FEB18BYUARIZ-BYU | yes | count=28.00 | yes=20c
Kalshi WS trade #3330: KXATPMATCH-26FEB18GIRRUU-GIR | yes | count=39.00 | yes=73c
Kalshi WS trade #3331: KXNCAAMBGAME-26FEB18KENNMOSU-KENN | yes | count=5.00 | yes=65c
Kalshi WS trade #3332: KXNCAAMBSPREAD-26FEB18BYUARIZ-ARIZ3 | yes | count=10.00 | yes=76c
Kalshi WS trade #3333: KXNCAAMBSPREAD-26FEB18BYUARIZ-ARIZ3 | yes | count=18.00 | yes=76c
Kalshi WS trade #3334: KXNCAAMBSPREAD-26FEB18BYUARIZ-ARIZ3 | yes | count=50.00 | yes=76c
Kalshi WS trade #3335: KXNCAAMBSPREAD-26FEB18BYUARIZ-ARIZ3 | yes | count=473.00 | yes=76c
Kalshi WS trade #3336: KXNCAAMBGAME-26FEB18NCCUSCST-SCST | yes | count=32.00 | yes=59c
Kalshi WS trade #3337: KXNCAAMBSPREAD-26FEB18UTAHWVU-UTAH2 | no | count=50.00 | yes=48c
Kalshi WS trade #3338: KXNCAAMBSPREAD-26FEB18UTAHWVU-UTAH2 | no | count=109.00 | yes=48c
Kalshi WS trade #3339: KXATPMATCH-26FEB18GIRRUU-RUU | yes | count=1.00 | yes=28c
Kalshi WS trade #3340: KXNCAAMBGAME-26FEB18BYUARIZ-BYU | yes | count=47.00 | yes=20c
Kalshi WS trade #3341: KXNCAAMBTOTAL-26FEB18ORUNEOM-151 | yes | count=700.00 | yes=43c
Kalshi WS trade #3342: KXBTC15M-26FEB182200-00 | no | count=2.00 | yes=67c
Kalshi WS trade #3343: KXBTC15M-26FEB182200-00 | no | count=5.00 | yes=67c
Kalshi WS trade #3344: KXBTC15M-26FEB182200-00 | no | count=50.00 | yes=67c
Kalshi WS trade #3345: KXNCAAMBTOTAL-26FEB18BYUARIZ-161 | yes | count=36.00 | yes=48c
Kalshi WS trade #3346: KXBTC15M-26FEB182200-00 | yes | count=1.00 | yes=68c
Kalshi WS trade #3347: KXBTC15M-26FEB182200-00 | yes | count=4.00 | yes=69c
Kalshi WS trade #3348: KXBTC15M-26FEB182200-00 | yes | count=20.00 | yes=69c
Kalshi WS trade #3349: KXBTC15M-26FEB182200-00 | yes | count=5.00 | yes=70c
Kalshi WS trade #3350: KXBTC15M-26FEB182200-00 | yes | count=2.00 | yes=70c
Kalshi WS trade #3351: KXNCAAMBSPREAD-26FEB18GONZSF-GONZ14 | no | count=7.00 | yes=54c
Kalshi WS trade #3352: KXNCAAMBTOTAL-26FEB18ORUNEOM-151 | no | count=700.00 | yes=43c
Kalshi WS trade #3353: KXBERNIEMENTION-26FEB19-PETE | yes | count=8.00 | yes=32c
Kalshi WS trade #3354: KXBERNIEMENTION-26FEB19-PETE | yes | count=3.00 | yes=32c
Kalshi WS trade #3355: KXNCAAMBGAME-26FEB18BYUARIZ-ARIZ | yes | count=1547.00 | yes=83c
Kalshi WS trade #3356: KXNCAAMBGAME-26FEB18DEPHALL-HALL | yes | count=57.00 | yes=15c
Kalshi WS trade #3357: KXNCAAMBGAME-26FEB18DEPHALL-HALL | yes | count=90.00 | yes=15c
Kalshi WS trade #3358: KXNCAAMBGAME-26FEB18DEPHALL-DEP | no | count=10.00 | yes=85c
Kalshi WS trade #3359: KXNCAAMBGAME-26FEB18KENNMOSU-MOSU | yes | count=2.00 | yes=34c
Kalshi WS trade #3360: KXNCAAMBGAME-26FEB18KENNMOSU-MOSU | yes | count=34.00 | yes=35c
Kalshi WS trade #3361: KXNCAAMBGAME-26FEB18KENNMOSU-MOSU | yes | count=31.00 | yes=35c
Kalshi WS trade #3362: KXNCAAMBSPREAD-26FEB18BYUARIZ-ARIZ9 | no | count=30.00 | yes=46c
Kalshi WS trade #3363: KXNCAAMBSPREAD-26FEB18BYUARIZ-ARIZ9 | no | count=31.00 | yes=46c
Kalshi WS trade #3364: KXMVESPORTSMULTIGAMEEXTENDED-S2026B60D024F0BC-B098498A5C6 | yes | count=1100.00 | yes=12c
Kalshi WS trade #3365: KXMVESPORTSMULTIGAMEEXTENDED-S20262B697A9920D-A1384512B3E | yes | count=190.00 | yes=0c
Kalshi WS trade #3366: KXMVESPORTSMULTIGAMEEXTENDED-S20262CA15365814-4F3965C89E6 | yes | count=5.00 | yes=14c
Kalshi WS trade #3367: KXMVESPORTSMULTIGAMEEXTENDED-S2026BD1AB425363-FA6F3D9EF73 | yes | count=11.00 | yes=89c
Kalshi WS trade #3368: KXNCAAMBTOTAL-26FEB18DEPHALL-127 | no | count=50.00 | yes=54c
Kalshi WS trade #3369: KXNCAAMBTOTAL-26FEB18DEPHALL-127 | no | count=2.00 | yes=53c
Kalshi WS trade #3370: KXNCAAMBGAME-26FEB18NDSUSDST-NDSU | yes | count=100.00 | yes=97c
Kalshi WS trade #3371: KXATPMATCH-26FEB18GIRRUU-GIR | yes | count=90.00 | yes=73c
Kalshi WS trade #3372: KXATPMATCH-26FEB18GIRRUU-GIR | yes | count=34.00 | yes=73c
Kalshi WS trade #3373: KXNCAAMBGAME-26FEB18SJUMARQ-MARQ | yes | count=60.00 | yes=18c
Kalshi WS trade #3374: KXNCAAMBGAME-26FEB18SJUMARQ-MARQ | yes | count=64.00 | yes=18c
Kalshi WS trade #3375: KXNCAAMBGAME-26FEB18BYUARIZ-BYU | yes | count=154.00 | yes=20c
Kalshi WS trade #3376: KXNCAAMBGAME-26FEB18BYUARIZ-ARIZ | yes | count=35.00 | yes=83c
Kalshi WS trade #3377: KXNCAAMBGAME-26FEB18MURRILST-MURR | yes | count=125.00 | yes=22c
Kalshi WS trade #3378: KXATPMATCH-26FEB18GIRRUU-RUU | yes | count=328.00 | yes=28c
Kalshi WS trade #3379: KXNCAAMBGAME-26FEB18DEPHALL-DEP | yes | count=911.00 | yes=87c
Poly WS trade #42: asset=46553455570564517989... | SELL | size=36 | price=0.007
Kalshi WS trade #3380: KXNCAAMBGAME-26FEB18VANMIZZ-VAN | yes | count=18.00 | yes=52c
Kalshi WS trade #3381: KXATPMATCH-26FEB18GIRRUU-RUU | no | count=140.00 | yes=27c
Kalshi WS trade #3382: KXNCAAMBGAME-26FEB18ORUNEOM-ORU | yes | count=11.00 | yes=3c
Kalshi WS trade #3383: KXNCAAMBGAME-26FEB18ORUNEOM-ORU | yes | count=4.00 | yes=3c
Kalshi WS trade #3384: KXBTC15M-26FEB182200-00 | no | count=13.00 | yes=71c
Kalshi WS trade #3385: KXNCAAMBGAME-26FEB18NDSUSDST-NDSU | no | count=49.00 | yes=95c
Kalshi WS trade #3386: KXNCAAMBGAME-26FEB18NDSUSDST-NDSU | no | count=300.00 | yes=95c
Kalshi WS trade #3387: KXUFCFIGHT-26FEB21STRHER-STR | yes | count=6.00 | yes=30c
Kalshi WS trade #3388: KXNCAAMBSPREAD-26FEB18UTAHWVU-WVU4 | no | count=109.00 | yes=24c
Kalshi WS trade #3389: KXNCAAMBSPREAD-26FEB18UTAHWVU-WVU4 | no | count=50.00 | yes=24c
Kalshi WS trade #3390: KXLOWTCHI-26FEB18-T49 | yes | count=7.00 | yes=6c
Kalshi WS trade #3391: KXATPMATCH-26FEB18GIRRUU-RUU | yes | count=10.00 | yes=28c
Kalshi WS trade #3392: KXATPMATCH-26FEB18GIRRUU-RUU | yes | count=328.00 | yes=28c
Kalshi WS trade #3393: KXATPMATCH-26FEB18GIRRUU-GIR | no | count=25.00 | yes=72c
Kalshi WS trade #3394: KXTIME-26-DT | no | count=5.00 | yes=18c
Kalshi WS trade #3395: KXTIME-26-DT | no | count=119.00 | yes=18c
Kalshi WS trade #3396: KXATPMATCH-26FEB18GIRRUU-GIR | no | count=155.00 | yes=72c
Kalshi WS trade #3397: KXATPMATCH-26FEB18GIRRUU-GIR | no | count=268.00 | yes=72c
Kalshi WS trade #3398: KXNCAAMBGAME-26FEB18NCCUSCST-SCST | yes | count=38.00 | yes=58c
Kalshi WS trade #3399: KXBTCD-26FEB1822-T66499.99 | no | count=100.00 | yes=98c
Kalshi WS trade #3400: KXBTCD-26FEB1822-T66499.99 | no | count=89.00 | yes=98c
Kalshi WS trade #3401: KXBTC-26FEB1822-B66625 | yes | count=189.00 | yes=87c
Kalshi WS trade #3402: KXBTCD-26FEB1822-T66749.99 | yes | count=121.00 | yes=9c
Kalshi WS trade #3403: KXBTCD-26FEB1822-T66749.99 | yes | count=68.00 | yes=9c
Kalshi WS trade #3404: KXMVESPORTSMULTIGAMEEXTENDED-S2026F2C082A7517-A8570038A3F | yes | count=16.00 | yes=4c
Kalshi WS trade #3405: KXMVESPORTSMULTIGAMEEXTENDED-S2026F2C082A7517-A8570038A3F | yes | count=16.00 | yes=4c
Kalshi WS trade #3406: KXMVESPORTSMULTIGAMEEXTENDED-S2026F2C082A7517-A8570038A3F | yes | count=16.00 | yes=4c
Kalshi WS trade #3407: KXMVESPORTSMULTIGAMEEXTENDED-S2026F2C082A7517-A8570038A3F | yes | count=152.00 | yes=4c
Kalshi WS trade #3408: KXNCAAMBGAME-26FEB18NDSUSDST-SDST | yes | count=187.00 | yes=5c
Kalshi WS trade #3409: KXMVESPORTSMULTIGAMEEXTENDED-S202616D69F651DB-49168C6AA38 | yes | count=323.00 | yes=5c
Kalshi WS trade #3410: KXMVESPORTSMULTIGAMEEXTENDED-S2026A10F390215C-6140700BFD3 | yes | count=19.00 | yes=50c
Kalshi WS trade #3411: KXNCAAMBGAME-26FEB18AUBMSST-AUB | yes | count=1.00 | yes=19c
Kalshi WS trade #3412: KXNCAAMBGAME-26FEB18AUBMSST-AUB | yes | count=23.00 | yes=19c
Kalshi WS trade #3413: KXNCAAMBGAME-26FEB18BYUARIZ-BYU | yes | count=315.00 | yes=20c
Kalshi WS trade #3414: KXNCAAMBGAME-26FEB18BYUARIZ-BYU | yes | count=60.00 | yes=20c
Kalshi WS trade #3415: KXNCAAMBGAME-26FEB18BYUARIZ-BYU | yes | count=2330.00 | yes=20c
Kalshi WS trade #3416: KXNCAAMBGAME-26FEB18BYUARIZ-BYU | yes | count=2029.00 | yes=20c
Kalshi WS trade #3417: KXNCAAMBSPREAD-26FEB18ORUNEOM-NEOM13 | yes | count=52.00 | yes=31c
Kalshi WS trade #3418: KXNCAAMBSPREAD-26FEB18ORUNEOM-NEOM13 | yes | count=26.00 | yes=32c
Kalshi WS trade #3419: KXMVESPORTSMULTIGAMEEXTENDED-S2026EEA84E28783-FCB40201408 | yes | count=107.00 | yes=47c
Kalshi WS trade #3420: KXNCAAMBGAME-26FEB18BYUARIZ-BYU | yes | count=24.00 | yes=20c
Kalshi WS trade #3421: KXNCAAMBGAME-26FEB18BYUARIZ-ARIZ | yes | count=58.00 | yes=82c
Kalshi WS trade #3422: KXNCAAMBSPREAD-26FEB18BYUARIZ-ARIZ9 | no | count=35.00 | yes=46c
Kalshi WS trade #3423: KXNCAAMBGAME-26FEB18KENNMOSU-MOSU | yes | count=3.00 | yes=35c
Kalshi WS trade #3424: KXNCAAMBGAME-26FEB18KENNMOSU-MOSU | yes | count=2.00 | yes=35c
Kalshi WS trade #3425: KXNCAAMBGAME-26FEB18BYUARIZ-ARIZ | yes | count=119.00 | yes=82c
Kalshi WS trade #3426: KXNCAAMBSPREAD-26FEB18AUBMSST-MSST6 | yes | count=6.00 | yes=58c
Kalshi WS trade #3427: KXNCAAMBSPREAD-26FEB18AUBMSST-MSST6 | yes | count=5.00 | yes=58c
Kalshi WS trade #3428: KXNCAAMBGAME-26FEB18FAUUTSA-FAU | no | count=400.00 | yes=99c
Kalshi WS trade #3429: KXBTC15M-26FEB182200-00 | yes | count=13.00 | yes=71c
Kalshi WS trade #3430: KXNCAAMBSPREAD-26FEB18AUBMSST-MSST9 | no | count=327.00 | yes=47c
Kalshi WS trade #3431: KXBTC15M-26FEB182200-00 | no | count=3.00 | yes=70c
Kalshi WS trade #3432: KXNCAAWBGAME-26FEB18UTAUTU-UTU | yes | count=7.00 | yes=25c
Kalshi WS trade #3433: KXNCAAMBSPREAD-26FEB18AUBMSST-MSST3 | no | count=40.00 | yes=75c
Kalshi WS trade #3434: KXNCAAWBGAME-26FEB18UTAUTU-UTA | no | count=7.00 | yes=77c
Kalshi WS trade #3435: KXNCAAWBGAME-26FEB18NEVCSU-NEV | no | count=55.00 | yes=2c
Kalshi WS trade #3436: KXNCAAMBGAME-26FEB18AUBMSST-MSST | yes | count=48.00 | yes=82c
Kalshi WS trade #3437: KXNCAAMBTOTAL-26FEB18MDNW-130 | no | count=109.00 | yes=99c
Kalshi WS trade #3438: KXNBAGAME-26FEB19HOUCHA-HOU | yes | count=15.00 | yes=63c
Kalshi WS trade #3439: KXNBAGAME-26FEB19HOUCHA-HOU | yes | count=6.00 | yes=63c
Kalshi WS trade #3440: KXNBAGAME-26FEB19HOUCHA-HOU | yes | count=125.00 | yes=63c
Kalshi WS trade #3441: KXNBAGAME-26FEB19HOUCHA-HOU | yes | count=8.00 | yes=63c
Kalshi WS trade #3442: KXNCAAMBGAME-26FEB18DEPHALL-HALL | yes | count=28.00 | yes=15c
Kalshi WS trade #3443: KXNCAAMBGAME-26FEB18DEPHALL-HALL | yes | count=118.00 | yes=15c
Kalshi WS trade #3444: KXNCAAMBGAME-26FEB18DEPHALL-HALL | yes | count=118.00 | yes=15c
Kalshi WS trade #3445: KXNCAAMBGAME-26FEB18DEPHALL-HALL | yes | count=50.00 | yes=15c
Kalshi WS trade #3446: KXNCAAMBGAME-26FEB18DEPHALL-HALL | yes | count=19.00 | yes=15c
Kalshi WS trade #3447: KXNCAAMBGAME-26FEB18DEPHALL-HALL | yes | count=118.00 | yes=15c
Kalshi WS trade #3448: KXNCAAMBGAME-26FEB18DEPHALL-HALL | yes | count=709.00 | yes=15c
Kalshi WS trade #3449: KXNCAAMBGAME-26FEB18DEPHALL-HALL | yes | count=709.00 | yes=15c
Kalshi WS trade #3450: KXNCAAMBGAME-26FEB18DEPHALL-HALL | yes | count=709.00 | yes=15c
Kalshi WS trade #3451: KXNCAAMBGAME-26FEB18DEPHALL-HALL | yes | count=709.00 | yes=15c
Kalshi WS trade #3452: KXNCAAMBGAME-26FEB18DEPHALL-HALL | yes | count=709.00 | yes=15c
Kalshi WS trade #3453: KXNCAAMBGAME-26FEB18DEPHALL-HALL | yes | count=408.00 | yes=15c
Kalshi WS trade #3454: KXLOWTAUS-26FEB18-B58.5 | no | count=91.00 | yes=15c
Kalshi WS trade #3455: KXSOL15M-26FEB182200-00 | no | count=3.00 | yes=73c
Kalshi WS trade #3456: KXNCAAMBGAME-26FEB18BYUARIZ-BYU | yes | count=23.00 | yes=20c
Kalshi WS trade #3457: KXBERNIEMENTION-26FEB19-PETE | yes | count=14.00 | yes=32c
Kalshi WS trade #3458: KXNCAAMBSPREAD-26FEB18SJUMARQ-SJU9 | no | count=12.00 | yes=43c
Kalshi WS trade #3459: KXNCAAMBSPREAD-26FEB18SJUMARQ-SJU9 | no | count=19.00 | yes=42c
Kalshi WS trade #3460: KXNCAAMBSPREAD-26FEB18PACWSU-WSU4 | yes | count=500.00 | yes=38c
Kalshi WS trade #3461: KXNCAAMBGAME-26FEB18KENNMOSU-KENN | yes | count=21.00 | yes=66c
Kalshi WS trade #3462: KXNCAAMBGAME-26FEB18BYUARIZ-BYU | yes | count=94.00 | yes=20c
Kalshi WS trade #3463: KXNCAABMENTION-26FEB18BYUARIZ-ANKL | no | count=291.00 | yes=98c
Kalshi WS trade #3464: KXNCAABMENTION-26FEB18BYUARIZ-ANKL | no | count=117.00 | yes=97c
Kalshi WS trade #3465: KXNCAAMBGAME-26FEB18NDSUSDST-SDST | yes | count=87.00 | yes=5c
Kalshi WS trade #3466: KXATPMATCH-26FEB18GIRRUU-GIR | yes | count=19.00 | yes=73c
Kalshi WS trade #3467: KXATPMATCH-26FEB18GIRRUU-GIR | yes | count=3.00 | yes=73c
Kalshi WS trade #3468: KXNCAAMBGAME-26FEB18BYUARIZ-BYU | yes | count=2.00 | yes=20c
Kalshi WS trade #3469: KXNCAAMBGAME-26FEB18BYUARIZ-ARIZ | yes | count=7.00 | yes=82c
Kalshi WS trade #3470: KXWOHOCKEY-MEN26CGOLD-USA | yes | count=72.00 | yes=44c
Kalshi WS trade #3471: KXBTCD-26FEB1822-T66499.99 | yes | count=1.00 | yes=99c
Kalshi WS trade #3472: KXNCAAMBGAME-26FEB18PACWSU-WSU | no | count=50.00 | yes=52c
Kalshi WS trade #3473: KXNCAAMBGAME-26FEB18KENNMOSU-KENN | yes | count=14.00 | yes=66c
Kalshi WS trade #3474: KXNCAAMBGAME-26FEB18BYUARIZ-BYU | yes | count=94.00 | yes=20c
Kalshi WS trade #3475: KXNCAAMBGAME-26FEB18SJUMARQ-MARQ | yes | count=113.00 | yes=18c
Kalshi WS trade #3476: KXNCAAMBGAME-26FEB18SJUMARQ-MARQ | yes | count=177.00 | yes=18c
Kalshi WS trade #3477: KXNCAAMBGAME-26FEB18SJUMARQ-MARQ | yes | count=177.00 | yes=18c
Kalshi WS trade #3478: KXNCAAMBGAME-26FEB18SJUMARQ-MARQ | yes | count=473.00 | yes=18c
Kalshi WS trade #3479: KXNCAAMBSPREAD-26FEB18AUBMSST-MSST3 | no | count=20.00 | yes=76c
Kalshi WS trade #3480: KXNCAAMBTOTAL-26FEB18PACWSU-144 | yes | count=257.00 | yes=64c
Kalshi WS trade #3481: KXNCAAMBTOTAL-26FEB18PACWSU-144 | yes | count=43.00 | yes=64c
Kalshi WS trade #3482: KXNCAAMBTOTAL-26FEB18PACWSU-147 | yes | count=50.00 | yes=56c
Kalshi WS trade #3483: KXNCAAMBTOTAL-26FEB18PACWSU-153 | yes | count=50.00 | yes=41c
Kalshi WS trade #3484: KXNCAAMBTOTAL-26FEB18PACWSU-153 | yes | count=250.00 | yes=41c
Kalshi WS trade #3485: KXNCAAMBTOTAL-26FEB18PACWSU-156 | yes | count=257.00 | yes=34c
Kalshi WS trade #3486: KXNCAAMBTOTAL-26FEB18PACWSU-156 | yes | count=43.00 | yes=34c
Kalshi WS trade #3487: KXMVESPORTSMULTIGAMEEXTENDED-S202657A99529D1B-6FA5B978EC8 | yes | count=483.00 | yes=2c
Kalshi WS trade #3488: KXNCAAMBTOTAL-26FEB18KENNMOSU-167 | no | count=6.00 | yes=45c
Kalshi WS trade #3489: KXNCAAMBTOTAL-26FEB18KENNMOSU-167 | no | count=2.00 | yes=44c
Kalshi WS trade #3490: KXNCAAMBTOTAL-26FEB18KENNMOSU-167 | no | count=2.00 | yes=44c
Kalshi WS trade #3491: KXNCAAMBTOTAL-26FEB18NCCUSCST-137 | no | count=121.00 | yes=62c
Kalshi WS trade #3492: KXNCAAMBTOTAL-26FEB18NCCUSCST-137 | no | count=21.00 | yes=62c
Kalshi WS trade #3493: KXBTC15M-26FEB182200-00 | yes | count=7.00 | yes=72c
Kalshi WS trade #3494: KXNCAAMBGAME-26FEB18KUOKST-OKST | yes | count=78.00 | yes=6c
Kalshi WS trade #3495: KXATPMATCH-26FEB18GIRRUU-RUU | yes | count=102.00 | yes=28c
Kalshi WS trade #3496: KXATPMATCH-26FEB18GIRRUU-RUU | yes | count=68.00 | yes=28c
Kalshi WS trade #3497: KXNCAAMBSPREAD-26FEB18ORUNEOM-NEOM13 | yes | count=583.00 | yes=31c
Kalshi WS trade #3498: KXNCAAMBGAME-26FEB18VANMIZZ-VAN | yes | count=648.00 | yes=52c
Kalshi WS trade #3499: KXBTCD-26FEB1822-T66749.99 | yes | count=100.00 | yes=9c
Kalshi WS trade #3500: KXATPMATCH-26FEB18GIRRUU-RUU | yes | count=2.00 | yes=28c
Kalshi WS trade #3501: KXSP500ADDQ-26MAR31-SOFI | no | count=7.00 | yes=35c
Kalshi WS trade #3502: KXSP500ADDQ-26MAR31-SOFI | no | count=19.00 | yes=34c
Kalshi WS trade #3503: KXSP500ADDQ-26MAR31-SOFI | no | count=20.00 | yes=34c
Kalshi WS trade #3504: KXSP500ADDQ-26MAR31-SOFI | no | count=32.00 | yes=34c
Kalshi WS trade #3505: KXNCAAMBGAME-26FEB18NCCUSCST-SCST | yes | count=25.00 | yes=58c
Kalshi WS trade #3506: KXNCAAMBGAME-26FEB18PACWSU-WSU | no | count=100.00 | yes=51c
Kalshi WS trade #3507: KXBERNIEMENTION-26FEB19-PAYC | no | count=12.00 | yes=92c
Kalshi WS trade #3508: KXNCAAMBGAME-26FEB18PACWSU-PAC | yes | count=392.00 | yes=49c
Kalshi WS trade #3509: KXNCAAMBGAME-26FEB18PACWSU-PAC | yes | count=16.00 | yes=49c
Kalshi WS trade #3510: KXNCAAMBGAME-26FEB18AUBMSST-AUB | yes | count=50.00 | yes=19c
Kalshi WS trade #3511: KXWTAMATCH-26FEB19GAUEAL-GAU | yes | count=20.00 | yes=70c
Kalshi WS trade #3512: KXNCAAMBGAME-26FEB18NCCUSCST-NCCU | yes | count=4.00 | yes=43c
Kalshi WS trade #3513: KXNCAAMBGAME-26FEB18KUOKST-OKST | no | count=4.00 | yes=4c
Kalshi WS trade #3514: KXNCAAMBSPREAD-26FEB18ILLUSC-ILL9 | no | count=181.00 | yes=48c
Kalshi WS trade #3515: KXNCAAMBGAME-26FEB18VANMIZZ-VAN | yes | count=92.00 | yes=52c
Kalshi WS trade #3516: KXBTCD-26FEB1822-T66749.99 | yes | count=1.00 | yes=9c
Kalshi WS trade #3517: KXNCAAMBGAME-26FEB18VANMIZZ-VAN | yes | count=46.00 | yes=52c
Kalshi WS trade #3518: KXNCAAMBGAME-26FEB18NCCUSCST-NCCU | yes | count=22.00 | yes=43c
Poly WS trade #43: asset=48458075019957098166... | SELL | size=36 | price=0.992
Kalshi WS trade #3519: KXBTC15M-26FEB182200-00 | no | count=25.00 | yes=70c
Kalshi WS trade #3520: KXNCAAMBTOTAL-26FEB18NCCUSCST-140 | no | count=50.00 | yes=49c
Kalshi WS trade #3521: KXNCAAMBTOTAL-26FEB18NCCUSCST-140 | no | count=50.00 | yes=49c
Kalshi WS trade #3522: KXATPMATCH-26FEB18GIRRUU-GIR | yes | count=40.00 | yes=73c
Kalshi WS trade #3523: KXLOWTCHI-26FEB18-B46.5 | no | count=20.00 | yes=27c
Kalshi WS trade #3524: KXLOWTCHI-26FEB18-B46.5 | no | count=50.00 | yes=27c
Kalshi WS trade #3525: KXLOWTCHI-26FEB18-B46.5 | no | count=3.00 | yes=27c
Kalshi WS trade #3526: KXLOWTCHI-26FEB18-B46.5 | no | count=10.00 | yes=27c
Kalshi WS trade #3527: KXLOWTCHI-26FEB18-B46.5 | no | count=17.00 | yes=26c
Kalshi WS trade #3528: KXWTAMATCH-26FEB19TAUPEG-PEG | yes | count=132.00 | yes=74c
Kalshi WS trade #3529: KXNCAAMBGAME-26FEB18VANMIZZ-MIZZ | yes | count=5.00 | yes=50c
Kalshi WS trade #3530: KXNCAAMBGAME-26FEB18BYUARIZ-BYU | yes | count=31.00 | yes=20c
Poly WS trade #44: asset=82991837887127223585... | SELL | size=61.96 | price=0.968
Kalshi WS trade #3531: KXATPMATCH-26FEB18GIRRUU-RUU | yes | count=51.00 | yes=28c
Kalshi WS trade #3532: KXLOWTCHI-26FEB18-B46.5 | yes | count=10.00 | yes=44c
Kalshi WS trade #3533: KXLOWTCHI-26FEB18-B44.5 | yes | count=10.00 | yes=7c
Kalshi WS trade #3534: KXLOWTCHI-26FEB18-T49 | yes | count=10.00 | yes=6c
Kalshi WS trade #3535: KXLOWTCHI-26FEB18-B42.5 | yes | count=10.00 | yes=5c
Kalshi WS trade #3536: KXETH15M-26FEB182200-00 | no | count=10.00 | yes=57c
Kalshi WS trade #3537: KXBTC15M-26FEB182200-00 | no | count=3.00 | yes=68c
Kalshi WS trade #3538: KXNCAAMBSPREAD-26FEB18MDNW-NW11 | yes | count=25.00 | yes=39c
Kalshi WS trade #3539: KXNCAAMBGAME-26FEB18NDSUSDST-SDST | no | count=19.00 | yes=3c
Kalshi WS trade #3540: KXNCAAMBGAME-26FEB18NDSUSDST-SDST | no | count=12.00 | yes=3c
Kalshi WS trade #3541: KXNCAAMBSPREAD-26FEB18DEPHALL-DEP4 | no | count=13.00 | yes=61c
Kalshi WS trade #3542: KXBTCD-26FEB1822-T66749.99 | yes | count=120.00 | yes=9c
Kalshi WS trade #3543: KXBTCD-26FEB1822-T66749.99 | yes | count=85.00 | yes=9c
Kalshi WS trade #3544: KXBTCD-26FEB1822-T66749.99 | yes | count=100.00 | yes=9c
Kalshi WS trade #3545: KXNCAAMBSPREAD-26FEB18AUBMSST-MSST9 | no | count=60.00 | yes=47c
Kalshi WS trade #3546: KXNCAAMBGAME-26FEB18NDSUSDST-NDSU | no | count=2.00 | yes=95c
Kalshi WS trade #3547: KXNCAAMBGAME-26FEB18NDSUSDST-NDSU | no | count=15.00 | yes=94c
Kalshi WS trade #3548: KXNCAAMBSPREAD-26FEB18AUBMSST-MSST3 | no | count=6.00 | yes=75c
Kalshi WS trade #3549: KXBTC15M-26FEB182200-00 | yes | count=2.00 | yes=70c
Kalshi WS trade #3550: KXNCAAMBGAME-26FEB18VANMIZZ-MIZZ | yes | count=1.00 | yes=50c
Kalshi WS trade #3551: KXNCAAMBGAME-26FEB18KENNMOSU-KENN | yes | count=34.00 | yes=67c
Kalshi WS trade #3552: KXNCAAMBGAME-26FEB18KENNMOSU-KENN | yes | count=34.00 | yes=67c
Kalshi WS trade #3553: KXNCAAMBGAME-26FEB18KENNMOSU-KENN | yes | count=34.00 | yes=67c
Kalshi WS trade #3554: KXNCAAMBGAME-26FEB18KENNMOSU-KENN | yes | count=34.00 | yes=67c
Kalshi WS trade #3555: KXNCAAMBGAME-26FEB18KENNMOSU-KENN | yes | count=34.00 | yes=67c
Kalshi WS trade #3556: KXNCAAMBGAME-26FEB18KENNMOSU-KENN | yes | count=355.00 | yes=67c
Kalshi WS trade #3557: KXNCAAMBSPREAD-26FEB18DEPHALL-DEP7 | no | count=236.00 | yes=30c
Kalshi WS trade #3558: KXNCAAMBSPREAD-26FEB18DEPHALL-DEP7 | no | count=50.00 | yes=30c
Kalshi WS trade #3559: KXNCAAMBSPREAD-26FEB18DEPHALL-DEP7 | no | count=104.00 | yes=29c
Kalshi WS trade #3560: KXNCAAMBGAME-26FEB18BYUARIZ-BYU | yes | count=118.00 | yes=20c
Kalshi WS trade #3561: KXMVESPORTSMULTIGAMEEXTENDED-S2026DB96722C2B1-6C0EF0510C7 | yes | count=13.00 | yes=35c
Kalshi WS trade #3562: KXNCAAMBGAME-26FEB18KENNMOSU-MOSU | yes | count=5.00 | yes=35c
Kalshi WS trade #3563: KXNCAAMBGAME-26FEB18KENNMOSU-MOSU | yes | count=100.00 | yes=35c
Kalshi WS trade #3564: KXNCAAMBGAME-26FEB18KENNMOSU-MOSU | yes | count=300.00 | yes=35c
Kalshi WS trade #3565: KXMVESPORTSMULTIGAMEEXTENDED-S2026B122812A67B-FB30BF82F17 | yes | count=383.00 | yes=37c
Kalshi WS trade #3566: KXNCAAWBGAME-26FEB19LSUMISS-MISS | no | count=1.00 | yes=27c
Kalshi WS trade #3567: KXNCAAWBGAME-26FEB19LSUMISS-MISS | no | count=1.00 | yes=27c
Kalshi WS trade #3568: KXMVESPORTSMULTIGAMEEXTENDED-S20260BA27A25665-A51844CC950 | yes | count=934.00 | yes=1c
Kalshi WS trade #3569: KXNCAAMBGAME-26FEB18AUBMSST-AUB | yes | count=51.00 | yes=19c
Kalshi WS trade #3570: KXATPMATCH-26FEB18GIRRUU-RUU | yes | count=10.00 | yes=28c
Kalshi WS trade #3571: KXNCAAMBGAME-26FEB18NDSUSDST-SDST | yes | count=12.00 | yes=5c
Kalshi WS trade #3572: KXBTCD-26FEB1822-T66749.99 | no | count=205.00 | yes=9c
Kalshi WS trade #3573: KXNCAAMBGAME-26FEB18UTAHWVU-UTAH | yes | count=5.00 | yes=58c
Kalshi WS trade #3574: KXNCAAMBGAME-26FEB18BYUARIZ-BYU | yes | count=165.00 | yes=20c
Kalshi WS trade #3575: KXNCAAMBGAME-26FEB18NDSUSDST-SDST | yes | count=18.00 | yes=5c
Kalshi WS trade #3576: KXNCAAWBGAME-26FEB18UVUCBU-UVU | yes | count=4.00 | yes=47c
Kalshi WS trade #3577: KXBERNIEMENTION-26FEB19-MIDD | yes | count=1.00 | yes=35c
Kalshi WS trade #3578: KXNCAAWBGAME-26FEB18UVUCBU-CBU | no | count=1.00 | yes=56c
Kalshi WS trade #3579: KXNCAAWBGAME-26FEB18UVUCBU-CBU | no | count=1.00 | yes=55c
Kalshi WS trade #3580: KXNCAAWBGAME-26FEB18UVUCBU-CBU | no | count=2.00 | yes=55c
Kalshi WS trade #3581: KXNCAAMBGAME-26FEB18BYUARIZ-BYU | yes | count=23.00 | yes=20c
Kalshi WS trade #3582: KXNCAAMBGAME-26FEB18UTAHWVU-UTAH | yes | count=49.00 | yes=58c
Kalshi WS trade #3583: KXNCAAMBGAME-26FEB18UTAHWVU-UTAH | yes | count=51.00 | yes=58c
Kalshi WS trade #3584: KXTRUMPMENTION-26MAR02-KRIS | no | count=11.00 | yes=48c
Kalshi WS trade #3585: KXTRUMPMENTION-26MAR02-KRIS | no | count=56.00 | yes=48c
Kalshi WS trade #3586: KXTRUMPMENTION-26MAR02-KRIS | no | count=7.00 | yes=47c
Kalshi WS trade #3587: KXTRUMPMENTION-26MAR02-KRIS | no | count=34.00 | yes=47c
Kalshi WS trade #3588: KXTRUMPMENTION-26MAR02-KRIS | no | count=10.00 | yes=47c
Kalshi WS trade #3589: KXTRUMPMENTION-26MAR02-KRIS | no | count=42.00 | yes=47c
Kalshi WS trade #3590: KXTRUMPMENTION-26MAR02-KRIS | no | count=14.00 | yes=47c
Kalshi WS trade #3591: KXTRUMPMENTION-26MAR02-KRIS | no | count=283.00 | yes=47c
Kalshi WS trade #3592: KXNCAAMBGAME-26FEB18CHARTLSA-CHAR | yes | count=31.00 | yes=15c
Kalshi WS trade #3593: KXNCAAMBTOTAL-26FEB18AUBMSST-162 | yes | count=2.00 | yes=58c
Kalshi WS trade #3594: KXNCAAMBTOTAL-26FEB18AUBMSST-162 | yes | count=65.00 | yes=58c
Kalshi WS trade #3595: KXNBAMENTION-26FEB19DETNYK-BUZZ | yes | count=4.00 | yes=48c
Kalshi WS trade #3596: KXNBAMENTION-26FEB19DETNYK-BUZZ | yes | count=4.00 | yes=48c
Kalshi WS trade #3597: KXNBAMENTION-26FEB19DETNYK-BUZZ | yes | count=1.00 | yes=49c
Kalshi WS trade #3598: KXNBAMENTION-26FEB19DETNYK-BUZZ | yes | count=1.00 | yes=49c
Kalshi WS trade #3599: KXNCAAMBGAME-26FEB18DEPHALL-HALL | yes | count=19.00 | yes=15c
Kalshi WS trade #3600: KXNCAAMBGAME-26FEB18DEPHALL-HALL | yes | count=249.00 | yes=15c
Kalshi WS trade #3601: KXNCAAMBGAME-26FEB18AUBMSST-AUB | yes | count=49.00 | yes=19c
Kalshi WS trade #3602: KXWMARMAD-26-UCLA | yes | count=62.00 | yes=14c
Kalshi WS trade #3603: KXNCAAWBGAME-26FEB19WISUSC-USC | yes | count=5.00 | yes=93c
Kalshi WS trade #3604: KXNCAAWBGAME-26FEB18UNLVSDSU-UNLV | yes | count=7.00 | yes=36c
Kalshi WS trade #3605: KXNCAAMBGAME-26FEB18SJUMARQ-MARQ | yes | count=78.00 | yes=18c
Kalshi WS trade #3606: KXHIGHTLV-26FEB19-B51.5 | yes | count=62.00 | yes=23c
Kalshi WS trade #3607: KXHIGHTLV-26FEB19-B53.5 | yes | count=28.00 | yes=7c
Kalshi WS trade #3608: KXHIGHTLV-26FEB19-B53.5 | yes | count=12.00 | yes=7c
Kalshi WS trade #3609: KXHIGHTLV-26FEB19-B53.5 | yes | count=22.00 | yes=8c
Kalshi WS trade #3610: KXBTCMAX150-25-26MAR31-149999.99 | no | count=49.00 | yes=1c
Kalshi WS trade #3611: KXNCAAMBTOTAL-26FEB18KENNMOSU-164 | no | count=5.00 | yes=50c
Kalshi WS trade #3612: KXNCAAMBSPREAD-26FEB18AUBMSST-MSST6 | no | count=12.00 | yes=62c
Kalshi WS trade #3613: KXBTCD-26FEB1822-T66749.99 | yes | count=100.00 | yes=10c
Kalshi WS trade #3614: KXNCAAMBSPREAD-26FEB18AUBMSST-MSST6 | no | count=422.00 | yes=62c
Kalshi WS trade #3615: KXMVESPORTSMULTIGAMEEXTENDED-S202620704362483-81284BCDB70 | yes | count=42.00 | yes=45c
Kalshi WS trade #3616: KXNCAAWBGAME-26FEB19WISUSC-USC | yes | count=1.00 | yes=93c
Poly WS trade #45: asset=54073086346734626735... | SELL | size=36 | price=0.005
Kalshi WS trade #3617: KXHIGHTLV-26FEB19-T54 | yes | count=62.00 | yes=3c
Kalshi WS trade #3618: KXNCAAMBGAME-26FEB18CHARTLSA-CHAR | yes | count=12.00 | yes=15c
Kalshi WS trade #3619: KXNCAAMBGAME-26FEB18CHARTLSA-CHAR | yes | count=50.00 | yes=15c
Kalshi WS trade #3620: KXNCAAMBGAME-26FEB18CHARTLSA-CHAR | yes | count=301.00 | yes=15c
Kalshi WS trade #3621: KXNCAAMBGAME-26FEB18CHARTLSA-CHAR | yes | count=60.00 | yes=15c
Kalshi WS trade #3622: KXNCAAMBGAME-26FEB18CHARTLSA-CHAR | yes | count=50.00 | yes=15c
Kalshi WS trade #3623: KXNCAAMBGAME-26FEB18CHARTLSA-CHAR | yes | count=125.00 | yes=15c
Kalshi WS trade #3624: KXNCAAMBGAME-26FEB18CHARTLSA-CHAR | yes | count=31.00 | yes=15c
Kalshi WS trade #3625: KXNCAAMBGAME-26FEB18DEPHALL-HALL | yes | count=460.00 | yes=15c
Kalshi WS trade #3626: KXNCAAMBGAME-26FEB18DEPHALL-HALL | yes | count=709.00 | yes=15c
Kalshi WS trade #3627: KXNCAAMBGAME-26FEB18DEPHALL-HALL | yes | count=709.00 | yes=15c
Kalshi WS trade #3628: KXNCAAMBGAME-26FEB18DEPHALL-HALL | yes | count=709.00 | yes=15c
Kalshi WS trade #3629: KXNCAAMBGAME-26FEB18DEPHALL-HALL | yes | count=709.00 | yes=15c
Kalshi WS trade #3630: KXNCAAMBGAME-26FEB18DEPHALL-HALL | yes | count=709.00 | yes=15c
Kalshi WS trade #3631: KXNCAAMBGAME-26FEB18DEPHALL-HALL | yes | count=709.00 | yes=15c
Kalshi WS trade #3632: KXNCAAMBGAME-26FEB18DEPHALL-HALL | yes | count=709.00 | yes=15c
Kalshi WS trade #3633: KXNCAAMBGAME-26FEB18DEPHALL-HALL | yes | count=709.00 | yes=15c
Kalshi WS trade #3634: KXNCAAMBGAME-26FEB18DEPHALL-HALL | yes | count=534.00 | yes=15c
Kalshi WS trade #3635: KXNCAAMBGAME-26FEB18BYUARIZ-BYU | yes | count=47.00 | yes=20c
Kalshi WS trade #3636: KXT20WORLDCUP-26-RSA | yes | count=163.00 | yes=17c
Kalshi WS trade #3637: KXNCAAMBTOTAL-26FEB18PACWSU-147 | no | count=291.00 | yes=59c
Kalshi WS trade #3638: KXNCAAMBGAME-26FEB18NDSUSDST-SDST | yes | count=37.00 | yes=5c
Kalshi WS trade #3639: KXNCAAMBGAME-26FEB18NDSUSDST-SDST | no | count=51.00 | yes=3c
Kalshi WS trade #3640: KXNBAGAME-26FEB19ATLPHI-PHI | yes | count=91.00 | yes=53c
Kalshi WS trade #3641: KXNCAAMBGAME-26FEB18MURRILST-MURR | yes | count=43.00 | yes=22c
Kalshi WS trade #3642: KXUELGAME-26FEB19FENNFO-FEN | yes | count=195.00 | yes=44c
Kalshi WS trade #3643: KXXRP15M-26FEB182200-00 | no | count=47.00 | yes=76c
Kalshi WS trade #3644: KXXRP15M-26FEB182200-00 | no | count=30.00 | yes=76c
Kalshi WS trade #3645: KXXRP15M-26FEB182200-00 | no | count=23.00 | yes=71c
Kalshi WS trade #3646: KXUECLGAME-26FEB19FCNAZA-AZA | yes | count=9.00 | yes=53c
Kalshi WS trade #3647: KXUECLGAME-26FEB19FCNAZA-AZA | yes | count=35.00 | yes=53c
Kalshi WS trade #3648: KXUECLGAME-26FEB19FCNAZA-AZA | yes | count=188.00 | yes=54c
Kalshi WS trade #3649: KXNCAAMBGAME-26FEB18NDSUSDST-SDST | yes | count=93.00 | yes=5c
Kalshi WS trade #3650: KXNCAAMBGAME-26FEB18CHARTLSA-CHAR | yes | count=25.00 | yes=15c
Kalshi WS trade #3651: KXNCAAMBSPREAD-26FEB18BYUARIZ-ARIZ9 | no | count=10.00 | yes=45c
Kalshi WS trade #3652: KXNCAAMBSPREAD-26FEB18BYUARIZ-ARIZ9 | no | count=25.00 | yes=45c
Kalshi WS trade #3653: KXNCAAWBGAME-26FEB19QUCJAC-JAC | yes | count=25.00 | yes=95c
Kalshi WS trade #3654: KXNCAAMBTOTAL-26FEB18DEPHALL-130 | no | count=32.00 | yes=37c
Kalshi WS trade #3655: KXNCAAMBSPREAD-26FEB18UTAHWVU-UTAH2 | yes | count=39.00 | yes=49c
Kalshi WS trade #3656: KXATPMATCH-26FEB18GIRRUU-GIR | yes | count=133.00 | yes=73c
Kalshi WS trade #3657: KXUECLGAME-26FEB19FCNAZA-AZA | yes | count=13.00 | yes=54c
Kalshi WS trade #3658: KXNCAAMBGAME-26FEB18VANMIZZ-MIZZ | yes | count=19.00 | yes=50c
Kalshi WS trade #3659: KXBTCD-26FEB1822-T66749.99 | no | count=212.00 | yes=10c
Kalshi WS trade #3660: KXNCAAMBGAME-26FEB18NCCUSCST-SCST | yes | count=8.00 | yes=58c
Kalshi WS trade #3661: KXNCAAMBGAME-26FEB18NDSUSDST-SDST | yes | count=5.00 | yes=5c
Kalshi WS trade #3662: KXNCAAMBGAME-26FEB18NDSUSDST-SDST | yes | count=9.00 | yes=5c
Kalshi WS trade #3663: KXATPMATCH-26FEB18GIRRUU-GIR | yes | count=134.00 | yes=73c
Kalshi WS trade #3664: KXNCAAMBGAME-26FEB18UTAHWVU-UTAH | yes | count=3.00 | yes=58c
Kalshi WS trade #3665: KXNCAAMBGAME-26FEB18UTAHWVU-UTAH | yes | count=5.00 | yes=58c
Kalshi WS trade #3666: KXNCAABMENTION-26FEB18BYUARIZ-MARC | yes | count=13.00 | yes=15c
Kalshi WS trade #3667: KXNCAABMENTION-26FEB18BYUARIZ-MARC | yes | count=5.00 | yes=16c
Kalshi WS trade #3668: KXNCAAMBGAME-26FEB18VANMIZZ-VAN | yes | count=182.00 | yes=52c
Kalshi WS trade #3669: KXNCAAMBTOTAL-26FEB18BSUUSU-138 | yes | count=8.00 | yes=83c
Kalshi WS trade #3670: KXNCAAMBGAME-26FEB18NDSUSDST-SDST | yes | count=18.00 | yes=5c
Kalshi WS trade #3671: KXNCAAWBGAME-26FEB18NEVCSU-CSU | yes | count=86.00 | yes=98c
Kalshi WS trade #3672: KXNCAAWBGAME-26FEB18NEVCSU-CSU | yes | count=285.00 | yes=98c
Kalshi WS trade #3673: KXNCAAWBGAME-26FEB18NEVCSU-CSU | yes | count=285.00 | yes=98c
Kalshi WS trade #3674: KXNCAAWBGAME-26FEB18NEVCSU-CSU | yes | count=285.00 | yes=98c
Kalshi WS trade #3675: KXNCAAWBGAME-26FEB18NEVCSU-CSU | yes | count=285.00 | yes=98c
Kalshi WS trade #3676: KXNCAAWBGAME-26FEB18NEVCSU-CSU | yes | count=285.00 | yes=98c
Kalshi WS trade #3677: KXNCAAWBGAME-26FEB18NEVCSU-CSU | yes | count=285.00 | yes=98c
Kalshi WS trade #3678: KXNCAAWBGAME-26FEB18NEVCSU-CSU | yes | count=241.00 | yes=98c
Kalshi WS trade #3679: KXNCAAMBGAME-26FEB18DEPHALL-DEP | no | count=8.00 | yes=85c
Kalshi WS trade #3680: KXNCAAMBGAME-26FEB18DEPHALL-HALL | yes | count=125.00 | yes=15c
Kalshi WS trade #3681: KXNCAAMBSPREAD-26FEB18KUOKST-KU12 | yes | count=32.00 | yes=59c
Kalshi WS trade #3682: KXATPMATCH-26FEB18GIRRUU-GIR | yes | count=800.00 | yes=73c
Kalshi WS trade #3683: KXATPMATCH-26FEB18GIRRUU-GIR | yes | count=151.00 | yes=74c
Kalshi WS trade #3684: KXATPMATCH-26FEB18GIRRUU-GIR | yes | count=180.00 | yes=74c
Kalshi WS trade #3685: KXATPMATCH-26FEB18GIRRUU-GIR | yes | count=180.00 | yes=74c
Kalshi WS trade #3686: KXATPMATCH-26FEB18GIRRUU-GIR | yes | count=180.00 | yes=74c
Kalshi WS trade #3687: KXATPMATCH-26FEB18GIRRUU-GIR | yes | count=180.00 | yes=74c
Kalshi WS trade #3688: KXATPMATCH-26FEB18GIRRUU-GIR | yes | count=333.00 | yes=74c
Kalshi WS trade #3689: KXEPLGAME-26FEB21BREBRI-BRI | yes | count=85.00 | yes=28c
Kalshi WS trade #3690: KXNCAAMBGAME-26FEB18DEPHALL-HALL | yes | count=3.00 | yes=15c
Kalshi WS trade #3691: KXNCAAMBGAME-26FEB18KENNMOSU-MOSU | yes | count=100.00 | yes=33c
Kalshi WS trade #3692: KXNCAAMBGAME-26FEB18KENNMOSU-MOSU | yes | count=32.00 | yes=34c
Kalshi WS trade #3693: KXNCAAMBGAME-26FEB18UTAHWVU-WVU | yes | count=32.00 | yes=44c
Kalshi WS trade #3694: KXNBAGAME-26FEB19ATLPHI-ATL | no | count=32.00 | yes=48c
Kalshi WS trade #3695: KXNCAAMBGAME-26FEB18UTAHWVU-UTAH | yes | count=8.00 | yes=58c
Kalshi WS trade #3696: KXBTCD-26FEB1822-T66499.99 | yes | count=44.00 | yes=99c
Kalshi WS trade #3697: KXNCAAMBGAME-26FEB18UTAHWVU-WVU | yes | count=129.00 | yes=44c
Kalshi WS trade #3698: KXNCAAMBGAME-26FEB18UTAHWVU-WVU | yes | count=71.00 | yes=44c
Kalshi WS trade #3699: KXXRP15M-26FEB182200-00 | no | count=7.00 | yes=76c
Kalshi WS trade #3700: KXNCAAMBSPREAD-26FEB18ILLUSC-ILL9 | no | count=46.00 | yes=48c
Kalshi WS trade #3701: KXNCAAMBGAME-26FEB18PACWSU-WSU | yes | count=1.00 | yes=50c
Kalshi WS trade #3702: KXNCAAMBGAME-26FEB18ILLUSC-USC | yes | count=22.00 | yes=20c
Kalshi WS trade #3703: KXNCAAMBGAME-26FEB18SJUMARQ-MARQ | yes | count=9.00 | yes=18c
Kalshi WS trade #3704: KXNCAAMBGAME-26FEB18VANMIZZ-VAN | yes | count=185.00 | yes=52c
Kalshi WS trade #3705: KXNCAAMBGAME-26FEB18UTAHWVU-UTAH | yes | count=6.00 | yes=58c
Kalshi WS trade #3706: KXNCAAMBSPREAD-26FEB18BYUARIZ-ARIZ9 | yes | count=20.00 | yes=48c
Kalshi WS trade #3707: KXNCAAMBSPREAD-26FEB18BYUARIZ-ARIZ9 | yes | count=10.00 | yes=48c
Kalshi WS trade #3708: KXNCAAMBSPREAD-26FEB18BYUARIZ-ARIZ9 | yes | count=30.00 | yes=48c
Kalshi WS trade #3709: KXNCAAMBSPREAD-26FEB18BYUARIZ-ARIZ9 | yes | count=211.00 | yes=49c
Kalshi WS trade #3710: KXNCAAMBGAME-26FEB18BYUARIZ-BYU | yes | count=75.00 | yes=20c
Kalshi WS trade #3711: KXNCAAMBSPREAD-26FEB18NDSUSDST-NDSU4 | no | count=8.00 | yes=26c
Kalshi WS trade #3712: KXNCAAMBSPREAD-26FEB18NDSUSDST-NDSU4 | no | count=1.00 | yes=26c
Kalshi WS trade #3713: KXNCAAMBGAME-26FEB18BYUARIZ-BYU | yes | count=1275.00 | yes=20c
Kalshi WS trade #3714: KXNCAAMBGAME-26FEB18BYUARIZ-BYU | yes | count=300.00 | yes=20c
Kalshi WS trade #3715: KXNCAAMBGAME-26FEB18BYUARIZ-BYU | yes | count=82.00 | yes=20c
Kalshi WS trade #3716: KXNCAAMBGAME-26FEB18NCCUSCST-SCST | yes | count=40.00 | yes=58c
Kalshi WS trade #3717: KXLOWTAUS-26FEB18-T61 | no | count=4.00 | yes=79c
Kalshi WS trade #3718: KXLOWTAUS-26FEB18-T61 | no | count=1.00 | yes=79c
Kalshi WS trade #3719: KXLOWTAUS-26FEB18-T61 | no | count=4.00 | yes=78c
Kalshi WS trade #3720: KXNCAAMBGAME-26FEB18BYUARIZ-BYU | yes | count=1.00 | yes=20c
Poly WS trade #46: asset=48458075019957098166... | SELL | size=36 | price=0.992
Kalshi WS trade #3721: KXNCAAMBGAME-26FEB18NCCUSCST-SCST | yes | count=40.00 | yes=58c
Kalshi WS trade #3722: KXNCAAMBTOTAL-26FEB18BYUARIZ-161 | yes | count=50.00 | yes=48c
Kalshi WS trade #3723: KXNCAAMBGAME-26FEB18BYUARIZ-BYU | yes | count=10.00 | yes=20c
Kalshi WS trade #3724: KXNCAAMBSPREAD-26FEB18AUBMSST-MSST6 | no | count=52.00 | yes=62c
Kalshi WS trade #3725: KXATPMATCH-26FEB18GIRRUU-RUU | yes | count=49.00 | yes=28c
Kalshi WS trade #3726: KXATPMATCH-26FEB18GIRRUU-RUU | yes | count=53.00 | yes=28c
Kalshi WS trade #3727: KXNCAAMBGAME-26FEB18AUBMSST-MSST | yes | count=174.00 | yes=82c
Kalshi WS trade #3728: KXNCAAMBGAME-26FEB18CHARTLSA-CHAR | yes | count=31.00 | yes=14c
Kalshi WS trade #3729: KXATPMATCH-26FEB18GIRRUU-RUU | yes | count=51.00 | yes=28c
Kalshi WS trade #3730: KXNCAAMBGAME-26FEB18VANMIZZ-VAN | yes | count=14.00 | yes=52c
Kalshi WS trade #3731: KXNCAAMBGAME-26FEB18VANMIZZ-VAN | yes | count=23.00 | yes=52c
Kalshi WS trade #3732: KXNCAAMBGAME-26FEB18MURRILST-ILST | yes | count=48.00 | yes=80c
Kalshi WS trade #3733: KXNCAAMBGAME-26FEB18MURRILST-ILST | yes | count=13.00 | yes=80c
Kalshi WS trade #3734: KXNCAAMBGAME-26FEB18VANMIZZ-VAN | yes | count=46.00 | yes=52c
Kalshi WS trade #3735: KXNCAAMBGAME-26FEB18VANMIZZ-VAN | yes | count=9.00 | yes=52c
Kalshi WS trade #3736: KXETH15M-26FEB182200-00 | no | count=9.00 | yes=50c
Kalshi WS trade #3737: KXNCAAMBGAME-26FEB18DEPHALL-HALL | yes | count=150.00 | yes=15c
Kalshi WS trade #3738: KXNCAAMBSPREAD-26FEB18ILLUSC-ILL9 | yes | count=19.00 | yes=49c
Kalshi WS trade #3739: KXNCAAMBSPREAD-26FEB18BYUARIZ-ARIZ9 | no | count=121.00 | yes=47c
Kalshi WS trade #3740: KXNCAAMBSPREAD-26FEB18BYUARIZ-ARIZ9 | yes | count=10.00 | yes=48c
Kalshi WS trade #3741: KXNCAAMBSPREAD-26FEB18BYUARIZ-ARIZ9 | yes | count=4.00 | yes=48c
Kalshi WS trade #3742: KXNCAAMBSPREAD-26FEB18BYUARIZ-ARIZ9 | yes | count=15.00 | yes=49c
Kalshi WS trade #3743: KXNCAAMBGAME-26FEB18KENNMOSU-MOSU | yes | count=10.00 | yes=33c
Kalshi WS trade #3744: KXNCAAMBGAME-26FEB18NCCUSCST-SCST | yes | count=8.00 | yes=58c
Kalshi WS trade #3745: KXNCAAMBGAME-26FEB18BYUARIZ-ARIZ | yes | count=60.00 | yes=82c
Kalshi WS trade #3746: KXMVESPORTSMULTIGAMEEXTENDED-S2026AD92692E879-018DD29DAD1 | yes | count=290.00 | yes=4c
Kalshi WS trade #3747: KXMVESPORTSMULTIGAMEEXTENDED-S2026C66A50CAB17-029EF220822 | yes | count=116.00 | yes=22c
Kalshi WS trade #3748: KXMVESPORTSMULTIGAMEEXTENDED-S2026F8E03556D50-5FB874DFB00 | yes | count=3.00 | yes=22c
Kalshi WS trade #3749: KXMVESPORTSMULTIGAMEEXTENDED-S2026F8E03556D50-5FB874DFB00 | yes | count=51.00 | yes=22c
Kalshi WS trade #3750: KXMVESPORTSMULTIGAMEEXTENDED-S2026D5EBA4E425A-8A819AA12ED | yes | count=275.00 | yes=3c
Kalshi WS trade #3751: KXNCAAMBSPREAD-26FEB18ILLUSC-ILL9 | yes | count=13.00 | yes=49c
Kalshi WS trade #3752: KXMVESPORTSMULTIGAMEEXTENDED-S20268E0479D5836-AD421D3D1BE | yes | count=28.00 | yes=7c
Kalshi WS trade #3753: KXMVESPORTSMULTIGAMEEXTENDED-S20268E0479D5836-AD421D3D1BE | yes | count=2.00 | yes=9c
Kalshi WS trade #3754: KXNCAAMBGAME-26FEB18SJUMARQ-MARQ | yes | count=131.00 | yes=18c
Kalshi WS trade #3755: KXTARIFFDECISIONRELEASE-26APR01 | yes | count=2.00 | yes=70c
Kalshi WS trade #3756: KXTARIFFDECISIONRELEASE-26APR01 | yes | count=20.00 | yes=71c
Kalshi WS trade #3757: KXTARIFFDECISIONRELEASE-26APR01 | yes | count=6.00 | yes=71c
Kalshi WS trade #3758: KXTARIFFDECISIONRELEASE-26APR01 | yes | count=2.00 | yes=72c
Kalshi WS trade #3759: KXBTC15M-26FEB182200-00 | no | count=10.00 | yes=68c
Kalshi WS trade #3760: KXBTC15M-26FEB182200-00 | no | count=3.00 | yes=67c
Kalshi WS trade #3761: KXBTC15M-26FEB182200-00 | no | count=7.00 | yes=67c
Kalshi WS trade #3762: KXNCAAWBGAME-26FEB18UNLVSDSU-SDSU | yes | count=22.00 | yes=65c
Kalshi WS trade #3763: KXNCAAMBGAME-26FEB18BYUARIZ-ARIZ | yes | count=588.00 | yes=82c
Kalshi WS trade #3764: KXNCAAMBGAME-26FEB18VANMIZZ-VAN | yes | count=208.00 | yes=52c
Kalshi WS trade #3765: KXKHAMENEIOUT-AKHA-26APR01 | yes | count=65.00 | yes=29c
Kalshi WS trade #3766: KXNCAAMBTOTAL-26FEB18MDNW-145 | no | count=1.00 | yes=59c
Kalshi WS trade #3767: KXNCAAMBGAME-26FEB18VANMIZZ-VAN | yes | count=185.00 | yes=52c
Kalshi WS trade #3768: KXNCAAMBGAME-26FEB18BYUARIZ-BYU | yes | count=20.00 | yes=20c
Kalshi WS trade #3769: KXBERNIEMENTION-26FEB19-CLIM | yes | count=1.00 | yes=49c
Kalshi WS trade #3770: KX2028RRUN-28-MRUB | yes | count=34.00 | yes=56c
Kalshi WS trade #3771: KXNCAAMBGAME-26FEB18VANMIZZ-VAN | yes | count=130.00 | yes=52c
Kalshi WS trade #3772: KXNCAAMBTOTAL-26FEB18KENNMOSU-167 | no | count=9.00 | yes=45c
Kalshi WS trade #3773: KXNCAAMBTOTAL-26FEB18KENNMOSU-167 | no | count=30.00 | yes=45c
Kalshi WS trade #3774: KXBTCD-26FEB1822-T66749.99 | yes | count=125.00 | yes=10c
Kalshi WS trade #3775: KXBTCD-26FEB1822-T66749.99 | yes | count=100.00 | yes=10c
Kalshi WS trade #3776: KXNCAAMBGAME-26FEB18VANMIZZ-MIZZ | yes | count=75.00 | yes=50c
Kalshi WS trade #3777: KXNCAAMBGAME-26FEB18VANMIZZ-MIZZ | yes | count=117.00 | yes=50c
Kalshi WS trade #3778: KXNCAAMBGAME-26FEB18SJUMARQ-MARQ | yes | count=26.00 | yes=18c
Kalshi WS trade #3779: KXNCAAMBGAME-26FEB18CHARTLSA-CHAR | yes | count=13.00 | yes=14c
Kalshi WS trade #3780: KXNCAAMBGAME-26FEB18VANMIZZ-MIZZ | yes | count=48.00 | yes=50c
Kalshi WS trade #3781: KXNCAAMBSPREAD-26FEB18ILLUSC-ILL9 | yes | count=961.00 | yes=49c
Kalshi WS trade #3782: KXNCAAMBGAME-26FEB18BYUARIZ-BYU | yes | count=468.00 | yes=20c
Kalshi WS trade #3783: KXMVESPORTSMULTIGAMEEXTENDED-S2026F28C41CFDA0-168D5DB7BE4 | yes | count=40.00 | yes=0c
Kalshi WS trade #3784: KXMVESPORTSMULTIGAMEEXTENDED-S20263EE9A705056-A6072A67A40 | yes | count=183.00 | yes=15c
Kalshi WS trade #3785: KXNCAAMBGAME-26FEB18CHARTLSA-CHAR | yes | count=67.00 | yes=14c
Kalshi WS trade #3786: KXNCAAMBSPREAD-26FEB18AUBMSST-MSST6 | no | count=44.00 | yes=62c
Kalshi WS trade #3787: KXNCAAMBGAME-26FEB18BYUARIZ-BYU | yes | count=1749.00 | yes=20c
Kalshi WS trade #3788: KXNCAAMBGAME-26FEB18BYUARIZ-BYU | yes | count=494.00 | yes=20c
Kalshi WS trade #3789: KXNCAAMBGAME-26FEB18SJUMARQ-MARQ | yes | count=26.00 | yes=18c
Kalshi WS trade #3790: KXQUANTUM-35 | no | count=1.00 | yes=49c
Kalshi WS trade #3791: KXQUANTUM-35 | no | count=2.00 | yes=47c
Kalshi WS trade #3792: KXNCAAWBGAME-26FEB18UNMGC-GC | yes | count=3.00 | yes=46c
Kalshi WS trade #3793: KXNCAAWBGAME-26FEB18UNMGC-GC | yes | count=38.00 | yes=46c
Kalshi WS trade #3794: KXNCAAMBGAME-26FEB18CHARTLSA-CHAR | yes | count=31.00 | yes=14c
Kalshi WS trade #3795: KXNCAAWBGAME-26FEB18UNMGC-UNM | no | count=30.00 | yes=57c
Kalshi WS trade #3796: KXNCAAWBGAME-26FEB18UNMGC-UNM | no | count=8.00 | yes=57c
Kalshi WS trade #3797: KXNCAABMENTION-26FEB18BYUARIZ-AIRB | no | count=21.00 | yes=42c
Kalshi WS trade #3798: KXNCAABMENTION-26FEB18BYUARIZ-AIRB | no | count=1.00 | yes=42c
Kalshi WS trade #3799: KXNCAABMENTION-26FEB18BYUARIZ-AIRB | no | count=51.00 | yes=41c
Kalshi WS trade #3800: KXNCAABMENTION-26FEB18BYUARIZ-AIRB | no | count=5.00 | yes=39c
Kalshi WS trade #3801: KXNCAABMENTION-26FEB18BYUARIZ-AIRB | no | count=4.00 | yes=38c
Kalshi WS trade #3802: KXNCAAMBGAME-26FEB18BYUARIZ-BYU | yes | count=30.00 | yes=20c
Kalshi WS trade #3803: KXATPMATCH-26FEB19FRIJOD-FRI | yes | count=8.00 | yes=79c
Kalshi WS trade #3804: KXBTCD-26FEB1822-T66749.99 | no | count=100.00 | yes=9c
Kalshi WS trade #3805: KXBTCD-26FEB1822-T66749.99 | no | count=100.00 | yes=8c
Kalshi WS trade #3806: KXNCAAMBGAME-26FEB18KENNMOSU-MOSU | yes | count=2.00 | yes=34c
Kalshi WS trade #3807: KXNCAAMBGAME-26FEB18CSUUNLV-UNLV | yes | count=16.00 | yes=59c
Kalshi WS trade #3808: KXATPMATCH-26FEB18GIRRUU-GIR | yes | count=6.00 | yes=73c
Kalshi WS trade #3809: KXNCAAMBGAME-26FEB18VANMIZZ-VAN | yes | count=584.00 | yes=52c
Kalshi WS trade #3810: KXNCAAMBGAME-26FEB18VANMIZZ-VAN | yes | count=314.00 | yes=52c
Kalshi WS trade #3811: KXNCAAMBTOTAL-26FEB18DEPHALL-121 | no | count=10.00 | yes=87c
Kalshi WS trade #3812: KXATPMATCH-26FEB18GIRRUU-GIR | yes | count=1012.00 | yes=73c
Kalshi WS trade #3813: KXNCAAMBSPREAD-26FEB18AUBMSST-MSST6 | no | count=422.00 | yes=62c
Kalshi WS trade #3814: KXNCAAMBGAME-26FEB18CHARTLSA-CHAR | yes | count=134.00 | yes=14c
Kalshi WS trade #3815: KXNCAAMBSPREAD-26FEB18BYUARIZ-ARIZ9 | no | count=2.00 | yes=47c
Kalshi WS trade #3816: KXNCAAMBSPREAD-26FEB18BYUARIZ-ARIZ9 | no | count=3.00 | yes=47c
Kalshi WS trade #3817: KXNCAAMBGAME-26FEB18NCCUSCST-SCST | yes | count=5.00 | yes=58c
Kalshi WS trade #3818: KXNCAAMBGAME-26FEB18PACWSU-WSU | yes | count=19.00 | yes=51c
Kalshi WS trade #3819: KXNCAAMBGAME-26FEB18UTAHWVU-UTAH | yes | count=11.00 | yes=58c
Kalshi WS trade #3820: KXNCAAMBTOTAL-26FEB18DEPHALL-121 | no | count=20.00 | yes=87c
Kalshi WS trade #3821: KXNCAAMBGAME-26FEB18CHARTLSA-CHAR | yes | count=25.00 | yes=14c
Kalshi WS trade #3822: KXNCAAMBGAME-26FEB18CHARTLSA-CHAR | yes | count=126.00 | yes=14c
Kalshi WS trade #3823: KXNCAAMBSPREAD-26FEB18DEPHALL-DEP4 | no | count=12.00 | yes=61c
Kalshi WS trade #3824: KXNCAAMBSPREAD-26FEB18AUBMSST-MSST6 | no | count=500.00 | yes=62c
Kalshi WS trade #3825: KXATPMATCH-26FEB18GIRRUU-GIR | yes | count=206.00 | yes=73c
Kalshi WS trade #3826: KXATPMATCH-26FEB18GIRRUU-GIR | yes | count=1312.00 | yes=74c
Kalshi WS trade #3827: KXATPMATCH-26FEB18GIRRUU-GIR | yes | count=180.00 | yes=74c
Kalshi WS trade #3828: KXATPMATCH-26FEB18GIRRUU-GIR | yes | count=180.00 | yes=74c
Kalshi WS trade #3829: KXATPMATCH-26FEB18GIRRUU-GIR | yes | count=180.00 | yes=74c
Kalshi WS trade #3830: KXATPMATCH-26FEB18GIRRUU-GIR | yes | count=180.00 | yes=74c
Kalshi WS trade #3831: KXATPMATCH-26FEB18GIRRUU-GIR | yes | count=180.00 | yes=74c
Kalshi WS trade #3832: KXATPMATCH-26FEB18GIRRUU-GIR | yes | count=180.00 | yes=74c
Kalshi WS trade #3833: KXATPMATCH-26FEB18GIRRUU-GIR | yes | count=31.00 | yes=75c
Kalshi WS trade #3834: KXNCAAMBGAME-26FEB18UTAHWVU-WVU | yes | count=2041.00 | yes=44c
Kalshi WS trade #3835: KXNCAAMBSPREAD-26FEB18AUBMSST-MSST6 | no | count=348.00 | yes=62c
Kalshi WS trade #3836: KXNCAAMBSPREAD-26FEB18AUBMSST-MSST6 | no | count=3.00 | yes=62c
Kalshi WS trade #3837: KXNCAAMBGAME-26FEB18CHARTLSA-TLSA | no | count=30.00 | yes=86c
Kalshi WS trade #3838: KXNCAAMBGAME-26FEB18CHARTLSA-TLSA | no | count=301.00 | yes=86c
Kalshi WS trade #3839: KXNCAAMBGAME-26FEB18CHARTLSA-TLSA | no | count=301.00 | yes=86c
Kalshi WS trade #3840: KXNCAAMBGAME-26FEB18CHARTLSA-TLSA | no | count=301.00 | yes=86c
Kalshi WS trade #3841: KXNCAAMBTOTAL-26FEB18NDSUSDST-147 | no | count=28.00 | yes=8c
Kalshi WS trade #3842: KXNCAAMBGAME-26FEB18BYUARIZ-ARIZ | yes | count=30.00 | yes=82c
Kalshi WS trade #3843: KXNCAAMBSPREAD-26FEB18AUBMSST-MSST6 | yes | count=1850.00 | yes=62c
Kalshi WS trade #3844: KXNCAAMBGAME-26FEB18DEPHALL-HALL | yes | count=5.00 | yes=15c
Kalshi WS trade #3845: KXNCAAMBGAME-26FEB18NDSUSDST-SDST | yes | count=9.00 | yes=5c
Kalshi WS trade #3846: KXNCAAMBGAME-26FEB18BSUUSU-BSU | yes | count=4.00 | yes=20c
Kalshi WS trade #3847: KXMVESPORTSMULTIGAMEEXTENDED-S2026848A3CFD424-AE75299A959 | no | count=8680.00 | yes=79c
Kalshi WS trade #3848: KXMVESPORTSMULTIGAMEEXTENDED-S202673B931A5C22-37F0ED0FF7A | yes | count=49.00 | yes=15c
Poly WS trade #47: asset=88600268059883443385... | BUY | size=44.52 | price=0.98
Kalshi WS trade #3849: KXMVESPORTSMULTIGAMEEXTENDED-S202670D22DE28FD-2129E339CBC | yes | count=6.00 | yes=47c
Kalshi WS trade #3850: KXMVESPORTSMULTIGAMEEXTENDED-S202670D22DE28FD-2129E339CBC | yes | count=68.00 | yes=47c
Kalshi WS trade #3851: KXMVESPORTSMULTIGAMEEXTENDED-S202670D22DE28FD-2129E339CBC | yes | count=6.00 | yes=48c
Kalshi WS trade #3852: KXNCAAMBGAME-26FEB18ILLUSC-USC | yes | count=415.00 | yes=20c
Kalshi WS trade #3853: KXNCAAMBTOTAL-26FEB18SMCSEA-136 | no | count=6.00 | yes=37c
Kalshi WS trade #3854: KXATPMATCH-26FEB18GIRRUU-GIR | no | count=5.00 | yes=72c
Kalshi WS trade #3855: KXNCAAMBGAME-26FEB18SJUMARQ-MARQ | yes | count=26.00 | yes=18c
Kalshi WS trade #3856: KXNCAAMBGAME-26FEB18KENNMOSU-KENN | yes | count=34.00 | yes=68c
Kalshi WS trade #3857: KXNCAAMBGAME-26FEB18KENNMOSU-KENN | yes | count=34.00 | yes=68c
Kalshi WS trade #3858: KXNCAAMBGAME-26FEB18KENNMOSU-KENN | yes | count=34.00 | yes=68c
Kalshi WS trade #3859: KXNCAAMBGAME-26FEB18KENNMOSU-KENN | yes | count=34.00 | yes=68c
Kalshi WS trade #3860: KXNCAAMBGAME-26FEB18KENNMOSU-KENN | yes | count=34.00 | yes=68c
Kalshi WS trade #3861: KXNCAAMBGAME-26FEB18KENNMOSU-KENN | yes | count=34.00 | yes=69c
Kalshi WS trade #3862: KXNCAAMBGAME-26FEB18KENNMOSU-KENN | yes | count=34.00 | yes=69c
Kalshi WS trade #3863: KXNCAAMBGAME-26FEB18KENNMOSU-KENN | yes | count=118.00 | yes=69c
Kalshi WS trade #3864: KXNCAAMBGAME-26FEB18CHARTLSA-CHAR | no | count=1.00 | yes=12c
Kalshi WS trade #3865: KXNCAAMBGAME-26FEB18AUBMSST-MSST | yes | count=120.00 | yes=82c
Kalshi WS trade #3866: KXNCAAMBGAME-26FEB18MDNW-MD | yes | count=156.00 | yes=3c
Kalshi WS trade #3867: KXNCAABMENTION-26FEB18BYUARIZ-MCKA | yes | count=10.00 | yes=18c
Kalshi WS trade #3868: KXBTC15M-26FEB182200-00 | no | count=19.00 | yes=68c
Kalshi WS trade #3869: KXNCAAWBGAME-26FEB18UVUCBU-CBU | yes | count=1.00 | yes=58c
Kalshi WS trade #3870: KXNCAAWBGAME-26FEB18UVUCBU-CBU | yes | count=2.00 | yes=60c
Kalshi WS trade #3871: KXNCAAWBGAME-26FEB18UVUCBU-CBU | yes | count=1.00 | yes=80c
Kalshi WS trade #3872: KXNCAAWBGAME-26FEB18UVUCBU-CBU | yes | count=4.00 | yes=81c
Kalshi WS trade #3873: KXNCAAWBGAME-26FEB18UVUCBU-UVU | no | count=1.00 | yes=45c
Kalshi WS trade #3874: KXATPMATCH-26FEB18GIRRUU-RUU | yes | count=76.00 | yes=28c
Kalshi WS trade #3875: KXATPMATCH-26FEB18GIRRUU-RUU | yes | count=85.00 | yes=28c
Kalshi WS trade #3876: KXBERNIEMENTION-26FEB19-SOCIA | yes | count=27.00 | yes=67c
Kalshi WS trade #3877: KXNCAAMBGAME-26FEB18AUBMSST-MSST | yes | count=301.00 | yes=82c
Kalshi WS trade #3878: KXPGATOUR-THGI26-RMCI | yes | count=13.00 | yes=7c
Kalshi WS trade #3879: KXBTC15M-26FEB182200-00 | no | count=131.00 | yes=68c
Kalshi WS trade #3880: KXBTC15M-26FEB182200-00 | no | count=6.00 | yes=68c
Kalshi WS trade #3881: KXNCAAWBGAME-26FEB18AFABSU-BSU | yes | count=1.00 | yes=42c
Kalshi WS trade #3882: KXNCAAWBGAME-26FEB18AFABSU-BSU | yes | count=2.00 | yes=54c
Kalshi WS trade #3883: KXNCAAWBGAME-26FEB18UNMGC-GC | yes | count=10.00 | yes=46c
Kalshi WS trade #3884: KXNCAAMBGAME-26FEB18UTAHWVU-WVU | yes | count=21.00 | yes=44c
Kalshi WS trade #3885: KXNCAAMBGAME-26FEB18BYUARIZ-BYU | yes | count=2367.00 | yes=20c
Kalshi WS trade #3886: KXNCAAWBGAME-26FEB18UNMGC-UNM | no | count=10.00 | yes=58c
Kalshi WS trade #3887: KXNCAAWBGAME-26FEB18AFABSU-AFA | no | count=1.00 | yes=60c
Kalshi WS trade #3888: KXNCAAMBGAME-26FEB18BYUARIZ-BYU | yes | count=80.00 | yes=20c
Kalshi WS trade #3889: KXBTC15M-26FEB182200-00 | yes | count=1.00 | yes=69c
Kalshi WS trade #3890: KXBTC15M-26FEB182200-00 | yes | count=2.00 | yes=70c
Kalshi WS trade #3891: KXNCAAMBSPREAD-26FEB18AUBMSST-MSST6 | no | count=1800.00 | yes=61c
Kalshi WS trade #3892: KXNCAAMBGAME-26FEB18ORUNEOM-ORU | yes | count=33.00 | yes=3c
Kalshi WS trade #3893: KXNCAAMBGAME-26FEB18ORUNEOM-ORU | yes | count=37.00 | yes=3c
Kalshi WS trade #3894: KXNCAAMBGAME-26FEB18ORUNEOM-ORU | yes | count=55.00 | yes=4c
Kalshi WS trade #3895: KXNCAAMBGAME-26FEB18ORUNEOM-ORU | yes | count=9.00 | yes=4c
Kalshi WS trade #3896: KXNCAAMBGAME-26FEB18BYUARIZ-BYU | yes | count=17.00 | yes=20c
Kalshi WS trade #3897: KXATPMATCH-26FEB18GIRRUU-RUU | yes | count=34.00 | yes=28c
Kalshi WS trade #3898: KXNCAAMBTOTAL-26FEB18BYUARIZ-161 | no | count=222.00 | yes=47c
Kalshi WS trade #3899: KXNCAAMBSPREAD-26FEB18DEPHALL-DEP4 | no | count=25.00 | yes=61c
Kalshi WS trade #3900: KXATPMATCH-26FEB18GIRRUU-RUU | yes | count=61.00 | yes=28c
Kalshi WS trade #3901: KXATPMATCH-26FEB18GIRRUU-RUU | yes | count=180.00 | yes=28c
Kalshi WS trade #3902: KXATPMATCH-26FEB18GIRRUU-RUU | yes | count=40.00 | yes=28c
Kalshi WS trade #3903: KXNCAAMBGAME-26FEB18BYUARIZ-BYU | yes | count=94.00 | yes=20c
Kalshi WS trade #3904: KXNCAAMBGAME-26FEB18AUBMSST-AUB | yes | count=5.00 | yes=19c
Kalshi WS trade #3905: KXNCAAMBGAME-26FEB18KENNMOSU-KENN | yes | count=34.00 | yes=68c
Kalshi WS trade #3906: KXNCAAMBGAME-26FEB18KENNMOSU-KENN | yes | count=34.00 | yes=68c
Kalshi WS trade #3907: KXNCAAMBGAME-26FEB18KENNMOSU-KENN | yes | count=34.00 | yes=68c
Kalshi WS trade #3908: KXNCAAMBGAME-26FEB18KENNMOSU-KENN | yes | count=34.00 | yes=68c
Kalshi WS trade #3909: KXNCAAMBGAME-26FEB18KENNMOSU-KENN | yes | count=34.00 | yes=68c
Kalshi WS trade #3910: KXNCAAMBGAME-26FEB18KENNMOSU-KENN | yes | count=30.00 | yes=68c
Kalshi WS trade #3911: KXCLOSEHORMUZ-27JAN | yes | count=75.00 | yes=40c
Kalshi WS trade #3912: KXCLOSEHORMUZ-27JAN | yes | count=25.00 | yes=40c
Kalshi WS trade #3913: KXNCAAMBSPREAD-26FEB18AUBMSST-MSST9 | no | count=40.00 | yes=47c
Kalshi WS trade #3914: KXGOVTCUTS-25-1 | yes | count=624.00 | yes=3c
Kalshi WS trade #3915: KXNCAAMBGAME-26FEB18UTAHWVU-WVU | yes | count=784.00 | yes=44c
Kalshi WS trade #3916: KXNCAAMBSPREAD-26FEB18BYUARIZ-ARIZ9 | yes | count=550.00 | yes=49c
Kalshi WS trade #3917: KXNCAAMBSPREAD-26FEB18BYUARIZ-ARIZ9 | yes | count=50.00 | yes=49c
Kalshi WS trade #3918: KXNCAAMBSPREAD-26FEB18BYUARIZ-ARIZ9 | yes | count=10.00 | yes=49c
Kalshi WS trade #3919: KXNCAAMBTOTAL-26FEB18AUBMSST-165 | yes | count=1.00 | yes=47c
Kalshi WS trade #3920: KXNCAAMBTOTAL-26FEB18AUBMSST-165 | yes | count=3.00 | yes=48c
Kalshi WS trade #3921: KXNCAAMBTOTAL-26FEB18AUBMSST-165 | yes | count=229.00 | yes=48c
Kalshi WS trade #3922: KXNCAAMBTOTAL-26FEB18AUBMSST-165 | yes | count=229.00 | yes=48c
Kalshi WS trade #3923: KXNCAAMBTOTAL-26FEB18AUBMSST-165 | yes | count=229.00 | yes=48c
Kalshi WS trade #3924: KXNCAAMBTOTAL-26FEB18AUBMSST-165 | yes | count=229.00 | yes=48c
Kalshi WS trade #3925: KXNCAAMBTOTAL-26FEB18AUBMSST-165 | yes | count=50.00 | yes=48c
Kalshi WS trade #3926: KXNCAAMBTOTAL-26FEB18AUBMSST-165 | yes | count=229.00 | yes=48c
Kalshi WS trade #3927: KXATPMATCH-26FEB18GIRRUU-RUU | yes | count=28.00 | yes=28c
Kalshi WS trade #3928: KXNCAAMBSPREAD-26FEB18AUBMSST-MSST6 | yes | count=5.00 | yes=60c
Kalshi WS trade #3929: KXNCAAMBSPREAD-26FEB18AUBMSST-MSST6 | yes | count=229.00 | yes=60c
Kalshi WS trade #3930: KXNCAAMBSPREAD-26FEB18AUBMSST-MSST6 | yes | count=229.00 | yes=60c
Kalshi WS trade #3931: KXNCAAMBSPREAD-26FEB18AUBMSST-MSST6 | yes | count=229.00 | yes=60c
Kalshi WS trade #3932: KXNCAAMBSPREAD-26FEB18AUBMSST-MSST6 | yes | count=50.00 | yes=60c
Kalshi WS trade #3933: KXNCAAMBSPREAD-26FEB18AUBMSST-MSST6 | yes | count=229.00 | yes=60c
Kalshi WS trade #3934: KXNCAAMBGAME-26FEB18VANMIZZ-MIZZ | yes | count=77.00 | yes=50c
Kalshi WS trade #3935: KXNCAAMBGAME-26FEB18BYUARIZ-BYU | yes | count=50.00 | yes=20c
Kalshi WS trade #3936: KXMRBEASTGAMES-26MAY01-191 | yes | count=18.00 | yes=5c
Kalshi WS trade #3937: KXBTCD-26FEB1822-T66749.99 | no | count=18.00 | yes=7c
Poly WS trade #48: asset=69324317355037271422... | SELL | size=28 | price=0.034
Kalshi WS trade #3938: KXSOL15M-26FEB182200-00 | yes | count=46.00 | yes=73c
Kalshi WS trade #3939: KXSOL15M-26FEB182200-00 | yes | count=2.00 | yes=75c
Kalshi WS trade #3940: KXSOL15M-26FEB182200-00 | yes | count=17.00 | yes=79c
Kalshi WS trade #3941: KXNCAAMBSPREAD-26FEB18VANMIZZ-MIZZ1 | yes | count=518.00 | yes=43c
Kalshi WS trade #3942: KXATPMATCH-26FEB18GIRRUU-RUU | yes | count=112.00 | yes=28c
Kalshi WS trade #3943: KXATPMATCH-26FEB18GIRRUU-RUU | yes | count=180.00 | yes=28c
Kalshi WS trade #3944: KXATPMATCH-26FEB18GIRRUU-RUU | yes | count=180.00 | yes=28c
Kalshi WS trade #3945: KXATPMATCH-26FEB18GIRRUU-RUU | yes | count=180.00 | yes=28c
Kalshi WS trade #3946: KXATPMATCH-26FEB18GIRRUU-RUU | yes | count=180.00 | yes=28c
Kalshi WS trade #3947: KXATPMATCH-26FEB18GIRRUU-RUU | yes | count=168.00 | yes=28c
Kalshi WS trade #3948: KXATPMATCH-26FEB18GIRRUU-GIR | no | count=292.00 | yes=72c
Poly WS trade #49: asset=11108067103612610965... | SELL | size=36 | price=0.994
Kalshi WS trade #3949: KXNCAAMBSPREAD-26FEB18GONZSF-GONZ14 | yes | count=17.00 | yes=55c
Kalshi WS trade #3950: KXNCAAWBGAME-26FEB18UNMGC-GC | yes | count=25.00 | yes=42c
Kalshi WS trade #3951: KXNCAAWBGAME-26FEB18UNMGC-GC | yes | count=3.00 | yes=43c
Kalshi WS trade #3952: KXNCAAWBGAME-26FEB18UNMGC-GC | yes | count=75.00 | yes=44c
Kalshi WS trade #3953: KXNCAAMBGAME-26FEB18MURRILST-ILST | yes | count=3.00 | yes=79c
Kalshi WS trade #3954: KXNCAAWBGAME-26FEB18UNMGC-UNM | no | count=25.00 | yes=61c
Kalshi WS trade #3955: KXXRP15M-26FEB182200-00 | no | count=30.00 | yes=78c
Kalshi WS trade #3956: KXXRP15M-26FEB182200-00 | no | count=8.00 | yes=77c
Kalshi WS trade #3957: KXNCAAMBSPREAD-26FEB18VANMIZZ-MIZZ1 | yes | count=11.00 | yes=43c
Kalshi WS trade #3958: KXNCAAMBGAME-26FEB18VANMIZZ-MIZZ | yes | count=11.00 | yes=50c
Kalshi WS trade #3959: KXNCAAMBGAME-26FEB18UTAHWVU-WVU | yes | count=2.00 | yes=44c
Kalshi WS trade #3960: KXNCAAMBGAME-26FEB18BYUARIZ-BYU | yes | count=23.00 | yes=20c
Kalshi WS trade #3961: KXNCAAWBGAME-26FEB18NEVCSU-CSU | no | count=1.00 | yes=98c
Kalshi WS trade #3962: KXNCAAMBSPREAD-26FEB18AUBMSST-MSST9 | yes | count=3.00 | yes=48c
Kalshi WS trade #3963: KXNCAAMBSPREAD-26FEB18AUBMSST-MSST9 | yes | count=17.00 | yes=48c
Kalshi WS trade #3964: KXNCAAMBGAME-26FEB18KENNMOSU-MOSU | yes | count=34.00 | yes=34c
Kalshi WS trade #3965: KXNCAAMBGAME-26FEB18KENNMOSU-MOSU | yes | count=34.00 | yes=34c
Kalshi WS trade #3966: KXNCAAMBGAME-26FEB18KENNMOSU-MOSU | yes | count=200.00 | yes=34c
Kalshi WS trade #3967: KXNCAAMBGAME-26FEB18KENNMOSU-MOSU | yes | count=100.00 | yes=34c
Kalshi WS trade #3968: KXNCAAMBGAME-26FEB18NCCUSCST-NCCU | no | count=10.00 | yes=42c
Kalshi WS trade #3969: KXNCAAMBGAME-26FEB18VANMIZZ-VAN | yes | count=20.00 | yes=52c
Kalshi WS trade #3970: KXATPMATCH-26FEB18GIRRUU-RUU | yes | count=12.00 | yes=28c
Kalshi WS trade #3971: KXATPMATCH-26FEB18GIRRUU-RUU | yes | count=13.00 | yes=28c
Kalshi WS trade #3972: KXNCAAMBGAME-26FEB18KUOKST-KU | yes | count=15.00 | yes=96c
Kalshi WS trade #3973: KXNCAAMBSPREAD-26FEB18UTAHWVU-UTAH2 | no | count=109.00 | yes=48c
Kalshi WS trade #3974: KXNCAAMBSPREAD-26FEB18UTAHWVU-UTAH2 | no | count=21.00 | yes=48c
Kalshi WS trade #3975: KXNCAAMBTOTAL-26FEB18UVAGT-161 | no | count=30.00 | yes=61c
Kalshi WS trade #3976: KXNCAAMBTOTAL-26FEB18UVAGT-161 | no | count=2.00 | yes=61c
Kalshi WS trade #3977: KXNCAAMBGAME-26FEB18KENNMOSU-KENN | no | count=25.00 | yes=67c
Kalshi WS trade #3978: KXATPMATCH-26FEB18GIRRUU-GIR | yes | count=98.00 | yes=74c
Kalshi WS trade #3979: KXNCAAMBSPREAD-26FEB18BSUUSU-USU6 | yes | count=30.00 | yes=64c
Kalshi WS trade #3980: KXNCAAMBGAME-26FEB18ILLUSC-USC | no | count=800.00 | yes=19c
Kalshi WS trade #3981: KXNCAAMBGAME-26FEB18ILLUSC-USC | no | count=1.00 | yes=19c
Kalshi WS trade #3982: KXNCAAMBGAME-26FEB18ILLUSC-USC | no | count=17.00 | yes=19c
Kalshi WS trade #3983: KXMVESPORTSMULTIGAMEEXTENDED-S202663AAEB8CDB9-4C132D41BAC | yes | count=11.00 | yes=86c
Kalshi WS trade #3984: KXNCAAMBGAME-26FEB18UTAHWVU-UTAH | yes | count=24.00 | yes=58c
Kalshi WS trade #3985: KXNCAAMBGAME-26FEB18UTAHWVU-UTAH | yes | count=54.00 | yes=58c
Kalshi WS trade #3986: KXNCAAMBGAME-26FEB18UTAHWVU-UTAH | yes | count=54.00 | yes=58c
Kalshi WS trade #3987: KXNCAAMBGAME-26FEB18UTAHWVU-UTAH | yes | count=54.00 | yes=58c
Kalshi WS trade #3988: KXNCAAMBGAME-26FEB18UTAHWVU-UTAH | yes | count=54.00 | yes=58c
Kalshi WS trade #3989: KXNCAAMBTOTAL-26FEB18MDNW-133 | yes | count=300.00 | yes=99c
Kalshi WS trade #3990: KXNCAAMBTOTAL-26FEB18MDNW-133 | yes | count=699.00 | yes=99c
Kalshi WS trade #3991: KXNCAAMBGAME-26FEB18DEPHALL-HALL | no | count=495.00 | yes=14c
Kalshi WS trade #3992: KXNCAAMBGAME-26FEB18DEPHALL-HALL | no | count=29.00 | yes=14c
Kalshi WS trade #3993: KXNCAAMBGAME-26FEB18DEPHALL-HALL | no | count=250.00 | yes=14c
Kalshi WS trade #3994: KXNCAAMBGAME-26FEB18DEPHALL-HALL | no | count=100.00 | yes=14c
Kalshi WS trade #3995: KXNCAAMBGAME-26FEB18DEPHALL-HALL | no | count=100.00 | yes=14c
Kalshi WS trade #3996: KXNCAAMBGAME-26FEB18DEPHALL-HALL | no | count=5.00 | yes=14c
Kalshi WS trade #3997: KXNCAAMBGAME-26FEB18DEPHALL-HALL | no | count=100.00 | yes=14c
Kalshi WS trade #3998: KXNCAAMBGAME-26FEB18DEPHALL-HALL | no | count=709.00 | yes=14c
Kalshi WS trade #3999: KXNCAAMBGAME-26FEB18DEPHALL-HALL | no | count=238.00 | yes=14c
Kalshi WS trade #4000: KXATPMATCH-26FEB18GIRRUU-RUU | yes | count=82.00 | yes=28c
Kalshi WS trade #4001: KXNCAAMBGAME-26FEB18BYUARIZ-BYU | yes | count=4.00 | yes=20c
Kalshi WS trade #4002: KXNCAAMBSPREAD-26FEB18GONZSF-GONZ14 | no | count=20.00 | yes=54c
Kalshi WS trade #4003: KXNCAAMBGAME-26FEB18DEPHALL-HALL | yes | count=188.00 | yes=15c
Kalshi WS trade #4004: KXNCAAWBGAME-26FEB18UTAUTU-UTU | yes | count=18.00 | yes=25c
Kalshi WS trade #4005: KXNCAAWBGAME-26FEB18UTAUTU-UTU | yes | count=17.00 | yes=28c
Kalshi WS trade #4006: KXNCAAMBGAME-26FEB18PACWSU-PAC | yes | count=20.00 | yes=51c
Kalshi WS trade #4007: KXNCAAMBGAME-26FEB18PACWSU-PAC | yes | count=9.00 | yes=52c
Kalshi WS trade #4008: KXNCAAMBGAME-26FEB18CHARTLSA-TLSA | yes | count=166.00 | yes=88c
Kalshi WS trade #4009: KXAPRPOTUS-26FEB20-41.7 | yes | count=2.00 | yes=14c
Kalshi WS trade #4010: KXAPRPOTUS-26FEB20-41.7 | yes | count=10.00 | yes=15c
Kalshi WS trade #4011: KXETH15M-26FEB182200-00 | yes | count=3.00 | yes=58c
Kalshi WS trade #4012: KXNBAGAME-26FEB19ATLPHI-ATL | yes | count=49.00 | yes=49c
Kalshi WS trade #4013: KXETH15M-26FEB182200-00 | no | count=1.00 | yes=53c
Kalshi WS trade #4014: KXNCAAMBGAME-26FEB18VANMIZZ-VAN | yes | count=9.00 | yes=52c
Kalshi WS trade #4015: KXETH15M-26FEB182200-00 | no | count=30.00 | yes=53c
Kalshi WS trade #4016: KXNCAAMBGAME-26FEB18BYUARIZ-BYU | yes | count=727.00 | yes=20c
Kalshi WS trade #4017: KXNCAAMBGAME-26FEB18UTAHWVU-UTAH | yes | count=54.00 | yes=58c
Kalshi WS trade #4018: KXNCAAMBGAME-26FEB18UTAHWVU-UTAH | yes | count=54.00 | yes=58c
Kalshi WS trade #4019: KXNCAAMBGAME-26FEB18UTAHWVU-UTAH | yes | count=54.00 | yes=58c
Kalshi WS trade #4020: KXNCAAMBGAME-26FEB18UTAHWVU-UTAH | yes | count=54.00 | yes=58c
Kalshi WS trade #4021: KXNCAAMBGAME-26FEB18UTAHWVU-UTAH | yes | count=34.00 | yes=58c
Kalshi WS trade #4022: KXNCAAMBGAME-26FEB18BYUARIZ-BYU | yes | count=19.00 | yes=20c
Kalshi WS trade #4023: KXNCAAMBGAME-26FEB18DEPHALL-HALL | yes | count=29.00 | yes=15c
Kalshi WS trade #4024: KXNCAAMBGAME-26FEB18DEPHALL-HALL | yes | count=19.00 | yes=15c
Kalshi WS trade #4025: KXNCAAMBGAME-26FEB18DEPHALL-HALL | yes | count=709.00 | yes=15c
Kalshi WS trade #4026: KXNCAAMBGAME-26FEB18DEPHALL-HALL | yes | count=709.00 | yes=15c
Kalshi WS trade #4027: KXNCAAMBGAME-26FEB18DEPHALL-HALL | yes | count=210.00 | yes=15c
Kalshi WS trade #4028: KXNCAAMBGAME-26FEB18CHARTLSA-TLSA | yes | count=5.00 | yes=88c
Kalshi WS trade #4029: KXSECREG-26-ARK | no | count=49.00 | yes=2c
Kalshi WS trade #4030: KXNCAAMBGAME-26FEB18CHARTLSA-CHAR | yes | count=67.00 | yes=14c
Kalshi WS trade #4031: KXNCAAMBGAME-26FEB18KENNMOSU-KENN | yes | count=1.00 | yes=66c
Kalshi WS trade #4032: KXNCAAMBGAME-26FEB18KENNMOSU-KENN | yes | count=1.00 | yes=66c
Kalshi WS trade #4033: KXNCAAMBGAME-26FEB18KENNMOSU-KENN | yes | count=269.00 | yes=67c
Kalshi WS trade #4034: KXNCAAMBGAME-26FEB18KENNMOSU-KENN | yes | count=10.00 | yes=68c
Kalshi WS trade #4035: KXNCAAMBGAME-26FEB18KENNMOSU-KENN | yes | count=300.00 | yes=68c
Kalshi WS trade #4036: KXNCAAMBGAME-26FEB18KENNMOSU-KENN | yes | count=34.00 | yes=68c
Kalshi WS trade #4037: KXNCAAMBGAME-26FEB18KENNMOSU-KENN | yes | count=34.00 | yes=68c
Kalshi WS trade #4038: KXNCAAMBGAME-26FEB18KENNMOSU-KENN | yes | count=20.00 | yes=68c
Kalshi WS trade #4039: KXNCAAMBGAME-26FEB18BYUARIZ-BYU | yes | count=23.00 | yes=20c
Kalshi WS trade #4040: KXNCAAMBGAME-26FEB18BYUARIZ-BYU | yes | count=21.00 | yes=20c
Kalshi WS trade #4041: KXNCAAMBGAME-26FEB18AUBMSST-MSST | yes | count=30.00 | yes=82c
Kalshi WS trade #4042: KXNCAAMBSPREAD-26FEB18KENNMOSU-MOSU2 | no | count=11.00 | yes=28c
Kalshi WS trade #4043: KXNCAAMBSPREAD-26FEB18KENNMOSU-MOSU2 | no | count=2.00 | yes=28c
Kalshi WS trade #4044: KXNCAAMBTOTAL-26FEB18KENNMOSU-161 | yes | count=10.00 | yes=71c
Kalshi WS trade #4045: KXNCAAMBGAME-26FEB18NDSUSDST-NDSU | yes | count=5.00 | yes=97c
Kalshi WS trade #4046: KXNCAAMBGAME-26FEB18BYUARIZ-BYU | yes | count=51.00 | yes=20c
Kalshi WS trade #4047: KXNCAAMBGAME-26FEB18BYUARIZ-BYU | yes | count=60.00 | yes=20c
Kalshi WS trade #4048: KXNCAAMBGAME-26FEB18BYUARIZ-BYU | yes | count=7.00 | yes=21c
Kalshi WS trade #4049: KXNCAAMBGAME-26FEB18UTAHWVU-WVU | no | count=54.00 | yes=43c
Kalshi WS trade #4050: KXNCAAMBGAME-26FEB18UTAHWVU-WVU | no | count=54.00 | yes=43c
Kalshi WS trade #4051: KXNCAAMBGAME-26FEB18ILLUSC-ILL | yes | count=6.00 | yes=82c
Kalshi WS trade #4052: KXATPMATCH-26FEB18GIRRUU-RUU | no | count=100.00 | yes=27c
Kalshi WS trade #4053: KXATPMATCH-26FEB18GIRRUU-RUU | no | count=128.00 | yes=26c
Kalshi WS trade #4054: KXBTC15M-26FEB182200-00 | no | count=32.00 | yes=70c
Kalshi WS trade #4055: KXNCAAMBGAME-26FEB18CHARTLSA-CHAR | yes | count=101.00 | yes=14c
Kalshi WS trade #4056: KXNCAAMBSPREAD-26FEB18KENNMOSU-MOSU2 | no | count=10.00 | yes=27c
Kalshi WS trade #4057: KXNCAAMBGAME-26FEB18KENNMOSU-KENN | yes | count=1.00 | yes=67c
Kalshi WS trade #4058: KXNCAAMBGAME-26FEB18KENNMOSU-KENN | yes | count=19.00 | yes=68c
Kalshi WS trade #4059: KXGOVTSHUTLENGTH-26FEB07-G60 | yes | count=72.00 | yes=13c
Kalshi WS trade #4060: KXNCAAMBGAME-26FEB18SJUMARQ-MARQ | yes | count=52.00 | yes=18c
Kalshi WS trade #4061: KXMVESPORTSMULTIGAMEEXTENDED-S2026951A19243B5-A02DA084ECA | yes | count=245.00 | yes=1c
Kalshi WS trade #4062: KXNCAAMBGAME-26FEB18NDSUSDST-SDST | yes | count=14.00 | yes=5c
Kalshi WS trade #4063: KXMVESPORTSMULTIGAMEEXTENDED-S20260BA27A25665-A51844CC950 | yes | count=934.00 | yes=1c
Kalshi WS trade #4064: KXNCAAMBGAME-26FEB18SJUMARQ-MARQ | yes | count=500.00 | yes=18c
Kalshi WS trade #4065: KXETH15M-26FEB182200-00 | yes | count=100.00 | yes=58c
Kalshi WS trade #4066: KXNCAAMBGAME-26FEB18UTAHWVU-UTAH | yes | count=33.00 | yes=58c
Kalshi WS trade #4067: KXNCAAMBGAME-26FEB18KENNMOSU-MOSU | yes | count=86.00 | yes=34c
Kalshi WS trade #4068: KXNCAAMBGAME-26FEB18AUBMSST-MSST | yes | count=30.00 | yes=82c
Kalshi WS trade #4069: KXCHISNOWM-26FEB-8.0 | no | count=2.00 | yes=4c
Kalshi WS trade #4070: KXCHISNOWM-26FEB-8.0 | no | count=3.00 | yes=4c
Kalshi WS trade #4071: KXBTCD-26FEB1822-T66749.99 | yes | count=85.00 | yes=10c
Kalshi WS trade #4072: KXBTCD-26FEB1822-T66749.99 | yes | count=8.00 | yes=11c
Kalshi WS trade #4073: KXNCAAMBGAME-26FEB18KENNMOSU-KENN | yes | count=8.00 | yes=67c
Kalshi WS trade #4074: KXNCAAMBGAME-26FEB18KENNMOSU-KENN | yes | count=15.00 | yes=68c
Kalshi WS trade #4075: KXNCAAMBGAME-26FEB18KENNMOSU-KENN | yes | count=5.00 | yes=68c
Kalshi WS trade #4076: KXATPMATCH-26FEB18GIRRUU-RUU | yes | count=10.00 | yes=28c
Kalshi WS trade #4077: KXNCAAMBGAME-26FEB18VANMIZZ-VAN | yes | count=126.00 | yes=52c
Kalshi WS trade #4078: KXNCAAMBGAME-26FEB18DEPHALL-HALL | yes | count=19.00 | yes=15c
Kalshi WS trade #4079: KXNBAGAME-26FEB19HOUCHA-HOU | yes | count=837.00 | yes=64c
Kalshi WS trade #4080: KXNCAAMBGAME-26FEB18BYUARIZ-BYU | yes | count=2.00 | yes=20c
Kalshi WS trade #4081: KXNCAAMBGAME-26FEB18SMCSEA-SEA | yes | count=60.00 | yes=7c
Kalshi WS trade #4082: KXNCAAMBGAME-26FEB18SMCSEA-SEA | yes | count=74.00 | yes=7c
Kalshi WS trade #4083: KXNCAAMBGAME-26FEB18AUBMSST-AUB | yes | count=9.00 | yes=19c
Kalshi WS trade #4084: KXBTC15M-26FEB182200-00 | yes | count=1.00 | yes=72c
Kalshi WS trade #4085: KXBTC15M-26FEB182200-00 | yes | count=1.00 | yes=72c
Kalshi WS trade #4086: KXNCAAMBGAME-26FEB18KENNMOSU-MOSU | no | count=34.00 | yes=33c
Kalshi WS trade #4087: KXNCAAMBGAME-26FEB18VANMIZZ-MIZZ | no | count=252.00 | yes=49c
Kalshi WS trade #4088: KXNCAAMBTOTAL-26FEB18DEPHALL-130 | no | count=10.00 | yes=37c
Kalshi WS trade #4089: KXWOHOCKEY-MEN26CGOLD-USA | yes | count=163.00 | yes=44c
Kalshi WS trade #4090: KXNCAAMBGAME-26FEB18CHARTLSA-CHAR | yes | count=124.00 | yes=14c
Kalshi WS trade #4091: KXALBUMTRACKSHARRY-26-13 | yes | count=4.00 | yes=14c
Kalshi WS trade #4092: KXALBUMTRACKSHARRY-26-13 | yes | count=2.00 | yes=14c
Kalshi WS trade #4093: KXNCAAMBGAME-26FEB18NDSUSDST-SDST | yes | count=562.00 | yes=5c
Kalshi WS trade #4094: KXNCAAMBGAME-26FEB18SJUMARQ-SJU | no | count=490.00 | yes=81c
Kalshi WS trade #4095: KXNCAAMBGAME-26FEB18SJUMARQ-SJU | no | count=133.00 | yes=81c
Kalshi WS trade #4096: KXNCAAMBGAME-26FEB18KENNMOSU-MOSU | yes | count=34.00 | yes=33c
Kalshi WS trade #4097: KXNCAAMBGAME-26FEB18KENNMOSU-MOSU | yes | count=6.00 | yes=33c
Kalshi WS trade #4098: KXNCAAMBGAME-26FEB18UTAHWVU-UTAH | yes | count=20.00 | yes=58c
Kalshi WS trade #4099: KXNCAAMBGAME-26FEB18SMCSEA-SMC | yes | count=20.00 | yes=95c
Kalshi WS trade #4100: KXNCAAMBGAME-26FEB18NDSUSDST-SDST | yes | count=18.00 | yes=5c
Kalshi WS trade #4101: KXNCAAMBTOTAL-26FEB18CHARTLSA-160 | no | count=75.00 | yes=43c
Kalshi WS trade #4102: KXNCAAMBTOTAL-26FEB18CHARTLSA-160 | no | count=99.00 | yes=42c
Kalshi WS trade #4103: KXNCAAMBTOTAL-26FEB18CHARTLSA-160 | no | count=20.00 | yes=42c
Kalshi WS trade #4104: KXNCAAMBTOTAL-26FEB18CHARTLSA-160 | no | count=30.00 | yes=39c
Kalshi WS trade #4105: KXNCAAMBTOTAL-26FEB18AUBMSST-165 | yes | count=50.00 | yes=47c
Poly WS trade #50: asset=69324317355037271422... | SELL | size=30 | price=0.034
Kalshi WS trade #4106: KXATPMATCH-26FEB18GIRRUU-GIR | yes | count=26.00 | yes=74c
Kalshi WS trade #4107: KXNCAAMBGAME-26FEB18ILLUSC-USC | yes | count=6.00 | yes=19c
Kalshi WS trade #4108: KXMVESPORTSMULTIGAMEEXTENDED-S20268622C03F089-00CF2487F00 | yes | count=451.00 | yes=3c
Kalshi WS trade #4109: KXBTC15M-26FEB182200-00 | yes | count=6.00 | yes=73c
Kalshi WS trade #4110: KXBTC15M-26FEB182200-00 | yes | count=1.00 | yes=73c
Kalshi WS trade #4111: KXMVESPORTSMULTIGAMEEXTENDED-S2026221CF21CFF9-2C664EECC02 | yes | count=3.00 | yes=5c
Kalshi WS trade #4112: KXNCAAMBGAME-26FEB18NCCUSCST-NCCU | yes | count=111.00 | yes=43c
Kalshi WS trade #4113: KXNCAAMBGAME-26FEB18DEPHALL-HALL | yes | count=19.00 | yes=15c
Kalshi WS trade #4114: KXNCAAMBGAME-26FEB18BYUARIZ-ARIZ | yes | count=59.00 | yes=82c
Kalshi WS trade #4115: KXNCAAMBGAME-26FEB18BYUARIZ-BYU | yes | count=1.00 | yes=20c
Kalshi WS trade #4116: KXNCAAMBGAME-26FEB18VANMIZZ-VAN | yes | count=186.00 | yes=52c
Kalshi WS trade #4117: KXNCAAWBGAME-26FEB18NEVCSU-CSU | yes | count=2.00 | yes=98c
Kalshi WS trade #4118: KXNCAAMBSPREAD-26FEB18CSUUNLV-UNLV1 | yes | count=17.00 | yes=57c
Kalshi WS trade #4119: KXNCAAWBGAME-26FEB19QUCJAC-JAC | yes | count=25.00 | yes=95c
Kalshi WS trade #4120: KXNCAAMBGAME-26FEB18SJUMARQ-SJU | yes | count=2.00 | yes=83c
Kalshi WS trade #4121: KXNCAAMBGAME-26FEB18AUBMSST-MSST | yes | count=30.00 | yes=82c
Kalshi WS trade #4122: KXNBAGAME-26FEB19ATLPHI-ATL | no | count=32.00 | yes=48c
Kalshi WS trade #4123: KXNCAAMBGAME-26FEB18UTAHWVU-UTAH | yes | count=1.00 | yes=58c
Kalshi WS trade #4124: KXNCAAMBGAME-26FEB18MDNW-NW | yes | count=16.00 | yes=98c
Kalshi WS trade #4125: KXETHD-26FEB1822-T1969.99 | no | count=55.00 | yes=2c
Kalshi WS trade #4126: KXALIENS-27 | yes | count=55.00 | yes=17c
Kalshi WS trade #4127: KXNCAAMBGAME-26FEB18KENNMOSU-MOSU | yes | count=69.00 | yes=33c
Kalshi WS trade #4128: KXNCAAMBGAME-26FEB18BYUARIZ-BYU | yes | count=18.00 | yes=20c
Kalshi WS trade #4129: KXNCAAMBGAME-26FEB18BYUARIZ-BYU | yes | count=5.00 | yes=21c
Kalshi WS trade #4130: KXNCAAMBGAME-26FEB18SJUMARQ-MARQ | no | count=5.00 | yes=18c
Kalshi WS trade #4131: KXATPMATCH-26FEB18GIRRUU-RUU | yes | count=109.00 | yes=28c
Kalshi WS trade #4132: KXNCAAMBGAME-26FEB18KENNMOSU-MOSU | yes | count=34.00 | yes=33c
Kalshi WS trade #4133: KXNCAAMBGAME-26FEB18KENNMOSU-MOSU | yes | count=8.00 | yes=33c
Kalshi WS trade #4134: KXNCAAMBGAME-26FEB18KENNMOSU-KENN | yes | count=200.00 | yes=68c
Kalshi WS trade #4135: KXNCAAMBGAME-26FEB18KENNMOSU-KENN | yes | count=10.00 | yes=68c
Kalshi WS trade #4136: KXNCAAMBGAME-26FEB18KENNMOSU-KENN | yes | count=34.00 | yes=68c
Kalshi WS trade #4137: KXNCAAMBGAME-26FEB18KENNMOSU-KENN | yes | count=34.00 | yes=68c
Kalshi WS trade #4138: KXNCAAMBGAME-26FEB18KENNMOSU-KENN | yes | count=34.00 | yes=68c
Kalshi WS trade #4139: KXNCAAMBGAME-26FEB18KENNMOSU-KENN | yes | count=34.00 | yes=68c
Kalshi WS trade #4140: KXNCAAMBGAME-26FEB18KENNMOSU-KENN | yes | count=34.00 | yes=68c
Kalshi WS trade #4141: KXNCAAMBGAME-26FEB18KENNMOSU-KENN | yes | count=90.00 | yes=68c
Kalshi WS trade #4142: KXBTC15M-26FEB182200-00 | no | count=1.00 | yes=72c
Kalshi WS trade #4143: KXBTC15M-26FEB182200-00 | no | count=4.00 | yes=71c
Kalshi WS trade #4144: KXBTC15M-26FEB182200-00 | no | count=121.00 | yes=70c
Kalshi WS trade #4145: KXBTC15M-26FEB182200-00 | no | count=13.00 | yes=70c
Kalshi WS trade #4146: KXETH15M-26FEB182200-00 | no | count=1.00 | yes=58c
Kalshi WS trade #4147: KXNCAAMBGAME-26FEB18KENNMOSU-MOSU | yes | count=13.00 | yes=33c
Kalshi WS trade #4148: KXNCAAMBGAME-26FEB18SJUMARQ-SJU | yes | count=139.00 | yes=83c
Kalshi WS trade #4149: KXBTCD-26FEB1822-T66749.99 | yes | count=8.00 | yes=11c
Kalshi WS trade #4150: KXNCAAMBGAME-26FEB18NCCUSCST-NCCU | yes | count=1.00 | yes=43c
Kalshi WS trade #4151: KXNCAAMBGAME-26FEB18KUOKST-KU | yes | count=10.00 | yes=96c
Kalshi WS trade #4152: KXNCAAMBGAME-26FEB18SJUMARQ-MARQ | yes | count=25.00 | yes=18c
Kalshi WS trade #4153: KXNCAAMBGAME-26FEB18KENNMOSU-KENN | yes | count=4.00 | yes=68c
Kalshi WS trade #4154: KXMVESPORTSMULTIGAMEEXTENDED-S202680FFDACDAA5-A7F68EFE539 | yes | count=78.00 | yes=12c
Kalshi WS trade #4155: KXNCAAMBSPREAD-26FEB18BYUARIZ-ARIZ9 | no | count=24.00 | yes=47c
Kalshi WS trade #4156: KXNCAAMBSPREAD-26FEB18BYUARIZ-ARIZ9 | no | count=10.00 | yes=47c
Kalshi WS trade #4157: KXNCAAMBSPREAD-26FEB18BYUARIZ-ARIZ9 | no | count=10.00 | yes=40c
Kalshi WS trade #4158: KXMVESPORTSMULTIGAMEEXTENDED-S20268E22B5FF4E1-E112FC39340 | yes | count=3.00 | yes=20c
Kalshi WS trade #4159: KXMVESPORTSMULTIGAMEEXTENDED-S20268E22B5FF4E1-E112FC39340 | yes | count=69.00 | yes=20c
Kalshi WS trade #4160: KXMVESPORTSMULTIGAMEEXTENDED-S20268E22B5FF4E1-E112FC39340 | yes | count=9.00 | yes=21c
Kalshi WS trade #4161: KXNCAAMBSPREAD-26FEB18NDSUSDST-NDSU4 | no | count=8.00 | yes=16c
Kalshi WS trade #4162: KXPGATOP10-THGI26-LABE | yes | count=50.00 | yes=18c
Kalshi WS trade #4163: KXNCAAMBGAME-26FEB18CHARTLSA-CHAR | yes | count=9.00 | yes=14c
Kalshi WS trade #4164: KXNCAAMBGAME-26FEB18CHARTLSA-CHAR | yes | count=116.00 | yes=14c
Kalshi WS trade #4165: KXNCAAMBGAME-26FEB18DEPHALL-DEP | no | count=30.00 | yes=85c
Kalshi WS trade #4166: KXNCAAMBGAME-26FEB18DEPHALL-DEP | no | count=8.00 | yes=85c
Kalshi WS trade #4167: KXNCAAMBGAME-26FEB18VANMIZZ-VAN | yes | count=93.00 | yes=52c
Kalshi WS trade #4168: KXNCAAMBGAME-26FEB18KENNMOSU-MOSU | yes | count=21.00 | yes=33c
Kalshi WS trade #4169: KXNCAAMBGAME-26FEB18KENNMOSU-MOSU | yes | count=7.00 | yes=33c
Kalshi WS trade #4170: KXATPMATCH-26FEB18GIRRUU-RUU | yes | count=16.00 | yes=28c
Kalshi WS trade #4171: KXATPMATCH-26FEB18GIRRUU-GIR | yes | count=26.00 | yes=74c
Kalshi WS trade #4172: KXNCAAMBGAME-26FEB18NDSUSDST-NDSU | yes | count=206.00 | yes=97c
Kalshi WS trade #4173: KXNCAAMBGAME-26FEB18NDSUSDST-NDSU | yes | count=51.00 | yes=97c
Kalshi WS trade #4174: KXNCAAWBGAME-26FEB18UNMGC-GC | yes | count=2.00 | yes=42c
Kalshi WS trade #4175: KXNCAAWBGAME-26FEB18UNMGC-GC | yes | count=19.00 | yes=43c
Kalshi WS trade #4176: KXNCAAMBGAME-26FEB18NDSUSDST-SDST | yes | count=14.00 | yes=5c
Kalshi WS trade #4177: KXNCAAWBGAME-26FEB18UNMGC-UNM | no | count=19.00 | yes=62c
Kalshi WS trade #4178: KXNCAAMBGAME-26FEB18VANMIZZ-VAN | yes | count=37.00 | yes=52c
Kalshi WS trade #4179: KXHIGHPHIL-26FEB19-T41 | no | count=1.00 | yes=4c
Kalshi WS trade #4180: KXHIGHPHIL-26FEB19-T41 | no | count=22.00 | yes=4c
Kalshi WS trade #4181: KXHIGHPHIL-26FEB19-T41 | no | count=25.00 | yes=4c
Kalshi WS trade #4182: KXHIGHPHIL-26FEB19-T41 | no | count=1.00 | yes=4c
Kalshi WS trade #4183: KXHIGHPHIL-26FEB19-T41 | no | count=22.00 | yes=4c
Kalshi WS trade #4184: KXHIGHPHIL-26FEB19-T41 | no | count=1.00 | yes=4c
Kalshi WS trade #4185: KXHIGHPHIL-26FEB19-T41 | no | count=22.00 | yes=4c
Kalshi WS trade #4186: KXHIGHPHIL-26FEB19-T41 | no | count=1.00 | yes=4c
Kalshi WS trade #4187: KXNCAAMBTOTAL-26FEB18NDSUSDST-141 | yes | count=6.00 | yes=74c
Kalshi WS trade #4188: KXNCAAMBGAME-26FEB18UTAHWVU-WVU | yes | count=54.00 | yes=44c
Kalshi WS trade #4189: KXNCAAMBGAME-26FEB18BSUUSU-USU | yes | count=2.00 | yes=82c
Kalshi WS trade #4190: KXATPMATCH-26FEB18GIRRUU-GIR | yes | count=176.00 | yes=74c
Kalshi WS trade #4191: KXNCAAMBGAME-26FEB18KENNMOSU-MOSU | yes | count=27.00 | yes=33c
Kalshi WS trade #4192: KXNCAAMBGAME-26FEB18KENNMOSU-MOSU | yes | count=34.00 | yes=33c
Kalshi WS trade #4193: KXNCAAMBGAME-26FEB18KENNMOSU-MOSU | yes | count=34.00 | yes=33c
Kalshi WS trade #4194: KXNCAAMBGAME-26FEB18KENNMOSU-MOSU | yes | count=34.00 | yes=33c
Kalshi WS trade #4195: KXNCAAMBGAME-26FEB18KENNMOSU-MOSU | yes | count=34.00 | yes=33c
Kalshi WS trade #4196: KXNCAAMBGAME-26FEB18KENNMOSU-MOSU | yes | count=1225.00 | yes=34c
Kalshi WS trade #4197: KXNBAMENTION-26FEB19DETNYK-ALLE | yes | count=7.00 | yes=36c
Kalshi WS trade #4198: KXNBAMENTION-26FEB19DETNYK-ALLE | yes | count=2.00 | yes=36c
Kalshi WS trade #4199: KXNBAMENTION-26FEB19DETNYK-ALLE | yes | count=4.00 | yes=37c
Kalshi WS trade #4200: KXNCAAWBGAME-26FEB18AFABSU-BSU | yes | count=4.00 | yes=52c
Kalshi WS trade #4201: KXNCAAWBGAME-26FEB18AFABSU-BSU | yes | count=5.00 | yes=54c
Kalshi WS trade #4202: KXNCAAMBGAME-26FEB18ILLUSC-USC | yes | count=13.00 | yes=19c
Kalshi WS trade #4203: KXNCAAWBGAME-26FEB18AFABSU-AFA | no | count=2.00 | yes=50c
Kalshi WS trade #4204: KXNCAAWBGAME-26FEB18AFABSU-AFA | no | count=2.00 | yes=50c
Kalshi WS trade #4205: KXNCAAMBGAME-26FEB18PACWSU-WSU | yes | count=100.00 | yes=49c
Kalshi WS trade #4206: KXNCAAMBGAME-26FEB18DEPHALL-HALL | yes | count=19.00 | yes=15c
Kalshi WS trade #4207: KXNCAAMBGAME-26FEB18DEPHALL-HALL | yes | count=572.00 | yes=15c
Kalshi WS trade #4208: KXNCAAMBGAME-26FEB18PACWSU-PAC | no | count=11.00 | yes=51c
Kalshi WS trade #4209: KXSOL15M-26FEB182200-00 | no | count=5.00 | yes=72c
Kalshi WS trade #4210: KXNCAAMBGAME-26FEB18VANMIZZ-VAN | yes | count=18.00 | yes=52c
Kalshi WS trade #4211: KXHEISMAN-27-JSAGA | yes | count=233.00 | yes=2c
Kalshi WS trade #4212: KXNCAAMBTOTAL-26FEB18UVAGT-161 | no | count=30.00 | yes=60c
Kalshi WS trade #4213: KXNCAAMBGAME-26FEB18KENNMOSU-MOSU | no | count=20.00 | yes=33c
Kalshi WS trade #4214: KXNCAAMBGAME-26FEB18VANMIZZ-VAN | yes | count=40.00 | yes=52c
Kalshi WS trade #4215: KXNCAAMBGAME-26FEB18KENNMOSU-MOSU | yes | count=14.00 | yes=33c
Kalshi WS trade #4216: KXBTC15M-26FEB182200-00 | no | count=3.00 | yes=69c
Kalshi WS trade #4217: KXBTC15M-26FEB182200-00 | no | count=3.00 | yes=69c
Kalshi WS trade #4218: KXMVESPORTSMULTIGAMEEXTENDED-S20266016D42D1B9-D65CBF25B8E | yes | count=621.00 | yes=1c
Kalshi WS trade #4219: KXNCAAMBGAME-26FEB18VANMIZZ-VAN | yes | count=342.00 | yes=52c
Kalshi WS trade #4220: KXNCAAMBGAME-26FEB18VANMIZZ-VAN | yes | count=123.00 | yes=52c
Kalshi WS trade #4221: KXNCAAMBGAME-26FEB18DEPHALL-HALL | yes | count=50.00 | yes=15c
Kalshi WS trade #4222: KXNCAAMBGAME-26FEB18NCCUSCST-SCST | yes | count=5.00 | yes=58c
Kalshi WS trade #4223: KXNCAAMBTOTAL-26FEB18BYUARIZ-161 | yes | count=14.00 | yes=48c
Kalshi WS trade #4224: KXNCAAMBGAME-26FEB18SJUMARQ-SJU | yes | count=36.00 | yes=83c
Kalshi WS trade #4225: KXNCAAMBGAME-26FEB18SJUMARQ-SJU | yes | count=31.00 | yes=83c
Kalshi WS trade #4226: KXNCAAMBSPREAD-26FEB18BSUUSU-USU9 | yes | count=6.00 | yes=51c
Kalshi WS trade #4227: KXNCAAMBGAME-26FEB18MDNW-MD | no | count=68.00 | yes=2c
Kalshi WS trade #4228: KXWOHOCKEY-MEN26CGOLD-CAN | yes | count=386.00 | yes=50c
Kalshi WS trade #4229: KXBTCD-26FEB1917-T65499.99 | yes | count=5.00 | yes=78c
Kalshi WS trade #4230: KXBTCD-26FEB1917-T65499.99 | yes | count=100.00 | yes=78c
Kalshi WS trade #4231: KXBTCD-26FEB1917-T65499.99 | yes | count=100.00 | yes=79c
Kalshi WS trade #4232: KXBTCD-26FEB1917-T65499.99 | yes | count=125.00 | yes=80c
Kalshi WS trade #4233: KXBTCD-26FEB1917-T65499.99 | yes | count=290.00 | yes=80c
Kalshi WS trade #4234: KXNCAAMBGAME-26FEB18BYUARIZ-BYU | no | count=43.00 | yes=18c
Kalshi WS trade #4235: KXPREMIERLEAGUE-26-ARS | yes | count=8.00 | yes=57c
Kalshi WS trade #4236: KXNCAAMBGAME-26FEB18NCCUSCST-SCST | yes | count=5.00 | yes=58c
Kalshi WS trade #4237: KXNCAAMBGAME-26FEB18SMCSEA-SEA | yes | count=328.00 | yes=7c
Kalshi WS trade #4238: KXNCAAMBGAME-26FEB18SMCSEA-SEA | yes | count=342.00 | yes=7c
Kalshi WS trade #4239: KXNCAAMBGAME-26FEB18UVAGT-GT | yes | count=46.00 | yes=1c
Kalshi WS trade #4240: KXNCAAMBGAME-26FEB18CHARTLSA-CHAR | yes | count=67.00 | yes=14c
Kalshi WS trade #4241: KXNCAAMBGAME-26FEB18NDSUSDST-NDSU | no | count=22.00 | yes=96c
Kalshi WS trade #4242: KXNCAAMBGAME-26FEB18NDSUSDST-NDSU | no | count=132.00 | yes=94c
Kalshi WS trade #4243: KXHIGHCHI-26FEB19-T57 | yes | count=2.00 | yes=55c
Kalshi WS trade #4244: KXHIGHCHI-26FEB19-T57 | yes | count=1.00 | yes=56c
Kalshi WS trade #4245: KXNCAAMBGAME-26FEB18UTAHWVU-UTAH | yes | count=33.00 | yes=58c
Kalshi WS trade #4246: KXNCAAMBGAME-26FEB18UTAHWVU-UTAH | yes | count=8.00 | yes=58c
Kalshi WS trade #4247: KXNCAAMBGAME-26FEB18BYUARIZ-ARIZ | yes | count=45.00 | yes=82c
Poly WS trade #51: asset=51797157743046504218... | SELL | size=28 | price=0.965
Kalshi WS trade #4248: KXNCAAMBGAME-26FEB18SJUMARQ-MARQ | yes | count=4.00 | yes=18c
Kalshi WS trade #4249: KXHIGHCHI-26FEB19-T57 | no | count=3.00 | yes=52c
Kalshi WS trade #4250: KXNCAAMBSPREAD-26FEB18ILLUSC-ILL9 | no | count=733.00 | yes=48c
Kalshi WS trade #4251: KXNCAAMBSPREAD-26FEB18ILLUSC-ILL9 | no | count=10.00 | yes=47c
Kalshi WS trade #4252: KXNCAAMBSPREAD-26FEB18ILLUSC-ILL9 | no | count=4.00 | yes=47c
Kalshi WS trade #4253: KXLPGATOUR-HONLT26-JEETHI | yes | count=14.00 | yes=33c
Kalshi WS trade #4254: KXNCAAMBGAME-26FEB18UTAHWVU-UTAH | yes | count=46.00 | yes=58c
Kalshi WS trade #4255: KXNCAAMBGAME-26FEB18UTAHWVU-UTAH | yes | count=54.00 | yes=58c
Kalshi WS trade #4256: KXNCAAMBGAME-26FEB18UTAHWVU-UTAH | yes | count=54.00 | yes=58c
Kalshi WS trade #4257: KXNCAAMBGAME-26FEB18UTAHWVU-UTAH | yes | count=13.00 | yes=58c
Kalshi WS trade #4258: KXNCAAMBGAME-26FEB18VANMIZZ-VAN | yes | count=41.00 | yes=52c
Kalshi WS trade #4259: KXNCAAMBGAME-26FEB18CHARTLSA-CHAR | yes | count=20.00 | yes=14c
Kalshi WS trade #4260: KXNCAAMBGAME-26FEB18KENNMOSU-KENN | yes | count=25.00 | yes=68c
Kalshi WS trade #4261: KXNCAAMBGAME-26FEB18SJUMARQ-MARQ | yes | count=26.00 | yes=18c
Kalshi WS trade #4262: KXNCAABMENTION-26FEB18BYUARIZ-RECO | yes | count=1.00 | yes=46c
Kalshi WS trade #4263: KXNCAAMBSPREAD-26FEB18VANMIZZ-MIZZ1 | yes | count=1142.00 | yes=43c
Kalshi WS trade #4264: KXNCAAMBSPREAD-26FEB18CHARTLSA-TLSA7 | yes | count=8.00 | yes=45c
Kalshi WS trade #4265: KXATPMATCH-26FEB18GIRRUU-RUU | yes | count=295.00 | yes=28c
Kalshi WS trade #4266: KXBTC15M-26FEB182200-00 | no | count=29.00 | yes=69c
Kalshi WS trade #4267: KXNCAAMBTOTAL-26FEB18KUOKST-155 | no | count=60.00 | yes=47c
Kalshi WS trade #4268: KXATPMATCH-26FEB18GIRRUU-GIR | yes | count=26.00 | yes=74c
Kalshi WS trade #4269: KXNCAAMBGAME-26FEB18NDSUSDST-SDST | yes | count=71.00 | yes=5c
Kalshi WS trade #4270: KXNCAAMBGAME-26FEB18VANMIZZ-VAN | yes | count=71.00 | yes=52c
Kalshi WS trade #4271: KXATPMATCH-26FEB18GIRRUU-GIR | yes | count=663.00 | yes=74c
Kalshi WS trade #4272: KXNCAAMBGAME-26FEB18UTAHWVU-WVU | no | count=54.00 | yes=43c
Kalshi WS trade #4273: KXNCAAMBGAME-26FEB18UTAHWVU-WVU | no | count=54.00 | yes=43c
Kalshi WS trade #4274: KXNCAAMBGAME-26FEB18UTAHWVU-WVU | no | count=54.00 | yes=43c
Kalshi WS trade #4275: KXNCAAMBGAME-26FEB18VANMIZZ-VAN | yes | count=648.00 | yes=52c
Kalshi WS trade #4276: KXNCAAMBGAME-26FEB18DEPHALL-HALL | yes | count=12.00 | yes=15c
Kalshi WS trade #4277: KXMVESPORTSMULTIGAMEEXTENDED-S20261F2621B35B1-88F60E48851 | yes | count=60.00 | yes=28c
Kalshi WS trade #4278: KXMVESPORTSMULTIGAMEEXTENDED-S20261F2621B35B1-88F60E48851 | yes | count=2.00 | yes=33c
Kalshi WS trade #4279: KXNCAAMBSPREAD-26FEB18AUBMSST-MSST9 | yes | count=130.00 | yes=48c
Kalshi WS trade #4280: KXNCAAMBGAME-26FEB18CHARTLSA-TLSA | yes | count=85.00 | yes=88c
Kalshi WS trade #4281: KXNCAAMBGAME-26FEB18UTAHWVU-WVU | yes | count=218.00 | yes=44c
Kalshi WS trade #4282: KXNCAAMBGAME-26FEB18NDSUSDST-NDSU | yes | count=2.00 | yes=97c
Kalshi WS trade #4283: KXNCAAMBGAME-26FEB18PACWSU-WSU | yes | count=100.00 | yes=52c
Kalshi WS trade #4284: KXNCAAMBGAME-26FEB18PACWSU-WSU | yes | count=100.00 | yes=52c
Kalshi WS trade #4285: KXNCAAMBGAME-26FEB18PACWSU-WSU | yes | count=7.00 | yes=52c
Kalshi WS trade #4286: KXNCAAMBGAME-26FEB18PACWSU-WSU | yes | count=2.00 | yes=52c
Kalshi WS trade #4287: KXNCAAMBGAME-26FEB18BYUARIZ-BYU | yes | count=60.00 | yes=20c
Kalshi WS trade #4288: KXNCAAMBGAME-26FEB18BYUARIZ-BYU | yes | count=52.00 | yes=21c
Kalshi WS trade #4289: KXNCAAMBGAME-26FEB18KENNMOSU-KENN | yes | count=7.00 | yes=68c
Kalshi WS trade #4290: KXNCAAMBGAME-26FEB18SJUMARQ-MARQ | yes | count=52.00 | yes=18c
Kalshi WS trade #4291: KXSOL15M-26FEB182200-00 | no | count=13.00 | yes=72c
Kalshi WS trade #4292: KXNCAAMBGAME-26FEB18BYUARIZ-BYU | yes | count=112.00 | yes=21c
Kalshi WS trade #4293: KXNCAAMBTOTAL-26FEB18BYUARIZ-161 | no | count=45.00 | yes=47c
Kalshi WS trade #4294: KXATPMATCH-26FEB18GIRRUU-GIR | yes | count=13.00 | yes=74c
Kalshi WS trade #4295: KXNCAAMBGAME-26FEB18SJUMARQ-MARQ | yes | count=95.00 | yes=18c
Kalshi WS trade #4296: KXNCAAMBGAME-26FEB18SJUMARQ-MARQ | yes | count=167.00 | yes=18c
Kalshi WS trade #4297: KXNCAAMBGAME-26FEB18UTAHWVU-UTAH | yes | count=6.00 | yes=58c
Kalshi WS trade #4298: KXNCAAWBGAME-26FEB18UNMGC-UNM | yes | count=1.00 | yes=85c
Kalshi WS trade #4299: KXNCAAWBGAME-26FEB18UNMGC-UNM | yes | count=48.00 | yes=85c
Kalshi WS trade #4300: KXNCAAWBGAME-26FEB18UNMGC-UNM | yes | count=30.00 | yes=86c
Kalshi WS trade #4301: KXNCAAWBGAME-26FEB18UNMGC-UNM | yes | count=10.00 | yes=86c
Kalshi WS trade #4302: KXNCAAWBGAME-26FEB18UNMGC-UNM | yes | count=48.00 | yes=87c
Kalshi WS trade #4303: KXNCAAWBGAME-26FEB18UNMGC-UNM | yes | count=30.00 | yes=87c
Kalshi WS trade #4304: KXNCAAWBGAME-26FEB18UNMGC-UNM | yes | count=17.00 | yes=87c
Kalshi WS trade #4305: KXNCAAWBGAME-26FEB18UNMGC-UNM | yes | count=8.00 | yes=87c
Kalshi WS trade #4306: KXNCAAWBGAME-26FEB18UNMGC-UNM | yes | count=25.00 | yes=87c
Kalshi WS trade #4307: KXNCAAWBGAME-26FEB18UNMGC-UNM | yes | count=12.00 | yes=88c
Kalshi WS trade #4308: KXNCAAWBGAME-26FEB18UNMGC-GC | no | count=8.00 | yes=18c
Kalshi WS trade #4309: KXBTCD-26FEB1822-T66749.99 | yes | count=271.00 | yes=11c
Kalshi WS trade #4310: KXBTCD-26FEB1822-T66749.99 | yes | count=125.00 | yes=11c
Kalshi WS trade #4311: KXBTCD-26FEB1822-T66749.99 | yes | count=134.00 | yes=11c
Kalshi WS trade #4312: KXBTCD-26FEB1822-T66749.99 | yes | count=100.00 | yes=11c
Kalshi WS trade #4313: KXBTCD-26FEB1822-T66749.99 | yes | count=100.00 | yes=11c
Kalshi WS trade #4314: KXBTCD-26FEB1822-T66749.99 | yes | count=50.00 | yes=12c
Kalshi WS trade #4315: KXBTCD-26FEB1822-T66749.99 | yes | count=135.00 | yes=12c
Kalshi WS trade #4316: KXNCAAMBGAME-26FEB18BYUARIZ-BYU | no | count=2.00 | yes=18c
Kalshi WS trade #4317: KXNCAAMBGAME-26FEB18AUBMSST-MSST | yes | count=1.00 | yes=82c
Kalshi WS trade #4318: KXNCAAMBGAME-26FEB18NCCUSCST-SCST | yes | count=25.00 | yes=58c
Kalshi WS trade #4319: KXNCAAMBSPREAD-26FEB18BYUARIZ-ARIZ9 | yes | count=8.00 | yes=48c
Kalshi WS trade #4320: KXNCAAMBSPREAD-26FEB18BYUARIZ-ARIZ9 | yes | count=11.00 | yes=49c
Kalshi WS trade #4321: KXSOL15M-26FEB182200-00 | no | count=3.00 | yes=71c
Kalshi WS trade #4322: KXNCAAMBGAME-26FEB18PACWSU-PAC | yes | count=11.00 | yes=50c
Kalshi WS trade #4323: KXNCAAMBGAME-26FEB18BYUARIZ-BYU | yes | count=116.00 | yes=21c
Kalshi WS trade #4324: KXPGATOUR-THGI26-RMCI | yes | count=11.00 | yes=7c
Kalshi WS trade #4325: KXNCAAMBTOTAL-26FEB18ILLUSC-150 | yes | count=55.00 | yes=54c
Kalshi WS trade #4326: KXWOHOCKEY-MEN26CGOLD-USA | yes | count=83.00 | yes=44c
Kalshi WS trade #4327: KXNCAAMBSPREAD-26FEB18ILLUSC-ILL6 | yes | count=738.00 | yes=62c
Kalshi WS trade #4328: KXNCAAMBGAME-26FEB18SJUMARQ-MARQ | yes | count=5.00 | yes=18c
Kalshi WS trade #4329: KXNCAAMBGAME-26FEB18UTAHWVU-WVU | no | count=54.00 | yes=43c
Kalshi WS trade #4330: KXNCAAMBGAME-26FEB18UTAHWVU-WVU | no | count=54.00 | yes=43c
Kalshi WS trade #4331: KXNCAAMBGAME-26FEB18KENNMOSU-MOSU | yes | count=28.00 | yes=33c
Kalshi WS trade #4332: KXNCAAMBSPREAD-26FEB18BYUARIZ-ARIZ12 | no | count=10.00 | yes=32c
Kalshi WS trade #4333: KXNCAAMBGAME-26FEB18CHARTLSA-CHAR | yes | count=98.00 | yes=14c
Kalshi WS trade #4334: KXNCAAMBGAME-26FEB18CHARTLSA-CHAR | yes | count=171.00 | yes=14c
Kalshi WS trade #4335: KXNCAAMBGAME-26FEB18CHARTLSA-TLSA | yes | count=225.00 | yes=88c
Kalshi WS trade #4336: KXNCAAMBGAME-26FEB18UTAHWVU-WVU | no | count=54.00 | yes=43c
Kalshi WS trade #4337: KXNCAAMBGAME-26FEB18DEPHALL-HALL | yes | count=6.00 | yes=15c
Kalshi WS trade #4338: KXMVESPORTSMULTIGAMEEXTENDED-S20265F80E1EE810-717DD8778AB | yes | count=361.00 | yes=52c
Kalshi WS trade #4339: KXMVESPORTSMULTIGAMEEXTENDED-S2026D4838DC0508-75DFD4367E2 | yes | count=58.00 | yes=16c
Kalshi WS trade #4340: KXNCAAMBGAME-26FEB18AUBMSST-MSST | yes | count=689.00 | yes=82c
Kalshi WS trade #4341: KXNCAAMBGAME-26FEB18AUBMSST-MSST | yes | count=577.00 | yes=82c
Kalshi WS trade #4342: KXNCAAMBGAME-26FEB18AUBMSST-MSST | yes | count=5.00 | yes=82c
Kalshi WS trade #4343: KXNCAAMBGAME-26FEB18AUBMSST-MSST | yes | count=39.00 | yes=82c
Kalshi WS trade #4344: KXNCAAMBGAME-26FEB18AUBMSST-MSST | yes | count=68.00 | yes=82c
Kalshi WS trade #4345: KXNCAAMBGAME-26FEB18UTAHWVU-WVU | no | count=54.00 | yes=43c
Kalshi WS trade #4346: KXATPMATCH-26FEB18GIRRUU-GIR | yes | count=96.00 | yes=74c
Kalshi WS trade #4347: KXATPMATCH-26FEB18GIRRUU-GIR | yes | count=36.00 | yes=74c
Kalshi WS trade #4348: KXMVESPORTSMULTIGAMEEXTENDED-S2026E53AA16FA87-4DC1CE2B197 | yes | count=3.00 | yes=21c
Kalshi WS trade #4349: KXMVESPORTSMULTIGAMEEXTENDED-S2026E53AA16FA87-4DC1CE2B197 | yes | count=36.00 | yes=24c
Kalshi WS trade #4350: KXNCAAMBGAME-26FEB18AUBMSST-MSST | yes | count=32.00 | yes=82c
Kalshi WS trade #4351: KXNCAAMBGAME-26FEB18AUBMSST-MSST | yes | count=100.00 | yes=82c
Kalshi WS trade #4352: KXNCAAMBGAME-26FEB18DEPHALL-HALL | yes | count=10.00 | yes=15c
Kalshi WS trade #4353: KXNCAAMBTOTAL-26FEB18AUBMSST-165 | yes | count=60.00 | yes=47c
Kalshi WS trade #4354: KXNCAAMBTOTAL-26FEB18ILLUSC-153 | yes | count=30.00 | yes=45c
Kalshi WS trade #4355: KXBTCMAX150-25-26MAR31-149999.99 | no | count=25.00 | yes=1c
Kalshi WS trade #4356: KXNCAAMBGAME-26FEB18UTAHWVU-WVU | yes | count=1.00 | yes=44c
Kalshi WS trade #4357: KXNCAAMBGAME-26FEB18FAUUTSA-UTSA | yes | count=93.00 | yes=1c
Kalshi WS trade #4358: KXNCAAMBGAME-26FEB18SJUMARQ-MARQ | yes | count=5.00 | yes=18c
Kalshi WS trade #4359: KXNCAAMBGAME-26FEB18SJUMARQ-MARQ | yes | count=47.00 | yes=18c
Kalshi WS trade #4360: KXNCAAMBGAME-26FEB18KENNMOSU-MOSU | yes | count=6.00 | yes=33c
Kalshi WS trade #4361: KXNCAAMBGAME-26FEB18KENNMOSU-MOSU | yes | count=34.00 | yes=33c
Kalshi WS trade #4362: KXNCAAMBGAME-26FEB18KENNMOSU-MOSU | yes | count=34.00 | yes=33c
Kalshi WS trade #4363: KXNCAAMBGAME-26FEB18KENNMOSU-MOSU | yes | count=34.00 | yes=33c
Kalshi WS trade #4364: KXNCAAMBGAME-26FEB18SJUMARQ-MARQ | yes | count=10.00 | yes=18c
Kalshi WS trade #4365: KXNCAAMBGAME-26FEB18VANMIZZ-MIZZ | no | count=10.00 | yes=47c
Kalshi WS trade #4366: KXNCAAMBGAME-26FEB18VANMIZZ-VAN | yes | count=100.00 | yes=53c
Kalshi WS trade #4367: KXNCAAMBGAME-26FEB18VANMIZZ-VAN | yes | count=125.00 | yes=53c
Kalshi WS trade #4368: KXNCAAMBGAME-26FEB18VANMIZZ-VAN | yes | count=50.00 | yes=53c
Kalshi WS trade #4369: KXNCAAMBGAME-26FEB18VANMIZZ-VAN | yes | count=60.00 | yes=53c
Kalshi WS trade #4370: KXXRP15M-26FEB182200-00 | no | count=2.00 | yes=79c
Kalshi WS trade #4371: KXBTCD-26FEB1822-T66999.99 | yes | count=93.00 | yes=1c
Kalshi WS trade #4372: KXNCAAMBGAME-26FEB18UTAHWVU-WVU | no | count=14.00 | yes=43c
Kalshi WS trade #4373: KXNCAAMBGAME-26FEB18NDSUSDST-SDST | yes | count=35.00 | yes=5c
Kalshi WS trade #4374: KXNCAAMBGAME-26FEB18NDSUSDST-SDST | yes | count=165.00 | yes=5c
Kalshi WS trade #4375: KXNCAAMBGAME-26FEB18BYUARIZ-BYU | yes | count=13.00 | yes=21c
Kalshi WS trade #4376: KXNCAAMBGAME-26FEB18BYUARIZ-BYU | yes | count=21.00 | yes=21c
Kalshi WS trade #4377: KXNCAAMBGAME-26FEB18DEPHALL-DEP | yes | count=227.00 | yes=87c
Kalshi WS trade #4378: KXNCAAMBGAME-26FEB18AUBMSST-MSST | yes | count=324.00 | yes=83c
Kalshi WS trade #4379: KXNCAAMBGAME-26FEB18BYUARIZ-BYU | yes | count=100.00 | yes=21c
Kalshi WS trade #4380: KXNCAAMBSPREAD-26FEB18AUBMSST-MSST6 | no | count=3.00 | yes=61c
Kalshi WS trade #4381: KXNCAAMBTOTAL-26FEB18NCCUSCST-140 | no | count=149.00 | yes=48c
Kalshi WS trade #4382: KXNCAAMBTOTAL-26FEB18NCCUSCST-140 | no | count=50.00 | yes=48c
Kalshi WS trade #4383: KXNCAAMBGAME-26FEB18SJUMARQ-SJU | yes | count=49.00 | yes=83c
Kalshi WS trade #4384: KXNCAAMBSPREAD-26FEB18BYUARIZ-ARIZ9 | yes | count=2.00 | yes=48c
Kalshi WS trade #4385: KXNCAAMBSPREAD-26FEB18BYUARIZ-ARIZ9 | yes | count=29.00 | yes=49c
Kalshi WS trade #4386: KXNCAAMBGAME-26FEB18SJUMARQ-MARQ | yes | count=10.00 | yes=18c
Kalshi WS trade #4387: KXNCAAMBGAME-26FEB18NDSUSDST-SDST | yes | count=150.00 | yes=5c
Kalshi WS trade #4388: KXNCAAMBTOTAL-26FEB18ILLUSC-150 | yes | count=10.00 | yes=54c
Poly WS trade #52: asset=51797157743046504218... | SELL | size=30 | price=0.965
Kalshi WS trade #4389: KXNCAAMBGAME-26FEB18PACWSU-PAC | no | count=10.00 | yes=47c
Kalshi WS trade #4390: KXNCAAMBGAME-26FEB18PACWSU-PAC | no | count=6.00 | yes=47c
Kalshi WS trade #4391: KXNCAAMBGAME-26FEB18BYUARIZ-BYU | yes | count=27.00 | yes=21c
Kalshi WS trade #4392: KXNCAAMBGAME-26FEB18SJUMARQ-MARQ | yes | count=110.00 | yes=18c
Kalshi WS trade #4393: KXNCAAMBGAME-26FEB18SJUMARQ-MARQ | yes | count=21.00 | yes=18c
Kalshi WS trade #4394: KXNCAAMBSPREAD-26FEB18BYUARIZ-ARIZ12 | yes | count=150.00 | yes=32c
Kalshi WS trade #4395: KXAHLGAME-26FEB182130COABAK-BAK | yes | count=1.00 | yes=17c
Kalshi WS trade #4396: KXAHLGAME-26FEB182130COABAK-BAK | yes | count=4.00 | yes=17c
Kalshi WS trade #4397: KXNCAAMBGAME-26FEB18AUBMSST-AUB | yes | count=24.00 | yes=19c
Kalshi WS trade #4398: KXNCAAMBGAME-26FEB18PACWSU-WSU | yes | count=10.00 | yes=53c
Kalshi WS trade #4399: KXNCAAMBGAME-26FEB18PACWSU-WSU | yes | count=1.00 | yes=53c
Kalshi WS trade #4400: KXNCAAMBGAME-26FEB18PACWSU-WSU | yes | count=5.00 | yes=54c
Kalshi WS trade #4401: KXNCAAMBSPREAD-26FEB18UTAHWVU-WVU4 | no | count=109.00 | yes=24c
Kalshi WS trade #4402: KXNCAAMBSPREAD-26FEB18UTAHWVU-WVU4 | no | count=50.00 | yes=24c
Kalshi WS trade #4403: KXNCAAMBGAME-26FEB18BYUARIZ-BYU | yes | count=13.00 | yes=21c
Kalshi WS trade #4404: KXNCAAMBGAME-26FEB18PACWSU-WSU | yes | count=1.00 | yes=54c
Kalshi WS trade #4405: KXNCAAMBGAME-26FEB18CHARTLSA-CHAR | yes | count=101.00 | yes=14c
Kalshi WS trade #4406: KXNCAAMBGAME-26FEB18DEPHALL-HALL | yes | count=58.00 | yes=15c
Kalshi WS trade #4407: KXHIGHNY-26FEB19-T40 | yes | count=27.00 | yes=28c
Kalshi WS trade #4408: KXHIGHNY-26FEB19-T40 | yes | count=25.00 | yes=28c
Kalshi WS trade #4409: KXHIGHNY-26FEB19-T40 | yes | count=1.00 | yes=28c
Kalshi WS trade #4410: KXHIGHNY-26FEB19-T40 | yes | count=19.00 | yes=28c
Kalshi WS trade #4411: KXHIGHNY-26FEB19-T40 | yes | count=12.00 | yes=28c
Kalshi WS trade #4412: KXHIGHNY-26FEB19-T40 | yes | count=250.00 | yes=29c
Kalshi WS trade #4413: KXHIGHNY-26FEB19-T40 | yes | count=3.00 | yes=29c
Kalshi WS trade #4414: KXBTC15M-26FEB182200-00 | yes | count=4.00 | yes=71c
Kalshi WS trade #4415: KXBTC15M-26FEB182200-00 | yes | count=20.00 | yes=71c
Kalshi WS trade #4416: KXBTC15M-26FEB182200-00 | yes | count=5.00 | yes=71c
Kalshi WS trade #4417: KXBTC15M-26FEB182200-00 | yes | count=1.00 | yes=71c
Kalshi WS trade #4418: KXBTC15M-26FEB182200-00 | yes | count=14.00 | yes=71c
Kalshi WS trade #4419: KXATPMATCH-26FEB18GIRRUU-RUU | yes | count=4.00 | yes=28c
Kalshi WS trade #4420: KXNCAAMBGAME-26FEB18KENNMOSU-MOSU | yes | count=34.00 | yes=33c
Kalshi WS trade #4421: KXNCAAMBGAME-26FEB18KENNMOSU-MOSU | yes | count=34.00 | yes=33c
Kalshi WS trade #4422: KXNCAAMBGAME-26FEB18KENNMOSU-MOSU | yes | count=32.00 | yes=33c
Kalshi WS trade #4423: KXNCAAMBGAME-26FEB18KENNMOSU-MOSU | yes | count=2.00 | yes=33c
Kalshi WS trade #4424: KXNCAAMBGAME-26FEB18KENNMOSU-MOSU | yes | count=34.00 | yes=33c
Kalshi WS trade #4425: KXNCAAMBGAME-26FEB18KENNMOSU-MOSU | yes | count=21.00 | yes=33c
Kalshi WS trade #4426: KXATPMATCH-26FEB18GIRRUU-RUU | yes | count=85.00 | yes=28c
Kalshi WS trade #4427: KXNCAAMBGAME-26FEB18CHARTLSA-CHAR | yes | count=7.00 | yes=14c
Kalshi WS trade #4428: KXNCAAMBGAME-26FEB18SMCSEA-SMC | yes | count=35.00 | yes=95c
Kalshi WS trade #4429: KXNCAAMBGAME-26FEB18SMCSEA-SMC | yes | count=60.00 | yes=95c
Kalshi WS trade #4430: KXNCAAMBGAME-26FEB18SMCSEA-SMC | yes | count=1000.00 | yes=95c
Kalshi WS trade #4431: KXNCAAMBGAME-26FEB18SMCSEA-SMC | yes | count=402.00 | yes=95c
Kalshi WS trade #4432: KXNCAAMBGAME-26FEB18SMCSEA-SMC | yes | count=303.00 | yes=95c
Kalshi WS trade #4433: KXATPMATCH-26FEB18GIRRUU-RUU | yes | count=16.00 | yes=28c
Kalshi WS trade #4434: KXNCAAMBGAME-26FEB18CHARTLSA-CHAR | yes | count=22.00 | yes=14c
Kalshi WS trade #4435: KXNCAAMBGAME-26FEB18CHARTLSA-CHAR | yes | count=301.00 | yes=14c
Kalshi WS trade #4436: KXNCAAMBGAME-26FEB18CHARTLSA-CHAR | yes | count=13.00 | yes=14c
Kalshi WS trade #4437: KXNCAAMBGAME-26FEB18NDSUSDST-SDST | yes | count=18.00 | yes=5c
Kalshi WS trade #4438: KXNCAAMBGAME-26FEB18SJUMARQ-MARQ | yes | count=52.00 | yes=18c
Kalshi WS trade #4439: KXNCAAMBSPREAD-26FEB18MDNW-NW5 | no | count=10.00 | yes=85c
Kalshi WS trade #4440: KXNCAAMBSPREAD-26FEB18MDNW-NW5 | no | count=48.00 | yes=84c
Kalshi WS trade #4441: KXNCAAMBGAME-26FEB18CHARTLSA-CHAR | yes | count=3.00 | yes=14c
Kalshi WS trade #4442: KXNCAAMBGAME-26FEB18SJUMARQ-MARQ | yes | count=14.00 | yes=18c
Kalshi WS trade #4443: KXNCAAMBGAME-26FEB18KENNMOSU-MOSU | yes | count=8.00 | yes=34c
Kalshi WS trade #4444: KXATPMATCH-26FEB18GIRRUU-GIR | yes | count=26.00 | yes=74c
Kalshi WS trade #4445: KXNCAAMBGAME-26FEB18DEPHALL-DEP | yes | count=1.00 | yes=87c
Kalshi WS trade #4446: KXNCAAMBTOTAL-26FEB18DEPHALL-130 | no | count=153.00 | yes=37c
Kalshi WS trade #4447: KXNCAAMBGAME-26FEB18NDSUSDST-SDST | yes | count=20.00 | yes=5c
Kalshi WS trade #4448: KXNCAAMBGAME-26FEB18NDSUSDST-SDST | yes | count=71.00 | yes=5c
Kalshi WS trade #4449: KXNCAAMBGAME-26FEB18NDSUSDST-SDST | yes | count=18.00 | yes=5c
Kalshi WS trade #4450: KXNCAAMBSPREAD-26FEB18VANMIZZ-VAN2 | yes | count=12.00 | yes=43c
Kalshi WS trade #4451: KXBTC-26FEB1822-B66875 | no | count=40.00 | yes=8c
Kalshi WS trade #4452: KXNCAAMBGAME-26FEB18VANMIZZ-MIZZ | yes | count=60.00 | yes=49c
Kalshi WS trade #4453: KXNCAAMBGAME-26FEB18VANMIZZ-MIZZ | yes | count=125.00 | yes=49c
Kalshi WS trade #4454: KXNCAAMBGAME-26FEB18VANMIZZ-MIZZ | yes | count=8.00 | yes=49c
Kalshi WS trade #4455: KXNCAAMBSPREAD-26FEB18BYUARIZ-ARIZ9 | no | count=10.00 | yes=45c
Kalshi WS trade #4456: KXNCAAMBSPREAD-26FEB18BYUARIZ-ARIZ9 | no | count=8.00 | yes=41c
Kalshi WS trade #4457: KXNCAAMBGAME-26FEB18PACWSU-PAC | no | count=1.00 | yes=47c
Kalshi WS trade #4458: KXNCAAWBGAME-26FEB19LMUSEA-SEA | no | count=3.00 | yes=2c
Kalshi WS trade #4459: KXNCAAMBGAME-26FEB18KENNMOSU-MOSU | yes | count=14.00 | yes=34c
Kalshi WS trade #4460: KXNCAABMENTION-26FEB18BYUARIZ-NIL | yes | count=26.00 | yes=3c
Kalshi WS trade #4461: KXNCAABMENTION-26FEB18BYUARIZ-NIL | yes | count=50.00 | yes=4c
Kalshi WS trade #4462: KXNCAAMBTOTAL-26FEB18DEPHALL-127 | no | count=4.00 | yes=54c
Poly WS trade #53: asset=69324317355037271422... | SELL | size=34 | price=0.034
Kalshi WS trade #4463: KXNCAAMBGAME-26FEB18PACWSU-WSU | yes | count=1.00 | yes=53c
Kalshi WS trade #4464: KXMVESPORTSMULTIGAMEEXTENDED-S2026A362D890812-1061B1D7F5A | yes | count=3030.00 | yes=0c
Kalshi WS trade #4465: KXXRP15M-26FEB182200-00 | yes | count=6.00 | yes=79c
Kalshi WS trade #4466: KXNCAAMBGAME-26FEB18UTAHWVU-UTAH | yes | count=24.00 | yes=58c
Kalshi WS trade #4467: KXMVESPORTSMULTIGAMEEXTENDED-S20261DA1F808ACA-84A3D464BCF | yes | count=3.00 | yes=41c
Kalshi WS trade #4468: KXMVESPORTSMULTIGAMEEXTENDED-S20261DA1F808ACA-84A3D464BCF | yes | count=44.00 | yes=41c
Kalshi WS trade #4469: KXMVESPORTSMULTIGAMEEXTENDED-S20261DA1F808ACA-84A3D464BCF | yes | count=5.00 | yes=46c
Kalshi WS trade #4470: KXNCAAMBTOTAL-26FEB18GONZSF-144 | yes | count=15.00 | yes=61c
Kalshi WS trade #4471: KXMVESPORTSMULTIGAMEEXTENDED-S2026F59629D1FC6-090EEF3E97D | yes | count=42.00 | yes=9c
Kalshi WS trade #4472: KXMVESPORTSMULTIGAMEEXTENDED-S2026CE0F44E14FE-BCB4496C5D7 | yes | count=4.00 | yes=66c
Kalshi WS trade #4473: KXNCAAMBGAME-26FEB18NCCUSCST-SCST | no | count=100.00 | yes=55c
Kalshi WS trade #4474: KXNCAAMBGAME-26FEB18NCCUSCST-SCST | no | count=100.00 | yes=55c
Kalshi WS trade #4475: KXNCAAMBGAME-26FEB18NCCUSCST-SCST | no | count=451.00 | yes=55c
Kalshi WS trade #4476: KXATPMATCH-26FEB18GIRRUU-RUU | yes | count=345.00 | yes=28c
Kalshi WS trade #4477: KXNCAAMBGAME-26FEB18NCCUSCST-NCCU | yes | count=212.00 | yes=45c
Kalshi WS trade #4478: KXNCAAMBGAME-26FEB18NCCUSCST-NCCU | yes | count=98.00 | yes=45c
Kalshi WS trade #4479: KXNCAAMBGAME-26FEB18DEPHALL-HALL | yes | count=1.00 | yes=15c
Kalshi WS trade #4480: KXNCAAMBGAME-26FEB18DEPHALL-HALL | yes | count=124.00 | yes=15c
Kalshi WS trade #4481: KXNCAAMBGAME-26FEB18NCCUSCST-NCCU | yes | count=353.00 | yes=45c
Kalshi WS trade #4482: KXNCAAMBGAME-26FEB18NCCUSCST-NCCU | yes | count=147.00 | yes=45c
Kalshi WS trade #4483: KXNCAAMBTOTAL-26FEB18PACWSU-135 | yes | count=22.00 | yes=84c
Kalshi WS trade #4484: KXNCAAMBTOTAL-26FEB18PACWSU-144 | yes | count=15.00 | yes=67c
Kalshi WS trade #4485: KXNCAAMBTOTAL-26FEB18PACWSU-150 | yes | count=467.00 | yes=57c
Kalshi WS trade #4486: KXATPMATCH-26FEB18GIRRUU-GIR | no | count=175.00 | yes=72c
Kalshi WS trade #4487: KXNCAAWBGAME-26FEB18NEVCSU-NEV | no | count=55.00 | yes=2c
Kalshi WS trade #4488: KXATPMATCH-26FEB18GIRRUU-GIR | yes | count=5.00 | yes=74c
Kalshi WS trade #4489: KXNCAAMBGAME-26FEB18KENNMOSU-MOSU | yes | count=70.00 | yes=34c
Kalshi WS trade #4490: KXBTCD-26FEB1822-T66499.99 | yes | count=25.00 | yes=99c
Kalshi WS trade #4491: KXNCAAMBGAME-26FEB18BYUARIZ-BYU | no | count=5.00 | yes=20c
Kalshi WS trade #4492: KXNCAAMBTOTAL-26FEB18VANMIZZ-145 | no | count=3.00 | yes=49c
Kalshi WS trade #4493: KXNCAAMB1HSPREAD-26FEB18AUBMSST-MSST13 | yes | count=36.00 | yes=53c
Kalshi WS trade #4494: KXNCAAMBGAME-26FEB18AUBMSST-MSST | yes | count=1.00 | yes=84c
Kalshi WS trade #4495: KXBTC-26FEB1822-B66625 | no | count=72.00 | yes=87c
Kalshi WS trade #4496: KXNCAAMBGAME-26FEB18DEPHALL-HALL | no | count=1.00 | yes=14c
Kalshi WS trade #4497: KXLLM1-26FEB28-XAI | no | count=327.00 | yes=3c
Kalshi WS trade #4498: KXLLM1-26FEB28-A | no | count=500.00 | yes=62c
Kalshi WS trade #4499: KXNCAAMBGAME-26FEB18VANMIZZ-VAN | yes | count=100.00 | yes=53c
Kalshi WS trade #4500: KXNCAAMBGAME-26FEB18VANMIZZ-VAN | yes | count=19.00 | yes=53c
Kalshi WS trade #4501: KXNCAAMBGAME-26FEB18VANMIZZ-VAN | yes | count=99.00 | yes=53c
Kalshi WS trade #4502: KXATPMATCH-26FEB18GIRRUU-RUU | yes | count=185.00 | yes=28c
Kalshi WS trade #4503: KXATPMATCH-26FEB18GIRRUU-RUU | yes | count=180.00 | yes=28c
Kalshi WS trade #4504: KXATPMATCH-26FEB18GIRRUU-RUU | yes | count=180.00 | yes=28c
Kalshi WS trade #4505: KXATPMATCH-26FEB18GIRRUU-RUU | yes | count=180.00 | yes=28c
Kalshi WS trade #4506: KXATPMATCH-26FEB18GIRRUU-RUU | yes | count=179.00 | yes=28c
Kalshi WS trade #4507: KXNFLAFCCHAMP-27-BUF | yes | count=29.00 | yes=16c
Kalshi WS trade #4508: KXNCAAMBTOTAL-26FEB18PACWSU-144 | yes | count=21.00 | yes=68c
Kalshi WS trade #4509: KXNCAAMBTOTAL-26FEB18PACWSU-144 | yes | count=14.00 | yes=68c
Kalshi WS trade #4510: KXNCAAWBGAME-26FEB18AFABSU-BSU | yes | count=1.00 | yes=53c
Kalshi WS trade #4511: KXNCAAWBGAME-26FEB18AFABSU-BSU | yes | count=8.00 | yes=53c
Kalshi WS trade #4512: KXNCAAMBGAME-26FEB18DEPHALL-HALL | yes | count=88.00 | yes=14c
Kalshi WS trade #4513: KXATPMATCH-26FEB18GIRRUU-GIR | yes | count=66.00 | yes=74c
Kalshi WS trade #4514: KXNCAAMBGAME-26FEB18VANMIZZ-VAN | yes | count=19.00 | yes=53c
Kalshi WS trade #4515: KXNCAAMBSPREAD-26FEB18BYUARIZ-ARIZ9 | no | count=10.00 | yes=43c
Kalshi WS trade #4516: KXNCAAMBSPREAD-26FEB18BYUARIZ-ARIZ9 | no | count=500.00 | yes=41c
Kalshi WS trade #4517: KXNCAAMBSPREAD-26FEB18BYUARIZ-ARIZ9 | no | count=500.00 | yes=40c
Kalshi WS trade #4518: KXNCAAMBSPREAD-26FEB18BYUARIZ-ARIZ9 | no | count=700.00 | yes=39c
Kalshi WS trade #4519: KXNCAAMBSPREAD-26FEB18BYUARIZ-ARIZ9 | no | count=691.00 | yes=38c
Kalshi WS trade #4520: KXTARIFFDECISIONRELEASE-26APR01 | no | count=55.00 | yes=83c
Kalshi WS trade #4521: KXT20MATCH-26FEB19ITAWI-WI | yes | count=1092.00 | yes=91c
Kalshi WS trade #4522: KXPGATOP10-THGI26-SSCH | yes | count=50.00 | yes=72c
Kalshi WS trade #4523: KXNCAAMBGAME-26FEB18KENNMOSU-KENN | yes | count=4.00 | yes=68c
Kalshi WS trade #4524: KXNCAAMBTOTAL-26FEB18KENNMOSU-158 | no | count=10.00 | yes=82c
Kalshi WS trade #4525: KXTRAITORS-26DEC31C-ROBR | no | count=52.00 | yes=91c
Kalshi WS trade #4526: KXNCAAMBGAME-26FEB18KENNMOSU-KENN | yes | count=7.00 | yes=68c
Kalshi WS trade #4527: KXNCAAMBGAME-26FEB18VANMIZZ-VAN | yes | count=19.00 | yes=53c
Kalshi WS trade #4528: KXNCAAMBGAME-26FEB18VANMIZZ-VAN | yes | count=60.00 | yes=54c
Kalshi WS trade #4529: KXNCAAMBGAME-26FEB18VANMIZZ-VAN | yes | count=125.00 | yes=54c
Kalshi WS trade #4530: KXNCAAMBGAME-26FEB18VANMIZZ-VAN | yes | count=1559.00 | yes=54c
Kalshi WS trade #4531: KXNCAAMBGAME-26FEB18SJUMARQ-MARQ | yes | count=15.00 | yes=18c
Kalshi WS trade #4532: KXATPCHALLENGERMATCH-26FEB18GILBAR-GIL | yes | count=1.00 | yes=54c
Kalshi WS trade #4533: KXSAGAWARDACTOCOM-26-SET | no | count=1.00 | yes=93c
Kalshi WS trade #4534: KXNCAAMBGAME-26FEB18UTAHWVU-UTAH | yes | count=30.00 | yes=58c
Kalshi WS trade #4535: KXNCAAMBGAME-26FEB18UTAHWVU-UTAH | yes | count=54.00 | yes=58c
Kalshi WS trade #4536: KXNCAAMBGAME-26FEB18UTAHWVU-UTAH | yes | count=49.00 | yes=58c
Kalshi WS trade #4537: KXNCAAMBTOTAL-26FEB18KENNMOSU-167 | no | count=1.00 | yes=53c
Kalshi WS trade #4538: KXNCAAMBGAME-26FEB18CSUUNLV-UNLV | yes | count=3.00 | yes=59c
Kalshi WS trade #4539: KXNCAAMBGAME-26FEB18NDSUSDST-SDST | yes | count=200.00 | yes=5c
Kalshi WS trade #4540: KXNCAAMBTOTAL-26FEB18ORUNEOM-151 | yes | count=2.00 | yes=45c
Kalshi WS trade #4541: KXNCAAMBTOTAL-26FEB18ORUNEOM-151 | yes | count=8.00 | yes=47c
Kalshi WS trade #4542: KXNCAAMBGAME-26FEB18GONZSF-SF | yes | count=30000.00 | yes=8c
Kalshi WS trade #4543: KXNCAAMBTOTAL-26FEB18VANMIZZ-148 | no | count=30.00 | yes=40c
Kalshi WS trade #4544: KXNCAAWBGAME-26FEB18UNLVSDSU-UNLV | yes | count=7.00 | yes=36c
Kalshi WS trade #4545: KXNCAAMBGAME-26FEB18KENNMOSU-MOSU | yes | count=34.00 | yes=33c
Kalshi WS trade #4546: KXNCAAMBGAME-26FEB18KENNMOSU-MOSU | yes | count=34.00 | yes=33c
Kalshi WS trade #4547: KXNCAAMBGAME-26FEB18KENNMOSU-MOSU | yes | count=34.00 | yes=33c
Kalshi WS trade #4548: KXNCAAMBGAME-26FEB18KENNMOSU-MOSU | yes | count=34.00 | yes=33c
Kalshi WS trade #4549: KXNCAAMBGAME-26FEB18KENNMOSU-MOSU | yes | count=2347.00 | yes=34c
Kalshi WS trade #4550: KXNCAAMBGAME-26FEB18KENNMOSU-MOSU | yes | count=50.00 | yes=34c
Kalshi WS trade #4551: KXNCAAMBGAME-26FEB18KENNMOSU-MOSU | yes | count=331.00 | yes=34c
Kalshi WS trade #4552: KXNCAAMBGAME-26FEB18KENNMOSU-MOSU | yes | count=34.00 | yes=34c
Kalshi WS trade #4553: KXNCAAMBGAME-26FEB18KENNMOSU-MOSU | yes | count=34.00 | yes=34c
Kalshi WS trade #4554: KXNCAAMBGAME-26FEB18BYUARIZ-BYU | no | count=5.00 | yes=20c
Kalshi WS trade #4555: KXNCAAMBGAME-26FEB18BYUARIZ-BYU | no | count=25.00 | yes=20c
Kalshi WS trade #4556: KXGTA6ONTIME-26MAY26 | yes | count=312.00 | yes=3c
Kalshi WS trade #4557: KXNCAAMBGAME-26FEB18NCCUSCST-SCST | yes | count=17.00 | yes=56c
Kalshi WS trade #4558: KXNCAAMBTOTAL-26FEB18GONZSF-153 | yes | count=383.00 | yes=39c
Kalshi WS trade #4559: KXNCAAMBGAME-26FEB18AUBMSST-AUB | yes | count=481.00 | yes=19c
Kalshi WS trade #4560: KXNCAAMBGAME-26FEB18AUBMSST-AUB | yes | count=2000.00 | yes=19c
Kalshi WS trade #4561: KXNCAAMBGAME-26FEB18AUBMSST-AUB | yes | count=692.00 | yes=19c
Kalshi WS trade #4562: KXNCAAMBGAME-26FEB18AUBMSST-AUB | yes | count=692.00 | yes=19c
Kalshi WS trade #4563: KXNCAAMBGAME-26FEB18AUBMSST-AUB | yes | count=692.00 | yes=19c
Kalshi WS trade #4564: KXNCAAMBGAME-26FEB18AUBMSST-AUB | yes | count=443.00 | yes=19c
Kalshi WS trade #4565: KXNCAAMBTOTAL-26FEB18BYUARIZ-149 | yes | count=30.00 | yes=82c
Kalshi WS trade #4566: KXNCAAMBTOTAL-26FEB18BYUARIZ-149 | yes | count=10.00 | yes=82c
Kalshi WS trade #4567: KXNCAAMBGAME-26FEB18MDNW-MD | yes | count=31.00 | yes=3c
Kalshi WS trade #4568: KXNCAAMBTOTAL-26FEB18BYUARIZ-158 | no | count=62.00 | yes=59c
Kalshi WS trade #4569: KXNCAAMBGAME-26FEB18KENNMOSU-MOSU | yes | count=55.00 | yes=34c
Kalshi WS trade #4570: KXNCAAMBGAME-26FEB18FAUUTSA-UTSA | yes | count=93.00 | yes=1c
Kalshi WS trade #4571: KXBTC15M-26FEB182200-00 | no | count=79.00 | yes=70c
Kalshi WS trade #4572: KXBTC15M-26FEB182200-00 | no | count=61.00 | yes=70c
Kalshi WS trade #4573: KXNCAAMBGAME-26FEB18BYUARIZ-ARIZ | yes | count=60.00 | yes=81c
Kalshi WS trade #4574: KXNCAAMBGAME-26FEB18BYUARIZ-ARIZ | yes | count=10.00 | yes=81c
Kalshi WS trade #4575: KXNCAAMBGAME-26FEB18BYUARIZ-ARIZ | yes | count=34.00 | yes=82c
Kalshi WS trade #4576: KXNCAAMBGAME-26FEB18BYUARIZ-ARIZ | yes | count=10.00 | yes=82c
Kalshi WS trade #4577: KXWOMHOCKEY-26FEB20CANFIN-FIN | yes | count=16.00 | yes=23c
Kalshi WS trade #4578: KXNCAAMBGAME-26FEB18VANMIZZ-MIZZ | yes | count=4.00 | yes=49c
Kalshi WS trade #4579: KXNCAAMBGAME-26FEB18DEPHALL-DEP | yes | count=227.00 | yes=87c
Kalshi WS trade #4580: KXBTCD-26FEB1822-T66749.99 | no | count=41.00 | yes=10c
Kalshi WS trade #4581: KXATPMATCH-26FEB18GIRRUU-GIR | yes | count=47.00 | yes=74c
Kalshi WS trade #4582: KXATPMATCH-26FEB18GIRRUU-GIR | yes | count=68.00 | yes=74c
Kalshi WS trade #4583: KXATPMATCH-26FEB18GIRRUU-GIR | yes | count=93.00 | yes=74c
Kalshi WS trade #4584: KXNCAAMBGAME-26FEB18SMCSEA-SEA | yes | count=60.00 | yes=7c
Kalshi WS trade #4585: KXNCAAMBGAME-26FEB18SMCSEA-SEA | yes | count=402.00 | yes=7c
Kalshi WS trade #4586: KXNCAAMBGAME-26FEB18SMCSEA-SEA | yes | count=402.00 | yes=7c
Kalshi WS trade #4587: KXNCAAMBGAME-26FEB18SMCSEA-SEA | yes | count=402.00 | yes=7c
Kalshi WS trade #4588: KXNCAAMBGAME-26FEB18SMCSEA-SEA | yes | count=402.00 | yes=7c
Kalshi WS trade #4589: KXNCAAMBGAME-26FEB18SMCSEA-SEA | yes | count=402.00 | yes=7c
Kalshi WS trade #4590: KXNCAAMBGAME-26FEB18SMCSEA-SEA | yes | count=402.00 | yes=7c
Kalshi WS trade #4591: KXNCAAMBGAME-26FEB18SMCSEA-SEA | yes | count=402.00 | yes=7c
Kalshi WS trade #4592: KXNCAAMBGAME-26FEB18SMCSEA-SEA | yes | count=402.00 | yes=7c
Kalshi WS trade #4593: KXNCAAMBGAME-26FEB18SMCSEA-SEA | yes | count=402.00 | yes=7c
Kalshi WS trade #4594: KXNCAAMBGAME-26FEB18SMCSEA-SEA | yes | count=402.00 | yes=7c
Kalshi WS trade #4595: KXNCAAMBGAME-26FEB18SMCSEA-SEA | yes | count=402.00 | yes=7c
Kalshi WS trade #4596: KXNCAAMBGAME-26FEB18SMCSEA-SEA | yes | count=402.00 | yes=7c
Kalshi WS trade #4597: KXNCAAMBGAME-26FEB18SMCSEA-SEA | yes | count=402.00 | yes=7c
Kalshi WS trade #4598: KXNCAAMBGAME-26FEB18SMCSEA-SEA | yes | count=402.00 | yes=7c
Kalshi WS trade #4599: KXNCAAMBGAME-26FEB18SMCSEA-SEA | yes | count=60.00 | yes=7c
Kalshi WS trade #4600: KXNCAAMBGAME-26FEB18SMCSEA-SEA | yes | count=402.00 | yes=7c
Kalshi WS trade #4601: KXNCAAMBGAME-26FEB18SMCSEA-SEA | yes | count=250.00 | yes=7c
Kalshi WS trade #4602: KXNCAAMBGAME-26FEB18SMCSEA-SEA | yes | count=402.00 | yes=7c
Kalshi WS trade #4603: KXNCAAMBGAME-26FEB18SMCSEA-SEA | yes | count=50.00 | yes=7c
Kalshi WS trade #4604: KXNCAAMBGAME-26FEB18SMCSEA-SEA | yes | count=217.00 | yes=8c
Kalshi WS trade #4605: KXNCAAMBGAME-26FEB18SMCSEA-SEA | yes | count=100.00 | yes=8c
Kalshi WS trade #4606: KXNCAAMBGAME-26FEB18SMCSEA-SEA | yes | count=100.00 | yes=8c
Kalshi WS trade #4607: KXNCAAMBGAME-26FEB18SMCSEA-SEA | yes | count=250.00 | yes=8c
Kalshi WS trade #4608: KXNCAAMBGAME-26FEB18SMCSEA-SEA | yes | count=1000.00 | yes=8c
Kalshi WS trade #4609: KXNCAAMBGAME-26FEB18SMCSEA-SEA | yes | count=402.00 | yes=8c
Kalshi WS trade #4610: KXNCAAMBGAME-26FEB18SMCSEA-SEA | yes | count=402.00 | yes=8c
Kalshi WS trade #4611: KXNCAAMBGAME-26FEB18SMCSEA-SEA | yes | count=402.00 | yes=8c
Kalshi WS trade #4612: KXNCAAMBGAME-26FEB18SMCSEA-SEA | yes | count=402.00 | yes=8c
Kalshi WS trade #4613: KXNCAAMBGAME-26FEB18SMCSEA-SEA | yes | count=558.00 | yes=8c
Kalshi WS trade #4614: KXNCAAMBGAME-26FEB18AUBMSST-MSST | yes | count=689.00 | yes=84c
Kalshi WS trade #4615: KXNCAAMBGAME-26FEB18AUBMSST-MSST | yes | count=689.00 | yes=84c
Kalshi WS trade #4616: KXNCAAMBGAME-26FEB18AUBMSST-MSST | yes | count=689.00 | yes=84c
Kalshi WS trade #4617: KXNCAAMBGAME-26FEB18AUBMSST-MSST | yes | count=60.00 | yes=84c
Kalshi WS trade #4618: KXNCAAMBGAME-26FEB18AUBMSST-MSST | yes | count=3825.00 | yes=84c
Kalshi WS trade #4619: KXNCAAMBGAME-26FEB18DEPHALL-HALL | yes | count=125.00 | yes=14c
Kalshi WS trade #4620: KXNCAAMBGAME-26FEB18NDSUSDST-SDST | no | count=20.00 | yes=4c
Kalshi WS trade #4621: KXNCAAMBGAME-26FEB18NDSUSDST-SDST | no | count=3.00 | yes=3c
Kalshi WS trade #4622: KXNCAAMBGAME-26FEB18CHARTLSA-TLSA | no | count=282.00 | yes=87c
Kalshi WS trade #4623: KXNCAAMBTOTAL-26FEB18PACWSU-150 | no | count=1.00 | yes=57c
Kalshi WS trade #4624: KXNCAAMBGAME-26FEB18DEPHALL-DEP | yes | count=4.00 | yes=87c
Kalshi WS trade #4625: KXNCAAMBGAME-26FEB18KENNMOSU-KENN | yes | count=19.00 | yes=68c
Kalshi WS trade #4626: KXNCAAMBGAME-26FEB18KENNMOSU-KENN | yes | count=334.00 | yes=68c
Kalshi WS trade #4627: KXNCAAMBGAME-26FEB18KENNMOSU-KENN | yes | count=34.00 | yes=68c
Kalshi WS trade #4628: KXNCAAMBGAME-26FEB18KENNMOSU-KENN | yes | count=34.00 | yes=68c
Kalshi WS trade #4629: KXNCAAMBGAME-26FEB18KENNMOSU-KENN | yes | count=34.00 | yes=68c
Kalshi WS trade #4630: KXNCAAMBGAME-26FEB18KENNMOSU-KENN | yes | count=34.00 | yes=68c
Kalshi WS trade #4631: KXNCAAMBGAME-26FEB18KENNMOSU-KENN | yes | count=34.00 | yes=68c
Kalshi WS trade #4632: KXTRAITORS-26DEC31C-MAU | yes | count=10.00 | yes=3c
Kalshi WS trade #4633: KXFEDCHAIRNOM-29-KW | yes | count=3.00 | yes=95c
Kalshi WS trade #4634: KXBTC15M-26FEB182200-00 | yes | count=2.00 | yes=72c
Kalshi WS trade #4635: KXWOFREESKI-MAER26MEDAL-JSUN | yes | count=1.00 | yes=57c
Kalshi WS trade #4636: KXNCAAMBGAME-26FEB18UTAHWVU-WVU | yes | count=54.00 | yes=43c
Kalshi WS trade #4637: KXNCAAMBGAME-26FEB18UTAHWVU-WVU | yes | count=1.00 | yes=43c
Kalshi WS trade #4638: KXNCAAMBGAME-26FEB18SJUMARQ-MARQ | yes | count=36.00 | yes=18c
Kalshi WS trade #4639: KXNCAAMBGAME-26FEB18UVAGT-GT | yes | count=93.00 | yes=1c
Kalshi WS trade #4640: KXNCAAMBGAME-26FEB18BYUARIZ-BYU | yes | count=22.00 | yes=21c
Kalshi WS trade #4641: KXMVESPORTSMULTIGAMEEXTENDED-S2026B00D1282A86-F52499E640F | yes | count=471.00 | yes=12c
Kalshi WS trade #4642: KXNCAAMBGAME-26FEB18PACWSU-PAC | no | count=5.00 | yes=45c
Kalshi WS trade #4643: KXNCAAMBGAME-26FEB18PACWSU-PAC | no | count=15.00 | yes=44c
Kalshi WS trade #4644: KXNCAAMBGAME-26FEB18PACWSU-PAC | no | count=40.00 | yes=43c
Kalshi WS trade #4645: KXMVESPORTSMULTIGAMEEXTENDED-S20266B2DA0161FE-305A253B018 | yes | count=1274.00 | yes=14c
Kalshi WS trade #4646: KXATPMATCH-26FEB18GIRRUU-GIR | yes | count=19.00 | yes=74c
Kalshi WS trade #4647: KXATPMATCH-26FEB18GIRRUU-GIR | yes | count=26.00 | yes=74c
Poly WS trade #54: asset=18651141607057791214... | BUY | size=240.85 | price=0.999
Kalshi WS trade #4648: KXNCAAMBTOTAL-26FEB18BYUARIZ-158 | yes | count=3.00 | yes=58c
Kalshi WS trade #4649: KXNCAAMBGAME-26FEB18KENNMOSU-MOSU | yes | count=202.00 | yes=34c
Kalshi WS trade #4650: KXNCAAWBGAME-26FEB18UTAUTU-UTU | yes | count=6.00 | yes=28c
Kalshi WS trade #4651: KXATPMATCH-26FEB18GIRRUU-GIR | yes | count=154.00 | yes=74c
Kalshi WS trade #4652: KXATPMATCH-26FEB18GIRRUU-GIR | yes | count=180.00 | yes=74c
Kalshi WS trade #4653: KXATPMATCH-26FEB18GIRRUU-GIR | yes | count=77.00 | yes=74c
Kalshi WS trade #4654: KXNCAAMBGAME-26FEB18SMCSEA-SMC | no | count=10.00 | yes=94c
Kalshi WS trade #4655: KXNCAAMBGAME-26FEB18BYUARIZ-BYU | no | count=11.00 | yes=20c
Kalshi WS trade #4656: KXNCAAMBGAME-26FEB18BYUARIZ-ARIZ | yes | count=1.00 | yes=81c
Kalshi WS trade #4657: KXNCAAWBGAME-26FEB18UNMGC-GC | yes | count=4.00 | yes=43c
Kalshi WS trade #4658: KXNCAAMBSPREAD-26FEB18DEPHALL-DEP4 | no | count=50.00 | yes=61c
Kalshi WS trade #4659: KXNCAAMBGAME-26FEB18AUBMSST-AUB | yes | count=249.00 | yes=19c
Kalshi WS trade #4660: KXNCAAMBGAME-26FEB18AUBMSST-AUB | yes | count=249.00 | yes=19c
Kalshi WS trade #4661: KXATPMATCH-26FEB18GIRRUU-RUU | yes | count=1.00 | yes=28c
Kalshi WS trade #4662: KXATPMATCH-26FEB18GIRRUU-RUU | yes | count=160.00 | yes=28c
Kalshi WS trade #4663: KXNCAAMBGAME-26FEB18BYUARIZ-ARIZ | yes | count=59.00 | yes=81c
Kalshi WS trade #4664: KXNCAAMBGAME-26FEB18BYUARIZ-ARIZ | yes | count=10.00 | yes=81c
Kalshi WS trade #4665: KXNCAAMBGAME-26FEB18BYUARIZ-ARIZ | yes | count=1.00 | yes=81c
Kalshi WS trade #4666: KXNCAAMBGAME-26FEB18BYUARIZ-ARIZ | yes | count=290.00 | yes=82c
Kalshi WS trade #4667: KXNCAAMBGAME-26FEB18BYUARIZ-ARIZ | yes | count=830.00 | yes=82c
Kalshi WS trade #4668: KXNCAAMBTOTAL-26FEB18PACWSU-150 | no | count=1000.00 | yes=59c
Kalshi WS trade #4669: KXNCAAMBSPREAD-26FEB18BYUARIZ-ARIZ18 | no | count=2.00 | yes=13c
Kalshi WS trade #4670: KXNBAGAME-26FEB19BOSGSW-GSW | yes | count=53.00 | yes=36c
Kalshi WS trade #4671: KXNCAAMBTOTAL-26FEB18ILLUSC-138 | yes | count=8.00 | yes=83c
Kalshi WS trade #4672: KXNCAAMBGAME-26FEB18CHARTLSA-CHAR | no | count=1.00 | yes=12c
Kalshi WS trade #4673: KXNCAAWBGAME-26FEB18USUSJSU-SJSU | no | count=52.00 | yes=40c
Kalshi WS trade #4674: KXNCAAMBGAME-26FEB18BYUARIZ-BYU | yes | count=43.00 | yes=21c
Poly WS trade #55: asset=69324317355037271422... | SELL | size=36 | price=0.034
Poly WS trade #56: asset=11079000312144236512... | BUY | size=59.375 | price=0.32
Kalshi WS trade #4675: KXATTENDSOTU-KBJ | yes | count=308.00 | yes=29c
Kalshi WS trade #4676: KXATTENDSOTU-KBJ | yes | count=50.00 | yes=29c
Kalshi WS trade #4677: KXATTENDSOTU-KBJ | yes | count=22.00 | yes=29c
Kalshi WS trade #4678: KXATTENDSOTU-KBJ | yes | count=16.00 | yes=29c
Kalshi WS trade #4679: KXATTENDSOTU-KBJ | yes | count=16.00 | yes=29c
Kalshi WS trade #4680: KXATTENDSOTU-KBJ | yes | count=17.00 | yes=29c
Kalshi WS trade #4681: KXATTENDSOTU-KBJ | yes | count=100.00 | yes=29c
Kalshi WS trade #4682: KXNCAAWBGAME-26FEB18UNMGC-GC | yes | count=50.00 | yes=42c
Kalshi WS trade #4683: KXNCAAWBGAME-26FEB18UNMGC-GC | yes | count=100.00 | yes=44c
Kalshi WS trade #4684: KXNCAAWBGAME-26FEB18UNMGC-GC | yes | count=64.00 | yes=45c
Kalshi WS trade #4685: KXNCAAMBGAME-26FEB18DEPHALL-HALL | yes | count=294.00 | yes=14c
Kalshi WS trade #4686: KXNCAAMBGAME-26FEB18BSUUSU-USU | yes | count=11.00 | yes=82c
Kalshi WS trade #4687: KXNCAAWBGAME-26FEB18UNMGC-UNM | no | count=4.00 | yes=61c
Kalshi WS trade #4688: KXNCAAWBGAME-26FEB18UNMGC-UNM | no | count=46.00 | yes=61c
Kalshi WS trade #4689: KXNCAAMBSPREAD-26FEB18DEPHALL-DEP7 | yes | count=5.00 | yes=35c
Kalshi WS trade #4690: KXNCAAMBSPREAD-26FEB18DEPHALL-DEP7 | yes | count=8.00 | yes=35c
Kalshi WS trade #4691: KXNCAAWBGAME-26FEB19QUCJAC-JAC | yes | count=4.00 | yes=95c
Kalshi WS trade #4692: KXNCAAMBSPREAD-26FEB18MDNW-NW11 | no | count=16.00 | yes=34c
Kalshi WS trade #4693: KXNCAAMBGAME-26FEB18SJUMARQ-MARQ | yes | count=39.00 | yes=18c
Kalshi WS trade #4694: KXNCAAMBGAME-26FEB18SJUMARQ-MARQ | yes | count=177.00 | yes=18c
Kalshi WS trade #4695: KXNCAAMBGAME-26FEB18SJUMARQ-MARQ | yes | count=2000.00 | yes=18c
Kalshi WS trade #4696: KXNCAAMBGAME-26FEB18SJUMARQ-MARQ | yes | count=177.00 | yes=18c
Kalshi WS trade #4697: KXNCAAMBGAME-26FEB18SJUMARQ-MARQ | yes | count=181.00 | yes=18c
Kalshi WS trade #4698: KXNCAAMBGAME-26FEB18BYUARIZ-ARIZ | yes | count=6.00 | yes=81c
Kalshi WS trade #4699: KXNCAAMBGAME-26FEB18VANMIZZ-MIZZ | yes | count=3.00 | yes=49c
Kalshi WS trade #4700: KXNCAAMBSPREAD-26FEB18ORUNEOM-NEOM25 | yes | count=18.00 | yes=53c
Kalshi WS trade #4701: KXBTCD-26FEB1822-T66749.99 | yes | count=78.00 | yes=12c
Kalshi WS trade #4702: KXATPMATCH-26FEB18GIRRUU-GIR | yes | count=53.00 | yes=74c
Kalshi WS trade #4703: KXNCAAMBGAME-26FEB18BYUARIZ-BYU | no | count=20.00 | yes=20c
Kalshi WS trade #4704: KXNCAAMBGAME-26FEB18BYUARIZ-BYU | no | count=44.00 | yes=20c
Kalshi WS trade #4705: KXNCAAMBGAME-26FEB18BYUARIZ-BYU | no | count=20.00 | yes=18c
Kalshi WS trade #4706: KXNCAAMBGAME-26FEB18KENNMOSU-MOSU | yes | count=69.00 | yes=34c
Kalshi WS trade #4707: KXNCAAMBGAME-26FEB18KENNMOSU-MOSU | yes | count=2.00 | yes=34c
Kalshi WS trade #4708: KXNCAAMBGAME-26FEB18VANMIZZ-VAN | no | count=100.00 | yes=51c
Kalshi WS trade #4709: KXMVESPORTSMULTIGAMEEXTENDED-S2026BA0EB16E66C-A36195E9A73 | yes | count=1098.00 | yes=17c
Kalshi WS trade #4710: KXBTC15M-26FEB182200-00 | no | count=5.00 | yes=70c
Kalshi WS trade #4711: KXBTC15M-26FEB182200-00 | no | count=5.00 | yes=70c
Kalshi WS trade #4712: KXNCAAMBGAME-26FEB18PACWSU-PAC | yes | count=20.00 | yes=46c
Kalshi WS trade #4713: KXMVESPORTSMULTIGAMEEXTENDED-S202631480501576-E442F1A035E | yes | count=78.00 | yes=30c
Kalshi WS trade #4714: KXNCAAMBGAME-26FEB18UTAHWVU-UTAH | yes | count=54.00 | yes=58c
Kalshi WS trade #4715: KXNCAAMBGAME-26FEB18UTAHWVU-UTAH | yes | count=54.00 | yes=58c
Kalshi WS trade #4716: KXNCAAMBGAME-26FEB18UTAHWVU-UTAH | yes | count=54.00 | yes=58c
Kalshi WS trade #4717: KXNCAAMBGAME-26FEB18UTAHWVU-UTAH | yes | count=5.00 | yes=58c
Kalshi WS trade #4718: KXMVESPORTSMULTIGAMEEXTENDED-S2026092D15B0DA8-A4E26933343 | yes | count=273.00 | yes=34c
Kalshi WS trade #4719: KXNCAAMBGAME-26FEB18VANMIZZ-VAN | yes | count=76.00 | yes=51c
Kalshi WS trade #4720: KXNCAAWBGAME-26FEB18NEVCSU-NEV | no | count=230.00 | yes=2c
Kalshi WS trade #4721: KXNCAAWBGAME-26FEB18NEVCSU-NEV | no | count=285.00 | yes=2c
Kalshi WS trade #4722: KXBTC15M-26FEB182200-00 | no | count=3.00 | yes=70c
Kalshi WS trade #4723: KXNCAAMBTOTAL-26FEB18AUBMSST-165 | yes | count=2.00 | yes=46c
Kalshi WS trade #4724: KXNCAAMBTOTAL-26FEB18AUBMSST-165 | yes | count=8.00 | yes=46c
Kalshi WS trade #4725: KXNCAAMBGAME-26FEB18NDSUSDST-SDST | yes | count=108.00 | yes=5c
Kalshi WS trade #4726: KXNCAAMBGAME-26FEB18NDSUSDST-SDST | yes | count=101.00 | yes=5c
Kalshi WS trade #4727: KXNCAAMBGAME-26FEB18NDSUSDST-SDST | yes | count=101.00 | yes=5c
Kalshi WS trade #4728: KXNCAAMBGAME-26FEB18NDSUSDST-SDST | yes | count=65.00 | yes=5c
Kalshi WS trade #4729: KXNCAAWBGAME-26FEB18NEVCSU-NEV | yes | count=285.00 | yes=2c
Kalshi WS trade #4730: KXATPMATCH-26FEB18GIRRUU-GIR | yes | count=9.00 | yes=74c
Kalshi WS trade #4731: KXATPMATCH-26FEB18GIRRUU-GIR | no | count=7.00 | yes=72c
Kalshi WS trade #4732: KXBTCD-26FEB1822-T66749.99 | no | count=34.00 | yes=10c
Kalshi WS trade #4733: KXNCAAMBGAME-26FEB18NCCUSCST-NCCU | yes | count=28.00 | yes=49c
Kalshi WS trade #4734: KXNCAAMBGAME-26FEB18BYUARIZ-BYU | yes | count=40.00 | yes=20c
Kalshi WS trade #4735: KXNCAAMBSPREAD-26FEB18ILLUSC-ILL9 | yes | count=38.00 | yes=49c
Kalshi WS trade #4736: KXATPMATCH-26FEB18GIRRUU-RUU | yes | count=20.00 | yes=28c
Kalshi WS trade #4737: KXATPMATCH-26FEB18GIRRUU-RUU | yes | count=80.00 | yes=28c
Kalshi WS trade #4738: KXNCAAMBGAME-26FEB18UTAHWVU-UTAH | yes | count=1.00 | yes=59c
Kalshi WS trade #4739: KXATPMATCH-26FEB18GIRRUU-GIR | yes | count=4.00 | yes=74c
Kalshi WS trade #4740: KXNCAAMBGAME-26FEB18NDSUSDST-NDSU | no | count=18.00 | yes=95c
Kalshi WS trade #4741: KXNCAAMBGAME-26FEB18BYUARIZ-BYU | no | count=5.00 | yes=18c
Kalshi WS trade #4742: KXATPMATCH-26FEB18GIRRUU-GIR | no | count=73.00 | yes=72c
Kalshi WS trade #4743: KXNCAAMBGAME-26FEB18VANMIZZ-VAN | yes | count=18.00 | yes=52c
Kalshi WS trade #4744: KXNCAAMBGAME-26FEB18BYUARIZ-BYU | yes | count=94.00 | yes=20c
Kalshi WS trade #4745: KXNCAAMBGAME-26FEB18AUBMSST-MSST | yes | count=30.00 | yes=84c
Kalshi WS trade #4746: KXBTCD-26FEB1917-T66499.99 | yes | count=100.00 | yes=58c
Kalshi WS trade #4747: KXNCAAMBGAME-26FEB18VANMIZZ-VAN | yes | count=27.00 | yes=52c
Kalshi WS trade #4748: KXNCAAMBGAME-26FEB18DEPHALL-HALL | yes | count=312.00 | yes=14c
Kalshi WS trade #4749: KXNCAAMBGAME-26FEB18UTAHWVU-UTAH | yes | count=54.00 | yes=58c
Kalshi WS trade #4750: KXNCAAMBGAME-26FEB18UTAHWVU-UTAH | yes | count=54.00 | yes=58c
Kalshi WS trade #4751: KXNCAAMBGAME-26FEB18UTAHWVU-UTAH | yes | count=54.00 | yes=58c
Kalshi WS trade #4752: KXNCAAMBGAME-26FEB18UTAHWVU-UTAH | yes | count=54.00 | yes=58c
Kalshi WS trade #4753: KXNCAAMBGAME-26FEB18UTAHWVU-UTAH | yes | count=35.00 | yes=58c
Kalshi WS trade #4754: KXNCAAMBGAME-26FEB18UTAHWVU-UTAH | no | count=26.00 | yes=57c
Kalshi WS trade #4755: KXNCAAMBGAME-26FEB18VANMIZZ-VAN | yes | count=9.00 | yes=52c
Kalshi WS trade #4756: KXNCAAMBGAME-26FEB18PACWSU-WSU | yes | count=110.00 | yes=56c
Kalshi WS trade #4757: KXNCAABMENTION-26FEB18BYUARIZ-ALLE | yes | count=24.00 | yes=19c
Kalshi WS trade #4758: KXNCAAMBGAME-26FEB18SJUMARQ-MARQ | yes | count=1.00 | yes=19c
Kalshi WS trade #4759: KXNCAAMBGAME-26FEB18SJUMARQ-MARQ | yes | count=70.00 | yes=19c
Kalshi WS trade #4760: KXBTCD-26FEB1822-T66749.99 | yes | count=1.00 | yes=12c
Kalshi WS trade #4761: KXNCAAMBGAME-26FEB18CHARTLSA-TLSA | yes | count=19.00 | yes=88c
Kalshi WS trade #4762: KXNCAAMBGAME-26FEB18VANMIZZ-MIZZ | yes | count=3.00 | yes=49c
Kalshi WS trade #4763: KXNCAAMBGAME-26FEB18VANMIZZ-MIZZ | yes | count=17.00 | yes=49c
Kalshi WS trade #4764: KXNCAAMBGAME-26FEB18KENNMOSU-KENN | no | count=885.00 | yes=66c
Kalshi WS trade #4765: KXMVESPORTSMULTIGAMEEXTENDED-S20261D4BC248242-B60297D843F | yes | count=4.00 | yes=40c
Kalshi WS trade #4766: KXNCAAMBGAME-26FEB18SMCSEA-SEA | yes | count=1.00 | yes=7c
Kalshi WS trade #4767: KXNCAAMBGAME-26FEB18VANMIZZ-VAN | yes | count=876.00 | yes=52c
Kalshi WS trade #4768: KXNCAAMBGAME-26FEB18VANMIZZ-VAN | yes | count=49.00 | yes=52c
Kalshi WS trade #4769: KXNCAAMBGAME-26FEB18DEPHALL-HALL | yes | count=93.00 | yes=14c
Kalshi WS trade #4770: KXNBAGAME-26FEB19ATLPHI-ATL | yes | count=99.00 | yes=49c
Kalshi WS trade #4771: KXNCAAMBTOTAL-26FEB18BYUARIZ-161 | yes | count=130.00 | yes=47c
Kalshi WS trade #4772: KXATPMATCH-26FEB18GIRRUU-GIR | yes | count=37.00 | yes=74c
Kalshi WS trade #4773: KXATPMATCH-26FEB18GIRRUU-GIR | yes | count=11.00 | yes=74c
Kalshi WS trade #4774: KXATPMATCH-26FEB18GIRRUU-GIR | yes | count=2.00 | yes=74c
Kalshi WS trade #4775: KXATPMATCH-26FEB18GIRRUU-RUU | no | count=47.00 | yes=26c
Kalshi WS trade #4776: KXNCAAMBGAME-26FEB18DEPHALL-DEP | yes | count=7.00 | yes=87c
Kalshi WS trade #4777: KXNCAAMBGAME-26FEB18DEPHALL-DEP | yes | count=38.00 | yes=87c
Kalshi WS trade #4778: KXATPMATCH-26FEB18GIRRUU-GIR | yes | count=530.00 | yes=74c
Kalshi WS trade #4779: KXNCAAMBGAME-26FEB18UTAHWVU-UTAH | yes | count=10.00 | yes=58c
Kalshi WS trade #4780: KXNCAAMBGAME-26FEB18VANMIZZ-MIZZ | yes | count=43.00 | yes=49c
Kalshi WS trade #4781: KXNCAAMBGAME-26FEB18VANMIZZ-MIZZ | yes | count=125.00 | yes=49c
Kalshi WS trade #4782: KXNCAAMBTOTAL-26FEB18PACWSU-150 | no | count=200.00 | yes=59c
Kalshi WS trade #4783: KXNCAAMBGAME-26FEB18PACWSU-PAC | yes | count=7.00 | yes=46c
Kalshi WS trade #4784: KXNCAAMBGAME-26FEB18FAUUTSA-UTSA | yes | count=93.00 | yes=1c
Kalshi WS trade #4785: KXNCAAMBGAME-26FEB18VANMIZZ-VAN | yes | count=1.00 | yes=52c
Kalshi WS trade #4786: KXNCAAMBGAME-26FEB18BYUARIZ-ARIZ | yes | count=4.00 | yes=81c
Kalshi WS trade #4787: KXNCAAMBGAME-26FEB18KENNMOSU-KENN | yes | count=34.00 | yes=68c
Kalshi WS trade #4788: KXNCAAMBGAME-26FEB18KENNMOSU-KENN | yes | count=16.00 | yes=68c
Kalshi WS trade #4789: KXNCAAMBGAME-26FEB18MDNW-NW | yes | count=25.00 | yes=98c
Kalshi WS trade #4790: KXNCAAMBTOTAL-26FEB18PACWSU-150 | yes | count=50.00 | yes=59c
Kalshi WS trade #4791: KXNCAAMBTOTAL-26FEB18PACWSU-150 | yes | count=253.00 | yes=59c
Kalshi WS trade #4792: KXNCAAMBGAME-26FEB18PACWSU-PAC | no | count=4.00 | yes=44c
Kalshi WS trade #4793: KXNCAAMBGAME-26FEB18VANMIZZ-VAN | no | count=5.00 | yes=50c
Kalshi WS trade #4794: KXNCAAMBGAME-26FEB18VANMIZZ-VAN | no | count=10.00 | yes=50c
Kalshi WS trade #4795: KXNCAAMBGAME-26FEB18VANMIZZ-VAN | no | count=6.00 | yes=49c
Kalshi WS trade #4796: KXNCAAMBGAME-26FEB18CHARTLSA-CHAR | yes | count=16.00 | yes=14c
Kalshi WS trade #4797: KXNCAAMBSPREAD-26FEB18BYUARIZ-ARIZ9 | yes | count=10.00 | yes=47c
Kalshi WS trade #4798: KXNCAAMBSPREAD-26FEB18BYUARIZ-ARIZ9 | yes | count=446.00 | yes=48c
Kalshi WS trade #4799: KXNCAAMBSPREAD-26FEB18UTAHWVU-UTAH2 | no | count=29.00 | yes=48c
Kalshi WS trade #4800: KXNCAAMBSPREAD-26FEB18UTAHWVU-UTAH2 | no | count=109.00 | yes=48c
Kalshi WS trade #4801: KXATPMATCH-26FEB18GIRRUU-GIR | yes | count=5.00 | yes=74c
Kalshi WS trade #4802: KXNCAAMBGAME-26FEB18CHARTLSA-CHAR | no | count=1.00 | yes=12c
Kalshi WS trade #4803: KXNCAAMBSPREAD-26FEB18FAUUTSA-FAU4 | yes | count=2.00 | yes=95c
Kalshi WS trade #4804: KXNCAAMBSPREAD-26FEB18FAUUTSA-FAU4 | yes | count=11.00 | yes=96c
Kalshi WS trade #4805: KXNCAAMBSPREAD-26FEB18FAUUTSA-FAU4 | yes | count=50.00 | yes=97c
Kalshi WS trade #4806: KXNCAAMBSPREAD-26FEB18FAUUTSA-FAU4 | yes | count=200.00 | yes=99c
Kalshi WS trade #4807: KXNCAAMBSPREAD-26FEB18FAUUTSA-FAU4 | yes | count=40.00 | yes=99c
Kalshi WS trade #4808: KXWOMHOCKEY-26FEB20CANFIN-CAN | yes | count=61.00 | yes=80c
Kalshi WS trade #4809: KXNCAAMBGAME-26FEB18BYUARIZ-ARIZ | yes | count=49.00 | yes=81c
Kalshi WS trade #4810: KXNCAAMBGAME-26FEB18BYUARIZ-ARIZ | yes | count=7.00 | yes=81c
Kalshi WS trade #4811: KXNCAAMBGAME-26FEB18BYUARIZ-ARIZ | yes | count=4.00 | yes=81c
Kalshi WS trade #4812: KXNCAAMBGAME-26FEB18NDSUSDST-SDST | yes | count=14.00 | yes=5c
Kalshi WS trade #4813: KXNCAAMBSPREAD-26FEB18ILLUSC-ILL9 | yes | count=11.00 | yes=49c
Kalshi WS trade #4814: KXNCAAMBGAME-26FEB18KENNMOSU-MOSU | yes | count=19.00 | yes=34c
Kalshi WS trade #4815: KXATPMATCH-26FEB18GIRRUU-RUU | yes | count=100.00 | yes=28c
Kalshi WS trade #4816: KXATPMATCH-26FEB18GIRRUU-RUU | yes | count=181.00 | yes=28c
Kalshi WS trade #4817: KXNCAAWBGAME-26FEB18UNLVSDSU-UNLV | yes | count=5.00 | yes=36c
Kalshi WS trade #4818: KXMVESPORTSMULTIGAMEEXTENDED-S20261EBBDBFD093-C3CBBBF0F4A | yes | count=1087.00 | yes=4c
Kalshi WS trade #4819: KXATPMATCH-26FEB18GIRRUU-RUU | yes | count=17.00 | yes=28c
Kalshi WS trade #4820: KXNCAAMBGAME-26FEB18VANMIZZ-MIZZ | yes | count=20.00 | yes=50c
Kalshi WS trade #4821: KXMVESPORTSMULTIGAMEEXTENDED-S2026007601519A8-895E3E00C0E | yes | count=76.00 | yes=35c
Kalshi WS trade #4822: KXNCAAMBTOTAL-26FEB18DEPHALL-127 | yes | count=124.00 | yes=57c
Kalshi WS trade #4823: KXNCAABMENTION-26FEB18BYUARIZ-DOUB | no | count=8.00 | yes=56c
Kalshi WS trade #4824: KXNCAAMBGAME-26FEB18CHARTLSA-CHAR | yes | count=13.00 | yes=14c
Kalshi WS trade #4825: KXNCAAMBGAME-26FEB18VANMIZZ-VAN | yes | count=880.00 | yes=52c
Kalshi WS trade #4826: KXNCAAMBGAME-26FEB18VANMIZZ-VAN | yes | count=163.00 | yes=52c
Poly WS trade #57: asset=51797157743046504218... | SELL | size=34 | price=0.965
Kalshi WS trade #4827: KXNCAAWBGAME-26FEB18UVUCBU-UVU | no | count=1.00 | yes=46c
Kalshi WS trade #4828: KXNCAAMBGAME-26FEB18MDNW-MD | yes | count=20.00 | yes=3c
Kalshi WS trade #4829: KXNCAAMBSPREAD-26FEB18ORUNEOM-NEOM16 | yes | count=4.00 | yes=14c
Kalshi WS trade #4830: KXNCAAMBGAME-26FEB18DEPHALL-DEP | yes | count=462.00 | yes=87c
Kalshi WS trade #4831: KXNCAAMBGAME-26FEB18DEPHALL-DEP | yes | count=50.00 | yes=87c
Kalshi WS trade #4832: KXNCAAMBGAME-26FEB18DEPHALL-DEP | yes | count=627.00 | yes=87c
Kalshi WS trade #4833: KXNCAAMBGAME-26FEB18NDSUSDST-SDST | yes | count=22.00 | yes=5c
Kalshi WS trade #4834: KXNCAAMBGAME-26FEB18NDSUSDST-SDST | yes | count=101.00 | yes=5c
Kalshi WS trade #4835: KXNCAAMBGAME-26FEB18NDSUSDST-SDST | yes | count=64.00 | yes=5c
Kalshi WS trade #4836: KXNCAAMBGAME-26FEB18VANMIZZ-VAN | no | count=10.00 | yes=51c
Kalshi WS trade #4837: KXATPMATCH-26FEB18GIRRUU-GIR | yes | count=66.00 | yes=74c
Kalshi WS trade #4838: KXNCAAMBGAME-26FEB18AUBMSST-AUB | yes | count=742.00 | yes=19c
Kalshi WS trade #4839: KXNCAAMBGAME-26FEB18KENNMOSU-KENN | yes | count=18.00 | yes=68c
Kalshi WS trade #4840: KXNCAAMBGAME-26FEB18KENNMOSU-KENN | yes | count=34.00 | yes=68c
Kalshi WS trade #4841: KXNCAAMBGAME-26FEB18KENNMOSU-KENN | yes | count=8.00 | yes=68c
Kalshi WS trade #4842: KXNCAAMBTOTAL-26FEB18BYUARIZ-161 | yes | count=5.00 | yes=47c
Kalshi WS trade #4843: KXNCAAMBGAME-26FEB18VANMIZZ-MIZZ | yes | count=20.00 | yes=50c
Kalshi WS trade #4844: KXNCAAWBGAME-26FEB18UNMGC-UNM | yes | count=1.00 | yes=83c
Kalshi WS trade #4845: KXNCAAWBGAME-26FEB18UNMGC-UNM | yes | count=1.00 | yes=84c
Kalshi WS trade #4846: KXNCAAWBGAME-26FEB18UNMGC-UNM | yes | count=6.00 | yes=86c
Poly WS trade #58: asset=73192081854889000285... | BUY | size=156.056 | price=0.999
Kalshi WS trade #4847: KXNCAAMBGAME-26FEB18MURRILST-MURR | yes | count=100.00 | yes=22c
Kalshi WS trade #4848: KXNCAAMBGAME-26FEB18KENNMOSU-MOSU | yes | count=61.00 | yes=34c
Kalshi WS trade #4849: KXNCAAMBGAME-26FEB18BYUARIZ-BYU | yes | count=9.00 | yes=20c
Kalshi WS trade #4850: KXNCAAMBGAME-26FEB18BYUARIZ-BYU | yes | count=23.00 | yes=20c
Kalshi WS trade #4851: KXUCLGAME-26FEB24INTBOG-BOG | yes | count=6.00 | yes=13c
Kalshi WS trade #4852: KXUCLGAME-26FEB24INTBOG-BOG | yes | count=50.00 | yes=14c
Kalshi WS trade #4853: KXUCLGAME-26FEB24INTBOG-BOG | yes | count=6.00 | yes=15c
Kalshi WS trade #4854: KXNCAAMBGAME-26FEB18VANMIZZ-VAN | yes | count=7.00 | yes=51c
Kalshi WS trade #4855: KXNCAAMBGAME-26FEB18VANMIZZ-VAN | yes | count=48.00 | yes=52c
Kalshi WS trade #4856: KXNCAAWBGAME-26FEB18UNMGC-GC | no | count=1.00 | yes=18c
Kalshi WS trade #4857: KXNCAAMBGAME-26FEB18CHARTLSA-CHAR | yes | count=256.00 | yes=14c
Kalshi WS trade #4858: KXNCAAMBGAME-26FEB18CHARTLSA-CHAR | yes | count=301.00 | yes=14c
Kalshi WS trade #4859: KXNCAAMBGAME-26FEB18CHARTLSA-CHAR | yes | count=116.00 | yes=14c
Kalshi WS trade #4860: KXNCAAMBGAME-26FEB18BYUARIZ-BYU | yes | count=26.00 | yes=20c
Kalshi WS trade #4861: KXBTCD-26FEB1822-T66499.99 | yes | count=245.00 | yes=99c
Kalshi WS trade #4862: KXBTCD-26FEB1822-T66499.99 | yes | count=500.00 | yes=99c
Kalshi WS trade #4863: KXBTCD-26FEB1822-T66499.99 | yes | count=12.00 | yes=99c
Kalshi WS trade #4864: KXNCAAMBGAME-26FEB18DEPHALL-DEP | yes | count=1.00 | yes=87c
Kalshi WS trade #4865: KXNCAAMBGAME-26FEB18NDSUSDST-SDST | no | count=34.00 | yes=3c
Kalshi WS trade #4866: KXNCAAMBGAME-26FEB18NDSUSDST-SDST | no | count=75.00 | yes=2c
Kalshi WS trade #4867: KXBTC15M-26FEB182200-00 | no | count=1.00 | yes=70c
Kalshi WS trade #4868: KXBTC15M-26FEB182200-00 | no | count=2.00 | yes=70c
Kalshi WS trade #4869: KXBTCD-26FEB1822-T66749.99 | yes | count=39.00 | yes=11c
Kalshi WS trade #4870: KXMVESPORTSMULTIGAMEEXTENDED-S2026EE51F1EF0C9-74673DFC9A2 | yes | count=30.00 | yes=3c
Kalshi WS trade #4871: KXMVESPORTSMULTIGAMEEXTENDED-S202693D1E088CDD-7EC33EDA498 | yes | count=17.00 | yes=4c
Kalshi WS trade #4872: KXMVESPORTSMULTIGAMEEXTENDED-S202693D1E088CDD-7EC33EDA498 | yes | count=2019.00 | yes=4c
Kalshi WS trade #4873: KXBTC15M-26FEB182200-00 | yes | count=13.00 | yes=71c
Kalshi WS trade #4874: KXMVESPORTSMULTIGAMEEXTENDED-S20261B06FF9B209-3F12CA58E83 | yes | count=36.00 | yes=28c
Kalshi WS trade #4875: KXMVESPORTSMULTIGAMEEXTENDED-S20261B06FF9B209-3F12CA58E83 | yes | count=4.00 | yes=30c
Kalshi WS trade #4876: KXMVESPORTSMULTIGAMEEXTENDED-S2026EDB7C9B5D99-45E7FF86C23 | yes | count=38.00 | yes=12c
Kalshi WS trade #4877: KXNCAAMBTOTAL-26FEB18PACWSU-150 | no | count=16.00 | yes=59c
Kalshi WS trade #4878: KXNCAAMBGAME-26FEB18KUOKST-KU | yes | count=46.00 | yes=96c
Kalshi WS trade #4879: KXNCAAMBGAME-26FEB18BYUARIZ-BYU | yes | count=23.00 | yes=20c
Kalshi WS trade #4880: KXNCAABMENTION-26FEB18BYUARIZ-RECO | yes | count=4.00 | yes=46c
Kalshi WS trade #4881: KXNCAAMBTOTAL-26FEB18PACWSU-150 | no | count=56.00 | yes=59c
Kalshi WS trade #4882: KXNCAAMBGAME-26FEB18DEPHALL-HALL | yes | count=62.00 | yes=14c
Kalshi WS trade #4883: KXKHAMENEIOUT-AKHA-26MAR01 | yes | count=42.00 | yes=11c
Kalshi WS trade #4884: KXNCAAMBGAME-26FEB18ILLUSC-ILL | yes | count=2.00 | yes=82c
Kalshi WS trade #4885: KXNBAGAME-26FEB19ATLPHI-ATL | no | count=32.00 | yes=48c
Kalshi WS trade #4886: KXNCAAMBGAME-26FEB18BYUARIZ-BYU | yes | count=250.00 | yes=20c
Kalshi WS trade #4887: KXNCAAMBGAME-26FEB18VANMIZZ-VAN | yes | count=37.00 | yes=51c
Kalshi WS trade #4888: KXNCAAWBGAME-26FEB18UNLVSDSU-SDSU | yes | count=392.00 | yes=65c
Kalshi WS trade #4889: KXNCAAWBGAME-26FEB18UNLVSDSU-SDSU | yes | count=324.00 | yes=65c
Kalshi WS trade #4890: KXNCAAWBGAME-26FEB18UNLVSDSU-SDSU | yes | count=34.00 | yes=65c
Kalshi WS trade #4891: KXNCAAMBGAME-26FEB18PACWSU-PAC | yes | count=5187.00 | yes=44c
Kalshi WS trade #4892: KXBTCMAX150-25-26MAR31-149999.99 | no | count=25.00 | yes=1c
Kalshi WS trade #4893: KXNCAAMBGAME-26FEB18AUBMSST-MSST | yes | count=117.00 | yes=84c
Kalshi WS trade #4894: KXBERNIEMENTION-26FEB19-CLIM | yes | count=19.00 | yes=49c
Kalshi WS trade #4895: KXNCAAMBGAME-26FEB18VANMIZZ-VAN | yes | count=16.00 | yes=51c
Kalshi WS trade #4896: KXBERNIEMENTION-26FEB19-MIDD | yes | count=5.00 | yes=35c
Kalshi WS trade #4897: KXNCAAMBSPREAD-26FEB18UTAHWVU-WVU4 | no | count=109.00 | yes=24c
Kalshi WS trade #4898: KXNCAAMBSPREAD-26FEB18UTAHWVU-WVU4 | no | count=50.00 | yes=24c
Kalshi WS trade #4899: KXEURUSD-26FEB1910-B1.185 | yes | count=15.00 | yes=23c
Kalshi WS trade #4900: KXEURUSD-26FEB1910-B1.185 | yes | count=64.00 | yes=24c
Kalshi WS trade #4901: KXNCAAMBTOTAL-26FEB18BYUARIZ-161 | no | count=402.00 | yes=46c
Kalshi WS trade #4902: KXBTC15M-26FEB182200-00 | yes | count=22.00 | yes=71c
Kalshi WS trade #4903: KXNCAAWBGAME-26FEB18TARLSUU-SUU | yes | count=30.00 | yes=97c
Kalshi WS trade #4904: KXNCAAMBGAME-26FEB18SJUMARQ-MARQ | yes | count=10.00 | yes=18c
Kalshi WS trade #4905: KXNCAAMBTOTAL-26FEB18ILLUSC-150 | yes | count=52.00 | yes=54c
Kalshi WS trade #4906: KXNCAAMBSPREAD-26FEB18ORUNEOM-NEOM1 | yes | count=6.00 | yes=97c
Kalshi WS trade #4907: KXNCAAMBSPREAD-26FEB18VANMIZZ-MIZZ4 | yes | count=5.00 | yes=33c
Kalshi WS trade #4908: KXNCAAMBGAME-26FEB18KENNMOSU-KENN | yes | count=24.00 | yes=68c
Kalshi WS trade #4909: KXNCAAMBGAME-26FEB18NDSUSDST-SDST | yes | count=37.00 | yes=5c
Kalshi WS trade #4910: KXNCAAMBGAME-26FEB18NDSUSDST-SDST | yes | count=177.00 | yes=5c
Kalshi WS trade #4911: KXNCAAMBTOTAL-26FEB18PACWSU-150 | no | count=825.00 | yes=59c
Kalshi WS trade #4912: KXNCAAMBGAME-26FEB18AUBMSST-AUB | yes | count=25.00 | yes=19c
Kalshi WS trade #4913: KXNCAAMBGAME-26FEB18NDSUSDST-NDSU | no | count=1.00 | yes=95c
Kalshi WS trade #4914: KXNCAAMBGAME-26FEB18NDSUSDST-NDSU | no | count=8.00 | yes=94c
Kalshi WS trade #4915: KXMVESPORTSMULTIGAMEEXTENDED-S20264D7A2CB2DCC-11ADCF3E416 | yes | count=147.00 | yes=3c
Kalshi WS trade #4916: KXNCAAMBGAME-26FEB18DEPHALL-HALL | yes | count=20.00 | yes=14c
Kalshi WS trade #4917: KXNCAAMBGAME-26FEB18SJUMARQ-MARQ | yes | count=498.00 | yes=18c
Kalshi WS trade #4918: KXMVESPORTSMULTIGAMEEXTENDED-S2026DACF3FCB2FB-EA6ED29FF31 | yes | count=4.00 | yes=22c
Kalshi WS trade #4919: KXNCAAMBGAME-26FEB18SJUMARQ-MARQ | yes | count=13.00 | yes=18c
Kalshi WS trade #4920: KXNCAAMBSPREAD-26FEB18SMCSEA-SMC16 | yes | count=134.00 | yes=42c
Kalshi WS trade #4921: KXNCAAMBSPREAD-26FEB18SMCSEA-SMC16 | yes | count=50.00 | yes=42c
Kalshi WS trade #4922: KXNCAAMBSPREAD-26FEB18SMCSEA-SMC16 | yes | count=134.00 | yes=42c
Kalshi WS trade #4923: KXNCAAMBSPREAD-26FEB18SMCSEA-SMC16 | yes | count=134.00 | yes=42c
Kalshi WS trade #4924: KXNCAAMBSPREAD-26FEB18SMCSEA-SMC16 | yes | count=134.00 | yes=42c
Kalshi WS trade #4925: KXNCAAMBSPREAD-26FEB18SMCSEA-SMC16 | yes | count=303.00 | yes=43c
Kalshi WS trade #4926: KXMVESPORTSMULTIGAMEEXTENDED-S20269F7D6FB8BDB-6BF507D2E7F | yes | count=9.00 | yes=34c
Kalshi WS trade #4927: KXNCAAMBGAME-26FEB18VANMIZZ-VAN | yes | count=145.00 | yes=51c
Kalshi WS trade #4928: KXNCAAMBGAME-26FEB18DEPHALL-HALL | yes | count=5.00 | yes=14c
Kalshi WS trade #4929: KXNCAAMBGAME-26FEB18DEPHALL-HALL | yes | count=95.00 | yes=14c
Kalshi WS trade #4930: KXNCAAMBGAME-26FEB18BYUARIZ-BYU | yes | count=23.00 | yes=20c
Kalshi WS trade #4931: KXBTCMAX150-25-26MAR31-149999.99 | yes | count=49.00 | yes=3c
Kalshi WS trade #4932: KXNCAAMBTOTAL-26FEB18UTAHWVU-124 | no | count=2.00 | yes=45c
Kalshi WS trade #4933: KXNCAAMBTOTAL-26FEB18UTAHWVU-124 | no | count=24.00 | yes=44c
Kalshi WS trade #4934: KXNCAAMBGAME-26FEB18AUBMSST-MSST | no | count=10.00 | yes=83c
Kalshi WS trade #4935: KXNCAAMBGAME-26FEB18PACWSU-PAC | yes | count=41.00 | yes=45c
Kalshi WS trade #4936: KXNCAAMBGAME-26FEB18BYUARIZ-BYU | yes | count=4.00 | yes=20c
Kalshi WS trade #4937: KXNCAAMBGAME-26FEB18SJUMARQ-MARQ | yes | count=1050.00 | yes=18c
Kalshi WS trade #4938: KXNCAAMBGAME-26FEB18DEPHALL-DEP | yes | count=28.00 | yes=87c
Poly WS trade #59: asset=54073086346734626735... | SELL | size=25 | price=0.005
Kalshi WS trade #4939: KXNCAAMBSPREAD-26FEB18KUOKST-KU6 | yes | count=8.00 | yes=83c
Kalshi WS trade #4940: KXNCAAMBSPREAD-26FEB18KUOKST-KU6 | yes | count=28.00 | yes=83c
Kalshi WS trade #4941: KXBERNIEMENTION-26FEB19-GREE | yes | count=20.00 | yes=80c
Kalshi WS trade #4942: KXBERNIEMENTION-26FEB19-GREE | yes | count=50.00 | yes=81c
Kalshi WS trade #4943: KXBERNIEMENTION-26FEB19-GREE | yes | count=13.00 | yes=81c
Kalshi WS trade #4944: KXBERNIEMENTION-26FEB19-GREE | yes | count=18.00 | yes=81c
Kalshi WS trade #4945: KXBERNIEMENTION-26FEB19-GREE | yes | count=20.00 | yes=82c
Kalshi WS trade #4946: KXNCAAMBGAME-26FEB18KENNMOSU-MOSU | yes | count=11.00 | yes=34c
Kalshi WS trade #4947: KXBTCD-26FEB1822-T66499.99 | yes | count=188.00 | yes=99c
Kalshi WS trade #4948: KXBTCD-26FEB1822-T66499.99 | yes | count=64.00 | yes=99c
Kalshi WS trade #4949: KXNCAAMBGAME-26FEB18CHARTLSA-CHAR | no | count=193.00 | yes=12c
Kalshi WS trade #4950: KXNCAABBGAME-26FEB181830MGGFGE-FGE | yes | count=49.00 | yes=92c
Kalshi WS trade #4951: KXNCAAMBSPREAD-26FEB18BYUARIZ-ARIZ6 | yes | count=14.00 | yes=64c
Kalshi WS trade #4952: KXNCAAMBSPREAD-26FEB18BYUARIZ-ARIZ6 | yes | count=10.00 | yes=64c
Kalshi WS trade #4953: KXNCAAMBSPREAD-26FEB18BYUARIZ-ARIZ6 | yes | count=21.00 | yes=64c
Kalshi WS trade #4954: KXNCAAMBGAME-26FEB18DEPHALL-HALL | yes | count=13.00 | yes=14c
Kalshi WS trade #4955: KXNCAAMBGAME-26FEB18BYUARIZ-BYU | yes | count=9.00 | yes=20c
Kalshi WS trade #4956: KXNCAAMBGAME-26FEB18KENNMOSU-KENN | yes | count=2.00 | yes=68c
Kalshi WS trade #4957: KXNCAAMBGAME-26FEB18KENNMOSU-KENN | yes | count=14.00 | yes=68c
Kalshi WS trade #4958: KXNCAAMBSPREAD-26FEB18BYUARIZ-ARIZ12 | no | count=10.00 | yes=29c
Kalshi WS trade #4959: KXNCAAMBSPREAD-26FEB18BYUARIZ-ARIZ12 | no | count=490.00 | yes=29c
Kalshi WS trade #4960: KXNCAAMBGAME-26FEB18BYUARIZ-BYU | yes | count=50.00 | yes=20c
Kalshi WS trade #4961: KXNCAAMBGAME-26FEB18AUBMSST-AUB | yes | count=3.00 | yes=19c
Kalshi WS trade #4962: KXNCAAMBGAME-26FEB18MURRILST-MURR | no | count=625.00 | yes=21c
Kalshi WS trade #4963: KXNCAAMBGAME-26FEB18NDSUSDST-NDSU | yes | count=10.00 | yes=97c
Poly WS trade #60: asset=51797157743046504218... | SELL | size=36 | price=0.965
Kalshi WS trade #4964: KXNCAAWBGAME-26FEB18UNMGC-GC | yes | count=1.00 | yes=43c
Kalshi WS trade #4965: KXNCAAWBGAME-26FEB18UNMGC-GC | yes | count=1.00 | yes=46c
Kalshi WS trade #4966: KXNCAABMENTION-26FEB18BYUARIZ-TRAN | no | count=4.00 | yes=96c
Kalshi WS trade #4967: KXBTC15M-26FEB182200-00 | yes | count=13.00 | yes=71c
Kalshi WS trade #4968: KXNCAAMBGAME-26FEB18KENNMOSU-KENN | yes | count=20.00 | yes=68c
Kalshi WS trade #4969: KXNCAAMBGAME-26FEB18KENNMOSU-KENN | yes | count=34.00 | yes=68c
Kalshi WS trade #4970: KXNCAAMBGAME-26FEB18KENNMOSU-KENN | yes | count=34.00 | yes=68c
Kalshi WS trade #4971: KXNCAAMBGAME-26FEB18KENNMOSU-KENN | yes | count=34.00 | yes=68c
Kalshi WS trade #4972: KXNCAAWBGAME-26FEB18UNMGC-UNM | no | count=1.00 | yes=60c
Kalshi WS trade #4973: KXNCAAWBGAME-26FEB18TARLSUU-SUU | yes | count=3.00 | yes=98c
Kalshi WS trade #4974: KXNCAAMBGAME-26FEB18DEPHALL-HALL | yes | count=156.00 | yes=14c
Kalshi WS trade #4975: KXTRUMPMENTION-26FEB28-MAHA | yes | count=14.00 | yes=68c
Kalshi WS trade #4976: KXNCAAMBGAME-26FEB18SJUMARQ-MARQ | yes | count=12.00 | yes=18c
Kalshi WS trade #4977: KXMVESPORTSMULTIGAMEEXTENDED-S2026A0097176BCF-B8891572003 | yes | count=233.00 | yes=17c
Kalshi WS trade #4978: KXMVESPORTSMULTIGAMEEXTENDED-S2026DF7C407DA60-ED1598AEBC8 | yes | count=1325.00 | yes=74c
Kalshi WS trade #4979: KXMVESPORTSMULTIGAMEEXTENDED-S2026436F0945373-2A4ED897DE2 | yes | count=2077.00 | yes=15c
Kalshi WS trade #4980: KXMVESPORTSMULTIGAMEEXTENDED-S2026436F0945373-2A4ED897DE2 | yes | count=227.00 | yes=16c
Kalshi WS trade #4981: KXATPMATCH-26FEB18GIRRUU-GIR | yes | count=2.00 | yes=74c
Kalshi WS trade #4982: KXATPMATCH-26FEB18GIRRUU-GIR | yes | count=98.00 | yes=77c
Kalshi WS trade #4983: KXATPMATCH-26FEB18GIRRUU-GIR | yes | count=180.00 | yes=78c
Kalshi WS trade #4984: KXATPMATCH-26FEB18GIRRUU-GIR | yes | count=33.00 | yes=78c
Kalshi WS trade #4985: KXMVESPORTSMULTIGAMEEXTENDED-S2026262934AFB1F-BAD763B66DF | yes | count=8.00 | yes=75c
Kalshi WS trade #4986: KXMVESPORTSMULTIGAMEEXTENDED-S2026262934AFB1F-BAD763B66DF | yes | count=1035.00 | yes=75c
Kalshi WS trade #4987: KXMVESPORTSMULTIGAMEEXTENDED-S2026262934AFB1F-BAD763B66DF | yes | count=182.00 | yes=78c
Kalshi WS trade #4988: KXBERNIEMENTION-26FEB19-WORK | yes | count=12.00 | yes=95c
Kalshi WS trade #4989: KXBERNIEMENTION-26FEB19-WORK | yes | count=1.00 | yes=95c
Kalshi WS trade #4990: KXBERNIEMENTION-26FEB19-WORK | yes | count=2.00 | yes=95c
Kalshi WS trade #4991: KXNCAAMBGAME-26FEB18BYUARIZ-BYU | yes | count=142.00 | yes=20c
Kalshi WS trade #4992: KXNCAAMBGAME-26FEB18KENNMOSU-MOSU | yes | count=42.00 | yes=34c
Kalshi WS trade #4993: KXNCAAMBGAME-26FEB18NCCUSCST-NCCU | yes | count=80.00 | yes=49c
Kalshi WS trade #4994: KXBTCD-26FEB1822-T66749.99 | yes | count=100.00 | yes=11c
Kalshi WS trade #4995: KXBTCD-26FEB1822-T66749.99 | yes | count=56.00 | yes=11c
Kalshi WS trade #4996: KXNCAAMBGAME-26FEB18PACWSU-PAC | no | count=50.00 | yes=43c
Kalshi WS trade #4997: KXNCAAMBGAME-26FEB18PACWSU-PAC | yes | count=21.00 | yes=45c
Kalshi WS trade #4998: KXNCAAWBGAME-26FEB18UNMGC-UNM | yes | count=2.00 | yes=85c
Kalshi WS trade #4999: KXNCAAMBGAME-26FEB18DEPHALL-HALL | yes | count=101.00 | yes=14c
Kalshi WS trade #5000: KXNCAAMBGAME-26FEB18VANMIZZ-VAN | yes | count=233.00 | yes=51c
Kalshi WS trade #5001: KXNCAAMBGAME-26FEB18NDSUSDST-SDST | yes | count=573.00 | yes=5c
Kalshi WS trade #5002: KXNCAAMBGAME-26FEB18NDSUSDST-SDST | yes | count=750.00 | yes=5c
Kalshi WS trade #5003: KXNCAAMBGAME-26FEB18NDSUSDST-SDST | yes | count=30.00 | yes=5c
Kalshi WS trade #5004: KXNCAAMBGAME-26FEB18NDSUSDST-SDST | yes | count=75.00 | yes=5c
Kalshi WS trade #5005: KXNCAAMBGAME-26FEB18KENNMOSU-MOSU | yes | count=28.00 | yes=34c
Kalshi WS trade #5006: KXNCAAMBGAME-26FEB18BYUARIZ-BYU | yes | count=45.00 | yes=20c
Kalshi WS trade #5007: KXNCAAMBSPREAD-26FEB18BYUARIZ-ARIZ9 | yes | count=20.00 | yes=47c
Kalshi WS trade #5008: KXBTCD-26FEB1822-T66749.99 | no | count=10.00 | yes=9c
Kalshi WS trade #5009: KXNCAAMBGAME-26FEB18BYUARIZ-BYU | yes | count=9.00 | yes=20c
Kalshi WS trade #5010: KXNCAAMBTOTAL-26FEB18DEPHALL-130 | yes | count=125.00 | yes=42c
Kalshi WS trade #5011: KXNCAAMBSPREAD-26FEB18SJUMARQ-SJU9 | yes | count=3.00 | yes=50c
Kalshi WS trade #5012: KXNCAAMBGAME-26FEB18NCCUSCST-NCCU | yes | count=451.00 | yes=49c
Kalshi WS trade #5013: KXNCAAMBGAME-26FEB18NCCUSCST-NCCU | yes | count=451.00 | yes=49c
Kalshi WS trade #5014: KXNCAAMBGAME-26FEB18SJUMARQ-SJU | yes | count=66.00 | yes=83c
Kalshi WS trade #5015: KXTRUMPMENTION-26FEB28-BALL | yes | count=19.00 | yes=50c
Kalshi WS trade #5016: KXNCAAMBGAME-26FEB18KENNMOSU-MOSU | yes | count=34.00 | yes=33c
Kalshi WS trade #5017: KXNCAAMBGAME-26FEB18KENNMOSU-MOSU | yes | count=34.00 | yes=33c
Kalshi WS trade #5018: KXNCAAMBGAME-26FEB18KENNMOSU-MOSU | yes | count=34.00 | yes=33c
Kalshi WS trade #5019: KXNCAAMBGAME-26FEB18KENNMOSU-MOSU | yes | count=34.00 | yes=33c
Kalshi WS trade #5020: KXNCAAMBGAME-26FEB18KENNMOSU-MOSU | yes | count=34.00 | yes=33c
Kalshi WS trade #5021: KXNCAAMBGAME-26FEB18KENNMOSU-MOSU | yes | count=214.00 | yes=34c
Kalshi WS trade #5022: KXNCAAMBTOTAL-26FEB18UVAGT-161 | no | count=214.00 | yes=65c
Kalshi WS trade #5023: KXNCAAMBTOTAL-26FEB18SJUMARQ-157 | no | count=4.00 | yes=61c
Kalshi WS trade #5024: KXTRUMPSAY-26FEB23-GOLD | yes | count=12.00 | yes=23c
Kalshi WS trade #5025: KXBERNIEMENTION-26FEB19-ROBO | yes | count=56.00 | yes=87c
INFO:     35.145.33.17:0 - "GET /api/stats HTTP/1.1" 200 OK
Kalshi WS trade #5026: KXNCAAMBGAME-26FEB18NCCUSCST-NCCU | no | count=98.00 | yes=49c
Kalshi WS trade #5027: KXNCAAMBTOTAL-26FEB18BYUARIZ-164 | no | count=10.00 | yes=33c
Kalshi WS trade #5028: KXNCAAMBGAME-26FEB18VANMIZZ-VAN | yes | count=20.00 | yes=51c
Kalshi WS trade #5029: KXMVESPORTSMULTIGAMEEXTENDED-S2026EEE8C76BA9D-9A944282522 | yes | count=712.00 | yes=5c
Kalshi WS trade #5030: KXMVESPORTSMULTIGAMEEXTENDED-S2026EEE8C76BA9D-9A944282522 | yes | count=79.00 | yes=5c
Kalshi WS trade #5031: KXMVESPORTSMULTIGAMEEXTENDED-S202613846E98FED-E6FEEEBCBF1 | yes | count=179.00 | yes=2c
Kalshi WS trade #5032: KXMVESPORTSMULTIGAMEEXTENDED-S2026437A5AC231C-ABF1E57989C | yes | count=35.00 | yes=1c
Kalshi WS trade #5033: KXNCAAMBGAME-26FEB18SJUMARQ-MARQ | yes | count=78.00 | yes=18c
Kalshi WS trade #5034: KXNCAAMBGAME-26FEB18BYUARIZ-BYU | yes | count=135.00 | yes=20c
Kalshi WS trade #5035: KXSOL15M-26FEB182200-00 | yes | count=3.00 | yes=73c
Kalshi WS trade #5036: KXSOL15M-26FEB182200-00 | yes | count=1.00 | yes=73c
Kalshi WS trade #5037: KXSOL15M-26FEB182200-00 | yes | count=43.00 | yes=74c
Kalshi WS trade #5038: KXSOL15M-26FEB182200-00 | yes | count=2.00 | yes=76c
Kalshi WS trade #5039: KXSOL15M-26FEB182200-00 | yes | count=100.00 | yes=78c
Kalshi WS trade #5040: KXSOL15M-26FEB182200-00 | yes | count=61.00 | yes=79c
Kalshi WS trade #5041: KXSOL15M-26FEB182200-00 | yes | count=100.00 | yes=81c
Kalshi WS trade #5042: KXSOL15M-26FEB182200-00 | yes | count=140.00 | yes=83c
Kalshi WS trade #5043: KXNCAAMBSPREAD-26FEB18NDSUSDST-NDSU4 | no | count=22.00 | yes=4c
Kalshi WS trade #5044: KXNCAAMBSPREAD-26FEB18NDSUSDST-NDSU4 | no | count=121.00 | yes=4c
Kalshi WS trade #5045: KXNCAAMBGAME-26FEB18CHARTLSA-CHAR | no | count=30.00 | yes=12c
INFO:     35.145.33.17:0 - "GET /api/stats HTTP/1.1" 200 OK
Kalshi WS trade #5046: KXNCAAMBGAME-26FEB18KENNMOSU-MOSU | yes | count=200.00 | yes=34c
Kalshi WS trade #5047: KXNCAAMBGAME-26FEB18BYUARIZ-BYU | yes | count=94.00 | yes=20c
Kalshi WS trade #5048: KXBTC15M-26FEB182200-00 | yes | count=1.00 | yes=71c
Kalshi WS trade #5049: KXNCAAMBGAME-26FEB18KENNMOSU-MOSU | yes | count=277.00 | yes=34c
Kalshi WS trade #5050: KXNCAAMBTOTAL-26FEB18KUOKST-158 | yes | count=50.00 | yes=41c
Kalshi WS trade #5051: KXNCAAMBTOTAL-26FEB18KUOKST-158 | yes | count=165.00 | yes=41c
Kalshi WS trade #5052: KXNCAAMBGAME-26FEB18ILLUSC-USC | yes | count=1.00 | yes=19c
Kalshi WS trade #5053: KXNCAAMBGAME-26FEB18MURRILST-MURR | yes | count=129.00 | yes=22c
Kalshi WS trade #5054: KXNCAAMBGAME-26FEB18SJUMARQ-MARQ | yes | count=339.00 | yes=18c
Kalshi WS trade #5055: KXNCAAMBGAME-26FEB18SJUMARQ-MARQ | yes | count=177.00 | yes=18c
Kalshi WS trade #5056: KXNCAAMBGAME-26FEB18SJUMARQ-MARQ | yes | count=9.00 | yes=18c
Kalshi WS trade #5057: KXNCAAMBTOTAL-26FEB18KENNMOSU-167 | no | count=68.00 | yes=53c
Kalshi WS trade #5058: KXNCAAMBTOTAL-26FEB18KENNMOSU-167 | no | count=50.00 | yes=53c
Kalshi WS trade #5059: KXNCAAMBGAME-26FEB18KUOKST-OKST | yes | count=71.00 | yes=5c
Kalshi WS trade #5060: KXNCAAMBGAME-26FEB18VANMIZZ-MIZZ | yes | count=1.00 | yes=51c
Kalshi WS trade #5061: KXNCAAMBGAME-26FEB18VANMIZZ-VAN | yes | count=94.00 | yes=51c
Kalshi WS trade #5062: KXNCAAMBGAME-26FEB18AUBMSST-AUB | yes | count=74.00 | yes=19c
Kalshi WS trade #5063: KXNCAAMBGAME-26FEB18CHARTLSA-CHAR | yes | count=93.00 | yes=14c
Kalshi WS trade #5064: KXNCAAMBSPREAD-26FEB18CHARTLSA-TLSA13 | no | count=19.00 | yes=5c
Kalshi WS trade #5065: KXETHD-26FEB1822-T1969.99 | no | count=10.00 | yes=2c
Kalshi WS trade #5066: KXNCAAMBSPREAD-26FEB18MDNW-NW8 | no | count=3.00 | yes=66c
Kalshi WS trade #5067: KXNCAAMBSPREAD-26FEB18MDNW-NW8 | no | count=7.00 | yes=65c
Kalshi WS trade #5068: KXNCAAMBSPREAD-26FEB18MDNW-NW8 | no | count=34.00 | yes=65c
Kalshi WS trade #5069: KXNCAAMBTOTAL-26FEB18KENNMOSU-164 | yes | count=3.00 | yes=69c
Kalshi WS trade #5070: KXNCAAMBGAME-26FEB18BYUARIZ-BYU | yes | count=46.00 | yes=20c
Kalshi WS trade #5071: KXHIGHMIA-26FEB19-B82.5 | no | count=6.00 | yes=60c
Kalshi WS trade #5072: KXHIGHMIA-26FEB19-B82.5 | no | count=4.00 | yes=60c
Kalshi WS trade #5073: KXPGAH2H-TGI26VHOVJSPI-VHOV | yes | count=3.00 | yes=58c
Kalshi WS trade #5074: KXNCAAMBGAME-26FEB18KUOKST-OKST | yes | count=393.00 | yes=5c
Kalshi WS trade #5075: KXNCAAMBTOTAL-26FEB18BYUARIZ-158 | no | count=94.00 | yes=55c
Kalshi WS trade #5076: KXBTCD-26FEB1822-T66749.99 | yes | count=39.00 | yes=12c
Kalshi WS trade #5077: KXNCAAMBTOTAL-26FEB18BYUARIZ-161 | yes | count=28.00 | yes=47c
Kalshi WS trade #5078: KXBERNIEMENTION-26FEB19-BERN | yes | count=20.00 | yes=58c
Kalshi WS trade #5079: KXBERNIEMENTION-26FEB19-BERN | yes | count=30.00 | yes=59c
Kalshi WS trade #5080: KXNCAAMBGAME-26FEB18AUBMSST-AUB | yes | count=38.00 | yes=19c
Kalshi WS trade #5081: KXNCAAMBSPREAD-26FEB18UTAHWVU-UTAH2 | yes | count=284.00 | yes=49c
Kalshi WS trade #5082: KXNCAAMBGAME-26FEB18SMCSEA-SEA | yes | count=5.00 | yes=7c
Kalshi WS trade #5083: KXNCAAMBGAME-26FEB18SJUMARQ-MARQ | yes | count=5.00 | yes=18c
Kalshi WS trade #5084: KXMVESPORTSMULTIGAMEEXTENDED-S202605B23634890-012120A46EB | yes | count=37.00 | yes=30c
Kalshi WS trade #5085: KXNCAAMBGAME-26FEB18PACWSU-PAC | yes | count=10.00 | yes=43c
Kalshi WS trade #5086: KXNCAAMBGAME-26FEB18ORUNEOM-ORU | yes | count=46.00 | yes=4c
Kalshi WS trade #5087: KXNCAAMBGAME-26FEB18ORUNEOM-ORU | yes | count=188.00 | yes=4c
Kalshi WS trade #5088: KXMVESPORTSMULTIGAMEEXTENDED-S2026263DE053CBB-B8EAA6BC3DA | yes | count=99.00 | yes=51c
Kalshi WS trade #5089: KXNCAAMBTOTAL-26FEB18DEPHALL-130 | no | count=8.00 | yes=37c
Kalshi WS trade #5090: KXNCAAMBGAME-26FEB18NDSUSDST-SDST | no | count=3.00 | yes=3c
Kalshi WS trade #5091: KXNCAAMBGAME-26FEB18NDSUSDST-NDSU | yes | count=3.00 | yes=97c
Kalshi WS trade #5092: KXNCAAMBTOTAL-26FEB18SMCSEA-136 | no | count=27.00 | yes=39c
Kalshi WS trade #5093: KXNCAAMBGAME-26FEB18NDSUSDST-SDST | yes | count=26.00 | yes=5c
Kalshi WS trade #5094: KXNCAAMBGAME-26FEB18NDSUSDST-SDST | yes | count=101.00 | yes=5c
Kalshi WS trade #5095: KXNCAAMBGAME-26FEB18NDSUSDST-SDST | yes | count=10.00 | yes=5c
Kalshi WS trade #5096: KXNCAAMBGAME-26FEB18NDSUSDST-SDST | yes | count=50.00 | yes=5c
Kalshi WS trade #5097: KXPGATOUR-THGI26-HMAT | yes | count=23.00 | yes=4c
Kalshi WS trade #5098: KXNCAAMBGAME-26FEB18FAUUTSA-UTSA | yes | count=93.00 | yes=1c
Kalshi WS trade #5099: KXNCAAMBGAME-26FEB18DEPHALL-HALL | yes | count=31.00 | yes=14c
Kalshi WS trade #5100: KXNCAAMBGAME-26FEB18KENNMOSU-KENN | yes | count=34.00 | yes=68c
Kalshi WS trade #5101: KXNCAAMBGAME-26FEB18KENNMOSU-KENN | yes | count=34.00 | yes=68c
Kalshi WS trade #5102: KXNCAAMBGAME-26FEB18KENNMOSU-KENN | yes | count=34.00 | yes=68c
Kalshi WS trade #5103: KXNCAAMBGAME-26FEB18KENNMOSU-KENN | yes | count=34.00 | yes=68c
Kalshi WS trade #5104: KXNCAAMBGAME-26FEB18KENNMOSU-KENN | yes | count=34.00 | yes=68c
Kalshi WS trade #5105: KXNCAAMBGAME-26FEB18KENNMOSU-KENN | yes | count=2330.00 | yes=69c
Kalshi WS trade #5106: KXNBAGAME-26FEB19BOSGSW-GSW | yes | count=13.00 | yes=36c
Kalshi WS trade #5107: KXNCAAMBGAME-26FEB18NDSUSDST-SDST | yes | count=51.00 | yes=5c
Kalshi WS trade #5108: KXNCAAMBGAME-26FEB18NDSUSDST-SDST | yes | count=20.00 | yes=5c
Kalshi WS trade #5109: KXNCAAMBGAME-26FEB18KENNMOSU-MOSU | yes | count=14.00 | yes=34c
Kalshi WS trade #5110: KXNCAAMBGAME-26FEB18VANMIZZ-MIZZ | yes | count=20.00 | yes=51c
Kalshi WS trade #5111: KXNCAABMENTION-26FEB18ARKALA-RECR | yes | count=9.00 | yes=1c
Kalshi WS trade #5112: KXNCAAMBSPREAD-26FEB18AUBMSST-MSST6 | no | count=1000.00 | yes=60c
Kalshi WS trade #5113: KXATPMATCH-26FEB18GIRRUU-RUU | yes | count=5.00 | yes=34c
Kalshi WS trade #5114: KXNCAAMBGAME-26FEB18NDSUSDST-SDST | yes | count=9.00 | yes=5c
Kalshi WS trade #5115: KXNCAAMBGAME-26FEB18NDSUSDST-SDST | no | count=17.00 | yes=3c
Kalshi WS trade #5116: KXNCAAMBGAME-26FEB18NDSUSDST-SDST | no | count=47.00 | yes=2c
Kalshi WS trade #5117: KXNCAAMBGAME-26FEB18SJUMARQ-SJU | yes | count=31.00 | yes=83c
Kalshi WS trade #5118: KXNCAAMBGAME-26FEB18SJUMARQ-SJU | yes | count=204.00 | yes=83c
Kalshi WS trade #5119: KXT20MATCH-26FEB19CANAFG-AFG | yes | count=543.00 | yes=90c
Kalshi WS trade #5120: KXNCAAMBGAME-26FEB18CHARTLSA-TLSA | yes | count=50.00 | yes=88c
Kalshi WS trade #5121: KXNCAAMBGAME-26FEB18KENNMOSU-MOSU | yes | count=1.00 | yes=34c
Kalshi WS trade #5122: KXNCAAMBGAME-26FEB18UTAHWVU-UTAH | yes | count=44.00 | yes=58c
Kalshi WS trade #5123: KXNCAAMBGAME-26FEB18UTAHWVU-UTAH | yes | count=54.00 | yes=58c
Kalshi WS trade #5124: KXNCAAMBGAME-26FEB18UTAHWVU-UTAH | yes | count=54.00 | yes=58c
Kalshi WS trade #5125: KXNCAAMBGAME-26FEB18UTAHWVU-UTAH | yes | count=54.00 | yes=58c
Kalshi WS trade #5126: KXNCAAMBGAME-26FEB18UTAHWVU-UTAH | yes | count=54.00 | yes=58c
Kalshi WS trade #5127: KXBTC-26FEB2017-B66000 | yes | count=20.00 | yes=11c
Kalshi WS trade #5128: KXBTC-26FEB2017-B66000 | yes | count=20.00 | yes=11c
Kalshi WS trade #5129: KXBTC-26FEB2017-B66000 | yes | count=41.00 | yes=12c
Kalshi WS trade #5130: KXBTC15M-26FEB182200-00 | no | count=3.00 | yes=70c
Kalshi WS trade #5131: KXBTC15M-26FEB182200-00 | no | count=75.00 | yes=70c
Kalshi WS trade #5132: KXNCAAMBGAME-26FEB18DEPHALL-DEP | yes | count=7.00 | yes=87c
Kalshi WS trade #5133: KXNCAAMBGAME-26FEB18CHARTLSA-TLSA | yes | count=5.00 | yes=88c
Kalshi WS trade #5134: KXNCAAMBGAME-26FEB18CHARTLSA-TLSA | yes | count=20.00 | yes=88c
Kalshi WS trade #5135: KXNCAAMBGAME-26FEB18CHARTLSA-TLSA | yes | count=87.00 | yes=88c
Kalshi WS trade #5136: KXATPMATCH-26FEB18GIRRUU-RUU | no | count=20.00 | yes=31c
Kalshi WS trade #5137: KXATPMATCH-26FEB18GIRRUU-GIR | no | count=20.00 | yes=74c
Kalshi WS trade #5138: KXNCAAMBGAME-26FEB18PACWSU-PAC | yes | count=22.00 | yes=43c
Kalshi WS trade #5139: KXNCAAMBSPREAD-26FEB18UVAGT-UVA28 | no | count=4.00 | yes=69c
Kalshi WS trade #5140: KXNCAAMBGAME-26FEB18BYUARIZ-BYU | yes | count=30.00 | yes=20c
Kalshi WS trade #5141: KXNCAAMBGAME-26FEB18CHARTLSA-CHAR | no | count=15.00 | yes=12c
Kalshi WS trade #5142: KXNCAAMBGAME-26FEB18BYUARIZ-ARIZ | yes | count=60.00 | yes=82c
Kalshi WS trade #5143: KXNCAAMBGAME-26FEB18BYUARIZ-ARIZ | yes | count=32.00 | yes=82c
Kalshi WS trade #5144: KXNCAAMBGAME-26FEB18BYUARIZ-ARIZ | yes | count=2277.00 | yes=82c
Kalshi WS trade #5145: KXNCAAMBGAME-26FEB18BYUARIZ-ARIZ | yes | count=3631.00 | yes=82c
Kalshi WS trade #5146: KXNCAAMBTOTAL-26FEB18SJUMARQ-160 | yes | count=19.00 | yes=56c
Kalshi WS trade #5147: KXNCAAMBTOTAL-26FEB18SJUMARQ-160 | yes | count=6.00 | yes=57c
Kalshi WS trade #5148: KXNCAAMBSPREAD-26FEB18DEPHALL-DEP4 | yes | count=37.00 | yes=64c
Kalshi WS trade #5149: KXNCAAMBSPREAD-26FEB18KUOKST-KU12 | yes | count=185.00 | yes=59c
Kalshi WS trade #5150: KXNCAAMBTOTAL-26FEB18ILLUSC-156 | no | count=8.00 | yes=36c
Kalshi WS trade #5151: KXNCAAMBSPREAD-26FEB18PACWSU-WSU1 | no | count=50.00 | yes=36c
Kalshi WS trade #5152: KXNCAAMBSPREAD-26FEB18PACWSU-WSU1 | no | count=106.00 | yes=36c
Kalshi WS trade #5153: KXNCAAWBGAME-26FEB18UVUCBU-CBU | no | count=3.00 | yes=56c
Kalshi WS trade #5154: KXNCAAWBGAME-26FEB18UVUCBU-CBU | no | count=2.00 | yes=55c
Kalshi WS trade #5155: KXNCAAMBGAME-26FEB18DEPHALL-DEP | yes | count=46.00 | yes=87c
Kalshi WS trade #5156: KXNCAAMBGAME-26FEB18DEPHALL-DEP | yes | count=55.00 | yes=87c
Kalshi WS trade #5157: KXNCAAMBTOTAL-26FEB18KENNMOSU-167 | no | count=68.00 | yes=53c
Kalshi WS trade #5158: KXNCAAMBTOTAL-26FEB18KENNMOSU-167 | no | count=34.00 | yes=53c
Kalshi WS trade #5159: KXNCAAMBTOTAL-26FEB18BYUARIZ-161 | yes | count=21.00 | yes=47c
Kalshi WS trade #5160: KXNCAAMBGAME-26FEB18BYUARIZ-BYU | yes | count=236.00 | yes=19c
Kalshi WS trade #5161: KXNCAAMBGAME-26FEB18NCCUSCST-NCCU | yes | count=199.00 | yes=49c
Kalshi WS trade #5162: KXWOMHOCKEY-26FEB20CANFIN-FIN | yes | count=8.00 | yes=23c
Poly WS trade #61: asset=69324317355037271422... | SELL | size=36 | price=0.034
Kalshi WS trade #5163: KXNCAAMBGAME-26FEB18VANMIZZ-VAN | yes | count=36.00 | yes=50c
Kalshi WS trade #5164: KXNCAAMBGAME-26FEB18BYUARIZ-BYU | yes | count=100.00 | yes=19c
Kalshi WS trade #5165: KXNCAAMBGAME-26FEB18KENNMOSU-KENN | yes | count=4.00 | yes=68c
Kalshi WS trade #5166: KXNCAAWBGAME-26FEB18UVUCBU-UVU | yes | count=4.00 | yes=47c
Kalshi WS trade #5167: KXNCAAMBSPREAD-26FEB18BYUARIZ-ARIZ9 | yes | count=3.00 | yes=47c
Kalshi WS trade #5168: KXNCAAMBGAME-26FEB18VANMIZZ-VAN | yes | count=22.00 | yes=50c
Kalshi WS trade #5169: KXNCAAMBTOTAL-26FEB18DEPHALL-124 | yes | count=185.00 | yes=77c
Kalshi WS trade #5170: KXNCAAMBGAME-26FEB18CHARTLSA-CHAR | yes | count=52.00 | yes=14c
Kalshi WS trade #5171: KXNCAAWBGAME-26FEB18UVUCBU-CBU | no | count=4.00 | yes=55c
Kalshi WS trade #5172: KXATPMATCH-26FEB18GIRRUU-RUU | no | count=25.00 | yes=32c
Kalshi WS trade #5173: KXNCAAMBGAME-26FEB18VANMIZZ-VAN | yes | count=1.00 | yes=50c
Kalshi WS trade #5174: KXATPMATCH-26FEB18GIRRUU-RUU | no | count=1030.00 | yes=30c
Kalshi WS trade #5175: KXATPMATCH-26FEB18GIRRUU-RUU | no | count=4.00 | yes=30c
Kalshi WS trade #5176: KXNCAAMBGAME-26FEB18VANMIZZ-MIZZ | yes | count=18.00 | yes=51c
Kalshi WS trade #5177: KXNCAAMBGAME-26FEB18DEPHALL-DEP | yes | count=112.00 | yes=87c
Kalshi WS trade #5178: KXNCAAMBGAME-26FEB18VANMIZZ-MIZZ | yes | count=461.00 | yes=51c
Kalshi WS trade #5179: KXNCAAMBGAME-26FEB18BYUARIZ-BYU | yes | count=14.00 | yes=19c
Kalshi WS trade #5180: KXNCAAMBGAME-26FEB18UTAHWVU-UTAH | yes | count=54.00 | yes=58c
Kalshi WS trade #5181: KXNCAAMBGAME-26FEB18UTAHWVU-UTAH | yes | count=54.00 | yes=58c
Kalshi WS trade #5182: KXNCAAMBGAME-26FEB18UTAHWVU-UTAH | yes | count=54.00 | yes=58c
Kalshi WS trade #5183: KXNCAAMBGAME-26FEB18UTAHWVU-UTAH | yes | count=54.00 | yes=58c
Kalshi WS trade #5184: KXNCAAMBGAME-26FEB18UTAHWVU-UTAH | yes | count=54.00 | yes=58c
Kalshi WS trade #5185: KXNCAAMBGAME-26FEB18UTAHWVU-UTAH | yes | count=146.00 | yes=59c
Kalshi WS trade #5186: KXNCAAMBGAME-26FEB18VANMIZZ-MIZZ | no | count=500.00 | yes=51c
Kalshi WS trade #5187: KXNCAAMBGAME-26FEB18PACWSU-WSU | yes | count=126.00 | yes=56c
Kalshi WS trade #5188: KXNCAAMBGAME-26FEB18PACWSU-WSU | yes | count=126.00 | yes=56c
Kalshi WS trade #5189: KXNCAAMBGAME-26FEB18PACWSU-WSU | yes | count=100.00 | yes=57c
Kalshi WS trade #5190: KXNCAAMBGAME-26FEB18PACWSU-WSU | yes | count=126.00 | yes=57c
Kalshi WS trade #5191: KXNCAAMBGAME-26FEB18PACWSU-WSU | yes | count=126.00 | yes=57c
Kalshi WS trade #5192: KXNCAAMBGAME-26FEB18PACWSU-WSU | yes | count=15.00 | yes=57c
Kalshi WS trade #5193: KXNCAAMBGAME-26FEB18PACWSU-WSU | yes | count=1000.00 | yes=57c
Kalshi WS trade #5194: KXNCAAMBGAME-26FEB18BYUARIZ-BYU | yes | count=23.00 | yes=19c
Kalshi WS trade #5195: KXNCAAMBGAME-26FEB18PACWSU-WSU | yes | count=163.00 | yes=58c
Kalshi WS trade #5196: KXATPMATCH-26FEB18GIRRUU-GIR | no | count=98.00 | yes=66c
Kalshi WS trade #5197: KXATPMATCH-26FEB18GIRRUU-RUU | yes | count=125.00 | yes=31c
Kalshi WS trade #5198: KXATPMATCH-26FEB18GIRRUU-RUU | yes | count=20.00 | yes=31c
Kalshi WS trade #5199: KXATPMATCH-26FEB18GIRRUU-RUU | yes | count=26.00 | yes=33c
Kalshi WS trade #5200: KXATPMATCH-26FEB18GIRRUU-RUU | yes | count=26.00 | yes=33c
Kalshi WS trade #5201: KXATPMATCH-26FEB18GIRRUU-RUU | yes | count=150.00 | yes=34c
Kalshi WS trade #5202: KXATPMATCH-26FEB18GIRRUU-GIR | no | count=20.00 | yes=65c
Kalshi WS trade #5203: KXATPMATCH-26FEB18GIRRUU-GIR | no | count=20.00 | yes=65c
Kalshi WS trade #5204: KXATPMATCH-26FEB18GIRRUU-GIR | no | count=10.00 | yes=65c
Kalshi WS trade #5205: KXNCAAMBGAME-26FEB18BYUARIZ-BYU | yes | count=47.00 | yes=19c
Kalshi WS trade #5206: KXHIGHLAX-26FEB19-B59.5 | yes | count=5.00 | yes=24c
Kalshi WS trade #5207: KXATPMATCH-26FEB18GIRRUU-RUU | yes | count=50.00 | yes=35c
Kalshi WS trade #5208: KXNCAAMBGAME-26FEB18VANMIZZ-VAN | yes | count=188.00 | yes=50c
Kalshi WS trade #5209: KXNCAAMBGAME-26FEB18AUBMSST-MSST | yes | count=150.00 | yes=84c
Kalshi WS trade #5210: KXNCAAMBGAME-26FEB18MDNW-MD | yes | count=6.00 | yes=3c
Kalshi WS trade #5211: KXNCAAWBGAME-26FEB18UNLVSDSU-UNLV | no | count=4.00 | yes=35c
Kalshi WS trade #5212: KXMVESPORTSMULTIGAMEEXTENDED-S202659F0680EDAD-9BCEC1BD031 | yes | count=127.00 | yes=22c
Kalshi WS trade #5213: KXMVESPORTSMULTIGAMEEXTENDED-S2026A968A3D5AEF-A587E3B6DEB | no | count=42.00 | yes=16c
Kalshi WS trade #5214: KXNCAAMBGAME-26FEB18KENNMOSU-MOSU | yes | count=13.00 | yes=33c
Kalshi WS trade #5215: KXNCAAMBGAME-26FEB18VANMIZZ-VAN | yes | count=9.00 | yes=50c
Kalshi WS trade #5216: KXMVESPORTSMULTIGAMEEXTENDED-S202679FB70487F4-974DB6F7D82 | yes | count=170.00 | yes=10c
Kalshi WS trade #5217: KXNCAAMBGAME-26FEB18BYUARIZ-BYU | yes | count=52.00 | yes=19c
Kalshi WS trade #5218: KXNCAAMBGAME-26FEB18KENNMOSU-MOSU | yes | count=21.00 | yes=33c
Kalshi WS trade #5219: KXNCAAMBGAME-26FEB18KENNMOSU-MOSU | yes | count=34.00 | yes=33c
Kalshi WS trade #5220: KXNCAAMBGAME-26FEB18KENNMOSU-MOSU | yes | count=34.00 | yes=33c
Kalshi WS trade #5221: KXNCAAMBGAME-26FEB18KENNMOSU-MOSU | yes | count=34.00 | yes=33c
Kalshi WS trade #5222: KXNCAAMBGAME-26FEB18KENNMOSU-MOSU | yes | count=34.00 | yes=33c
Kalshi WS trade #5223: KXNCAAMBGAME-26FEB18KENNMOSU-MOSU | yes | count=351.00 | yes=34c
Kalshi WS trade #5224: KXBTCD-26FEB1822-T66749.99 | yes | count=7.00 | yes=11c
Kalshi WS trade #5225: KXNCAAMB1HWINNER-26FEB18SJUMARQ-SJU | yes | count=2.00 | yes=90c
Kalshi WS trade #5226: KXNCAAMBTOTAL-26FEB18UTAHWVU-124 | no | count=26.00 | yes=44c
Kalshi WS trade #5227: KXNCAAMBTOTAL-26FEB18UTAHWVU-124 | no | count=1.00 | yes=44c
Kalshi WS trade #5228: KXNCAAMBGAME-26FEB18DEPHALL-HALL | yes | count=31.00 | yes=14c
Kalshi WS trade #5229: KXNCAAMBGAME-26FEB18UTAHWVU-WVU | no | count=50.00 | yes=43c
Kalshi WS trade #5230: KXNCAAMBGAME-26FEB18GONZSF-SF | yes | count=4.00 | yes=8c
Kalshi WS trade #5231: KXNCAAMBGAME-26FEB18PACWSU-PAC | yes | count=28.00 | yes=43c
Kalshi WS trade #5232: KXATPMATCH-26FEB18GIRRUU-GIR | yes | count=1000.00 | yes=66c
Kalshi WS trade #5233: KXNCAAMBSPREAD-26FEB18BYUARIZ-ARIZ9 | yes | count=20.00 | yes=46c
Kalshi WS trade #5234: KXT20WORLDCUP-26-IND | yes | count=62.00 | yes=48c
Kalshi WS trade #5235: KXNCAAMBGAME-26FEB18PEPPPORT-PORT | yes | count=7.00 | yes=76c
Kalshi WS trade #5236: KXNCAAMBGAME-26FEB18MURRILST-MURR | yes | count=125.00 | yes=22c
Kalshi WS trade #5237: KXNCAAMBGAME-26FEB18NCCUSCST-NCCU | yes | count=5.00 | yes=49c
Kalshi WS trade #5238: KXBTCD-26FEB1822-T66749.99 | yes | count=97.00 | yes=12c
Kalshi WS trade #5239: KXBTCD-26FEB1822-T66749.99 | yes | count=104.00 | yes=12c
Kalshi WS trade #5240: KXNCAAMBGAME-26FEB18KENNMOSU-MOSU | yes | count=272.00 | yes=34c
Kalshi WS trade #5241: KXNCAAMBTOTAL-26FEB18UTAHWVU-124 | no | count=26.00 | yes=44c
Kalshi WS trade #5242: KXBTC15M-26FEB182200-00 | yes | count=1.00 | yes=71c
Kalshi WS trade #5243: KXBTC15M-26FEB182200-00 | yes | count=24.00 | yes=71c
Kalshi WS trade #5244: KXNCAAMBGAME-26FEB18CHARTLSA-CHAR | no | count=1.00 | yes=12c
Kalshi WS trade #5245: KXNCAAMBGAME-26FEB18VANMIZZ-VAN | yes | count=10.00 | yes=50c
Kalshi WS trade #5246: KXNCAAMBGAME-26FEB18BYUARIZ-BYU | yes | count=12.00 | yes=19c
Kalshi WS trade #5247: KXTRUMPSAYMONTH-26MAR01BB | yes | count=8.00 | yes=11c
Kalshi WS trade #5248: KXNCAAMBGAME-26FEB18BYUARIZ-BYU | yes | count=9.00 | yes=19c
Kalshi WS trade #5249: KXNCAAMBSPREAD-26FEB18DEPHALL-DEP4 | no | count=50.00 | yes=61c
Kalshi WS trade #5250: KXNCAAMBSPREAD-26FEB18KUOKST-KU12 | yes | count=10.00 | yes=59c
Kalshi WS trade #5251: KXNCAAMBSPREAD-26FEB18KUOKST-KU12 | yes | count=55.00 | yes=59c
Kalshi WS trade #5252: KXSP500ADDQ-26MAR31-SOFI | no | count=55.00 | yes=33c
Kalshi WS trade #5253: KXNCAAMBTOTAL-26FEB18DEPHALL-130 | no | count=7.00 | yes=37c
Kalshi WS trade #5254: KXNCAAWBGAME-26FEB18UNMGC-GC | yes | count=2.00 | yes=45c
Kalshi WS trade #5255: KXNCAAWBGAME-26FEB18UNMGC-GC | yes | count=4.00 | yes=45c
Kalshi WS trade #5256: KXTRAITORS-26DEC31C-ERI | yes | count=10.00 | yes=3c
Kalshi WS trade #5257: KXNCAAMBGAME-26FEB18MDNW-MD | yes | count=31.00 | yes=3c
Kalshi WS trade #5258: KXNCAAWBGAME-26FEB18UNMGC-UNM | no | count=2.00 | yes=60c
Kalshi WS trade #5259: KXLOWTCHI-26FEB18-B48.5 | yes | count=1.00 | yes=37c
Kalshi WS trade #5260: KXLOWTCHI-26FEB18-B48.5 | yes | count=12.00 | yes=37c
Kalshi WS trade #5261: KXNCAAMBGAME-26FEB18BYUARIZ-BYU | yes | count=47.00 | yes=19c
Kalshi WS trade #5262: KXNCAAMBSPREAD-26FEB18MURRILST-ILST3 | yes | count=16.00 | yes=66c
Kalshi WS trade #5263: KXNCAAMBGAME-26FEB18SJUMARQ-MARQ | yes | count=15.00 | yes=18c
Kalshi WS trade #5264: KXNCAAMBGAME-26FEB18SJUMARQ-MARQ | yes | count=177.00 | yes=18c
Kalshi WS trade #5265: KXNCAAMBGAME-26FEB18SJUMARQ-MARQ | yes | count=177.00 | yes=18c
Kalshi WS trade #5266: KXNCAAMBGAME-26FEB18SJUMARQ-MARQ | yes | count=177.00 | yes=18c
Kalshi WS trade #5267: KXNCAAMBGAME-26FEB18SJUMARQ-MARQ | yes | count=177.00 | yes=18c
Kalshi WS trade #5268: KXNCAAMBGAME-26FEB18SJUMARQ-MARQ | yes | count=177.00 | yes=18c
Kalshi WS trade #5269: KXNCAAMBGAME-26FEB18SJUMARQ-MARQ | yes | count=2000.00 | yes=18c
Kalshi WS trade #5270: KXNCAAMBSPREAD-26FEB18AUBMSST-AUB6 | no | count=10.00 | yes=3c
Kalshi WS trade #5271: KXNCAAMBGAME-26FEB18KENNMOSU-MOSU | yes | count=14.00 | yes=33c
Kalshi WS trade #5272: KXSP500ADDQ-26MAR31-SOFI | yes | count=18.00 | yes=33c
Kalshi WS trade #5273: KXMVESPORTSMULTIGAMEEXTENDED-S202629D95ED3774-385B225DAE8 | yes | count=81.00 | yes=23c
Kalshi WS trade #5274: KXETH15M-26FEB182200-00 | no | count=4.00 | yes=54c
Kalshi WS trade #5275: KXMVESPORTSMULTIGAMEEXTENDED-S202642A447A7293-CF551BC53E7 | no | count=60.00 | yes=60c
Kalshi WS trade #5276: KXNCAAMBGAME-26FEB18DEPHALL-HALL | yes | count=62.00 | yes=14c
Kalshi WS trade #5277: KXNCAAMBGAME-26FEB18VANMIZZ-VAN | yes | count=9.00 | yes=50c
Kalshi WS trade #5278: KXNBAGAME-26FEB19ATLPHI-ATL | no | count=12.00 | yes=48c
Kalshi WS trade #5279: KXMRBEASTGAMES-26MAY01-152 | yes | count=46.00 | yes=2c
Kalshi WS trade #5280: KXNCAAMBTOTAL-26FEB18UVAGT-161 | no | count=3055.00 | yes=66c
Poly WS trade #62: asset=11108067103612610965... | SELL | size=25 | price=0.994
Kalshi WS trade #5281: KXNCAAMBGAME-26FEB18BYUARIZ-ARIZ | yes | count=1.00 | yes=83c
Kalshi WS trade #5282: KXCS2MAP-26FEB20PRVFAL-2-PRV | yes | count=5.00 | yes=36c
Kalshi WS trade #5283: KXBERNIEMENTION-26FEB19-BERN | no | count=20.00 | yes=51c
Kalshi WS trade #5284: KXNCAAMBGAME-26FEB18BYUARIZ-BYU | yes | count=45.00 | yes=19c
Kalshi WS trade #5285: KXNCAAWBGAME-26FEB18UNMGC-GC | yes | count=1.00 | yes=43c
Kalshi WS trade #5286: KXNCAAWBGAME-26FEB18UNMGC-GC | yes | count=5.00 | yes=45c
Kalshi WS trade #5287: KXNCAAMBGAME-26FEB18BYUARIZ-BYU | yes | count=238.00 | yes=19c
Kalshi WS trade #5288: KXNCAAMBGAME-26FEB18BYUARIZ-BYU | yes | count=4.00 | yes=19c
Kalshi WS trade #5289: KXDPWORLDTOUR-MAKOPBA26-TLAW | yes | count=234.00 | yes=4c
Kalshi WS trade #5290: KXNCAAMBGAME-26FEB18UTAHWVU-WVU | yes | count=4.00 | yes=43c
Kalshi WS trade #5291: KXNCAAMBGAME-26FEB18UTAHWVU-WVU | yes | count=54.00 | yes=43c
Kalshi WS trade #5292: KXNCAAMBGAME-26FEB18UTAHWVU-WVU | yes | count=54.00 | yes=43c
Kalshi WS trade #5293: KXNCAAMBGAME-26FEB18UTAHWVU-WVU | yes | count=54.00 | yes=43c
Kalshi WS trade #5294: KXNCAAMBGAME-26FEB18UTAHWVU-WVU | yes | count=30.00 | yes=43c
Kalshi WS trade #5295: KXNCAAWBGAME-26FEB18UNMGC-UNM | no | count=1.00 | yes=60c
Kalshi WS trade #5296: KXATPMATCH-26FEB18GIRRUU-RUU | yes | count=13.00 | yes=36c
Kalshi WS trade #5297: KXATPMATCH-26FEB18GIRRUU-RUU | yes | count=180.00 | yes=37c
Kalshi WS trade #5298: KXATPMATCH-26FEB18GIRRUU-RUU | yes | count=65.00 | yes=37c
Kalshi WS trade #5299: KXNCAAMBTOTAL-26FEB18NCCUSCST-128 | no | count=5.00 | yes=62c
Kalshi WS trade #5300: KXNBAGAME-26FEB19ATLPHI-PHI | yes | count=45.00 | yes=53c
Kalshi WS trade #5301: KXNCAAMBGAME-26FEB18MURRILST-MURR | yes | count=107.00 | yes=22c
Kalshi WS trade #5302: KXATPMATCH-26FEB18GIRRUU-GIR | yes | count=530.00 | yes=66c
Kalshi WS trade #5303: KXNCAAMBSPREAD-26FEB18SMCSEA-SMC13 | yes | count=86.00 | yes=56c
Kalshi WS trade #5304: KXNCAAMBSPREAD-26FEB18GONZSF-GONZ14 | yes | count=304.00 | yes=55c
Kalshi WS trade #5305: KXNCAAMBSPREAD-26FEB18GONZSF-GONZ14 | yes | count=48.00 | yes=55c
Kalshi WS trade #5306: KXNCAAMBGAME-26FEB18BYUARIZ-BYU | yes | count=17.00 | yes=19c
Kalshi WS trade #5307: KXNCAAMBGAME-26FEB18BYUARIZ-BYU | yes | count=149.00 | yes=19c
Kalshi WS trade #5308: KXOSCARSOUND-26-F1 | no | count=1.00 | yes=79c
Kalshi WS trade #5309: KXPGAR1LEAD-THGI26-CGOT | yes | count=80.00 | yes=3c
Kalshi WS trade #5310: KXNCAAMBGAME-26FEB18SJUMARQ-MARQ | yes | count=2626.00 | yes=18c
Kalshi WS trade #5311: KXMVESPORTSMULTIGAMEEXTENDED-S2026438CE76CE52-A025A3FD99E | yes | count=31.00 | yes=40c
Kalshi WS trade #5312: KXMVESPORTSMULTIGAMEEXTENDED-S2026438CE76CE52-A025A3FD99E | yes | count=2.00 | yes=47c
Kalshi WS trade #5313: KXNCAAMBSPREAD-26FEB18KENNMOSU-KENN1 | no | count=50.00 | yes=57c
Kalshi WS trade #5314: KXNCAAMBSPREAD-26FEB18KENNMOSU-KENN1 | no | count=68.00 | yes=57c
Kalshi WS trade #5315: KXNCAAMBSPREAD-26FEB18KENNMOSU-KENN1 | no | count=10.00 | yes=57c
Kalshi WS trade #5316: KXNCAAMBSPREAD-26FEB18KENNMOSU-KENN1 | no | count=93.00 | yes=56c
Kalshi WS trade #5317: KXNCAAMBSPREAD-26FEB18SJUMARQ-SJU9 | yes | count=3.00 | yes=50c
Kalshi WS trade #5318: KXNCAAMBSPREAD-26FEB18SJUMARQ-SJU9 | yes | count=5.00 | yes=50c
Kalshi WS trade #5319: KXNCAAMBSPREAD-26FEB18SJUMARQ-SJU9 | yes | count=42.00 | yes=50c
Kalshi WS trade #5320: KXNCAAMBSPREAD-26FEB18SJUMARQ-SJU9 | yes | count=112.00 | yes=51c
Kalshi WS trade #5321: KXATPMATCH-26FEB18GIRRUU-GIR | no | count=27.00 | yes=65c
Kalshi WS trade #5322: KXATPMATCH-26FEB18GIRRUU-GIR | no | count=27.00 | yes=65c
Kalshi WS trade #5323: KXATPMATCH-26FEB18GIRRUU-GIR | no | count=43.00 | yes=64c
Kalshi WS trade #5324: KXATPMATCH-26FEB18GIRRUU-GIR | no | count=19.00 | yes=64c
Kalshi WS trade #5325: KXATPMATCH-26FEB18GIRRUU-GIR | no | count=466.00 | yes=64c
Kalshi WS trade #5326: KXNCAAMBGAME-26FEB18BYUARIZ-BYU | yes | count=94.00 | yes=19c
Kalshi WS trade #5327: KXNCAAMBGAME-26FEB18BYUARIZ-BYU | yes | count=1.00 | yes=19c
Kalshi WS trade #5328: KXBTC15M-26FEB182200-00 | no | count=25.00 | yes=70c
Kalshi WS trade #5329: KXNCAAMBSPREAD-26FEB18BYUARIZ-ARIZ9 | no | count=10.00 | yes=43c
Kalshi WS trade #5330: KXNCAAMBSPREAD-26FEB18BYUARIZ-ARIZ9 | no | count=12.00 | yes=43c
Kalshi WS trade #5331: KXATPMATCH-26FEB18GIRRUU-RUU | yes | count=16.00 | yes=36c
Kalshi WS trade #5332: KXBTC15M-26FEB182200-00 | no | count=41.00 | yes=70c
Kalshi WS trade #5333: KXBTC15M-26FEB182200-00 | no | count=5.00 | yes=70c
Kalshi WS trade #5334: KXBTC15M-26FEB182200-00 | no | count=1.00 | yes=70c
Kalshi WS trade #5335: KXBTC15M-26FEB182200-00 | no | count=5.00 | yes=69c
Kalshi WS trade #5336: KXBTC15M-26FEB182200-00 | no | count=4.00 | yes=69c
Kalshi WS trade #5337: KXBTC15M-26FEB182200-00 | no | count=20.00 | yes=69c
Kalshi WS trade #5338: KXBTC15M-26FEB182200-00 | no | count=25.00 | yes=69c
Kalshi WS trade #5339: KXNCAAMBGAME-26FEB18BYUARIZ-BYU | yes | count=5.00 | yes=19c
Kalshi WS trade #5340: KXBTC15M-26FEB182200-00 | yes | count=134.00 | yes=68c
Kalshi WS trade #5341: KXBTC15M-26FEB182200-00 | yes | count=4.00 | yes=68c
Kalshi WS trade #5342: KXNCAAMBGAME-26FEB18CHARTLSA-TLSA | yes | count=1.00 | yes=88c
Kalshi WS trade #5343: KXATPMATCH-26FEB18GIRRUU-RUU | yes | count=1.00 | yes=37c
Kalshi WS trade #5344: KXATPMATCH-26FEB18GIRRUU-RUU | yes | count=150.00 | yes=39c
Kalshi WS trade #5345: KXATPMATCH-26FEB18GIRRUU-GIR | no | count=1.00 | yes=63c
Kalshi WS trade #5346: KXATPMATCH-26FEB18GIRRUU-GIR | no | count=14.00 | yes=63c
Kalshi WS trade #5347: KXNCAABMENTION-26FEB18BYUARIZ-AIRB | yes | count=2.00 | yes=44c
Kalshi WS trade #5348: KXNCAABMENTION-26FEB18BYUARIZ-AIRB | yes | count=7.00 | yes=45c
Kalshi WS trade #5349: KXNCAABMENTION-26FEB18BYUARIZ-AIRB | yes | count=1.00 | yes=50c
Kalshi WS trade #5350: KXNCAAMBGAME-26FEB18MDNW-MD | yes | count=31.00 | yes=3c
Kalshi WS trade #5351: KXATPMATCH-26FEB18GIRRUU-GIR | no | count=1.00 | yes=61c
Kalshi WS trade #5352: KXNCAAMBGAME-26FEB18KENNMOSU-MOSU | yes | count=20.00 | yes=33c
Kalshi WS trade #5353: KXNCAAMBGAME-26FEB18KENNMOSU-MOSU | yes | count=34.00 | yes=33c
Kalshi WS trade #5354: KXNCAAMBGAME-26FEB18KENNMOSU-MOSU | yes | count=3.00 | yes=33c
Kalshi WS trade #5355: KXNCAAMBSPREAD-26FEB18MDNW-NW5 | no | count=10.00 | yes=85c
Kalshi WS trade #5356: KXNCAAMBSPREAD-26FEB18MDNW-NW5 | no | count=2.00 | yes=84c
Kalshi WS trade #5357: KXNCAAMBSPREAD-26FEB18MDNW-NW5 | no | count=27.00 | yes=84c
Kalshi WS trade #5358: KXNCAAMBGAME-26FEB18VANMIZZ-MIZZ | yes | count=50.00 | yes=52c
Kalshi WS trade #5359: KXNCAAMBGAME-26FEB18VANMIZZ-MIZZ | yes | count=135.00 | yes=52c
Kalshi WS trade #5360: KXNCAAMBGAME-26FEB18UTAHWVU-UTAH | yes | count=5.00 | yes=58c
Poly WS trade #63: asset=46553455570564517989... | SELL | size=36 | price=0.007
Kalshi WS trade #5361: KXBTC15M-26FEB182200-00 | no | count=100.00 | yes=67c
Kalshi WS trade #5362: KXLOWTAUS-26FEB18-B60.5 | no | count=8.00 | yes=11c
Kalshi WS trade #5363: KXNCAAMBGAME-26FEB18VANMIZZ-VAN | yes | count=56.00 | yes=50c
Kalshi WS trade #5364: KXATPMATCH-26FEB18GIRRUU-GIR | no | count=19.00 | yes=60c
Kalshi WS trade #5365: KXNCAAMBGAME-26FEB18KENNMOSU-MOSU | yes | count=14.00 | yes=33c
Kalshi WS trade #5366: KXNCAAMBGAME-26FEB18BYUARIZ-ARIZ | yes | count=57.00 | yes=83c
Kalshi WS trade #5367: KXNCAAMBGAME-26FEB18MURRILST-ILST | yes | count=13.00 | yes=79c
Kalshi WS trade #5368: KXNCAAMBTOTAL-26FEB18DEPHALL-127 | no | count=46.00 | yes=54c
Kalshi WS trade #5369: KXNCAAMBTOTAL-26FEB18DEPHALL-127 | no | count=54.00 | yes=54c
Kalshi WS trade #5370: KXNCAAMBGAME-26FEB18BYUARIZ-BYU | yes | count=249.00 | yes=19c
Kalshi WS trade #5371: KXNCAAMBGAME-26FEB18NDSUSDST-SDST | yes | count=75.00 | yes=4c
Kalshi WS trade #5372: KXNCAAMBGAME-26FEB18NDSUSDST-SDST | yes | count=72.00 | yes=5c
Kalshi WS trade #5373: KXNCAAMBGAME-26FEB18NDSUSDST-SDST | yes | count=3.00 | yes=5c
Kalshi WS trade #5374: KXNCAAMBTOTAL-26FEB18DEPHALL-127 | no | count=8.00 | yes=54c
Kalshi WS trade #5375: KXNCAAMBGAME-26FEB18BYUARIZ-BYU | yes | count=24.00 | yes=19c
Kalshi WS trade #5376: KXNCAAMBSPREAD-26FEB18ILLUSC-ILL9 | yes | count=98.00 | yes=49c
Kalshi WS trade #5377: KXNCAAMBGAME-26FEB18KENNMOSU-MOSU | yes | count=15.00 | yes=33c
Kalshi WS trade #5378: KXNCAAMBGAME-26FEB18BYUARIZ-BYU | yes | count=14.00 | yes=19c
Kalshi WS trade #5379: KXNCAAMBGAME-26FEB18UTAHWVU-UTAH | yes | count=6.00 | yes=58c
Kalshi WS trade #5380: KXBTC15M-26FEB182200-00 | yes | count=138.00 | yes=67c
Kalshi WS trade #5381: KXNCAAMBTOTAL-26FEB18DEPHALL-127 | no | count=52.00 | yes=54c
Poly WS trade #64: asset=11079000312144236512... | BUY | size=3125 | price=0.32
Kalshi WS trade #5382: KXNCAAMBGAME-26FEB18MDNW-NW | yes | count=9.00 | yes=98c
Kalshi WS trade #5383: KXNCAAMBGAME-26FEB18BYUARIZ-BYU | yes | count=620.00 | yes=19c
Kalshi WS trade #5384: KXNCAAMBSPREAD-26FEB18AUBMSST-AUB20 | no | count=6.00 | yes=1c
Kalshi WS trade #5385: KXNCAABMENTION-26FEB18ILLUSC-TRAN | yes | count=59.00 | yes=83c
Kalshi WS trade #5386: KXBTC15M-26FEB182200-00 | yes | count=4.00 | yes=67c
Kalshi WS trade #5387: KXBTC15M-26FEB182200-00 | yes | count=2.00 | yes=68c
Kalshi WS trade #5388: KXBTC15M-26FEB182200-00 | yes | count=15.00 | yes=71c
Kalshi WS trade #5389: KXBTC15M-26FEB182200-00 | yes | count=5.00 | yes=72c
Kalshi WS trade #5390: KXBTC15M-26FEB182200-00 | yes | count=5.00 | yes=72c
Kalshi WS trade #5391: KXBTC15M-26FEB182200-00 | yes | count=2.00 | yes=72c
Kalshi WS trade #5392: KXNCAAWBGAME-26FEB18UTAUTU-UTU | yes | count=3.00 | yes=26c
Kalshi WS trade #5393: KXNCAAMBGAME-26FEB18KENNMOSU-MOSU | yes | count=2.00 | yes=33c
Kalshi WS trade #5394: KXNCAAMBGAME-26FEB18KENNMOSU-MOSU | yes | count=34.00 | yes=33c
Kalshi WS trade #5395: KXNCAAMBGAME-26FEB18KENNMOSU-MOSU | yes | count=34.00 | yes=33c
Kalshi WS trade #5396: KXNCAAMBGAME-26FEB18KENNMOSU-MOSU | yes | count=34.00 | yes=33c
Kalshi WS trade #5397: KXNEXTHUNGARYPM-26MAY01-PMAG | no | count=5.00 | yes=55c
Kalshi WS trade #5398: KXNCAAMBSPREAD-26FEB18UTAHWVU-WVU7 | no | count=20.00 | yes=12c
Kalshi WS trade #5399: KXNCAAWBGAME-26FEB18AFABSU-AFA | yes | count=2.00 | yes=74c
Kalshi WS trade #5400: KXNCAAWBGAME-26FEB18AFABSU-AFA | yes | count=3.00 | yes=74c
Kalshi WS trade #5401: KXBTC15M-26FEB182200-00 | yes | count=5.00 | yes=70c
Kalshi WS trade #5402: KXNCAAMBGAME-26FEB18BYUARIZ-ARIZ | yes | count=2.00 | yes=83c
Kalshi WS trade #5403: KXNCAAMBGAME-26FEB18BYUARIZ-ARIZ | yes | count=10.00 | yes=83c
Kalshi WS trade #5404: KXNCAAMBGAME-26FEB18PACWSU-PAC | no | count=1.00 | yes=42c
Kalshi WS trade #5405: KXBTC15M-26FEB182200-00 | yes | count=72.00 | yes=70c
Kalshi WS trade #5406: KXNCAAWBGAME-26FEB19LSUMISS-MISS | no | count=5.00 | yes=26c
Poly WS trade #65: asset=82991837887127223585... | BUY | size=43.46 | price=0.97
Kalshi WS trade #5407: KXBTC15M-26FEB182200-00 | yes | count=204.00 | yes=70c
Kalshi WS trade #5408: KXNCAAWBGAME-26FEB18NEVCSU-CSU | yes | count=252.00 | yes=99c
Kalshi WS trade #5409: KXBTCD-26FEB1822-T66749.99 | no | count=100.00 | yes=9c
Kalshi WS trade #5410: KXBTCD-26FEB1822-T66749.99 | no | count=200.00 | yes=8c
Kalshi WS trade #5411: KXBTCD-26FEB1822-T66749.99 | no | count=634.00 | yes=7c
Kalshi WS trade #5412: KXMVESPORTSMULTIGAMEEXTENDED-S2026BB6CD8FB201-B29158D7C0A | yes | count=35.00 | yes=13c
Kalshi WS trade #5413: KXNCAAMBSPREAD-26FEB18SMCSEA-SMC13 | no | count=10.00 | yes=50c
Kalshi WS trade #5414: KXNCAAMBSPREAD-26FEB18SMCSEA-SMC22 | no | count=9.00 | yes=15c
Kalshi WS trade #5415: KXNCAAMBSPREAD-26FEB18SMCSEA-SMC22 | no | count=2.00 | yes=15c
Kalshi WS trade #5416: KXNCAAMBSPREAD-26FEB18SMCSEA-SMC16 | no | count=13.00 | yes=37c
Kalshi WS trade #5417: KXNCAAMBSPREAD-26FEB18SMCSEA-SMC13 | no | count=134.00 | yes=49c
Kalshi WS trade #5418: KXNCAAMBSPREAD-26FEB18SMCSEA-SMC13 | no | count=50.00 | yes=49c
Kalshi WS trade #5419: KXMVESPORTSMULTIGAMEEXTENDED-S20265D0107463AA-B79C0CAF8AA | yes | count=28.00 | yes=16c
Kalshi WS trade #5420: KXNCAAMBTOTAL-26FEB18NDSUSDST-144 | no | count=10.00 | yes=38c
Kalshi WS trade #5421: KXNCAAMBTOTAL-26FEB18NDSUSDST-144 | no | count=30.00 | yes=37c
Kalshi WS trade #5422: KXNCAAMBTOTAL-26FEB18NDSUSDST-144 | no | count=60.00 | yes=36c
Kalshi WS trade #5423: KXNCAAMBTOTAL-26FEB18NDSUSDST-144 | no | count=208.00 | yes=35c
Kalshi WS trade #5424: KXCHISNOWM-26FEB-4.0 | no | count=2.00 | yes=13c
Kalshi WS trade #5425: KXNCAAMBSPREAD-26FEB18BYUARIZ-ARIZ9 | yes | count=6.00 | yes=49c
Kalshi WS trade #5426: KXNCAAMBSPREAD-26FEB18BYUARIZ-ARIZ9 | yes | count=3.00 | yes=49c
Kalshi WS trade #5427: KXNCAAMBGAME-26FEB18UTAHWVU-WVU | yes | count=2.00 | yes=43c
Kalshi WS trade #5428: KXBTC15M-26FEB182200-00 | no | count=1.00 | yes=68c
Kalshi WS trade #5429: KXNCAAMBGAME-26FEB18DEPHALL-DEP | yes | count=1.00 | yes=87c
Kalshi WS trade #5430: KXNCAAMBGAME-26FEB18BYUARIZ-BYU | yes | count=1.00 | yes=20c
Kalshi WS trade #5431: KXNCAAMBTOTAL-26FEB18NDSUSDST-144 | no | count=15.00 | yes=35c
Kalshi WS trade #5432: KXNCAAMBGAME-26FEB18UTAHWVU-UTAH | yes | count=33.00 | yes=58c
Kalshi WS trade #5433: KXBTCD-26FEB1822-T66749.99 | no | count=27.00 | yes=8c
Kalshi WS trade #5434: KXNCAAMBGAME-26FEB18BYUARIZ-ARIZ | yes | count=58.00 | yes=83c
Kalshi WS trade #5435: KXNCAAMBGAME-26FEB18KENNMOSU-MOSU | yes | count=23.00 | yes=33c
Kalshi WS trade #5436: KXATPMATCH-26FEB18GIRRUU-GIR | yes | count=161.00 | yes=60c
Kalshi WS trade #5437: KXATPMATCH-26FEB18GIRRUU-GIR | yes | count=129.00 | yes=60c
Kalshi WS trade #5438: KXNCAAMBGAME-26FEB18NCCUSCST-NCCU | yes | count=49.00 | yes=49c
Kalshi WS trade #5439: KXNCAAMBGAME-26FEB18AUBMSST-MSST | no | count=1.00 | yes=83c
Kalshi WS trade #5440: KXNCAAMBGAME-26FEB18PACWSU-WSU | no | count=100.00 | yes=56c
Kalshi WS trade #5441: KXBTC-26FEB1822-B66625 | yes | count=165.00 | yes=90c
Kalshi WS trade #5442: KXNBAGAME-26FEB19BKNCLE-BKN | yes | count=7.00 | yes=12c
Kalshi WS trade #5443: KXSOL15M-26FEB182200-00 | no | count=21.00 | yes=71c
Kalshi WS trade #5444: KXSOL15M-26FEB182200-00 | no | count=2.00 | yes=70c
Kalshi WS trade #5445: KXSOL15M-26FEB182200-00 | no | count=5.00 | yes=69c
Kalshi WS trade #5446: KXNBAGAME-26FEB19BKNCLE-CLE | no | count=7.00 | yes=89c
Kalshi WS trade #5447: KXNCAAMBTOTAL-26FEB18PEPPPORT-137 | yes | count=8.00 | yes=83c
Kalshi WS trade #5448: KXNCAAMBGAME-26FEB18DEPHALL-DEP | no | count=5.00 | yes=85c
Kalshi WS trade #5449: KXNCAAWBGAME-26FEB19LSUMISS-MISS | no | count=5.00 | yes=26c
Kalshi WS trade #5450: KXNCAAMBSPREAD-26FEB18SMCSEA-SMC13 | yes | count=173.00 | yes=54c
Kalshi WS trade #5451: KXNCAAMBGAME-26FEB18CHARTLSA-TLSA | yes | count=135.00 | yes=88c
Kalshi WS trade #5452: KXNCAAWBGAME-26FEB18UNMGC-GC | yes | count=151.00 | yes=42c
Kalshi WS trade #5453: KXNCAAWBGAME-26FEB18UNMGC-GC | yes | count=61.00 | yes=43c
Kalshi WS trade #5454: KXNCAAWBGAME-26FEB18UNMGC-UNM | no | count=1.00 | yes=61c
Kalshi WS trade #5455: KXNCAAWBGAME-26FEB18UNMGC-UNM | no | count=2.00 | yes=61c
Kalshi WS trade #5456: KXNCAAWBGAME-26FEB18UNMGC-UNM | no | count=77.00 | yes=61c
Kalshi WS trade #5457: KXNCAAWBGAME-26FEB18UNMGC-UNM | no | count=71.00 | yes=61c
Kalshi WS trade #5458: KXNCAAWBGAME-26FEB18UNMGC-UNM | no | count=29.00 | yes=61c
Kalshi WS trade #5459: KXNCAAWBGAME-26FEB18UNMGC-UNM | no | count=32.00 | yes=60c
Kalshi WS trade #5460: KXNCAAMBGAME-26FEB18NCCUSCST-NCCU | yes | count=2.00 | yes=49c
Poly WS trade #66: asset=51797157743046504218... | SELL | size=36 | price=0.965
Kalshi WS trade #5461: KXPGATOUR-THGI26-SSCH | yes | count=1031.00 | yes=23c
Kalshi WS trade #5462: KXNCAAMBGAME-26FEB18DEPHALL-HALL | yes | count=11.00 | yes=14c
Kalshi WS trade #5463: KXNCAAMBGAME-26FEB18DEPHALL-HALL | yes | count=585.00 | yes=15c
Kalshi WS trade #5464: KXNCAAMBGAME-26FEB18DEPHALL-HALL | yes | count=348.00 | yes=15c
Kalshi WS trade #5465: KXNCAAMBGAME-26FEB18VANMIZZ-VAN | yes | count=96.00 | yes=50c
Kalshi WS trade #5466: KXATPMATCH-26FEB18GIRRUU-RUU | yes | count=1.00 | yes=40c
Kalshi WS trade #5467: KXATPMATCH-26FEB18GIRRUU-RUU | yes | count=5.00 | yes=41c
Kalshi WS trade #5468: KXATPMATCH-26FEB18GIRRUU-RUU | yes | count=5.00 | yes=42c
Kalshi WS trade #5469: KXNCAAMBGAME-26FEB18VANMIZZ-VAN | yes | count=813.00 | yes=50c
Kalshi WS trade #5470: KXNCAAMBGAME-26FEB18VANMIZZ-VAN | yes | count=1182.00 | yes=50c
Kalshi WS trade #5471: KXNCAAMBGAME-26FEB18VANMIZZ-VAN | yes | count=1182.00 | yes=50c
Kalshi WS trade #5472: KXNCAAMBGAME-26FEB18VANMIZZ-VAN | yes | count=2000.00 | yes=50c
Kalshi WS trade #5473: KXNCAAMBGAME-26FEB18VANMIZZ-VAN | yes | count=1182.00 | yes=50c
INFO:     35.145.33.17:0 - "GET /api/all-markets?limit=5 HTTP/1.1" 200 OK
Kalshi WS trade #5474: KXXRP15M-26FEB182200-00 | yes | count=25.00 | yes=79c
Kalshi WS trade #5475: KXXRP15M-26FEB182200-00 | yes | count=21.00 | yes=81c
Kalshi WS trade #5476: KXXRP15M-26FEB182200-00 | yes | count=53.00 | yes=81c
Kalshi WS trade #5477: KXXRP15M-26FEB182200-00 | yes | count=22.00 | yes=84c
Kalshi WS trade #5478: KXNCAAMBGAME-26FEB18KUOKST-KU | yes | count=5.00 | yes=96c
Kalshi WS trade #5479: KXBTC15M-26FEB182200-00 | no | count=1.00 | yes=68c
Kalshi WS trade #5480: KXNCAAMBGAME-26FEB18NDSUSDST-NDSU | no | count=20.00 | yes=95c
Kalshi WS trade #5481: KXNCAAMBGAME-26FEB18UTAHWVU-UTAH | yes | count=3.00 | yes=58c
Kalshi WS trade #5482: KXNCAAMBGAME-26FEB18ILLUSC-USC | yes | count=23.00 | yes=19c
Kalshi WS trade #5483: KXNCAAMBSPREAD-26FEB18SJUMARQ-SJU6 | yes | count=38.00 | yes=64c
Kalshi WS trade #5484: KXNCAAMBGAME-26FEB18KENNMOSU-MOSU | yes | count=2.00 | yes=33c
Kalshi WS trade #5485: KXMVESPORTSMULTIGAMEEXTENDED-S2026B40335864E5-0B56EF8EA85 | yes | count=74.00 | yes=5c
Kalshi WS trade #5486: KXMVESPORTSMULTIGAMEEXTENDED-S2026C49BED35DD4-E4722FD5D71 | no | count=68.00 | yes=91c
Kalshi WS trade #5487: KXMVESPORTSMULTIGAMEEXTENDED-S2026EFCE0DEF3CF-3164463B1C8 | yes | count=91.00 | yes=10c
INFO:     35.145.33.17:0 - "GET /api/all-markets?limit=5 HTTP/1.1" 200 OK
Kalshi WS trade #5488: KXNCAAMBGAME-26FEB18DEPHALL-DEP | yes | count=3.00 | yes=87c
Kalshi WS trade #5489: KXNCAAMBGAME-26FEB18NCCUSCST-NCCU | yes | count=98.00 | yes=49c
Kalshi WS trade #5490: KXNCAAMBGAME-26FEB18NCCUSCST-NCCU | yes | count=402.00 | yes=49c
Kalshi WS trade #5491: KXNCAAWBGAME-26FEB19LMUSEA-SEA | no | count=4.00 | yes=2c
Kalshi WS trade #5492: KXNCAAMBSPREAD-26FEB18KUOKST-KU6 | yes | count=10.00 | yes=82c
Kalshi WS trade #5493: KXNCAAMBSPREAD-26FEB18KUOKST-KU6 | yes | count=1.00 | yes=82c
Kalshi WS trade #5494: KXBTCMAX150-25-26MAR31-149999.99 | yes | count=25.00 | yes=3c
Kalshi WS trade #5495: KXNCAAMBGAME-26FEB18UTAHWVU-WVU | yes | count=52.00 | yes=43c
Kalshi WS trade #5496: KXNCAAMBGAME-26FEB18UTAHWVU-WVU | yes | count=54.00 | yes=43c
Kalshi WS trade #5497: KXNCAAMBGAME-26FEB18UTAHWVU-WVU | yes | count=54.00 | yes=43c
Kalshi WS trade #5498: KXNCAAMBGAME-26FEB18UTAHWVU-WVU | yes | count=54.00 | yes=43c
Kalshi WS trade #5499: KXNCAAMBGAME-26FEB18UTAHWVU-WVU | yes | count=54.00 | yes=43c
Kalshi WS trade #5500: KXNCAAMBGAME-26FEB18UTAHWVU-WVU | yes | count=489.00 | yes=44c
Kalshi WS trade #5501: KXNCAAMBGAME-26FEB18PACWSU-WSU | yes | count=16.00 | yes=58c
Kalshi WS trade #5502: KXNCAAMBSPREAD-26FEB18FAUUTSA-FAU4 | no | count=56.00 | yes=99c
Kalshi WS trade #5503: KXNCAAMBSPREAD-26FEB18AUBMSST-MSST6 | no | count=646.00 | yes=59c
Kalshi WS trade #5504: KXNCAAMBGAME-26FEB18PACWSU-PAC | yes | count=100.00 | yes=44c
Kalshi WS trade #5505: KXNCAAMBGAME-26FEB18PACWSU-PAC | yes | count=117.00 | yes=44c
Kalshi WS trade #5506: KXBTC15M-26FEB182200-00 | yes | count=1.00 | yes=69c
Kalshi WS trade #5507: KXNCAAMBSPREAD-26FEB18ORUNEOM-ORU2 | no | count=50.00 | yes=2c
Kalshi WS trade #5508: KXNCAAMBSPREAD-26FEB18ORUNEOM-ORU2 | no | count=107.00 | yes=2c
Kalshi WS trade #5509: KXGOVTSHUTLENGTH-26FEB07-G30 | no | count=11.00 | yes=60c
Kalshi WS trade #5510: KXWTIW-26FEB20-B65.5 | yes | count=20.00 | yes=23c
Kalshi WS trade #5511: KXNCAAMBTOTAL-26FEB18BYUARIZ-149 | yes | count=10.00 | yes=82c
Kalshi WS trade #5512: KXNCAAMBTOTAL-26FEB18BYUARIZ-149 | yes | count=232.00 | yes=82c
Kalshi WS trade #5513: KXWOMHOCKEYMVP-26-QHUG | yes | count=2.00 | yes=13c
Kalshi WS trade #5514: KXNCAAWBGAME-26FEB19LSUMISS-MISS | no | count=5.00 | yes=26c
Kalshi WS trade #5515: KXBTC15M-26FEB182200-00 | no | count=5.00 | yes=68c
Kalshi WS trade #5516: KXNCAAMBGAME-26FEB18CHARTLSA-CHAR | yes | count=134.00 | yes=14c
Kalshi WS trade #5517: KXBTC15M-26FEB182200-00 | no | count=13.00 | yes=68c
Kalshi WS trade #5518: KXNCAAMBGAME-26FEB18NDSUSDST-SDST | no | count=20.00 | yes=3c
Kalshi WS trade #5519: KXNCAAMBGAME-26FEB18NDSUSDST-SDST | no | count=98.00 | yes=2c
Kalshi WS trade #5520: KXNCAAMBGAME-26FEB18NDSUSDST-SDST | no | count=80.00 | yes=2c
Kalshi WS trade #5521: KXNCAAMBGAME-26FEB18NDSUSDST-SDST | no | count=256.00 | yes=2c
Kalshi WS trade #5522: KXNCAAMBGAME-26FEB18NDSUSDST-SDST | no | count=457.00 | yes=1c
Kalshi WS trade #5523: KXNCAAMBGAME-26FEB18NDSUSDST-SDST | no | count=500.00 | yes=1c
Kalshi WS trade #5524: KXNCAAMBGAME-26FEB18NDSUSDST-SDST | no | count=10.00 | yes=1c
Kalshi WS trade #5525: KXNCAAMBGAME-26FEB18NDSUSDST-SDST | no | count=1.00 | yes=1c
Kalshi WS trade #5526: KXNCAAMBGAME-26FEB18NDSUSDST-NDSU | yes | count=25.00 | yes=97c
Kalshi WS trade #5527: KXNCAAMBGAME-26FEB18NDSUSDST-SDST | yes | count=7.00 | yes=4c
Kalshi WS trade #5528: KXNCAAMBGAME-26FEB18FAUUTSA-UTSA | yes | count=46.00 | yes=1c
Kalshi WS trade #5529: KXHIGHAUS-26FEB19-B84.5 | yes | count=2.00 | yes=39c
Kalshi WS trade #5530: KXHIGHAUS-26FEB19-B84.5 | yes | count=2.00 | yes=39c
Kalshi WS trade #5531: KXHIGHAUS-26FEB19-B84.5 | yes | count=2.00 | yes=39c
Kalshi WS trade #5532: KXHIGHAUS-26FEB19-B84.5 | yes | count=2.00 | yes=40c
Kalshi WS trade #5533: KXHIGHAUS-26FEB19-B84.5 | yes | count=2.00 | yes=40c
Kalshi WS trade #5534: KXHIGHAUS-26FEB19-B84.5 | yes | count=40.00 | yes=40c
Kalshi WS trade #5535: KXHIGHAUS-26FEB19-B84.5 | yes | count=2.00 | yes=40c
Kalshi WS trade #5536: KXHIGHAUS-26FEB19-B84.5 | yes | count=3.00 | yes=41c
Kalshi WS trade #5537: KXATPCHALLENGERMATCH-26FEB18GEEMIC-MIC | yes | count=38.00 | yes=50c
Kalshi WS trade #5538: KXNCAAMBGAME-26FEB18BYUARIZ-ARIZ | yes | count=24.00 | yes=82c
Kalshi WS trade #5539: KXETHD-26FEB1822-T1969.99 | yes | count=50.00 | yes=3c
Kalshi WS trade #5540: KXETHD-26FEB1822-T1969.99 | yes | count=12.00 | yes=3c
Kalshi WS trade #5541: KXNCAAMBGAME-26FEB18KENNMOSU-KENN | yes | count=21.00 | yes=68c
Kalshi WS trade #5542: KXNCAAMBGAME-26FEB18VANMIZZ-VAN | yes | count=19.00 | yes=50c
Kalshi WS trade #5543: KXMVESPORTSMULTIGAMEEXTENDED-S2026B42862A9C1A-1DE8DCB0216 | yes | count=2.00 | yes=8c
Kalshi WS trade #5544: KXNCAAWBGAME-26FEB19LSUMISS-MISS | no | count=5.00 | yes=26c
Kalshi WS trade #5545: KXMVESPORTSMULTIGAMEEXTENDED-S2026BAC653CAEDE-5B79D1B8A82 | yes | count=57.00 | yes=16c
Kalshi WS trade #5546: KXMVESPORTSMULTIGAMEEXTENDED-S20262DA42C5388C-69D8AB3A266 | yes | count=18.00 | yes=5c
Kalshi WS trade #5547: KXNCAAMBGAME-26FEB18NDSUSDST-SDST | yes | count=93.00 | yes=4c
Kalshi WS trade #5548: KXNBA-26-SAS | yes | count=37.00 | yes=10c
Kalshi WS trade #5549: KXNCAAMBGAME-26FEB18NCCUSCST-SCST | yes | count=37.00 | yes=52c
Kalshi WS trade #5550: KXNCAAMBGAME-26FEB18VANMIZZ-VAN | yes | count=328.00 | yes=50c
Kalshi WS trade #5551: KXNCAAWBGAME-26FEB18UNMGC-UNM | no | count=3.00 | yes=62c
Kalshi WS trade #5552: KXNCAAMBSPREAD-26FEB18CHARTLSA-TLSA13 | no | count=3.00 | yes=5c
Kalshi WS trade #5553: KXNCAAMBGAME-26FEB18PACWSU-PAC | yes | count=120.00 | yes=43c
Kalshi WS trade #5554: KXNCAAMBGAME-26FEB18KENNMOSU-KENN | yes | count=13.00 | yes=68c
Kalshi WS trade #5555: KXNCAAMBGAME-26FEB18KENNMOSU-KENN | yes | count=34.00 | yes=68c
Kalshi WS trade #5556: KXNCAAMBGAME-26FEB18KENNMOSU-KENN | yes | count=34.00 | yes=68c
Kalshi WS trade #5557: KXNCAAMBGAME-26FEB18KENNMOSU-KENN | yes | count=17.00 | yes=68c
Kalshi WS trade #5558: KXUFCFIGHT-26FEB21STRHER-STR | yes | count=9.00 | yes=30c
Kalshi WS trade #5559: KXATPMATCH-26FEB18GIRRUU-RUU | no | count=27.00 | yes=40c
Kalshi WS trade #5560: KXNCAAWBGAME-26FEB19LSUMISS-MISS | no | count=5.00 | yes=26c
Kalshi WS trade #5561: KXNCAAMBGAME-26FEB18BYUARIZ-BYU | yes | count=47.00 | yes=20c
Kalshi WS trade #5562: KXATPMATCH-26FEB18GIRRUU-GIR | yes | count=40.00 | yes=60c
Kalshi WS trade #5563: KXNCAAMBGAME-26FEB18SMCSEA-SMC | yes | count=107.00 | yes=93c
Kalshi WS trade #5564: KXNCAAMBSPREAD-26FEB18GONZSF-GONZ14 | yes | count=127.00 | yes=55c
Kalshi WS trade #5565: KXBTC15M-26FEB182200-00 | yes | count=2.00 | yes=70c
Kalshi WS trade #5566: KXBTC15M-26FEB182200-00 | yes | count=1.00 | yes=71c
Kalshi WS trade #5567: KXNCAAMBTOTAL-26FEB18ILLUSC-150 | yes | count=269.00 | yes=54c
Kalshi WS trade #5568: KXNCAAMBGAME-26FEB18KENNMOSU-KENN | no | count=152.00 | yes=67c
Kalshi WS trade #5569: KXNCAAMBGAME-26FEB18BYUARIZ-ARIZ | no | count=11.00 | yes=81c
Kalshi WS trade #5570: KXNCAAMBGAME-26FEB18KENNMOSU-MOSU | yes | count=9.00 | yes=33c
Kalshi WS trade #5571: KXNCAAMBGAME-26FEB18KENNMOSU-MOSU | yes | count=34.00 | yes=33c
Kalshi WS trade #5572: KXNCAAMBGAME-26FEB18KENNMOSU-MOSU | yes | count=34.00 | yes=33c
Kalshi WS trade #5573: KXNCAAMBGAME-26FEB18KENNMOSU-MOSU | yes | count=34.00 | yes=33c
Kalshi WS trade #5574: KXNCAAMBGAME-26FEB18KENNMOSU-MOSU | yes | count=34.00 | yes=33c
Kalshi WS trade #5575: KXNCAAMBGAME-26FEB18KENNMOSU-MOSU | yes | count=54.00 | yes=33c
Kalshi WS trade #5576: KXNCAAMBTOTAL-26FEB18KENNMOSU-167 | no | count=14.00 | yes=53c
Kalshi WS trade #5577: KXNCAAMBSPREAD-26FEB18CHARTLSA-TLSA7 | yes | count=25.00 | yes=48c
Kalshi WS trade #5578: KXATPMATCH-26FEB18GIRRUU-GIR | yes | count=11.00 | yes=60c
Kalshi WS trade #5579: KXATPMATCH-26FEB18GIRRUU-GIR | yes | count=53.00 | yes=60c
Kalshi WS trade #5580: KXATPMATCH-26FEB18GIRRUU-RUU | no | count=149.00 | yes=40c
Kalshi WS trade #5581: KXNCAAMBGAME-26FEB18VANMIZZ-VAN | yes | count=193.00 | yes=50c
Kalshi WS trade #5582: KXNCAAMBGAME-26FEB18ILLUSC-USC | yes | count=3139.00 | yes=19c
Kalshi WS trade #5583: KXNCAAMBGAME-26FEB18ILLUSC-USC | yes | count=5.00 | yes=19c
Kalshi WS trade #5584: KXNCAAMBGAME-26FEB18ILLUSC-USC | yes | count=1746.00 | yes=20c
Kalshi WS trade #5585: KXNCAAWBGAME-26FEB18UVUCBU-UVU | no | count=9.00 | yes=46c
Kalshi WS trade #5586: KXNCAAWBGAME-26FEB18UVUCBU-UVU | no | count=7.00 | yes=8c
Kalshi WS trade #5587: KXNCAAWBGAME-26FEB18UNMGC-UNM | yes | count=5.00 | yes=80c
Kalshi WS trade #5588: KXNCAAWBGAME-26FEB18UNMGC-UNM | yes | count=77.00 | yes=80c
Kalshi WS trade #5589: KXNCAAWBGAME-26FEB18UNMGC-UNM | yes | count=2.00 | yes=82c
Kalshi WS trade #5590: KXNCAAWBGAME-26FEB18UNMGC-UNM | yes | count=99.00 | yes=83c
Kalshi WS trade #5591: KXNCAAMBGAME-26FEB18CHARTLSA-CHAR | yes | count=10.00 | yes=14c
Kalshi WS trade #5592: KXNCAAWBGAME-26FEB19WISUSC-USC | yes | count=25.00 | yes=95c
Kalshi WS trade #5593: KXNCAAMBGAME-26FEB18VANMIZZ-MIZZ | no | count=2.00 | yes=50c
Kalshi WS trade #5594: KXNCAAMBGAME-26FEB18VANMIZZ-MIZZ | no | count=190.00 | yes=50c
Kalshi WS trade #5595: KXNCAAMBGAME-26FEB18AUBMSST-MSST | yes | count=117.00 | yes=84c
Kalshi WS trade #5596: KXNCAAMBGAME-26FEB18BYUARIZ-BYU | no | count=46.00 | yes=19c
Kalshi WS trade #5597: KXNCAAMBSPREAD-26FEB18BYUARIZ-ARIZ9 | yes | count=7.00 | yes=49c
Kalshi WS trade #5598: KXNCAAMBSPREAD-26FEB18BYUARIZ-ARIZ9 | yes | count=2.00 | yes=49c
Kalshi WS trade #5599: KXMVESPORTSMULTIGAMEEXTENDED-S20266EDC3654F7A-79052F0BC9E | yes | count=71.00 | yes=26c
Kalshi WS trade #5600: KXNCAAMBGAME-26FEB18VANMIZZ-VAN | yes | count=96.00 | yes=50c
Kalshi WS trade #5601: KXNCAAMBGAME-26FEB18CHARTLSA-TLSA | yes | count=78.00 | yes=88c
Kalshi WS trade #5602: KXNCAAMBGAME-26FEB18CHARTLSA-TLSA | yes | count=301.00 | yes=88c
Kalshi WS trade #5603: KXNCAAMBGAME-26FEB18CHARTLSA-TLSA | yes | count=147.00 | yes=88c
Kalshi WS trade #5604: KXMVESPORTSMULTIGAMEEXTENDED-S20266010F319976-BDF115A84FE | yes | count=18.00 | yes=7c
Kalshi WS trade #5605: KXNCAAMBGAME-26FEB18VANMIZZ-VAN | yes | count=200.00 | yes=50c
Kalshi WS trade #5606: KXMVESPORTSMULTIGAMEEXTENDED-S2026C2D53262A74-97A0BC4EBDF | yes | count=309.00 | yes=15c
Kalshi WS trade #5607: KXNCAAMBGAME-26FEB18BYUARIZ-ARIZ | yes | count=36.00 | yes=82c
Kalshi WS trade #5608: KXNCAAMBGAME-26FEB18BYUARIZ-ARIZ | yes | count=300.00 | yes=83c
Kalshi WS trade #5609: KXNCAAMBGAME-26FEB18BYUARIZ-ARIZ | yes | count=2583.00 | yes=83c
Kalshi WS trade #5610: KXNCAAMBTOTAL-26FEB18UVAGT-161 | no | count=1706.00 | yes=65c
Kalshi WS trade #5611: KXNCAAMBTOTAL-26FEB18BYUARIZ-158 | yes | count=10.00 | yes=58c
Kalshi WS trade #5612: KXNCAAMBGAME-26FEB18NCCUSCST-SCST | yes | count=37.00 | yes=52c
Kalshi WS trade #5613: KXNCAAMBGAME-26FEB18BYUARIZ-BYU | no | count=2793.00 | yes=19c
Kalshi WS trade #5614: KXNCAAMBGAME-26FEB18BYUARIZ-BYU | no | count=258.00 | yes=18c
Kalshi WS trade #5615: KXNCAAMBGAME-26FEB18BYUARIZ-BYU | no | count=10.00 | yes=18c
Kalshi WS trade #5616: KXNCAAMBGAME-26FEB18BYUARIZ-BYU | no | count=20.00 | yes=18c
Kalshi WS trade #5617: KXNCAAMBSPREAD-26FEB18BYUARIZ-ARIZ9 | yes | count=3.00 | yes=49c
Kalshi WS trade #5618: KXNCAAWBGAME-26FEB18AFABSU-AFA | no | count=5.00 | yes=61c
Kalshi WS trade #5619: KXNCAAWBGAME-26FEB18AFABSU-AFA | no | count=3.00 | yes=61c
Kalshi WS trade #5620: KXATPMATCH-26FEB18GIRRUU-RUU | no | count=200.00 | yes=40c
Kalshi WS trade #5621: KXNCAAMBGAME-26FEB18BYUARIZ-BYU | no | count=99.00 | yes=17c
Kalshi WS trade #5622: KXNCAAMBGAME-26FEB18NCCUSCST-SCST | yes | count=26.00 | yes=52c
Kalshi WS trade #5623: KXNCAAMBGAME-26FEB18NCCUSCST-SCST | yes | count=100.00 | yes=52c
Kalshi WS trade #5624: KXNCAAMBGAME-26FEB18UTAHWVU-WVU | yes | count=8.00 | yes=44c
Kalshi WS trade #5625: KXBTCD-26FEB1822-T66749.99 | yes | count=41.00 | yes=10c
Kalshi WS trade #5626: KXBTC15M-26FEB182200-00 | yes | count=6.00 | yes=71c
Kalshi WS trade #5627: KXNCAAMBTOTAL-26FEB18NCCUSCST-140 | no | count=19.00 | yes=47c
Kalshi WS trade #5628: KXNCAAMBGAME-26FEB18BYUARIZ-BYU | yes | count=49.00 | yes=18c
Kalshi WS trade #5629: KXNCAAMBGAME-26FEB18VANMIZZ-MIZZ | yes | count=10.00 | yes=51c
Kalshi WS trade #5630: KXNCAAMBGAME-26FEB18VANMIZZ-MIZZ | yes | count=500.00 | yes=51c
Kalshi WS trade #5631: KXNCAAMBGAME-26FEB18VANMIZZ-MIZZ | yes | count=48.00 | yes=52c
Kalshi WS trade #5632: KXNCAAMBGAME-26FEB18CHARTLSA-CHAR | yes | count=12.00 | yes=14c
Kalshi WS trade #5633: KXNCAAMBGAME-26FEB18CHARTLSA-CHAR | yes | count=144.00 | yes=14c
Kalshi WS trade #5634: KXNCAAWBGAME-26FEB18AFABSU-BSU | yes | count=69.00 | yes=51c
Kalshi WS trade #5635: KXNCAAWBGAME-26FEB18AFABSU-BSU | yes | count=27.00 | yes=52c
Kalshi WS trade #5636: KXNCAAWBGAME-26FEB18AFABSU-BSU | yes | count=4.00 | yes=53c
Kalshi WS trade #5637: KXNCAAMBSPREAD-26FEB18ILLUSC-ILL9 | yes | count=19.00 | yes=49c
Kalshi WS trade #5638: KXEARNINGSMENTIONWMT-26JUN30-TARI | no | count=50.00 | yes=93c
Kalshi WS trade #5639: KXNCAAMBTOTAL-26FEB18BYUARIZ-164 | no | count=10.00 | yes=34c
Kalshi WS trade #5640: KXNCAAMBGAME-26FEB18CHARTLSA-TLSA | yes | count=6.00 | yes=88c
Kalshi WS trade #5641: KXNCAAMBSPREAD-26FEB18UTAHWVU-WVU4 | no | count=109.00 | yes=24c
Kalshi WS trade #5642: KXNCAAMBSPREAD-26FEB18UTAHWVU-WVU4 | no | count=50.00 | yes=24c
Kalshi WS trade #5643: KXATPMATCH-26FEB18GIRRUU-GIR | yes | count=40.00 | yes=60c
Kalshi WS trade #5644: KXTARIFFDECISIONRELEASE-26APR01 | no | count=222.00 | yes=83c
Kalshi WS trade #5645: KXNCAAMBSPREAD-26FEB18MDNW-NW5 | yes | count=38.00 | yes=92c
Kalshi WS trade #5646: KXNCAAMBSPREAD-26FEB18MDNW-NW5 | yes | count=20.00 | yes=93c
Kalshi WS trade #5647: KXNCAAMBSPREAD-26FEB18MDNW-NW5 | yes | count=49.00 | yes=93c
Kalshi WS trade #5648: KXNCAAMBSPREAD-26FEB18BYUARIZ-ARIZ9 | no | count=1.00 | yes=38c
Poly WS trade #67: asset=54073086346734626735... | SELL | size=36 | price=0.005
Kalshi WS trade #5649: KXNCAAMBGAME-26FEB18KUOKST-OKST | yes | count=10.00 | yes=5c
Kalshi WS trade #5650: KXNCAAMBGAME-26FEB18KUOKST-OKST | yes | count=7.00 | yes=5c
Kalshi WS trade #5651: KXNCAAMBTOTAL-26FEB18KENNMOSU-167 | no | count=2.00 | yes=53c
Kalshi WS trade #5652: KXNCAAMBTOTAL-26FEB18KENNMOSU-167 | no | count=68.00 | yes=53c
Kalshi WS trade #5653: KXNCAAMBGAME-26FEB18BYUARIZ-BYU | yes | count=8.00 | yes=18c
Kalshi WS trade #5654: KXNCAAMBGAME-26FEB18BYUARIZ-BYU | yes | count=45.00 | yes=18c
Kalshi WS trade #5655: KXNCAAMBGAME-26FEB18DEPHALL-HALL | yes | count=31.00 | yes=15c
Kalshi WS trade #5656: KXNCAAMBGAME-26FEB18VANMIZZ-VAN | yes | count=105.00 | yes=50c
Kalshi WS trade #5657: KXNCAAMBGAME-26FEB18DEPHALL-DEP | yes | count=5.00 | yes=87c
Kalshi WS trade #5658: KXNCAAWBGAME-26FEB18UVUCBU-CBU | no | count=31.00 | yes=55c
Kalshi WS trade #5659: KXNCAAWBGAME-26FEB18UVUCBU-CBU | no | count=33.00 | yes=47c
Kalshi WS trade #5660: KXNCAAMBGAME-26FEB18BYUARIZ-BYU | yes | count=27.00 | yes=18c
Kalshi WS trade #5661: KXNCAAMBGAME-26FEB18DEPHALL-HALL | no | count=16.00 | yes=13c
Kalshi WS trade #5662: KXNCAAMBGAME-26FEB18DEPHALL-HALL | no | count=4.00 | yes=13c
Kalshi WS trade #5663: KXNCAAMBGAME-26FEB18NDSUSDST-SDST | yes | count=98.00 | yes=5c
Kalshi WS trade #5664: KXNCAAMBGAME-26FEB18NDSUSDST-SDST | yes | count=22.00 | yes=5c
Kalshi WS trade #5665: KXNCAAMBGAME-26FEB18DEPHALL-HALL | yes | count=58.00 | yes=15c
Kalshi WS trade #5666: KXNCAAMBGAME-26FEB18CHARTLSA-CHAR | yes | count=67.00 | yes=14c
Kalshi WS trade #5667: KXMVESPORTSMULTIGAMEEXTENDED-S2026B57BA9E8126-B9D320A514A | yes | count=122.00 | yes=39c
Kalshi WS trade #5668: KXMVESPORTSMULTIGAMEEXTENDED-S202694DC16FF501-8ED65019216 | yes | count=33.00 | yes=19c
Kalshi WS trade #5669: KXNCAAMBGAME-26FEB18DEPHALL-HALL | yes | count=2.00 | yes=15c
Kalshi WS trade #5670: KXMVESPORTSMULTIGAMEEXTENDED-S2026AFF556411F2-4FFD4737B29 | yes | count=53.00 | yes=7c
Kalshi WS trade #5671: KXMVESPORTSMULTIGAMEEXTENDED-S2026AFF556411F2-4FFD4737B29 | yes | count=540.00 | yes=7c
Kalshi WS trade #5672: KXMVESPORTSMULTIGAMEEXTENDED-S2026AFF556411F2-4FFD4737B29 | yes | count=41.00 | yes=7c
Kalshi WS trade #5673: KXMVESPORTSMULTIGAMEEXTENDED-S2026D8E7F139B07-D887B4E3ACC | yes | count=49.00 | yes=3c
INFO:     35.145.33.17:0 - "GET /api/sectors/trending?limit=50 HTTP/1.1" 200 OK
Kalshi WS trade #5674: KXNCAAMBGAME-26FEB18MDNW-MD | no | count=37.00 | yes=2c
Kalshi WS trade #5675: KXNCAAMBGAME-26FEB18DEPHALL-DEP | yes | count=65.00 | yes=87c
Kalshi WS trade #5676: KXNCAAMBGAME-26FEB18NDSUSDST-SDST | yes | count=79.00 | yes=5c
Kalshi WS trade #5677: KXNCAAMBGAME-26FEB18NDSUSDST-SDST | yes | count=14.00 | yes=5c
Kalshi WS trade #5678: KXATPMATCH-26FEB18GIRRUU-RUU | yes | count=35.00 | yes=41c
Kalshi WS trade #5679: KXETH15M-26FEB182200-00 | no | count=1.00 | yes=54c
Kalshi WS trade #5680: KXNCAAMBGAME-26FEB18VANMIZZ-VAN | yes | count=19.00 | yes=50c
Kalshi WS trade #5681: KXBTC-26FEB1822-B66875 | no | count=160.00 | yes=9c
Kalshi WS trade #5682: KXBTC-26FEB1822-B66875 | no | count=14.00 | yes=8c
Kalshi WS trade #5683: KXBTC-26FEB1822-B66875 | no | count=2457.00 | yes=7c
Kalshi WS trade #5684: KXNCAAMBGAME-26FEB18GONZSF-SF | yes | count=305.00 | yes=8c
Kalshi WS trade #5685: KXNCAAMBGAME-26FEB18UTAHWVU-UTAH | yes | count=25.00 | yes=58c
Kalshi WS trade #5686: KXNCAAMBGAME-26FEB18VANMIZZ-MIZZ | yes | count=7.00 | yes=51c
Kalshi WS trade #5687: KXBERNIEMENTION-26FEB19-AUTH | yes | count=50.00 | yes=80c
Kalshi WS trade #5688: KXNCAAMBTOTAL-26FEB18NCCUSCST-140 | yes | count=19.00 | yes=50c
Kalshi WS trade #5689: KXNCAAMBGAME-26FEB18BYUARIZ-BYU | yes | count=124.00 | yes=18c
Kalshi WS trade #5690: KXNCAAMBTOTAL-26FEB18PEPPPORT-152 | no | count=2753.00 | yes=44c
Kalshi WS trade #5691: KXNCAAMBTOTAL-26FEB18PEPPPORT-152 | no | count=1396.00 | yes=44c
Kalshi WS trade #5692: KXNCAAMBTOTAL-26FEB18PEPPPORT-152 | no | count=682.00 | yes=44c
Kalshi WS trade #5693: KXNCAAMBTOTAL-26FEB18PEPPPORT-152 | no | count=169.00 | yes=43c
Kalshi WS trade #5694: KXNCAAMBGAME-26FEB18DEPHALL-HALL | yes | count=12.00 | yes=15c
Kalshi WS trade #5695: KXNBAMENTION-26FEB19DETNYK-OVER | yes | count=14.00 | yes=32c
Kalshi WS trade #5696: KXUSAIRANAGREEMENT-27-26APR | yes | count=11.00 | yes=25c
Kalshi WS trade #5697: KXTRAITORS-26DEC31C-MAR | yes | count=10.00 | yes=4c
Kalshi WS trade #5698: KXNCAAMBGAME-26FEB18KUOKST-KU | yes | count=5.00 | yes=96c
Kalshi WS trade #5699: KXNCAAMBGAME-26FEB18BYUARIZ-ARIZ | yes | count=60.00 | yes=83c
Kalshi WS trade #5700: KXNCAAMBGAME-26FEB18BYUARIZ-ARIZ | yes | count=300.00 | yes=83c
Kalshi WS trade #5701: KXNCAAMBGAME-26FEB18BYUARIZ-ARIZ | yes | count=228.00 | yes=83c
Kalshi WS trade #5702: KXNCAAMBTOTAL-26FEB18NDSUSDST-138 | yes | count=30.00 | yes=96c
Kalshi WS trade #5703: KXNCAAMBGAME-26FEB18BYUARIZ-BYU | yes | count=71.00 | yes=18c
Kalshi WS trade #5704: KXNCAAMBTOTAL-26FEB18NDSUSDST-138 | no | count=195.00 | yes=96c
Kalshi WS trade #5705: KXNCAAMBGAME-26FEB18BYUARIZ-BYU | yes | count=23.00 | yes=18c
Kalshi WS trade #5706: KXNCAAMBSPREAD-26FEB18KUOKST-KU15 | yes | count=2.00 | yes=45c
Kalshi WS trade #5707: KXNCAAMBGAME-26FEB18SJUMARQ-MARQ | yes | count=33.00 | yes=17c
Kalshi WS trade #5708: KXNBAGAME-26FEB19DETNYK-NYK | yes | count=156.00 | yes=62c
Kalshi WS trade #5709: KXNCAAMBGAME-26FEB18CSUUNLV-CSU | yes | count=11.00 | yes=43c
Poly WS trade #68: asset=48458075019957098166... | SELL | size=27 | price=0.992
Kalshi WS trade #5710: KXNCAAMBTOTAL-26FEB18DEPHALL-130 | no | count=24.00 | yes=37c
Kalshi WS trade #5711: KXNCAAMBGAME-26FEB18BYUARIZ-ARIZ | yes | count=59.00 | yes=83c
Kalshi WS trade #5712: KXMVESPORTSMULTIGAMEEXTENDED-S202627BA45AE7BD-C5FE6AA2A86 | yes | count=60.00 | yes=9c
Kalshi WS trade #5713: KXNCAAMBGAME-26FEB18BYUARIZ-BYU | yes | count=4.00 | yes=18c
Kalshi WS trade #5714: KXNCAAMBGAME-26FEB18NCCUSCST-NCCU | yes | count=10.00 | yes=48c
Kalshi WS trade #5715: KXNCAAMBGAME-26FEB18PACWSU-PAC | yes | count=10.00 | yes=45c
Kalshi WS trade #5716: KXNCAAMBGAME-26FEB18PACWSU-PAC | yes | count=21.00 | yes=45c
Kalshi WS trade #5717: KXNCAAMBGAME-26FEB18CHARTLSA-CHAR | yes | count=67.00 | yes=14c
Kalshi WS trade #5718: KXNCAAMBGAME-26FEB18BYUARIZ-BYU | yes | count=11.00 | yes=18c
Kalshi WS trade #5719: KXNCAAMBGAME-26FEB18BYUARIZ-BYU | yes | count=9.00 | yes=18c
Kalshi WS trade #5720: KXBTC15M-26FEB182200-00 | no | count=2.00 | yes=68c
Kalshi WS trade #5721: KXBTC15M-26FEB182200-00 | no | count=2.00 | yes=68c
Kalshi WS trade #5722: KXBTC15M-26FEB182200-00 | no | count=4.00 | yes=68c
Kalshi WS trade #5723: KXBTC15M-26FEB182200-00 | no | count=3.00 | yes=67c
Kalshi WS trade #5724: KXBTC15M-26FEB182200-00 | no | count=18.00 | yes=67c
Kalshi WS trade #5725: KXNCAAMBGAME-26FEB18NCCUSCST-SCST | yes | count=10.00 | yes=53c
Kalshi WS trade #5726: KXNCAAMBGAME-26FEB18NCCUSCST-NCCU | no | count=1.00 | yes=47c
Kalshi WS trade #5727: KXNCAAMBSPREAD-26FEB18ILLUSC-ILL9 | yes | count=918.00 | yes=49c
Kalshi WS trade #5728: KXNCAAMBGAME-26FEB18BYUARIZ-BYU | yes | count=59.00 | yes=18c
Kalshi WS trade #5729: KXNCAAMBGAME-26FEB18BYUARIZ-BYU | yes | count=24.00 | yes=18c
Kalshi WS trade #5730: KXNCAAMBGAME-26FEB18BYUARIZ-BYU | yes | count=46.00 | yes=18c
Kalshi WS trade #5731: KXNCAAMBGAME-26FEB18BYUARIZ-BYU | yes | count=3.00 | yes=19c
Kalshi WS trade #5732: KXNCAAMBGAME-26FEB18NCCUSCST-NCCU | no | count=99.00 | yes=47c
Kalshi WS trade #5733: KXNCAAMBGAME-26FEB18KUOKST-OKST | no | count=16.00 | yes=4c
Poly WS trade #69: asset=48458075019957098166... | SELL | size=36 | price=0.992
Kalshi WS trade #5734: KXNCAAMBGAME-26FEB18DEPHALL-HALL | yes | count=6.00 | yes=15c
Kalshi WS trade #5735: KXNCAAMBGAME-26FEB18BYUARIZ-BYU | yes | count=20.00 | yes=19c
Poly WS trade #70: asset=62938043365772447095... | BUY | size=250 | price=0.06
Kalshi WS trade #5736: KXNCAAMBGAME-26FEB18KUOKST-KU | yes | count=1038.00 | yes=96c
Kalshi WS trade #5737: KXBTC15M-26FEB182200-00 | yes | count=20.00 | yes=69c
Kalshi WS trade #5738: KXBTC15M-26FEB182200-00 | yes | count=2.00 | yes=71c
Kalshi WS trade #5739: KXBTC15M-26FEB182200-00 | yes | count=2.00 | yes=71c
Kalshi WS trade #5740: KXBTC15M-26FEB182200-00 | yes | count=1.00 | yes=72c
Kalshi WS trade #5741: KXNCAAMBGAME-26FEB18VANMIZZ-MIZZ | yes | count=7.00 | yes=51c
Kalshi WS trade #5742: KXNCAAMBSPREAD-26FEB18BYUARIZ-ARIZ9 | no | count=9.00 | yes=39c
Kalshi WS trade #5743: KXNCAAMBSPREAD-26FEB18BYUARIZ-ARIZ9 | no | count=2.00 | yes=36c
Kalshi WS trade #5744: KXNCAAMBSPREAD-26FEB18BYUARIZ-ARIZ9 | no | count=7.00 | yes=35c
Kalshi WS trade #5745: KXNCAAMBGAME-26FEB18PACWSU-PAC | yes | count=69.00 | yes=45c
Kalshi WS trade #5746: KXNCAAMBGAME-26FEB18NDSUSDST-NDSU | yes | count=102.00 | yes=97c
Kalshi WS trade #5747: KXLLM1-26FEB28-A | no | count=122.00 | yes=63c
Kalshi WS trade #5748: KXLLM1-26FEB28-A | no | count=11.00 | yes=63c
Kalshi WS trade #5749: KXLLM1-26FEB28-GOOG | no | count=500.00 | yes=36c
Kalshi WS trade #5750: KXNCAAMBGAME-26FEB18UTAHWVU-UTAH | yes | count=29.00 | yes=58c
Kalshi WS trade #5751: KXNCAAMBGAME-26FEB18UTAHWVU-UTAH | yes | count=54.00 | yes=58c
Kalshi WS trade #5752: KXNCAAMBGAME-26FEB18UTAHWVU-UTAH | yes | count=42.00 | yes=58c
Kalshi WS trade #5753: KXBTCD-26FEB1917-T71999.99 | no | count=38.00 | yes=1c
Kalshi WS trade #5754: KXATPMATCH-26FEB18GIRRUU-RUU | yes | count=89.00 | yes=41c
Kalshi WS trade #5755: KXBTC15M-26FEB182200-00 | no | count=14.00 | yes=66c
Kalshi WS trade #5756: KXNCAABMENTION-26FEB18BYUARIZ-NIL | yes | count=46.00 | yes=4c
Kalshi WS trade #5757: KXMVESPORTSMULTIGAMEEXTENDED-S20266284CFB09F9-E2FA573F488 | yes | count=5676.00 | yes=0c
Kalshi WS trade #5758: KXMVESPORTSMULTIGAMEEXTENDED-S2026D6C54918729-C604108B463 | yes | count=353.00 | yes=4c
Kalshi WS trade #5759: KXNCAAMBGAME-26FEB18CHARTLSA-CHAR | yes | count=15.00 | yes=14c
Kalshi WS trade #5760: KXNCAAMBGAME-26FEB18UTAHWVU-UTAH | yes | count=8.00 | yes=58c
Kalshi WS trade #5761: KXATPMATCH-26FEB18GIRRUU-GIR | yes | count=81.00 | yes=60c
Kalshi WS trade #5762: KXNCAAMBGAME-26FEB18CHARTLSA-CHAR | no | count=67.00 | yes=12c
Kalshi WS trade #5763: KXNCAAMBGAME-26FEB18PACWSU-WSU | yes | count=126.00 | yes=56c
Kalshi WS trade #5764: KXNCAAMBGAME-26FEB18PACWSU-WSU | yes | count=126.00 | yes=56c
Kalshi WS trade #5765: KXNCAAMBGAME-26FEB18PACWSU-WSU | yes | count=126.00 | yes=56c
Kalshi WS trade #5766: KXNCAAMBGAME-26FEB18PACWSU-WSU | yes | count=126.00 | yes=56c
Kalshi WS trade #5767: KXNCAAMBGAME-26FEB18PACWSU-WSU | yes | count=126.00 | yes=56c
Kalshi WS trade #5768: KXNCAAMBGAME-26FEB18PACWSU-WSU | yes | count=126.00 | yes=57c
Kalshi WS trade #5769: KXNCAAMBGAME-26FEB18PACWSU-WSU | yes | count=126.00 | yes=57c
Kalshi WS trade #5770: KXNCAAMBGAME-26FEB18PACWSU-WSU | yes | count=320.00 | yes=57c
Kalshi WS trade #5771: KXPGATOUR-THGI26-MMCN | yes | count=50.00 | yes=2c
Kalshi WS trade #5772: KXNCAAMBTOTAL-26FEB18MDNW-145 | yes | count=12.00 | yes=62c
Kalshi WS trade #5773: KXNCAAMBTOTAL-26FEB18MDNW-145 | yes | count=2.00 | yes=62c
Kalshi WS trade #5774: KXNCAAMBTOTAL-26FEB18MDNW-145 | yes | count=9.00 | yes=62c
Kalshi WS trade #5775: KXNCAABBGAME-26FEB181830MGGFGE-FGE | yes | count=2.00 | yes=95c
Kalshi WS trade #5776: KXNCAAMBGAME-26FEB18UTAHWVU-WVU | yes | count=34.00 | yes=44c
Kalshi WS trade #5777: KXNCAAMBGAME-26FEB18CHARTLSA-CHAR | yes | count=33.00 | yes=14c
Kalshi WS trade #5778: KXNCAABMENTION-26FEB18ARKALA-AIRB | yes | count=166.00 | yes=1c
Kalshi WS trade #5779: KXNCAAMBGAME-26FEB18NCCUSCST-NCCU | yes | count=204.00 | yes=47c
Kalshi WS trade #5780: KXNCAAMBGAME-26FEB18VANMIZZ-VAN | yes | count=2.00 | yes=50c
Kalshi WS trade #5781: KXNBATOTAL-26FEB19TORCHI-230 | no | count=13.00 | yes=56c
Kalshi WS trade #5782: KXATPMATCH-26FEB18GIRRUU-GIR | yes | count=6.00 | yes=60c
Kalshi WS trade #5783: KXATPMATCH-26FEB18GIRRUU-GIR | yes | count=180.00 | yes=60c
Kalshi WS trade #5784: KXATPMATCH-26FEB18GIRRUU-GIR | yes | count=170.00 | yes=60c
Kalshi WS trade #5785: KXNCAAMBGAME-26FEB18NCCUSCST-NCCU | yes | count=50.00 | yes=47c
Kalshi WS trade #5786: KXLOWTAUS-26FEB19-T58 | no | count=1.00 | yes=23c
Kalshi WS trade #5787: KXMVESPORTSMULTIGAMEEXTENDED-S202667BE58C12D6-EB811E0E03C | yes | count=54.00 | yes=26c
Kalshi WS trade #5788: KXNCAAMBGAME-26FEB18CHARTLSA-CHAR | yes | count=119.00 | yes=14c
Kalshi WS trade #5789: KXNCAAMBGAME-26FEB18CHARTLSA-CHAR | yes | count=251.00 | yes=14c
Kalshi WS trade #5790: KXATPMATCH-26FEB18GIRRUU-RUU | yes | count=702.00 | yes=41c
Kalshi WS trade #5791: KXNCAAMBSPREAD-26FEB18ILLUSC-ILL9 | yes | count=41.00 | yes=49c
Kalshi WS trade #5792: KXETH-26FEB1822-B1980 | no | count=10.00 | yes=2c
Kalshi WS trade #5793: KXNCAAMBGAME-26FEB18SJUMARQ-MARQ | yes | count=2767.00 | yes=17c
Kalshi WS trade #5794: KXNCAAMBGAME-26FEB18BYUARIZ-BYU | yes | count=10.00 | yes=19c
Kalshi WS trade #5795: KXNCAAMBGAME-26FEB18BYUARIZ-BYU | yes | count=24.00 | yes=19c
Kalshi WS trade #5796: KXATPMATCH-26FEB18GIRRUU-RUU | yes | count=81.00 | yes=41c
Kalshi WS trade #5797: KXNCAAMBGAME-26FEB18UTAHWVU-UTAH | yes | count=5.00 | yes=58c
Kalshi WS trade #5798: KXKHAMENEIOUT-AKHA-26MAR01 | yes | count=342.00 | yes=11c
Kalshi WS trade #5799: KXNCAAMBSPREAD-26FEB18DEPHALL-DEP4 | no | count=50.00 | yes=61c
Poly WS trade #71: asset=32562890083332327801... | BUY | size=3603 | price=0.845
Poly WS trade #72: asset=32562890083332327801... | BUY | size=2895 | price=0.845
Kalshi WS trade #5800: KXNCAAMBGAME-26FEB18PACWSU-PAC | yes | count=126.00 | yes=46c
Kalshi WS trade #5801: KXNCAAMBGAME-26FEB18PACWSU-PAC | yes | count=126.00 | yes=46c
Kalshi WS trade #5802: KXNCAAMBGAME-26FEB18PACWSU-PAC | yes | count=126.00 | yes=46c
Kalshi WS trade #5803: KXNCAAMBGAME-26FEB18PACWSU-PAC | yes | count=12.00 | yes=46c
Kalshi WS trade #5804: KXETH15M-26FEB182200-00 | no | count=8.00 | yes=54c
Kalshi WS trade #5805: KXNCAAMBGAME-26FEB18NCCUSCST-NCCU | no | count=1.00 | yes=46c
INFO:     35.145.33.17:0 - "GET /api/stats HTTP/1.1" 200 OK
INFO:     35.145.33.17:0 - "GET /api/all-markets?limit=5 HTTP/1.1" 200 OK
Poly WS trade #73: asset=32562890083332327801... | BUY | size=2911 | price=0.845
Kalshi WS trade #5806: KXNCAAMBGAME-26FEB18ORUNEOM-ORU | yes | count=78.00 | yes=4c
Kalshi WS trade #5807: KXNCAAMBGAME-26FEB18KENNMOSU-MOSU | yes | count=20.00 | yes=34c
Kalshi WS trade #5808: KXETH15M-26FEB182200-00 | no | count=2.00 | yes=54c
Poly WS trade #74: asset=32562890083332327801... | BUY | size=3743 | price=0.845
Kalshi WS trade #5809: KXNCAAMBGAME-26FEB18BYUARIZ-BYU | yes | count=36.00 | yes=19c
Kalshi WS trade #5810: KXNCAAMBGAME-26FEB18BYUARIZ-BYU | yes | count=7.00 | yes=19c
Kalshi WS trade #5811: KXNCAAMBGAME-26FEB18BYUARIZ-BYU | yes | count=17.00 | yes=19c
Kalshi WS trade #5812: KXNCAAMBGAME-26FEB18BYUARIZ-BYU | yes | count=20.00 | yes=20c
Kalshi WS trade #5813: KXNCAAMBGAME-26FEB18BYUARIZ-BYU | yes | count=60.00 | yes=20c
Kalshi WS trade #5814: KXNCAAMBGAME-26FEB18BYUARIZ-BYU | yes | count=19.00 | yes=20c
Kalshi WS trade #5815: KXNCAAMBGAME-26FEB18VANMIZZ-VAN | yes | count=4.00 | yes=51c
Kalshi WS trade #5816: KXNCAAMBGAME-26FEB18KENNMOSU-MOSU | yes | count=208.00 | yes=34c
Kalshi WS trade #5817: KXTRUMPMENTION-26MAR02-USHA | yes | count=5.00 | yes=18c
Kalshi WS trade #5818: KXNCAAMBGAME-26FEB18CHARTLSA-CHAR | no | count=92.00 | yes=12c
Kalshi WS trade #5819: KXNCAAMBGAME-26FEB18CHARTLSA-TLSA | yes | count=2.00 | yes=88c
INFO:     35.145.33.17:0 - "GET /api/sectors/trending?limit=50 HTTP/1.1" 200 OK
Kalshi WS trade #5820: KXNCAAMBSPREAD-26FEB18BYUARIZ-ARIZ9 | yes | count=10.00 | yes=50c
Kalshi WS trade #5821: KXNCAAMBSPREAD-26FEB18BYUARIZ-ARIZ9 | yes | count=9.00 | yes=51c
Kalshi WS trade #5822: KXNCAAMBSPREAD-26FEB18BYUARIZ-ARIZ9 | yes | count=28.00 | yes=52c
Kalshi WS trade #5823: KXNCAAMBGAME-26FEB18VANMIZZ-MIZZ | yes | count=486.00 | yes=51c
Kalshi WS trade #5824: KXNCAAMBGAME-26FEB18VANMIZZ-MIZZ | yes | count=2000.00 | yes=51c
Kalshi WS trade #5825: KXNCAAMBGAME-26FEB18VANMIZZ-MIZZ | yes | count=267.00 | yes=52c
Kalshi WS trade #5826: KXNCAAMBGAME-26FEB18VANMIZZ-MIZZ | yes | count=60.00 | yes=53c
Kalshi WS trade #5827: KXNCAAMBGAME-26FEB18VANMIZZ-MIZZ | yes | count=125.00 | yes=53c
Kalshi WS trade #5828: KXNCAAMBGAME-26FEB18VANMIZZ-VAN | no | count=500.00 | yes=49c
Kalshi WS trade #5829: KXNCAAMBGAME-26FEB18VANMIZZ-VAN | no | count=200.00 | yes=49c
Kalshi WS trade #5830: KXNCAAMBGAME-26FEB18VANMIZZ-VAN | no | count=45.00 | yes=48c
Kalshi WS trade #5831: KXNCAAMBGAME-26FEB18VANMIZZ-VAN | no | count=7.00 | yes=48c
Kalshi WS trade #5832: KXNCAAMBGAME-26FEB18VANMIZZ-VAN | no | count=50.00 | yes=48c
Kalshi WS trade #5833: KXNCAAMBGAME-26FEB18VANMIZZ-VAN | no | count=267.00 | yes=48c
Kalshi WS trade #5834: KXNCAAMBGAME-26FEB18VANMIZZ-VAN | no | count=500.00 | yes=47c
Kalshi WS trade #5835: KXBTCMAX150-25-26MAR31-149999.99 | yes | count=25.00 | yes=3c
Kalshi WS trade #5836: KXWMARMAD-26-SCAR | yes | count=83.00 | yes=10c
Kalshi WS trade #5837: KXNCAAMBTOTAL-26FEB18UVAGT-149 | no | count=11.00 | yes=89c
Kalshi WS trade #5838: KXNCAAMBTOTAL-26FEB18UVAGT-149 | no | count=30.00 | yes=89c
Kalshi WS trade #5839: KXNCAAMBGAME-26FEB18VANMIZZ-MIZZ | no | count=500.00 | yes=51c
Kalshi WS trade #5840: KXMVESPORTSMULTIGAMEEXTENDED-S2026EEA1871496A-47A808FF441 | yes | count=406.00 | yes=2c
Kalshi WS trade #5841: KXNCAAMBGAME-26FEB18DEPHALL-DEP | no | count=12.00 | yes=85c
Kalshi WS trade #5842: KXMVESPORTSMULTIGAMEEXTENDED-S202669E51502DF6-079421D93EC | yes | count=457.00 | yes=42c
Kalshi WS trade #5843: KXATPMATCH-26FEB18GIRRUU-RUU | yes | count=97.00 | yes=41c
Kalshi WS trade #5844: KXATPMATCH-26FEB18GIRRUU-RUU | yes | count=137.00 | yes=41c
Kalshi WS trade #5845: KXMVESPORTSMULTIGAMEEXTENDED-S202667BC6399A8D-D30DDF4DDC0 | yes | count=6.00 | yes=45c
Kalshi WS trade #5846: KXNCAABMENTION-26FEB18BYUARIZ-ELBO | no | count=6.00 | yes=87c
Kalshi WS trade #5847: KXNCAABMENTION-26FEB18BYUARIZ-ELBO | no | count=25.00 | yes=86c
Kalshi WS trade #5848: KXNCAABMENTION-26FEB18BYUARIZ-ELBO | no | count=10.00 | yes=77c
Kalshi WS trade #5849: KXMVESPORTSMULTIGAMEEXTENDED-S2026AFE9327FAE3-CA9566C0316 | yes | count=54.00 | yes=1c
Kalshi WS trade #5850: KXMVESPORTSMULTIGAMEEXTENDED-S202657CD781F6A0-624FF95508B | yes | count=17.00 | yes=56c
Kalshi WS trade #5851: KXBTCD-26FEB1822-T66749.99 | yes | count=47.00 | yes=10c
Kalshi WS trade #5852: KXETH15M-26FEB182200-00 | no | count=45.00 | yes=54c
Kalshi WS trade #5853: KXNCAAMBGAME-26FEB18UTAHWVU-WVU | yes | count=10.00 | yes=44c
Kalshi WS trade #5854: KXNCAAMBSPREAD-26FEB18KUOKST-KU15 | yes | count=53.00 | yes=45c
Kalshi WS trade #5855: KXNCAAMBTOTAL-26FEB18BYUARIZ-149 | yes | count=391.00 | yes=83c
Poly WS trade #75: asset=75085355106524808693... | BUY | size=258.81818 | price=0.11
Kalshi WS trade #5856: KXNCAAMBGAME-26FEB18NDSUSDST-SDST | no | count=17.00 | yes=3c
Kalshi WS trade #5857: KXNCAAMBGAME-26FEB18NDSUSDST-SDST | no | count=9.00 | yes=2c
Kalshi WS trade #5858: KXNCAAMBGAME-26FEB18UTAHWVU-UTAH | yes | count=49.00 | yes=58c
Kalshi WS trade #5859: KXNCAAMBGAME-26FEB18UTAHWVU-UTAH | yes | count=54.00 | yes=58c
Kalshi WS trade #5860: KXNCAAMBGAME-26FEB18UTAHWVU-UTAH | yes | count=54.00 | yes=58c
Kalshi WS trade #5861: KXNCAAMBGAME-26FEB18UTAHWVU-UTAH | yes | count=54.00 | yes=58c
Kalshi WS trade #5862: KXNCAAMBGAME-26FEB18UTAHWVU-UTAH | yes | count=54.00 | yes=58c
Kalshi WS trade #5863: KXNCAAMBGAME-26FEB18UTAHWVU-UTAH | yes | count=153.00 | yes=58c
Kalshi WS trade #5864: KXNCAAMBGAME-26FEB18KENNMOSU-MOSU | yes | count=56.00 | yes=34c
Kalshi WS trade #5865: KXNCAAMBTOTAL-26FEB18DEPHALL-127 | no | count=50.00 | yes=54c
Kalshi WS trade #5866: KXNCAAMBGAME-26FEB18ILLUSC-USC | yes | count=40.00 | yes=20c
Kalshi WS trade #5867: KXNCAAMBGAME-26FEB18NDSUSDST-NDSU | yes | count=7.00 | yes=97c
Kalshi WS trade #5868: KXNCAAMBGAME-26FEB18NDSUSDST-NDSU | yes | count=2.00 | yes=97c
Kalshi WS trade #5869: KXNCAAMBGAME-26FEB18NDSUSDST-NDSU | yes | count=136.00 | yes=97c
Kalshi WS trade #5870: KXNCAAMBGAME-26FEB18PACWSU-WSU | no | count=100.00 | yes=54c
Kalshi WS trade #5871: KXATPMATCH-26FEB18GIRRUU-RUU | no | count=25.00 | yes=40c
Kalshi WS trade #5872: KXNCAAMBGAME-26FEB18NCCUSCST-NCCU | yes | count=30.00 | yes=47c
Kalshi WS trade #5873: KXNCAAMBGAME-26FEB18BSUUSU-BSU | yes | count=300.00 | yes=20c
Kalshi WS trade #5874: KXLLM1-26FEB28-GOOG | yes | count=81.00 | yes=37c
Kalshi WS trade #5875: KXLLM1-26FEB28-GOOG | yes | count=11.00 | yes=38c
Kalshi WS trade #5876: KXLLM1-26FEB28-GOOG | yes | count=4908.00 | yes=38c
Kalshi WS trade #5877: KXNCAAMBGAME-26FEB18PACWSU-PAC | yes | count=10.00 | yes=46c
Kalshi WS trade #5878: KXNCAAWBGAME-26FEB18UNMGC-UNM | yes | count=3.00 | yes=84c
Kalshi WS trade #5879: KXNCAAWBGAME-26FEB18UNMGC-UNM | yes | count=6.00 | yes=84c
Kalshi WS trade #5880: KXNCAAWBGAME-26FEB18UNMGC-UNM | yes | count=8.00 | yes=84c
Kalshi WS trade #5881: KXNCAAWBGAME-26FEB18UNMGC-GC | no | count=3.00 | yes=18c
Kalshi WS trade #5882: KXATPMATCH-26FEB18GIRRUU-RUU | yes | count=163.00 | yes=41c
Kalshi WS trade #5883: KXATPMATCH-26FEB18GIRRUU-RUU | yes | count=68.00 | yes=41c
Kalshi WS trade #5884: KXNCAAMBGAME-26FEB18KENNMOSU-MOSU | yes | count=13.00 | yes=34c
Kalshi WS trade #5885: KXNCAAMBGAME-26FEB18DEPHALL-HALL | yes | count=6.00 | yes=15c
Kalshi WS trade #5886: KXNCAAMBSPREAD-26FEB18AUBMSST-MSST9 | no | count=2.00 | yes=46c
Kalshi WS trade #5887: KXNCAAMBSPREAD-26FEB18AUBMSST-MSST9 | no | count=25.00 | yes=45c
Kalshi WS trade #5888: KXNCAAMBGAME-26FEB18PACWSU-PAC | no | count=50.00 | yes=45c
Kalshi WS trade #5889: KXNCAAMBSPREAD-26FEB18BYUARIZ-BYU1 | yes | count=10.00 | yes=22c
Kalshi WS trade #5890: KXNCAAMBSPREAD-26FEB18BYUARIZ-BYU1 | yes | count=7.00 | yes=23c
Kalshi WS trade #5891: KXNCAAMBSPREAD-26FEB18BYUARIZ-BYU1 | yes | count=17.00 | yes=24c
Kalshi WS trade #5892: KXNCAAMBSPREAD-26FEB18BYUARIZ-BYU1 | yes | count=4.00 | yes=29c
Kalshi WS trade #5893: KXNCAAWBGAME-26FEB19LSUMISS-MISS | no | count=5.00 | yes=26c
Kalshi WS trade #5894: KXNCAAWBGAME-26FEB18UNMGC-GC | yes | count=51.00 | yes=39c
Kalshi WS trade #5895: KXNCAAWBGAME-26FEB18UNMGC-GC | yes | count=5.00 | yes=42c
Kalshi WS trade #5896: KXNCAAWBGAME-26FEB18UNMGC-GC | yes | count=200.00 | yes=42c
Kalshi WS trade #5897: KXNCAAWBGAME-26FEB18UNMGC-GC | yes | count=8.00 | yes=43c
Kalshi WS trade #5898: KXNCAAWBGAME-26FEB18UNMGC-UNM | no | count=2.00 | yes=63c
Kalshi WS trade #5899: KXNCAAWBGAME-26FEB18UNMGC-UNM | no | count=4.00 | yes=63c
Kalshi WS trade #5900: KXNCAAMBSPREAD-26FEB18BYUARIZ-ARIZ9 | no | count=10.00 | yes=38c
Kalshi WS trade #5901: KXNCAAMBSPREAD-26FEB18BYUARIZ-ARIZ9 | no | count=12.00 | yes=38c
Kalshi WS trade #5902: KXNCAAMBSPREAD-26FEB18BYUARIZ-ARIZ9 | no | count=54.00 | yes=38c
Kalshi WS trade #5903: KXMVESPORTSMULTIGAMEEXTENDED-S20267DD7AF87CBC-1492D6EF7BD | yes | count=6.00 | yes=2c
Kalshi WS trade #5904: KXMVESPORTSMULTIGAMEEXTENDED-S202670E58AAD03D-49206723355 | yes | count=6.00 | yes=15c
Kalshi WS trade #5905: KXNCAAMBGAME-26FEB18DEPHALL-DEP | no | count=52.00 | yes=85c
Kalshi WS trade #5906: KXNCAAMBGAME-26FEB18KENNMOSU-KENN | yes | count=42.00 | yes=67c
Kalshi WS trade #5907: KXNCAAMBGAME-26FEB18PACWSU-PAC | no | count=38.00 | yes=45c
Poly WS trade #76: asset=46553455570564517989... | SELL | size=28 | price=0.007
Kalshi WS trade #5908: KXNCAAMBGAME-26FEB18BYUARIZ-BYU | yes | count=24.00 | yes=19c
Kalshi WS trade #5909: KXNCAAMBGAME-26FEB18DEPHALL-HALL | yes | count=246.00 | yes=15c
Kalshi WS trade #5910: KXNCAAMBGAME-26FEB18DEPHALL-HALL | yes | count=18.00 | yes=15c
Poly WS trade #77: asset=25587456249932347125... | BUY | size=34.94 | price=0.979
INFO:     35.145.33.17:0 - "GET /api/sectors HTTP/1.1" 200 OK
Kalshi WS trade #5911: KXNCAAMBSPREAD-26FEB18MDNW-NW11 | yes | count=7.00 | yes=38c
Kalshi WS trade #5912: KXNCAAMBSPREAD-26FEB18MDNW-NW11 | yes | count=5.00 | yes=39c
Kalshi WS trade #5913: KXNCAAMBGAME-26FEB18DEPHALL-DEP | yes | count=151.00 | yes=87c
Kalshi WS trade #5914: KXNCAAMBGAME-26FEB18UTAHWVU-UTAH | yes | count=54.00 | yes=58c
Kalshi WS trade #5915: KXNCAAMBGAME-26FEB18UTAHWVU-UTAH | yes | count=54.00 | yes=58c
Kalshi WS trade #5916: KXNCAAMBGAME-26FEB18UTAHWVU-UTAH | yes | count=54.00 | yes=58c
Kalshi WS trade #5917: KXNCAAMBGAME-26FEB18UTAHWVU-UTAH | yes | count=54.00 | yes=58c
Kalshi WS trade #5918: KXNCAAMBGAME-26FEB18UTAHWVU-UTAH | yes | count=54.00 | yes=58c
Kalshi WS trade #5919: KXNCAAMBGAME-26FEB18UTAHWVU-UTAH | yes | count=563.00 | yes=58c
Kalshi WS trade #5920: KXNCAAMBGAME-26FEB18DEPHALL-HALL | yes | count=12.00 | yes=15c
Kalshi WS trade #5921: KXATPMATCH-26FEB18GIRRUU-RUU | no | count=526.00 | yes=40c
Kalshi WS trade #5922: KXATPMATCH-26FEB18GIRRUU-RUU | no | count=180.00 | yes=40c
Kalshi WS trade #5923: KXATPMATCH-26FEB18GIRRUU-RUU | no | count=180.00 | yes=40c
INFO:     35.145.33.17:0 - "GET /api/sectors HTTP/1.1" 200 OK
Poly WS trade #78: asset=11108067103612610965... | SELL | size=36 | price=0.994
Kalshi WS trade #5924: KXNCAAMBGAME-26FEB18NCCUSCST-NCCU | yes | count=68.00 | yes=47c
Kalshi WS trade #5925: KXNCAAMBGAME-26FEB18NCCUSCST-NCCU | yes | count=451.00 | yes=47c
Kalshi WS trade #5926: KXNCAAMBGAME-26FEB18NCCUSCST-NCCU | yes | count=451.00 | yes=47c
Kalshi WS trade #5927: KXNCAAMBGAME-26FEB18NCCUSCST-NCCU | yes | count=451.00 | yes=47c
Kalshi WS trade #5928: KXNCAAWBGAME-26FEB19LSUMISS-MISS | no | count=5.00 | yes=26c
Kalshi WS trade #5929: KXNCAAMBGAME-26FEB18NDSUSDST-SDST | yes | count=93.00 | yes=4c
Kalshi WS trade #5930: KXNCAAMBGAME-26FEB18VANMIZZ-VAN | yes | count=3.00 | yes=50c
Kalshi WS trade #5931: KXNCAAMBGAME-26FEB18BYUARIZ-BYU | yes | count=24.00 | yes=19c
Kalshi WS trade #5932: KXNCAAMBGAME-26FEB18AUBMSST-MSST | yes | count=100.00 | yes=84c
Kalshi WS trade #5933: KXATPCHALLENGERMATCH-26FEB18CRAIVA-CRA | yes | count=33.00 | yes=69c
Kalshi WS trade #5934: KXATPMATCH-26FEB18GIRRUU-RUU | yes | count=11.00 | yes=41c
Kalshi WS trade #5935: KXNCAAMBGAME-26FEB18KENNMOSU-MOSU | yes | count=416.00 | yes=34c
Kalshi WS trade #5936: KXBTC-26FEB1822-B66625 | yes | count=10.00 | yes=90c
Kalshi WS trade #5937: KXNCAAMBGAME-26FEB18ILLUSC-USC | yes | count=5.00 | yes=20c
Kalshi WS trade #5938: KXNCAAWBGAME-26FEB18UNMGC-UNM | yes | count=1.00 | yes=84c
Kalshi WS trade #5939: KXATPMATCH-26FEB18GIRRUU-GIR | no | count=6.00 | yes=59c
Kalshi WS trade #5940: KXATPMATCH-26FEB18GIRRUU-GIR | no | count=294.00 | yes=59c
Kalshi WS trade #5941: KXNCAAMBGAME-26FEB18DEPHALL-HALL | no | count=79.00 | yes=13c
Kalshi WS trade #5942: KXNCAAWBGAME-26FEB19LSUMISS-MISS | no | count=5.00 | yes=26c
Kalshi WS trade #5943: KXNCAAMBGAME-26FEB18DEPHALL-DEP | yes | count=4.00 | yes=87c
Kalshi WS trade #5944: KXNCAAMBGAME-26FEB18VANMIZZ-VAN | yes | count=4.00 | yes=50c
Kalshi WS trade #5945: KXMVESPORTSMULTIGAMEEXTENDED-S20268ECEDD6210D-8BB8ABD0B24 | yes | count=39.00 | yes=24c
Kalshi WS trade #5946: KXMVESPORTSMULTIGAMEEXTENDED-S2026BAF86329A70-EE46905AE9E | yes | count=79.00 | yes=60c
Kalshi WS trade #5947: KXNCAAMBSPREAD-26FEB18UVAGT-UVA28 | no | count=9.00 | yes=51c
Kalshi WS trade #5948: KXMVESPORTSMULTIGAMEEXTENDED-S202686776CEB9A4-E4FD0F88A09 | yes | count=48.00 | yes=19c
Kalshi WS trade #5949: KXNCAAMBGAME-26FEB18DEPHALL-HALL | yes | count=100.00 | yes=15c
Kalshi WS trade #5950: KXMVESPORTSMULTIGAMEEXTENDED-S20264CE171C7176-8C15764E6CD | yes | count=66.00 | yes=23c
Kalshi WS trade #5951: KXMVESPORTSMULTIGAMEEXTENDED-S20265EC7A6470BB-8CD7F37086C | yes | count=292.00 | yes=3c
Kalshi WS trade #5952: KXNCAAMBSPREAD-26FEB18CHARTLSA-TLSA13 | no | count=15.00 | yes=4c
Kalshi WS trade #5953: KXBTC15M-26FEB182200-00 | yes | count=2.00 | yes=69c
Kalshi WS trade #5954: KXBTC15M-26FEB182200-00 | yes | count=4.00 | yes=70c
Kalshi WS trade #5955: KXBTC15M-26FEB182200-00 | yes | count=1.00 | yes=71c
Kalshi WS trade #5956: KXNCAAMBGAME-26FEB18KENNMOSU-MOSU | yes | count=616.00 | yes=34c
Kalshi WS trade #5957: KXNCAAMBTOTAL-26FEB18DEPHALL-127 | yes | count=4.00 | yes=57c
Kalshi WS trade #5958: KXNCAAMBGAME-26FEB18KENNMOSU-MOSU | yes | count=80.00 | yes=34c
Kalshi WS trade #5959: KXPGAR1LEAD-THGI26-MHOM | yes | count=333.00 | yes=2c
Kalshi WS trade #5960: KXNCAAMBGAME-26FEB18VANMIZZ-VAN | yes | count=19.00 | yes=49c
Kalshi WS trade #5961: KXNCAAWBGAME-26FEB19LSUMISS-MISS | no | count=5.00 | yes=26c
Kalshi WS trade #5962: KXATPMATCH-26FEB18GIRRUU-GIR | no | count=7.00 | yes=59c
Poly WS trade #79: asset=11407343115582673092... | BUY | size=3372.837332 | price=0.59
Kalshi WS trade #5963: KXNCAAMBGAME-26FEB18UTAHWVU-UTAH | yes | count=3.00 | yes=58c
Kalshi WS trade #5964: KXNCAAMBGAME-26FEB18AUBMSST-MSST | yes | count=175.00 | yes=84c
Kalshi WS trade #5965: KXNCAAMBGAME-26FEB18AUBMSST-MSST | yes | count=689.00 | yes=84c
Kalshi WS trade #5966: KXNCAAMBGAME-26FEB18AUBMSST-MSST | yes | count=689.00 | yes=84c
Kalshi WS trade #5967: KXNCAAMBGAME-26FEB18AUBMSST-MSST | yes | count=16.00 | yes=84c
Kalshi WS trade #5968: KXNCAAMBGAME-26FEB18KENNMOSU-KENN | yes | count=144.00 | yes=67c
Kalshi WS trade #5969: KXMEDIARELEASEADDTRAILER-26-MAR01 | no | count=5.00 | yes=14c
Kalshi WS trade #5970: KXMEDIARELEASEADDTRAILER-26-MAR01 | no | count=54.00 | yes=13c
Kalshi WS trade #5971: KXNCAAMBGAME-26FEB18CHARTLSA-CHAR | yes | count=15.00 | yes=12c
Kalshi WS trade #5972: KXBTCD-26FEB1822-T66749.99 | no | count=50.00 | yes=9c
Kalshi WS trade #5973: KXBTCD-26FEB1822-T66749.99 | no | count=100.00 | yes=9c
Kalshi WS trade #5974: KXBTCD-26FEB1822-T66749.99 | no | count=350.00 | yes=7c
Kalshi WS trade #5975: KXBTCD-26FEB1822-T66749.99 | no | count=37.00 | yes=7c
Kalshi WS trade #5976: KXNCAAMBGAME-26FEB18PACWSU-WSU | no | count=100.00 | yes=54c
Kalshi WS trade #5977: KXNCAAMBGAME-26FEB18PACWSU-WSU | no | count=100.00 | yes=54c
Kalshi WS trade #5978: KXATPMATCH-26FEB18GIRRUU-RUU | no | count=15.00 | yes=40c
Kalshi WS trade #5979: KXTOPALBUMSTYLES-26MAR21-KISS | yes | count=1.00 | yes=93c
Kalshi WS trade #5980: KXNCAAMBSPREAD-26FEB18SJUMARQ-SJU9 | yes | count=6.00 | yes=50c
Kalshi WS trade #5981: KXNCAAMBSPREAD-26FEB18SJUMARQ-SJU9 | yes | count=242.00 | yes=51c
Kalshi WS trade #5982: KXNCAAMBSPREAD-26FEB18SJUMARQ-SJU9 | yes | count=695.00 | yes=51c
Kalshi WS trade #5983: KXNCAAMBGAME-26FEB18CSUUNLV-CSU | yes | count=2.00 | yes=43c
Kalshi WS trade #5984: KXNCAAMB1HTOTAL-26FEB18DEPHALL-70 | yes | count=8.00 | yes=10c
Kalshi WS trade #5985: KXNCAAWBGAME-26FEB19LSUMISS-MISS | no | count=5.00 | yes=26c
Kalshi WS trade #5986: KXSAGAWARDCASTDRAMA-26-ONL | no | count=2.00 | yes=88c
Kalshi WS trade #5987: KXATPMATCH-26FEB18GIRRUU-RUU | yes | count=208.00 | yes=41c
Kalshi WS trade #5988: KXNCAAMBGAME-26FEB18VANMIZZ-VAN | yes | count=38.00 | yes=48c
Kalshi WS trade #5989: KXNCAAMBGAME-26FEB18DEPHALL-DEP | yes | count=313.00 | yes=87c
Kalshi WS trade #5990: KXNCAAMBGAME-26FEB18DEPHALL-DEP | yes | count=709.00 | yes=87c
Kalshi WS trade #5991: KXNCAAMBGAME-26FEB18DEPHALL-DEP | yes | count=60.00 | yes=87c
Kalshi WS trade #5992: KXNCAAMBGAME-26FEB18MDNW-NW | yes | count=25.00 | yes=98c
Kalshi WS trade #5993: KXNCAAMBGAME-26FEB18DEPHALL-DEP | yes | count=91.00 | yes=87c
Kalshi WS trade #5994: KXNCAAMBGAME-26FEB18DEPHALL-HALL | yes | count=31.00 | yes=15c
Kalshi WS trade #5995: KXNCAAMBSPREAD-26FEB18SMCSEA-SMC13 | yes | count=133.00 | yes=51c
Kalshi WS trade #5996: KXNCAAMBSPREAD-26FEB18SMCSEA-SMC13 | yes | count=50.00 | yes=51c
Kalshi WS trade #5997: KXNCAAWBGAME-26FEB19WISUSC-USC | yes | count=15.00 | yes=95c
Kalshi WS trade #5998: KXNCAAMBGAME-26FEB18GONZSF-SF | yes | count=458.00 | yes=8c
Kalshi WS trade #5999: KXNCAAMBGAME-26FEB18CHARTLSA-CHAR | yes | count=15.00 | yes=12c
Kalshi WS trade #6000: KXNCAAMBGAME-26FEB18DEPHALL-HALL | yes | count=58.00 | yes=15c
Kalshi WS trade #6001: KXNCAAMBGAME-26FEB18PACWSU-PAC | yes | count=970.00 | yes=46c
Kalshi WS trade #6002: KXNCAAMBGAME-26FEB18BYUARIZ-BYU | yes | count=9.00 | yes=21c
Kalshi WS trade #6003: KXNCAAMBGAME-26FEB18BSUUSU-BSU | yes | count=100.00 | yes=20c
Kalshi WS trade #6004: KXNCAAMBGAME-26FEB18NCCUSCST-SCST | yes | count=10.00 | yes=54c
Kalshi WS trade #6005: KXNCAAMBGAME-26FEB18NCCUSCST-SCST | yes | count=7.00 | yes=54c
Kalshi WS trade #6006: KXNCAAMBGAME-26FEB18CHARTLSA-CHAR | no | count=10.00 | yes=10c
Kalshi WS trade #6007: KXNCAAMBGAME-26FEB18CHARTLSA-CHAR | no | count=41.00 | yes=10c
Kalshi WS trade #6008: KXNCAAMBGAME-26FEB18DEPHALL-HALL | yes | count=32.00 | yes=14c
Kalshi WS trade #6009: KXNCAAMBTOTAL-26FEB18DEPHALL-139 | no | count=5.00 | yes=8c
Kalshi WS trade #6010: KXNCAAMBGAME-26FEB18BYUARIZ-ARIZ | yes | count=60.00 | yes=83c
Kalshi WS trade #6011: KXNCAAMBGAME-26FEB18BYUARIZ-ARIZ | yes | count=283.00 | yes=83c
Kalshi WS trade #6012: KXNCAAMBGAME-26FEB18BYUARIZ-ARIZ | yes | count=4000.00 | yes=83c
Kalshi WS trade #6013: KXNCAAMBGAME-26FEB18BYUARIZ-ARIZ | yes | count=10.00 | yes=83c
Kalshi WS trade #6014: KXNCAAMBGAME-26FEB18BYUARIZ-ARIZ | yes | count=150.00 | yes=83c
Kalshi WS trade #6015: KXNCAAMBGAME-26FEB18BYUARIZ-BYU | no | count=226.00 | yes=19c
Kalshi WS trade #6016: KXNCAAMBGAME-26FEB18BYUARIZ-BYU | no | count=120.00 | yes=18c
Kalshi WS trade #6017: KXNCAAMBGAME-26FEB18BYUARIZ-BYU | no | count=10.00 | yes=18c
Kalshi WS trade #6018: KXNCAAMBGAME-26FEB18BYUARIZ-BYU | no | count=1.00 | yes=17c
Kalshi WS trade #6019: KXNCAAMBGAME-26FEB18BYUARIZ-BYU | no | count=283.00 | yes=17c
Kalshi WS trade #6020: KXNCAAMBGAME-26FEB18BYUARIZ-BYU | no | count=400.00 | yes=17c
Kalshi WS trade #6021: KXNCAAMBGAME-26FEB18VANMIZZ-VAN | yes | count=9.00 | yes=47c
Kalshi WS trade #6022: KXNCAAWBGAME-26FEB18NEVCSU-NEV | yes | count=140.00 | yes=2c
Kalshi WS trade #6023: KXNCAAMBGAME-26FEB18UTAHWVU-WVU | yes | count=54.00 | yes=43c
Kalshi WS trade #6024: KXNCAAMBGAME-26FEB18UTAHWVU-WVU | yes | count=54.00 | yes=43c
Kalshi WS trade #6025: KXNCAAMBGAME-26FEB18UTAHWVU-WVU | yes | count=1.00 | yes=43c
Kalshi WS trade #6026: KXNCAAMBSPREAD-26FEB18ILLUSC-ILL12 | no | count=1.00 | yes=36c
Kalshi WS trade #6027: KXARTISTCOLLABDRAKEKENDRICK-30 | no | count=1.00 | yes=14c
Kalshi WS trade #6028: KXNCAAMBGAME-26FEB18CHARTLSA-CHAR | yes | count=39.00 | yes=12c
Kalshi WS trade #6029: KXNCAAMBSPREAD-26FEB18BYUARIZ-ARIZ9 | yes | count=6.00 | yes=47c
Kalshi WS trade #6030: KXNCAAMBSPREAD-26FEB18BYUARIZ-ARIZ9 | yes | count=4.00 | yes=50c
Kalshi WS trade #6031: KXNCAAMBSPREAD-26FEB18BYUARIZ-ARIZ9 | yes | count=37.00 | yes=52c
Kalshi WS trade #6032: KXNCAAMBSPREAD-26FEB18KUOKST-KU12 | yes | count=50.00 | yes=59c
Kalshi WS trade #6033: KXATPMATCH-26FEB18GIRRUU-GIR | yes | count=10.00 | yes=60c
Kalshi WS trade #6034: KXATPMATCH-26FEB18GIRRUU-GIR | yes | count=151.00 | yes=60c
Kalshi WS trade #6035: KXSTARMERMENTIONB-26FEB19-UKRA | yes | count=280.00 | yes=1c
Kalshi WS trade #6036: KXBERNIEMENTION-26FEB19-TRUM | no | count=20.00 | yes=93c
Kalshi WS trade #6037: KXUELGAME-26FEB19FENNFO-FEN | yes | count=15.00 | yes=44c
Poly WS trade #80: asset=10249390055164570152... | BUY | size=80 | price=0.42
Kalshi WS trade #6038: KXNCAAMBGAME-26FEB18CHARTLSA-TLSA | no | count=5.00 | yes=87c
Kalshi WS trade #6039: KXBERNIEMENTION-26FEB19-TRIL | no | count=332.00 | yes=85c
Kalshi WS trade #6040: KXBERNIEMENTION-26FEB19-TRIL | no | count=4.00 | yes=85c
Kalshi WS trade #6041: KXMVESPORTSMULTIGAMEEXTENDED-S202620704362483-81284BCDB70 | yes | count=216.00 | yes=44c
Kalshi WS trade #6042: KXMVESPORTSMULTIGAMEEXTENDED-S20261D1F13C8C11-B90785583DB | yes | count=125.00 | yes=8c
Kalshi WS trade #6043: KXHIGHTMIN-26FEB19-B36.5 | no | count=1.00 | yes=28c
Kalshi WS trade #6044: KXNCAAMBGAME-26FEB18PACWSU-PAC | yes | count=20.00 | yes=46c
Kalshi WS trade #6045: KXNBASPREAD-26FEB19PHXSAS-SAS3 | no | count=70.00 | yes=66c
Kalshi WS trade #6046: KXNCAAMBGAME-26FEB18NDSUSDST-SDST | yes | count=46.00 | yes=4c
Kalshi WS trade #6047: KXNCAAMBGAME-26FEB18FAUUTSA-UTSA | yes | count=183.00 | yes=1c
Kalshi WS trade #6048: KXNCAAMBGAME-26FEB18ILLUSC-USC | yes | count=4.00 | yes=20c
Kalshi WS trade #6049: KXNCAAMBGAME-26FEB18DEPHALL-DEP | yes | count=22.00 | yes=87c
Kalshi WS trade #6050: KXNCAAMBGAME-26FEB18KUOKST-OKST | yes | count=468.00 | yes=5c
Kalshi WS trade #6051: KXWNBADELAY-26-1 | yes | count=2.00 | yes=78c
Kalshi WS trade #6052: KXNCAAMBGAME-26FEB18BYUARIZ-BYU | yes | count=2.00 | yes=18c
Kalshi WS trade #6053: KXNCAAMBGAME-26FEB18PACWSU-PAC | yes | count=10.00 | yes=46c
Kalshi WS trade #6054: KXNCAAMBGAME-26FEB18PACWSU-PAC | yes | count=94.00 | yes=46c
Kalshi WS trade #6055: KXNCAAMBGAME-26FEB18VANMIZZ-VAN | yes | count=1.00 | yes=47c
Kalshi WS trade #6056: KXNCAAMBTOTAL-26FEB18NCCUSCST-140 | no | count=150.00 | yes=49c
Kalshi WS trade #6057: KXNCAAMBTOTAL-26FEB18NCCUSCST-140 | no | count=50.00 | yes=49c
Kalshi WS trade #6058: KXBTCMAXMON-BTC-26FEB28-8000000 | no | count=218.00 | yes=9c
Kalshi WS trade #6059: KXATPCHALLENGERMATCH-26FEB18KUZNOG-NOG | yes | count=2.00 | yes=48c
Kalshi WS trade #6060: KXNCAAMBGAME-26FEB18BYUARIZ-BYU | no | count=1.00 | yes=17c
Kalshi WS trade #6061: KXATPMATCH-26FEB18GIRRUU-GIR | yes | count=29.00 | yes=60c
Kalshi WS trade #6062: KXATPMATCH-26FEB18GIRRUU-GIR | yes | count=180.00 | yes=60c
Kalshi WS trade #6063: KXATPMATCH-26FEB18GIRRUU-GIR | yes | count=32.00 | yes=60c
Kalshi WS trade #6064: KXNCAAMBGAME-26FEB18PACWSU-PAC | yes | count=6.00 | yes=46c
Kalshi WS trade #6065: KXNCAAMBGAME-26FEB18PACWSU-PAC | yes | count=98.00 | yes=46c
Kalshi WS trade #6066: KXHIGHTATL-26FEB19-B77.5 | yes | count=17.00 | yes=32c
Kalshi WS trade #6067: KXHIGHTATL-26FEB19-B77.5 | yes | count=3.00 | yes=33c
Kalshi WS trade #6068: KXATPMATCH-26FEB18GIRRUU-RUU | yes | count=2.00 | yes=41c
Kalshi WS trade #6069: KXATPMATCH-26FEB18GIRRUU-RUU | yes | count=316.00 | yes=41c
Kalshi WS trade #6070: KXNCAAMBTOTAL-26FEB18BYUARIZ-161 | yes | count=9.00 | yes=47c
Kalshi WS trade #6071: KXNCAAMBGAME-26FEB18ORUNEOM-NEOM | yes | count=27.00 | yes=98c
Kalshi WS trade #6072: KXNCAAMBGAME-26FEB18AUBMSST-AUB | yes | count=23.00 | yes=19c
Kalshi WS trade #6073: KXNCAAMBGAME-26FEB18DEPHALL-HALL | yes | count=31.00 | yes=14c
Poly WS trade #81: asset=20939351535690701474... | BUY | size=35.42 | price=0.964
Kalshi WS trade #6074: KXBTC15M-26FEB182200-00 | yes | count=2.00 | yes=71c
Kalshi WS trade #6075: KXBTC15M-26FEB182200-00 | yes | count=5.00 | yes=72c
Kalshi WS trade #6076: KXBTC15M-26FEB182200-00 | yes | count=90.00 | yes=72c
Kalshi WS trade #6077: KXBTC15M-26FEB182200-00 | yes | count=100.00 | yes=72c
Kalshi WS trade #6078: KXBTC15M-26FEB182200-00 | yes | count=4.00 | yes=72c
Kalshi WS trade #6079: KXBTC15M-26FEB182200-00 | yes | count=362.00 | yes=73c
Kalshi WS trade #6080: KXBTCD-26FEB1822-T66749.99 | yes | count=33.00 | yes=10c
Kalshi WS trade #6081: KXNCAAMBGAME-26FEB18CHARTLSA-CHAR | yes | count=23.00 | yes=12c
Kalshi WS trade #6082: KXSENATETXD-26-JCRO | yes | count=7.00 | yes=25c
Kalshi WS trade #6083: KXBTCD-26FEB1822-T66749.99 | no | count=100.00 | yes=7c
Kalshi WS trade #6084: KXNCAAMBTOTAL-26FEB18BSUUSU-150 | yes | count=371.00 | yes=54c
Kalshi WS trade #6085: KXNCAAMBGAME-26FEB18SJUMARQ-MARQ | yes | count=525.00 | yes=18c
Kalshi WS trade #6086: KXNCAAMBGAME-26FEB18PACWSU-PAC | yes | count=2.00 | yes=46c
Kalshi WS trade #6087: KXNCAAMBTOTAL-26FEB18SMCSEA-133 | yes | count=2.00 | yes=55c
Kalshi WS trade #6088: KXUSDBRLMAX-26DEC31-T6.9999 | yes | count=93.00 | yes=5c
Kalshi WS trade #6089: KXUSDBRLMAX-26DEC31-T6.9999 | yes | count=88.00 | yes=5c
Kalshi WS trade #6090: KXUSDBRLMAX-26DEC31-T6.9999 | yes | count=100.00 | yes=6c
Kalshi WS trade #6091: KXUSDBRLMAX-26DEC31-T6.4999 | yes | count=196.00 | yes=12c
Kalshi WS trade #6092: KXNCAAMBGAME-26FEB18VANMIZZ-VAN | yes | count=102.00 | yes=47c
Kalshi WS trade #6093: KXNCAAMBGAME-26FEB18DEPHALL-DEP | no | count=17.00 | yes=86c
Kalshi WS trade #6094: KXNCAAMBGAME-26FEB18DEPHALL-DEP | yes | count=170.00 | yes=87c
Kalshi WS trade #6095: KXATPMATCH-26FEB18GIRRUU-GIR | yes | count=2.00 | yes=60c
Kalshi WS trade #6096: KXNCAAMBSPREAD-26FEB18VANMIZZ-MIZZ1 | yes | count=100.00 | yes=49c
Kalshi WS trade #6097: KXATPMATCH-26FEB18GIRRUU-RUU | yes | count=18.00 | yes=41c
Kalshi WS trade #6098: KXMVESPORTSMULTIGAMEEXTENDED-S2026875F5763CA7-4757E698A40 | yes | count=412.00 | yes=23c
Kalshi WS trade #6099: KXMVESPORTSMULTIGAMEEXTENDED-S20265C4620A6C15-C6CB706B108 | yes | count=2.00 | yes=28c
Kalshi WS trade #6100: KXMVESPORTSMULTIGAMEEXTENDED-S20265C4620A6C15-C6CB706B108 | yes | count=36.00 | yes=29c
Kalshi WS trade #6101: KXMVESPORTSMULTIGAMEEXTENDED-S2026110B469006A-AD5F71FBC6F | yes | count=2.00 | yes=29c
Kalshi WS trade #6102: KXMVESPORTSMULTIGAMEEXTENDED-S2026110B469006A-AD5F71FBC6F | yes | count=34.00 | yes=29c
Kalshi WS trade #6103: KXMVESPORTSMULTIGAMEEXTENDED-S2026110B469006A-AD5F71FBC6F | yes | count=4.00 | yes=30c
Kalshi WS trade #6104: KXNCAAMBGAME-26FEB18BYUARIZ-ARIZ | no | count=60.00 | yes=84c
Kalshi WS trade #6105: KXMVESPORTSMULTIGAMEEXTENDED-S2026D0801400284-08BD93F1561 | yes | count=4163.00 | yes=11c
Kalshi WS trade #6106: KXNCAAMBGAME-26FEB18KENNMOSU-MOSU | yes | count=281.00 | yes=34c
Kalshi WS trade #6107: KXMVESPORTSMULTIGAMEEXTENDED-S2026DF7C407DA60-ED1598AEBC8 | yes | count=66.00 | yes=74c
Kalshi WS trade #6108: KXNCAAMBGAME-26FEB18BYUARIZ-BYU | no | count=4.00 | yes=16c
Kalshi WS trade #6109: KXNCAAMBGAME-26FEB18BYUARIZ-BYU | no | count=300.00 | yes=16c
Kalshi WS trade #6110: KXNCAAMBGAME-26FEB18BYUARIZ-BYU | no | count=50.00 | yes=16c
Kalshi WS trade #6111: KXNCAAMBGAME-26FEB18MDNW-NW | yes | count=2.00 | yes=98c
Kalshi WS trade #6112: KXNCAAMBSPREAD-26FEB18SJUMARQ-SJU9 | no | count=11.00 | yes=46c
Kalshi WS trade #6113: KXNCAAMBSPREAD-26FEB18SJUMARQ-SJU9 | no | count=3.00 | yes=45c
Kalshi WS trade #6114: KXNCAAMBSPREAD-26FEB18SJUMARQ-SJU9 | no | count=29.00 | yes=44c
Kalshi WS trade #6115: KXNCAAWBGAME-26FEB18NEVCSU-NEV | no | count=468.00 | yes=1c
Kalshi WS trade #6116: KXNCAAWBGAME-26FEB18NEVCSU-NEV | no | count=1.00 | yes=1c
Kalshi WS trade #6117: KXNCAAWBGAME-26FEB18NEVCSU-NEV | no | count=285.00 | yes=1c
Kalshi WS trade #6118: KXNCAAWBGAME-26FEB18NEVCSU-NEV | no | count=285.00 | yes=1c
Kalshi WS trade #6119: KXNCAAMBGAME-26FEB18PACWSU-PAC | yes | count=10.00 | yes=47c
Kalshi WS trade #6120: KXNCAAWBGAME-26FEB18NEVCSU-CSU | yes | count=4.00 | yes=99c
Kalshi WS trade #6121: KXNCAAMBGAME-26FEB18BYUARIZ-BYU | yes | count=45.00 | yes=16c
Kalshi WS trade #6122: KXNCAAMBGAME-26FEB18SJUMARQ-MARQ | yes | count=100.00 | yes=18c
Kalshi WS trade #6123: KXNCAAMBGAME-26FEB18AUBMSST-AUB | yes | count=5000.00 | yes=19c
Kalshi WS trade #6124: KXNCAAMBGAME-26FEB18VANMIZZ-VAN | yes | count=10.00 | yes=47c
Kalshi WS trade #6125: KXNCAAMBSPREAD-26FEB18BYUARIZ-ARIZ9 | no | count=10.00 | yes=39c
Kalshi WS trade #6126: KXNCAAMBSPREAD-26FEB18BYUARIZ-ARIZ9 | no | count=84.00 | yes=39c
Kalshi WS trade #6127: KXNCAAMBGAME-26FEB18DEPHALL-DEP | yes | count=56.00 | yes=87c
Kalshi WS trade #6128: KXATPMATCH-26FEB18GIRRUU-RUU | yes | count=468.00 | yes=41c
Kalshi WS trade #6129: KXNCAAMBGAME-26FEB18KUOKST-OKST | yes | count=142.00 | yes=5c
Kalshi WS trade #6130: KXNCAAMBGAME-26FEB18VANMIZZ-VAN | yes | count=969.00 | yes=47c
Kalshi WS trade #6131: KXNCAAMBGAME-26FEB18VANMIZZ-VAN | yes | count=40.00 | yes=47c
Kalshi WS trade #6132: KXNCAAMBGAME-26FEB18CHARTLSA-TLSA | yes | count=99.00 | yes=89c
Kalshi WS trade #6133: KXNCAAMBGAME-26FEB18CHARTLSA-CHAR | yes | count=16.00 | yes=12c
Kalshi WS trade #6134: KXT20MATCH-26FEB19ZIMSRI-SRI | yes | count=10.00 | yes=78c
Kalshi WS trade #6135: KXBTCMAX150-25-26APR30-149999.99 | no | count=468.00 | yes=3c
Kalshi WS trade #6136: KXNCAAMBGAME-26FEB18BYUARIZ-BYU | yes | count=22.00 | yes=16c
Kalshi WS trade #6137: KXNCAAMBTOTAL-26FEB18DEPHALL-130 | no | count=30.00 | yes=37c
Kalshi WS trade #6138: KXNCAAMBGAME-26FEB18KENNMOSU-KENN | yes | count=1.00 | yes=67c
Kalshi WS trade #6139: KXNCAAMBGAME-26FEB18BYUARIZ-BYU | yes | count=5.00 | yes=16c
Kalshi WS trade #6140: KXXRP15M-26FEB182200-00 | yes | count=5.00 | yes=84c
Kalshi WS trade #6141: KXNCAAMBGAME-26FEB18ILLUSC-USC | yes | count=33.00 | yes=20c
Kalshi WS trade #6142: KXMVESPORTSMULTIGAMEEXTENDED-S202610A8C65A01F-70269BCBC3B | yes | count=26.00 | yes=7c
Poly WS trade #82: asset=48458075019957098166... | SELL | size=28 | price=0.992
Kalshi WS trade #6143: KXBERNIEMENTION-26FEB19-BILL | yes | count=7.00 | yes=98c
Kalshi WS trade #6144: KXNCAAMBGAME-26FEB18UTAHWVU-UTAH | yes | count=51.00 | yes=58c
Kalshi WS trade #6145: KXNCAAMBGAME-26FEB18UTAHWVU-UTAH | yes | count=54.00 | yes=58c
Kalshi WS trade #6146: KXNCAAMBGAME-26FEB18UTAHWVU-UTAH | yes | count=54.00 | yes=58c
Kalshi WS trade #6147: KXNCAAMBGAME-26FEB18UTAHWVU-UTAH | yes | count=7.00 | yes=58c
Kalshi WS trade #6148: KXNCAAMBGAME-26FEB18VANMIZZ-MIZZ | yes | count=250.00 | yes=53c
Kalshi WS trade #6149: KXNCAAMBGAME-26FEB18FAUUTSA-FAU | no | count=10.00 | yes=99c
Kalshi WS trade #6150: KXNCAAMBGAME-26FEB18VANMIZZ-VAN | yes | count=80.00 | yes=47c
Kalshi WS trade #6151: KXBTC15M-26FEB182200-00 | no | count=1.00 | yes=71c
Kalshi WS trade #6152: KXNBAGAME-26FEB20DENPOR-DEN | yes | count=1.00 | yes=54c
Kalshi WS trade #6153: KXNCAAMBGAME-26FEB18VANMIZZ-VAN | yes | count=402.00 | yes=47c
Kalshi WS trade #6154: KXNCAAMBGAME-26FEB18UTAHWVU-UTAH | yes | count=25.00 | yes=58c
Kalshi WS trade #6155: KXBTC15M-26FEB182200-00 | no | count=1.00 | yes=71c
Kalshi WS trade #6156: KXBTC15M-26FEB182200-00 | no | count=4.00 | yes=71c
Kalshi WS trade #6157: KXBTC15M-26FEB182200-00 | no | count=3.00 | yes=68c
Kalshi WS trade #6158: KXBTC15M-26FEB182200-00 | no | count=1.00 | yes=68c
Kalshi WS trade #6159: KXT20MATCH-26FEB19ITAWI-WI | yes | count=537.00 | yes=91c
Kalshi WS trade #6160: KXETH15M-26FEB182200-00 | yes | count=5.00 | yes=58c
Kalshi WS trade #6161: KXNCAAMBGAME-26FEB18BYUARIZ-BYU | yes | count=141.00 | yes=16c
Kalshi WS trade #6162: KXNCAAMBGAME-26FEB18NDSUSDST-NDSU | no | count=321.00 | yes=95c
Kalshi WS trade #6163: KXNCAAMBGAME-26FEB18PACWSU-WSU | yes | count=200.00 | yes=54c
Kalshi WS trade #6164: KXNCAAMBGAME-26FEB18PACWSU-WSU | yes | count=126.00 | yes=54c
Kalshi WS trade #6165: KXNCAAMBGAME-26FEB18PACWSU-WSU | yes | count=126.00 | yes=54c
Kalshi WS trade #6166: KXNCAAMBGAME-26FEB18PACWSU-WSU | yes | count=126.00 | yes=54c
Kalshi WS trade #6167: KXNCAAMBGAME-26FEB18PACWSU-WSU | yes | count=19.00 | yes=55c
Kalshi WS trade #6168: KXNCAAMBGAME-26FEB18PACWSU-WSU | yes | count=52.00 | yes=55c
Kalshi WS trade #6169: KXNCAAMBGAME-26FEB18PACWSU-WSU | yes | count=17.00 | yes=52c
Kalshi WS trade #6170: KXNCAAMBGAME-26FEB18UTAHWVU-UTAH | yes | count=11.00 | yes=58c
Kalshi WS trade #6171: KXBTCD-26FEB1822-T66749.99 | yes | count=9.00 | yes=10c
Kalshi WS trade #6172: KXNCAAMBTOTAL-26FEB18KUOKST-170 | yes | count=67.00 | yes=14c
Kalshi WS trade #6173: KXBERNIEMENTION-26FEB19-CORR | yes | count=16.00 | yes=60c
Kalshi WS trade #6174: KXNCAAMBGAME-26FEB18KENNMOSU-MOSU | yes | count=242.00 | yes=34c
Kalshi WS trade #6175: KXNCAAMBGAME-26FEB18KENNMOSU-MOSU | yes | count=100.00 | yes=34c
Kalshi WS trade #6176: KXNCAAMBGAME-26FEB18KENNMOSU-MOSU | yes | count=35.00 | yes=34c
Kalshi WS trade #6177: KXNCAAMBGAME-26FEB18KENNMOSU-MOSU | yes | count=35.00 | yes=34c
Kalshi WS trade #6178: KXNCAAMBGAME-26FEB18KENNMOSU-MOSU | yes | count=35.00 | yes=34c
Kalshi WS trade #6179: KXNCAAMBGAME-26FEB18KENNMOSU-MOSU | yes | count=35.00 | yes=34c
Kalshi WS trade #6180: KXNCAAMBGAME-26FEB18KENNMOSU-MOSU | yes | count=35.00 | yes=34c
Kalshi WS trade #6181: KXBTC-26FEB1822-B66875 | yes | count=2.00 | yes=12c
Kalshi WS trade #6182: KXNCAAMBGAME-26FEB18BYUARIZ-ARIZ | yes | count=19.00 | yes=84c
Kalshi WS trade #6183: KXKHAMENEIOUT-AKHA-26APR01 | no | count=88.00 | yes=28c
Kalshi WS trade #6184: KXNCAAMBGAME-26FEB18BYUARIZ-BYU | yes | count=90.00 | yes=16c
Kalshi WS trade #6185: KXNCAAMBGAME-26FEB18MURRILST-ILST | yes | count=308.00 | yes=79c
Kalshi WS trade #6186: KXNCAAMBGAME-26FEB18VANMIZZ-VAN | yes | count=204.00 | yes=47c
Kalshi WS trade #6187: KXNCAAMBGAME-26FEB18NCCUSCST-SCST | yes | count=44.00 | yes=53c
Kalshi WS trade #6188: KXBERNIEMENTION-26FEB19-ROBO | no | count=59.00 | yes=84c
Kalshi WS trade #6189: KXNCAAMBTOTAL-26FEB18MDNW-145 | no | count=5.00 | yes=55c
Kalshi WS trade #6190: KXNCAAMBTOTAL-26FEB18MDNW-145 | no | count=5.00 | yes=55c
Kalshi WS trade #6191: KXNCAAMBTOTAL-26FEB18MDNW-145 | no | count=50.00 | yes=55c
Kalshi WS trade #6192: KXNCAAMBTOTAL-26FEB18MDNW-145 | no | count=140.00 | yes=55c
Kalshi WS trade #6193: KXNCAAMBTOTAL-26FEB18MDNW-145 | no | count=223.00 | yes=54c
Kalshi WS trade #6194: KXNCAAMBGAME-26FEB18KENNMOSU-KENN | yes | count=14.00 | yes=67c
Kalshi WS trade #6195: KXSOL15M-26FEB182200-00 | yes | count=5.00 | yes=75c
Poly WS trade #83: asset=54073086346734626735... | SELL | size=30 | price=0.005
Kalshi WS trade #6196: KXNCAAMBGAME-26FEB18BYUARIZ-BYU | yes | count=2020.00 | yes=16c
Kalshi WS trade #6197: KXNCAAMBGAME-26FEB18BYUARIZ-BYU | yes | count=468.00 | yes=16c
Kalshi WS trade #6198: KXNCAAMBGAME-26FEB18BYUARIZ-BYU | yes | count=4000.00 | yes=16c
Kalshi WS trade #6199: KXNCAAMBGAME-26FEB18BYUARIZ-BYU | yes | count=50.00 | yes=16c
Kalshi WS trade #6200: KXNCAAMBGAME-26FEB18BYUARIZ-BYU | yes | count=1667.00 | yes=18c
Kalshi WS trade #6201: KXNCAAMBGAME-26FEB18SMCSEA-SMC | yes | count=16.00 | yes=93c
Kalshi WS trade #6202: KXNCAAMBGAME-26FEB18BYUARIZ-BYU | yes | count=45.00 | yes=18c
Kalshi WS trade #6203: KXMVESPORTSMULTIGAMEEXTENDED-S2026C54C372E7E5-DB324FCB2CA | yes | count=121.00 | yes=39c
Kalshi WS trade #6204: KXBTC15M-26FEB182200-00 | yes | count=6.00 | yes=73c
Kalshi WS trade #6205: KXBERNIEMENTION-26FEB19-BERN | no | count=150.00 | yes=50c
Kalshi WS trade #6206: KXNCAAMBGAME-26FEB18AUBMSST-AUB | yes | count=49.00 | yes=19c
Kalshi WS trade #6207: KXPGATOP5-THGI26-VHOV | yes | count=1.00 | yes=11c
Kalshi WS trade #6208: KXNCAAWBGAME-26FEB18UNMGC-UNM | yes | count=1.00 | yes=78c
Kalshi WS trade #6209: KXNCAAWBGAME-26FEB18UNMGC-UNM | yes | count=2.00 | yes=79c
Kalshi WS trade #6210: KXNCAAWBGAME-26FEB18UNMGC-UNM | yes | count=3.00 | yes=79c
Kalshi WS trade #6211: KXNCAAMBGAME-26FEB18VANMIZZ-MIZZ | yes | count=100.00 | yes=54c
Kalshi WS trade #6212: KXNCAAMBGAME-26FEB18VANMIZZ-MIZZ | yes | count=100.00 | yes=54c
Kalshi WS trade #6213: KXNCAAMBGAME-26FEB18VANMIZZ-MIZZ | yes | count=50.00 | yes=54c
Kalshi WS trade #6214: KXNCAAMBGAME-26FEB18VANMIZZ-MIZZ | yes | count=500.00 | yes=54c
Kalshi WS trade #6215: KXNCAAWBGAME-26FEB18TARLSUU-SUU | yes | count=183.00 | yes=98c
Kalshi WS trade #6216: KXNCAAWBGAME-26FEB18TARLSUU-SUU | yes | count=71.00 | yes=98c
Kalshi WS trade #6217: KXNCAAMBSPREAD-26FEB18KUOKST-KU15 | yes | count=17.00 | yes=45c
Kalshi WS trade #6218: KXSP500ADDQ-26MAR31-SOFI | no | count=55.00 | yes=33c
Kalshi WS trade #6219: KXSP500ADDQ-26MAR31-SOFI | no | count=235.00 | yes=32c
Kalshi WS trade #6220: KXBTC15M-26FEB182200-00 | yes | count=5.00 | yes=73c
Kalshi WS trade #6221: KXATPMATCH-26FEB18GIRRUU-RUU | yes | count=2.00 | yes=41c
Kalshi WS trade #6222: KXBTC15M-26FEB182200-00 | no | count=4.00 | yes=70c
Kalshi WS trade #6223: KXBTC15M-26FEB182200-00 | no | count=11.00 | yes=70c
Kalshi WS trade #6224: KXNCAAMBGAME-26FEB18BYUARIZ-BYU | yes | count=4.00 | yes=17c
Kalshi WS trade #6225: KXETH15M-26FEB182200-00 | yes | count=1.00 | yes=58c
Kalshi WS trade #6226: KXBTC15M-26FEB182200-00 | no | count=1.00 | yes=70c
Kalshi WS trade #6227: KXNCAAMBTOTAL-26FEB18PACWSU-141 | yes | count=8.00 | yes=89c
Kalshi WS trade #6228: KXNCAAMBGAME-26FEB18BYUARIZ-BYU | yes | count=11.00 | yes=17c
Kalshi WS trade #6229: KXATPMATCH-26FEB18GIRRUU-GIR | yes | count=16.00 | yes=60c
Kalshi WS trade #6230: KXNCAAMBGAME-26FEB18BYUARIZ-BYU | yes | count=52.00 | yes=17c
Kalshi WS trade #6231: KXETH15M-26FEB182200-00 | yes | count=25.00 | yes=60c
Kalshi WS trade #6232: KXNCAAMBGAME-26FEB18UTAHWVU-WVU | yes | count=54.00 | yes=43c
Kalshi WS trade #6233: KXNCAAMBGAME-26FEB18UTAHWVU-WVU | yes | count=54.00 | yes=43c
Kalshi WS trade #6234: KXNCAAMBGAME-26FEB18UTAHWVU-WVU | yes | count=54.00 | yes=43c
Kalshi WS trade #6235: KXNCAAMBGAME-26FEB18UTAHWVU-WVU | yes | count=54.00 | yes=43c
Kalshi WS trade #6236: KXNCAAMBGAME-26FEB18UTAHWVU-WVU | yes | count=54.00 | yes=43c
Kalshi WS trade #6237: KXNCAAMBGAME-26FEB18UTAHWVU-WVU | yes | count=58.00 | yes=44c
Kalshi WS trade #6238: KXETH15M-26FEB182200-00 | no | count=1.00 | yes=61c
Kalshi WS trade #6239: KXATPMATCH-26FEB18GIRRUU-RUU | yes | count=57.00 | yes=41c
Kalshi WS trade #6240: KXATPMATCH-26FEB18GIRRUU-RUU | yes | count=25.00 | yes=41c
Kalshi WS trade #6241: KXATPMATCH-26FEB18GIRRUU-RUU | yes | count=583.00 | yes=42c
Kalshi WS trade #6242: KXNCAAMBGAME-26FEB18UVAGT-GT | yes | count=33.00 | yes=1c
Kalshi WS trade #6243: KXKHAMENEIOUT-AKHA-26MAR01 | yes | count=42.00 | yes=11c
Kalshi WS trade #6244: KXSOL15M-26FEB182200-00 | yes | count=5.00 | yes=75c
Kalshi WS trade #6245: KXNCAAMBGAME-26FEB18VANMIZZ-VAN | yes | count=373.00 | yes=47c
Kalshi WS trade #6246: KXNCAAMBGAME-26FEB18VANMIZZ-VAN | yes | count=2000.00 | yes=47c
Kalshi WS trade #6247: KXNCAAMBGAME-26FEB18VANMIZZ-VAN | yes | count=1109.00 | yes=47c
Kalshi WS trade #6248: KXNCAAMBGAME-26FEB18VANMIZZ-VAN | yes | count=1109.00 | yes=47c
Kalshi WS trade #6249: KXNCAAMBGAME-26FEB18VANMIZZ-VAN | yes | count=60.00 | yes=47c
Kalshi WS trade #6250: KXNCAAMBGAME-26FEB18VANMIZZ-VAN | yes | count=125.00 | yes=47c
Kalshi WS trade #6251: KXNCAAMBGAME-26FEB18CHARTLSA-CHAR | no | count=1.00 | yes=12c
Kalshi WS trade #6252: KXATPMATCH-26FEB18GIRRUU-RUU | no | count=165.00 | yes=40c
Kalshi WS trade #6253: KXATPMATCH-26FEB18GIRRUU-RUU | no | count=180.00 | yes=40c
Kalshi WS trade #6254: KXNCAAMBGAME-26FEB18DEPHALL-HALL | yes | count=37.00 | yes=14c
Kalshi WS trade #6255: KXNCAAMBGAME-26FEB18DEPHALL-HALL | yes | count=100.00 | yes=14c
Kalshi WS trade #6256: KXNCAAMBGAME-26FEB18DEPHALL-HALL | yes | count=31.00 | yes=14c
Kalshi WS trade #6257: KXNCAAMBGAME-26FEB18KENNMOSU-MOSU | yes | count=100.00 | yes=34c
Kalshi WS trade #6258: KXNCAAMBSPREAD-26FEB18SJUMARQ-SJU9 | no | count=21.00 | yes=44c
Kalshi WS trade #6259: KXNCAAMBSPREAD-26FEB18SJUMARQ-SJU9 | no | count=22.00 | yes=44c
Kalshi WS trade #6260: KXNCAAMBGAME-26FEB18NDSUSDST-SDST | yes | count=6.00 | yes=4c
Kalshi WS trade #6261: KXNCAAMBGAME-26FEB18AUBMSST-AUB | yes | count=19.00 | yes=19c
Kalshi WS trade #6262: KXATPMATCH-26FEB18GIRRUU-RUU | yes | count=689.00 | yes=40c
Kalshi WS trade #6263: KXATPMATCH-26FEB18GIRRUU-RUU | yes | count=480.00 | yes=41c
Kalshi WS trade #6264: KXETH15M-26FEB182200-00 | no | count=1.00 | yes=65c
Kalshi WS trade #6265: KXNCAAMBTOTAL-26FEB18SJUMARQ-160 | yes | count=151.00 | yes=54c
Kalshi WS trade #6266: KXBTCD-26FEB1822-T66749.99 | yes | count=85.00 | yes=9c
Kalshi WS trade #6267: KXNCAAMBGAME-26FEB18UTAHWVU-UTAH | yes | count=3.00 | yes=58c
Kalshi WS trade #6268: KXATPMATCH-26FEB18GIRRUU-RUU | yes | count=14.00 | yes=41c
Kalshi WS trade #6269: KXMVESPORTSMULTIGAMEEXTENDED-S20261A8ED03277D-1508D8E4807 | yes | count=18.00 | yes=52c
Kalshi WS trade #6270: KXNCAAMBTOTAL-26FEB18ORUNEOM-151 | no | count=4.00 | yes=28c
Kalshi WS trade #6271: KXNCAAMBSPREAD-26FEB18BYUARIZ-ARIZ9 | yes | count=6.00 | yes=50c
Kalshi WS trade #6272: KXBTC15M-26FEB182200-00 | yes | count=5.00 | yes=73c
Kalshi WS trade #6273: KXNCAAMBGAME-26FEB18GONZSF-SF | yes | count=11.00 | yes=8c
Kalshi WS trade #6274: KXNCAAMBGAME-26FEB18KENNMOSU-KENN | yes | count=28.00 | yes=67c
Kalshi WS trade #6275: KXBTCD-26FEB2017-T66249.99 | yes | count=20.00 | yes=62c
Kalshi WS trade #6276: KXBTCD-26FEB2017-T66249.99 | yes | count=56.00 | yes=62c
Kalshi WS trade #6277: KXNCAAMBGAME-26FEB18BYUARIZ-BYU | yes | count=26.00 | yes=17c
Kalshi WS trade #6278: KXBTC15M-26FEB182200-00 | yes | count=15.00 | yes=73c
Kalshi WS trade #6279: KXATPMATCH-26FEB18GIRRUU-RUU | no | count=180.00 | yes=40c
Kalshi WS trade #6280: KXATPMATCH-26FEB18GIRRUU-RUU | no | count=180.00 | yes=40c
Kalshi WS trade #6281: KXNCAAMBGAME-26FEB18UTAHWVU-WVU | yes | count=54.00 | yes=43c
Kalshi WS trade #6282: KXNCAAMBGAME-26FEB18UTAHWVU-WVU | yes | count=54.00 | yes=43c
Kalshi WS trade #6283: KXNCAAMBGAME-26FEB18UTAHWVU-WVU | yes | count=54.00 | yes=43c
Kalshi WS trade #6284: KXNCAAMBGAME-26FEB18UTAHWVU-WVU | yes | count=54.00 | yes=43c
Kalshi WS trade #6285: KXNCAAMBGAME-26FEB18UTAHWVU-WVU | yes | count=2.00 | yes=43c
Kalshi WS trade #6286: KXBTC15M-26FEB182200-00 | yes | count=8.00 | yes=73c
Kalshi WS trade #6287: KXMARMAD-26-ARIZ | yes | count=12.00 | yes=12c
Kalshi WS trade #6288: KXNCAAMBGAME-26FEB18MDNW-NW | no | count=31.00 | yes=97c
Kalshi WS trade #6289: KXNCAAMBGAME-26FEB18VANMIZZ-VAN | yes | count=51.00 | yes=47c
Kalshi WS trade #6290: KXNCAAMBGAME-26FEB18ILLUSC-USC | yes | count=23.00 | yes=20c
Poly WS trade #84: asset=82991837887127223585... | SELL | size=43.46 | price=0.968
Kalshi WS trade #6291: KXNCAAMBSPREAD-26FEB18BYUARIZ-ARIZ9 | no | count=10.00 | yes=41c
Kalshi WS trade #6292: KXNCAAMBSPREAD-26FEB18BYUARIZ-ARIZ9 | no | count=29.00 | yes=41c
Kalshi WS trade #6293: KXBTC15M-26FEB182200-00 | yes | count=10.00 | yes=73c
Kalshi WS trade #6294: KXPSAKIMENTION-26FEB19-AFFO | yes | count=93.00 | yes=1c
Kalshi WS trade #6295: KXNCAAWBGAME-26FEB18UNMGC-GC | yes | count=4.00 | yes=37c
Kalshi WS trade #6296: KXNCAAWBGAME-26FEB18UNMGC-GC | yes | count=4.00 | yes=38c
Kalshi WS trade #6297: KXNCAAWBGAME-26FEB18UNMGC-GC | yes | count=15.00 | yes=41c
Kalshi WS trade #6298: KXNCAAMBGAME-26FEB18VANMIZZ-VAN | yes | count=4.00 | yes=47c
Kalshi WS trade #6299: KXBTC15M-26FEB182200-00 | yes | count=38.00 | yes=73c
Kalshi WS trade #6300: KXNCAAMBGAME-26FEB18DEPHALL-DEP | yes | count=10.00 | yes=87c
Kalshi WS trade #6301: KXTRUMPMENTION-26FEB28-OLYM | yes | count=7.00 | yes=67c
Kalshi WS trade #6302: KXBTC15M-26FEB182200-00 | yes | count=13.00 | yes=73c
Kalshi WS trade #6303: KXNCAAMBGAME-26FEB18DEPHALL-HALL | yes | count=81.00 | yes=14c
Kalshi WS trade #6304: KXBTCD-26FEB1822-T66749.99 | no | count=48.00 | yes=9c
Kalshi WS trade #6305: KXBTC15M-26FEB182200-00 | yes | count=138.00 | yes=73c
Kalshi WS trade #6306: KXBTC15M-26FEB182200-00 | yes | count=1.00 | yes=74c
Kalshi WS trade #6307: KXBTC15M-26FEB182200-00 | yes | count=184.00 | yes=74c
Kalshi WS trade #6308: KXBTC15M-26FEB182200-00 | yes | count=2.00 | yes=74c
Kalshi WS trade #6309: KXBTC15M-26FEB182200-00 | yes | count=4.00 | yes=74c
Kalshi WS trade #6310: KXNCAAMBGAME-26FEB18VANMIZZ-VAN | yes | count=304.00 | yes=47c
Kalshi WS trade #6311: KXNCAAMBGAME-26FEB18UVAGT-GT | yes | count=93.00 | yes=1c
Kalshi WS trade #6312: KXBTC15M-26FEB182200-00 | yes | count=1.00 | yes=75c
Kalshi WS trade #6313: KXBTC15M-26FEB182200-00 | yes | count=8.00 | yes=75c
Kalshi WS trade #6314: KXBTC15M-26FEB182200-00 | yes | count=1.00 | yes=75c
Kalshi WS trade #6315: KXBTC15M-26FEB182200-00 | yes | count=1.00 | yes=75c
Kalshi WS trade #6316: KXBTC15M-26FEB182200-00 | yes | count=2.00 | yes=75c
Kalshi WS trade #6317: KXNCAAMBGAME-26FEB18DEPHALL-HALL | yes | count=101.00 | yes=14c
Kalshi WS trade #6318: KXMVESPORTSMULTIGAMEEXTENDED-S20260FBAE6BEDB7-6E924FF0537 | yes | count=490.00 | yes=37c
Kalshi WS trade #6319: KXBTC15M-26FEB182200-00 | yes | count=1.00 | yes=75c
Kalshi WS trade #6320: KXATPMATCH-26FEB18GIRRUU-RUU | yes | count=465.00 | yes=41c
Kalshi WS trade #6321: KXETH15M-26FEB182200-00 | no | count=25.00 | yes=66c
Kalshi WS trade #6322: KXETH15M-26FEB182200-00 | no | count=5.00 | yes=65c
Kalshi WS trade #6323: KXNCAAMBGAME-26FEB18NCCUSCST-SCST | yes | count=9.00 | yes=52c
Kalshi WS trade #6324: KXMUSKSPORTS-27 | yes | count=1.00 | yes=14c
Kalshi WS trade #6325: KXMUSKSPORTS-27 | yes | count=24.00 | yes=15c
Kalshi WS trade #6326: KXNCAAMBSPREAD-26FEB18BYUARIZ-ARIZ9 | no | count=10.00 | yes=44c
Kalshi WS trade #6327: KXNCAAMBSPREAD-26FEB18BYUARIZ-ARIZ9 | no | count=44.00 | yes=44c
Kalshi WS trade #6328: KXNCAAMBGAME-26FEB18BYUARIZ-BYU | yes | count=75.00 | yes=17c
Kalshi WS trade #6329: KXNCAABMENTION-26FEB18BYUARIZ-DRAF | no | count=1.00 | yes=82c
Kalshi WS trade #6330: KXNCAABMENTION-26FEB18BYUARIZ-DRAF | no | count=12.00 | yes=81c
Kalshi WS trade #6331: KXNCAABMENTION-26FEB18BYUARIZ-DRAF | no | count=1.00 | yes=81c
Kalshi WS trade #6332: KXNCAABMENTION-26FEB18BYUARIZ-DRAF | no | count=2.00 | yes=81c
Kalshi WS trade #6333: KXNCAABMENTION-26FEB18BYUARIZ-DRAF | no | count=12.00 | yes=80c
Kalshi WS trade #6334: KXNCAABMENTION-26FEB18BYUARIZ-DRAF | no | count=21.00 | yes=80c
Kalshi WS trade #6335: KXT20MATCH-26FEB19ZIMSRI-ZIM | yes | count=197.00 | yes=24c
Kalshi WS trade #6336: KXNCAAMBTOTAL-26FEB18UTAHWVU-124 | no | count=3.00 | yes=44c
Kalshi WS trade #6337: KXNCAAMBGAME-26FEB18NCCUSCST-SCST | yes | count=25.00 | yes=52c
Kalshi WS trade #6338: KXNCAAMBSPREAD-26FEB18KENNMOSU-KENN4 | no | count=9.00 | yes=33c
Kalshi WS trade #6339: KXNCAAMBSPREAD-26FEB18KENNMOSU-KENN4 | no | count=68.00 | yes=33c
Kalshi WS trade #6340: KXNCAAMBSPREAD-26FEB18KENNMOSU-KENN4 | no | count=50.00 | yes=33c
Kalshi WS trade #6341: KXNCAAMBGAME-26FEB18CHARTLSA-CHAR | yes | count=10.00 | yes=13c
Kalshi WS trade #6342: KXNCAAMBSPREAD-26FEB18CHARTLSA-TLSA7 | yes | count=50.00 | yes=48c
Kalshi WS trade #6343: KXNCAAMBGAME-26FEB18BYUARIZ-BYU | yes | count=1052.00 | yes=17c
Kalshi WS trade #6344: KXNCAAMBGAME-26FEB18BYUARIZ-BYU | yes | count=115.00 | yes=17c
Kalshi WS trade #6345: KXNCAAMBSPREAD-26FEB18AUBMSST-MSST9 | no | count=2.00 | yes=46c
Kalshi WS trade #6346: KXNCAAMBSPREAD-26FEB18AUBMSST-MSST9 | no | count=6.00 | yes=45c
Kalshi WS trade #6347: KXMRBEASTGAMES-26MAY01-195 | yes | count=46.00 | yes=1c
Kalshi WS trade #6348: KXNCAAMBGAME-26FEB18BYUARIZ-BYU | yes | count=138.00 | yes=17c
Kalshi WS trade #6349: KXNCAAMBGAME-26FEB18VANMIZZ-VAN | yes | count=67.00 | yes=47c
Kalshi WS trade #6350: KXNCAAMBGAME-26FEB18AUBMSST-MSST | yes | count=46.00 | yes=84c
Kalshi WS trade #6351: KXNCAAMBGAME-26FEB18VANMIZZ-VAN | yes | count=102.00 | yes=47c
Kalshi WS trade #6352: KXNCAAMBTOTAL-26FEB18ILLUSC-150 | no | count=55.00 | yes=52c
Kalshi WS trade #6353: KXNCAAMBGAME-26FEB18BYUARIZ-BYU | yes | count=105.00 | yes=17c
Kalshi WS trade #6354: KXNCAAMBTOTAL-26FEB18BYUARIZ-161 | no | count=36.00 | yes=47c
Kalshi WS trade #6355: KXNCAAMBGAME-26FEB18SJUMARQ-MARQ | yes | count=1814.00 | yes=18c
Kalshi WS trade #6356: KXNCAAMBGAME-26FEB18SJUMARQ-MARQ | yes | count=177.00 | yes=18c
Kalshi WS trade #6357: KXNCAAMBGAME-26FEB18SJUMARQ-MARQ | yes | count=177.00 | yes=18c
Kalshi WS trade #6358: KXNCAAMBGAME-26FEB18SJUMARQ-MARQ | yes | count=177.00 | yes=18c
Kalshi WS trade #6359: KXNCAAMBGAME-26FEB18SJUMARQ-MARQ | yes | count=2000.00 | yes=18c
Kalshi WS trade #6360: KXNCAAMBGAME-26FEB18SJUMARQ-MARQ | yes | count=243.00 | yes=18c
Kalshi WS trade #6361: KXNCAAMBGAME-26FEB18SJUMARQ-MARQ | yes | count=5412.00 | yes=18c
Kalshi WS trade #6362: KXNCAAMBSPREAD-26FEB18VANMIZZ-VAN2 | yes | count=3.00 | yes=38c
Kalshi WS trade #6363: KXNCAAMBGAME-26FEB18KENNMOSU-KENN | yes | count=50.00 | yes=67c
Kalshi WS trade #6364: KXNCAAMBSPREAD-26FEB18ILLUSC-ILL9 | yes | count=150.00 | yes=49c
Kalshi WS trade #6365: KXNCAAMBGAME-26FEB18CHARTLSA-CHAR | yes | count=36.00 | yes=13c
Kalshi WS trade #6366: KXMVESPORTSMULTIGAMEEXTENDED-S2026E2F3F9434FB-043EB628D80 | yes | count=49.00 | yes=75c
Kalshi WS trade #6367: KXNCAAMBGAME-26FEB18KENNMOSU-MOSU | no | count=14.00 | yes=33c
Kalshi WS trade #6368: KXMVESPORTSMULTIGAMEEXTENDED-S20263E34B2EDE37-35FCB115F13 | yes | count=182.00 | yes=53c
Kalshi WS trade #6369: KXNCAAMBTOTAL-26FEB18UVAGT-161 | no | count=4.00 | yes=58c
Kalshi WS trade #6370: KXMVESPORTSMULTIGAMEEXTENDED-S20266AFF280AC84-03E913C0945 | yes | count=34.00 | yes=13c
Kalshi WS trade #6371: KXNBAGAME-26FEB19BKNCLE-BKN | yes | count=42.00 | yes=12c
Kalshi WS trade #6372: KXNBAGAME-26FEB19BKNCLE-CLE | no | count=42.00 | yes=89c
Kalshi WS trade #6373: KXNCAAMBGAME-26FEB18BYUARIZ-BYU | no | count=20.00 | yes=15c
Kalshi WS trade #6374: KXNCAAMBGAME-26FEB18BYUARIZ-BYU | no | count=480.00 | yes=15c
Kalshi WS trade #6375: KXBTC15M-26FEB182200-00 | yes | count=34.00 | yes=75c
Kalshi WS trade #6376: KXATPMATCH-26FEB18GIRRUU-GIR | yes | count=1.00 | yes=60c
Kalshi WS trade #6377: KXNCAAMBTOTAL-26FEB18KENNMOSU-164 | yes | count=2.00 | yes=69c
Kalshi WS trade #6378: KXATPMATCH-26FEB18GIRRUU-RUU | yes | count=72.00 | yes=41c
Kalshi WS trade #6379: KXNCAAWBGAME-26FEB18TARLSUU-SUU | yes | count=3.00 | yes=98c
Kalshi WS trade #6380: KXATPMATCH-26FEB18GIRRUU-RUU | yes | count=232.00 | yes=41c
Kalshi WS trade #6381: KXNCAAMBGAME-26FEB18VANMIZZ-MIZZ | yes | count=35.00 | yes=55c
Kalshi WS trade #6382: KXNCAAMBSPREAD-26FEB18BYUARIZ-ARIZ9 | yes | count=10.00 | yes=51c
Kalshi WS trade #6383: KXNCAAMBSPREAD-26FEB18BYUARIZ-ARIZ9 | yes | count=273.00 | yes=51c
Kalshi WS trade #6384: KXNCAAMBGAME-26FEB18DEPHALL-HALL | yes | count=312.00 | yes=14c
Kalshi WS trade #6385: KXATPMATCH-26FEB18GIRRUU-GIR | yes | count=129.00 | yes=60c
Kalshi WS trade #6386: KXATPMATCH-26FEB18GIRRUU-GIR | yes | count=180.00 | yes=60c
Kalshi WS trade #6387: KXATPMATCH-26FEB18GIRRUU-GIR | yes | count=13.00 | yes=60c
Kalshi WS trade #6388: KXNCAAMBTOTAL-26FEB18DEPHALL-139 | no | count=7.00 | yes=8c
Kalshi WS trade #6389: KXNCAAMBGAME-26FEB18KUOKST-OKST | yes | count=10.00 | yes=5c
Kalshi WS trade #6390: KXNCAAMBGAME-26FEB18KUOKST-OKST | yes | count=927.00 | yes=5c
Kalshi WS trade #6391: KXNCAAMBGAME-26FEB18KENNMOSU-KENN | yes | count=14.00 | yes=68c
Kalshi WS trade #6392: KXUELGAME-26FEB19SKBBFC-BFC | yes | count=35.00 | yes=54c
Kalshi WS trade #6393: KXNCAAWBGAME-26FEB19LSUMISS-MISS | no | count=5.00 | yes=26c
Kalshi WS trade #6394: KXNCAAMBGAME-26FEB18VANMIZZ-VAN | yes | count=70.00 | yes=47c
Kalshi WS trade #6395: KXNCAAMBGAME-26FEB18BYUARIZ-BYU | yes | count=277.00 | yes=17c
Kalshi WS trade #6396: KXNCAAMBGAME-26FEB18AUBMSST-AUB | no | count=12.00 | yes=18c
Poly WS trade #85: asset=46553455570564517989... | SELL | size=34 | price=0.007
Kalshi WS trade #6397: KXNCAAMBGAME-26FEB18NCCUSCST-SCST | yes | count=9.00 | yes=52c
Kalshi WS trade #6398: KXNCAAMBGAME-26FEB18SJUMARQ-MARQ | yes | count=84.00 | yes=18c
Kalshi WS trade #6399: KXNCAAMBGAME-26FEB18VANMIZZ-VAN | yes | count=20.00 | yes=47c
Kalshi WS trade #6400: KXNCAAMBGAME-26FEB18NDSUSDST-SDST | yes | count=18.00 | yes=5c
Kalshi WS trade #6401: KXNCAAMBGAME-26FEB18CHARTLSA-TLSA | yes | count=1.00 | yes=89c
Kalshi WS trade #6402: KXMVESPORTSMULTIGAMEEXTENDED-S20267CF2F07515B-115869FB54A | yes | count=18.00 | yes=3c
Kalshi WS trade #6403: KXPGATOUR-THGI26-TFLE | yes | count=150.00 | yes=5c
Kalshi WS trade #6404: KXMVESPORTSMULTIGAMEEXTENDED-S2026ADEAEF74690-50A6C3A6B47 | yes | count=19.00 | yes=3c
Kalshi WS trade #6405: KXNCAABMENTION-26FEB18BYUARIZ-OVER | no | count=18.00 | yes=99c
Kalshi WS trade #6406: KXNCAAMBGAME-26FEB18CHARTLSA-TLSA | yes | count=1.00 | yes=89c
Kalshi WS trade #6407: KXNCAAMBSPREAD-26FEB18UVAGT-UVA13 | yes | count=3.00 | yes=97c
Kalshi WS trade #6408: KXNCAAMBGAME-26FEB18BYUARIZ-BYU | yes | count=15.00 | yes=17c
Kalshi WS trade #6409: KXNCAAMBGAME-26FEB18BYUARIZ-BYU | no | count=53.00 | yes=15c
Kalshi WS trade #6410: KXNCAAMBGAME-26FEB18NCCUSCST-SCST | yes | count=126.00 | yes=52c
Kalshi WS trade #6411: KXNCAAWBGAME-26FEB19LSUMISS-MISS | no | count=5.00 | yes=26c
Kalshi WS trade #6412: KXKHAMENEIOUT-AKHA-26APR01 | yes | count=850.00 | yes=28c
Kalshi WS trade #6413: KXNCAAMBGAME-26FEB18UTAHWVU-WVU | yes | count=54.00 | yes=43c
Kalshi WS trade #6414: KXNCAAMBGAME-26FEB18UTAHWVU-WVU | yes | count=54.00 | yes=43c
Kalshi WS trade #6415: KXNCAAMBGAME-26FEB18UTAHWVU-WVU | yes | count=54.00 | yes=43c
Kalshi WS trade #6416: KXNCAAMBGAME-26FEB18UTAHWVU-WVU | yes | count=54.00 | yes=43c
Kalshi WS trade #6417: KXNCAAMBGAME-26FEB18UTAHWVU-WVU | yes | count=54.00 | yes=43c
Kalshi WS trade #6418: KXNCAAMBGAME-26FEB18UTAHWVU-WVU | yes | count=280.00 | yes=44c
Kalshi WS trade #6419: KXNCAAMBGAME-26FEB18SMCSEA-SEA | yes | count=100.00 | yes=8c
Kalshi WS trade #6420: KXNCAAMBGAME-26FEB18NCCUSCST-NCCU | yes | count=2.00 | yes=50c
Kalshi WS trade #6421: KXNCAAMBGAME-26FEB18NCCUSCST-NCCU | yes | count=2.00 | yes=50c
Kalshi WS trade #6422: KXNCAAMBGAME-26FEB18NCCUSCST-NCCU | yes | count=380.00 | yes=50c
Kalshi WS trade #6423: KXNCAAMBGAME-26FEB18AUBMSST-MSST | yes | count=8.00 | yes=84c
Kalshi WS trade #6424: KXATPMATCH-26FEB18GIRRUU-GIR | yes | count=16.00 | yes=60c
Kalshi WS trade #6425: KXNCAAMBSPREAD-26FEB18DEPHALL-DEP4 | no | count=50.00 | yes=61c
Kalshi WS trade #6426: KXPRESNOMD-28-MK | yes | count=585.00 | yes=4c
Kalshi WS trade #6427: KXNBAMVP-26-SGIL | no | count=8.00 | yes=64c
Kalshi WS trade #6428: KXNCAABMENTION-26FEB18BYUARIZ-MARC | yes | count=12.00 | yes=15c
Kalshi WS trade #6429: KXNCAAWBGAME-26FEB19LSUMISS-MISS | no | count=5.00 | yes=26c
Kalshi WS trade #6430: KXNCAAMBSPREAD-26FEB18GONZSF-GONZ14 | yes | count=223.00 | yes=55c
Kalshi WS trade #6431: KXNCAAMBTOTAL-26FEB18GONZSF-147 | yes | count=28.00 | yes=57c
Kalshi WS trade #6432: KXNCAAMBTOTAL-26FEB18GONZSF-147 | yes | count=10.00 | yes=58c
Kalshi WS trade #6433: KXNCAAMBTOTAL-26FEB18GONZSF-147 | yes | count=5.00 | yes=58c
Kalshi WS trade #6434: KXNCAAMBTOTAL-26FEB18GONZSF-147 | yes | count=10.00 | yes=59c
Kalshi WS trade #6435: KXNCAAMBTOTAL-26FEB18GONZSF-147 | yes | count=172.00 | yes=59c
Kalshi WS trade #6436: KXNCAAMBGAME-26FEB18CHARTLSA-CHAR | yes | count=166.00 | yes=13c
Kalshi WS trade #6437: KXBTCD-26FEB1822-T66749.99 | yes | count=47.00 | yes=10c
Poly WS trade #86: asset=11108067103612610965... | SELL | size=30 | price=0.994
Kalshi WS trade #6438: KXNCAAMBGAME-26FEB18VANMIZZ-VAN | yes | count=43.00 | yes=47c
Kalshi WS trade #6439: KXPGATOUR-THGI26-RMCI | yes | count=555.00 | yes=7c
Kalshi WS trade #6440: KXNCAAMBGAME-26FEB18AUBMSST-AUB | yes | count=28.00 | yes=19c
Kalshi WS trade #6441: KXNCAAMBGAME-26FEB18AUBMSST-AUB | yes | count=72.00 | yes=19c
Kalshi WS trade #6442: KXNCAAMBGAME-26FEB18NDSUSDST-SDST | yes | count=14.00 | yes=5c
Kalshi WS trade #6443: KXNCAAMBGAME-26FEB18KENNMOSU-KENN | yes | count=21.00 | yes=68c
Kalshi WS trade #6444: KXNCAAMBGAME-26FEB18KENNMOSU-KENN | yes | count=35.00 | yes=68c
Kalshi WS trade #6445: KXNCAAMBGAME-26FEB18KENNMOSU-KENN | yes | count=100.00 | yes=68c
Kalshi WS trade #6446: KXNCAAMBGAME-26FEB18KENNMOSU-KENN | yes | count=35.00 | yes=68c
Kalshi WS trade #6447: KXNCAAMBGAME-26FEB18KENNMOSU-KENN | yes | count=35.00 | yes=68c
Kalshi WS trade #6448: KXNCAAMBGAME-26FEB18KENNMOSU-KENN | yes | count=35.00 | yes=68c
Kalshi WS trade #6449: KXNCAAMBGAME-26FEB18KENNMOSU-KENN | yes | count=354.00 | yes=69c
Kalshi WS trade #6450: KXNCAAMBSPREAD-26FEB18BYUARIZ-ARIZ9 | no | count=3.00 | yes=47c
Kalshi WS trade #6451: KXNCAAMBGAME-26FEB18DEPHALL-HALL | yes | count=62.00 | yes=14c
Kalshi WS trade #6452: KXMVESPORTSMULTIGAMEEXTENDED-S2026699FDA1426A-F54E7A0D470 | yes | count=57.00 | yes=8c
Kalshi WS trade #6453: KXNCAAMBGAME-26FEB18MDNW-NW | no | count=2777.00 | yes=97c
Kalshi WS trade #6454: KXMVESPORTSMULTIGAMEEXTENDED-S202638EC8ED0D78-B7B0873F720 | yes | count=156.00 | yes=6c
Kalshi WS trade #6455: KXNCAAMBGAME-26FEB18BYUARIZ-BYU | yes | count=55.00 | yes=17c
Kalshi WS trade #6456: KXNCAAMBGAME-26FEB18SJUMARQ-SJU | yes | count=13.00 | yes=83c
Kalshi WS trade #6457: KXNCAAWBGAME-26FEB19LSUMISS-MISS | no | count=5.00 | yes=26c
Kalshi WS trade #6458: KXFEDCHAIRNOM-29-KW | no | count=1.00 | yes=94c
Kalshi WS trade #6459: KXBTC15M-26FEB182200-00 | yes | count=1.00 | yes=74c
Kalshi WS trade #6460: KXBTC15M-26FEB182200-00 | yes | count=392.00 | yes=75c
Kalshi WS trade #6461: KXHIGHTLV-26FEB19-B49.5 | yes | count=4.00 | yes=32c
Kalshi WS trade #6462: KXNCAAMBGAME-26FEB18SJUMARQ-SJU | yes | count=2.00 | yes=83c
Kalshi WS trade #6463: KXNCAAMBGAME-26FEB18CSUUNLV-UNLV | yes | count=8.00 | yes=59c
Kalshi WS trade #6464: KXBTC-26FEB1822-B66375 | no | count=40.00 | yes=2c
Kalshi WS trade #6465: KXNCAAMBGAME-26FEB18PACWSU-PAC | yes | count=265.00 | yes=48c
Kalshi WS trade #6466: KXNCAAMBTOTAL-26FEB18ILLUSC-150 | yes | count=2.00 | yes=54c
Kalshi WS trade #6467: KXNCAAMBGAME-26FEB18SJUMARQ-MARQ | yes | count=10.00 | yes=18c
Kalshi WS trade #6468: KXNCAAWBGAME-26FEB18AFABSU-BSU | yes | count=26.00 | yes=55c
Kalshi WS trade #6469: KXSOL15M-26FEB182200-00 | yes | count=1.00 | yes=78c
Kalshi WS trade #6470: KXMVESPORTSMULTIGAMEEXTENDED-S2026C78FF28182E-5F560473B8D | no | count=1.00 | yes=39c
Kalshi WS trade #6471: KXMVESPORTSMULTIGAMEEXTENDED-S2026C78FF28182E-5F560473B8D | no | count=1.00 | yes=39c
Kalshi WS trade #6472: KXBTC15M-26FEB182200-00 | yes | count=65.00 | yes=75c
Kalshi WS trade #6473: KXNCAAMBTOTAL-26FEB18DEPHALL-127 | no | count=10.00 | yes=55c
Kalshi WS trade #6474: KXNCAAMBGAME-26FEB18NDSUSDST-SDST | yes | count=71.00 | yes=5c
Kalshi WS trade #6475: KXNCAAWBGAME-26FEB18AFABSU-AFA | no | count=1.00 | yes=51c
Kalshi WS trade #6476: KXNCAAWBGAME-26FEB18AFABSU-AFA | no | count=25.00 | yes=50c
Kalshi WS trade #6477: KXNCAAMBGAME-26FEB18DEPHALL-HALL | yes | count=36.00 | yes=14c
Kalshi WS trade #6478: KXWOMHOCKEY-26FEB20CANFIN-CAN | yes | count=24.00 | yes=80c
Kalshi WS trade #6479: KXNCAAMBGAME-26FEB18DEPHALL-HALL | yes | count=4.00 | yes=14c
Kalshi WS trade #6480: KXNCAAWBGAME-26FEB19LSUMISS-MISS | no | count=5.00 | yes=26c
Kalshi WS trade #6481: KXNCAAMBGAME-26FEB18VANMIZZ-VAN | yes | count=10.00 | yes=47c
Kalshi WS trade #6482: KXBTC15M-26FEB182200-00 | no | count=5.00 | yes=72c
Kalshi WS trade #6483: KXPGATOUR-THGI26-ABHA | yes | count=93.00 | yes=2c
Kalshi WS trade #6484: KXATPMATCH-26FEB18GIRRUU-RUU | yes | count=69.00 | yes=41c
Kalshi WS trade #6485: KXNCAAMBGAME-26FEB18BYUARIZ-BYU | yes | count=360.00 | yes=17c
Kalshi WS trade #6486: KXNCAAWBGAME-26FEB19LSUMISS-LSU | yes | count=2.00 | yes=74c
Kalshi WS trade #6487: KXLOWTMIA-26FEB19-B63.5 | no | count=37.00 | yes=8c
Kalshi WS trade #6488: KXLOWTMIA-26FEB19-B63.5 | no | count=13.00 | yes=8c
Kalshi WS trade #6489: KXLOWTMIA-26FEB19-B63.5 | no | count=25.00 | yes=7c
Kalshi WS trade #6490: KXLOWTMIA-26FEB19-B63.5 | no | count=166.00 | yes=6c
Kalshi WS trade #6491: KXNCAAMBGAME-26FEB18CHARTLSA-CHAR | yes | count=36.00 | yes=13c
Kalshi WS trade #6492: KXNCAAMBGAME-26FEB18UTAHWVU-UTAH | yes | count=54.00 | yes=58c
Kalshi WS trade #6493: KXNCAAMBGAME-26FEB18UTAHWVU-UTAH | yes | count=54.00 | yes=58c
Kalshi WS trade #6494: KXNCAAMBGAME-26FEB18UTAHWVU-UTAH | yes | count=54.00 | yes=58c
Kalshi WS trade #6495: KXNCAAMBGAME-26FEB18UTAHWVU-UTAH | yes | count=54.00 | yes=58c
Kalshi WS trade #6496: KXNCAAMBGAME-26FEB18UTAHWVU-UTAH | yes | count=54.00 | yes=58c
Kalshi WS trade #6497: KXNCAAMBGAME-26FEB18UTAHWVU-UTAH | yes | count=567.00 | yes=58c
Poly WS trade #87: asset=75085355106524808693... | BUY | size=100 | price=0.11
Kalshi WS trade #6498: KXNCAAMBSPREAD-26FEB18FAUUTSA-FAU7 | no | count=1.00 | yes=6c
Kalshi WS trade #6499: KXNCAAMBGAME-26FEB18BYUARIZ-ARIZ | yes | count=24.00 | yes=85c
Kalshi WS trade #6500: KXBTC15M-26FEB182200-00 | yes | count=4.00 | yes=74c
Kalshi WS trade #6501: KXBTCD-26FEB1822-T66749.99 | yes | count=42.00 | yes=10c
Kalshi WS trade #6502: KXMVESPORTSMULTIGAMEEXTENDED-S202680ABA17507C-13FAF6AC7A9 | yes | count=32.00 | yes=12c
Kalshi WS trade #6503: KXMVESPORTSMULTIGAMEEXTENDED-S202680ABA17507C-13FAF6AC7A9 | yes | count=1.00 | yes=14c
Kalshi WS trade #6504: KXNCAAMBGAME-26FEB18BYUARIZ-BYU | no | count=117.00 | yes=15c
Kalshi WS trade #6505: KXHIGHTPHX-26FEB18-B61.5 | yes | count=93.00 | yes=1c
Kalshi WS trade #6506: KXNCAAWBGAME-26FEB18UNMGC-UNM | yes | count=2.00 | yes=75c
Kalshi WS trade #6507: KXNCAAWBGAME-26FEB18UNMGC-UNM | yes | count=1.00 | yes=76c
Kalshi WS trade #6508: KXBERNIEMENTION-26FEB19-CORR | yes | count=32.00 | yes=60c
Kalshi WS trade #6509: KXNCAAMBGAME-26FEB18VANMIZZ-MIZZ | yes | count=17.00 | yes=55c
Kalshi WS trade #6510: KXNCAAMBGAME-26FEB18DEPHALL-HALL | yes | count=47.00 | yes=14c
Kalshi WS trade #6511: KXBTC15M-26FEB182200-00 | yes | count=1.00 | yes=73c
Kalshi WS trade #6512: KXNCAAMBTOTAL-26FEB18NCCUSCST-140 | no | count=20.00 | yes=46c
Kalshi WS trade #6513: KXNCAAMBGAME-26FEB18VANMIZZ-MIZZ | yes | count=87.00 | yes=55c
Kalshi WS trade #6514: KXNCAAMBTOTAL-26FEB18SMCSEA-136 | no | count=50.00 | yes=44c
Kalshi WS trade #6515: KXNCAAMBGAME-26FEB18CHARTLSA-CHAR | yes | count=72.00 | yes=13c
Kalshi WS trade #6516: KXNCAABMENTION-26FEB18BYUARIZ-MARC | yes | count=1.00 | yes=15c
Kalshi WS trade #6517: KXNCAABMENTION-26FEB18BYUARIZ-MARC | yes | count=26.00 | yes=15c
Kalshi WS trade #6518: KXNCAAMBGAME-26FEB18DEPHALL-HALL | yes | count=326.00 | yes=14c
Kalshi WS trade #6519: KXNCAAMBGAME-26FEB18DEPHALL-HALL | yes | count=100.00 | yes=14c
Kalshi WS trade #6520: KXNCAAMBGAME-26FEB18DEPHALL-HALL | yes | count=100.00 | yes=14c
Kalshi WS trade #6521: KXNCAAMBGAME-26FEB18DEPHALL-HALL | yes | count=33.00 | yes=14c
Kalshi WS trade #6522: KXNCAAMBGAME-26FEB18PACWSU-PAC | yes | count=10.00 | yes=48c
Kalshi WS trade #6523: KXNCAAMBGAME-26FEB18PACWSU-PAC | yes | count=26.00 | yes=48c
Kalshi WS trade #6524: KXNCAAMBSPREAD-26FEB18ILLUSC-ILL9 | no | count=4.00 | yes=46c
Kalshi WS trade #6525: KXNBASPREAD-26FEB19BOSGSW-BOS3 | yes | count=42.00 | yes=57c
Kalshi WS trade #6526: KXNCAAMBGAME-26FEB18BYUARIZ-BYU | yes | count=5.00 | yes=17c
Kalshi WS trade #6527: KXNCAAMBGAME-26FEB18DEPHALL-HALL | yes | count=3.00 | yes=14c
Kalshi WS trade #6528: KXNCAAMBGAME-26FEB18NDSUSDST-SDST | yes | count=97.00 | yes=5c
Kalshi WS trade #6529: KXNCAAMBGAME-26FEB18NDSUSDST-SDST | yes | count=101.00 | yes=5c
Kalshi WS trade #6530: KXNCAAMBGAME-26FEB18NDSUSDST-SDST | yes | count=87.00 | yes=5c
Kalshi WS trade #6531: KXNCAAMBSPREAD-26FEB18BYUARIZ-ARIZ12 | no | count=9.00 | yes=30c
Kalshi WS trade #6532: KXNCAAMBGAME-26FEB18BYUARIZ-BYU | yes | count=27.00 | yes=17c
Kalshi WS trade #6533: KXNCAAMBGAME-26FEB18VANMIZZ-MIZZ | yes | count=5.00 | yes=55c
Kalshi WS trade #6534: KXNCAAWBGAME-26FEB18UNMGC-GC | yes | count=6.00 | yes=43c
Kalshi WS trade #6535: KXNCAAWBGAME-26FEB18UNMGC-GC | yes | count=19.00 | yes=44c
Kalshi WS trade #6536: KXNCAAMBGAME-26FEB18BYUARIZ-BYU | yes | count=6.00 | yes=17c
Kalshi WS trade #6537: KXNCAAMBGAME-26FEB18BYUARIZ-BYU | yes | count=20.00 | yes=17c
Kalshi WS trade #6538: KXSTARMERMENTIONB-26FEB19-TRUM | yes | count=280.00 | yes=1c
Kalshi WS trade #6539: KXNCAAWBGAME-26FEB18UNMGC-UNM | no | count=6.00 | yes=59c
Kalshi WS trade #6540: KXNCAAMBGAME-26FEB18ORUNEOM-ORU | yes | count=8.00 | yes=4c
Kalshi WS trade #6541: KXNCAAMBSPREAD-26FEB18UTAHWVU-UTAH5 | no | count=7.00 | yes=34c
Kalshi WS trade #6542: KXNCAABMENTION-26FEB18ARKALA-MARC | yes | count=333.00 | yes=1c
Kalshi WS trade #6543: KXNCAAMBGAME-26FEB18NCCUSCST-NCCU | yes | count=1.00 | yes=51c
Kalshi WS trade #6544: KXNCAAMBGAME-26FEB18NCCUSCST-NCCU | yes | count=55.00 | yes=51c
Kalshi WS trade #6545: KXNCAAMBGAME-26FEB18PACWSU-WSU | yes | count=10.00 | yes=53c
Kalshi WS trade #6546: KXNCAAMBGAME-26FEB18PACWSU-WSU | yes | count=126.00 | yes=53c
Kalshi WS trade #6547: KXNCAAMBGAME-26FEB18PACWSU-WSU | yes | count=126.00 | yes=53c
Kalshi WS trade #6548: KXNCAAMBGAME-26FEB18PACWSU-WSU | yes | count=126.00 | yes=53c
Kalshi WS trade #6549: KXNCAAMBGAME-26FEB18PACWSU-WSU | yes | count=126.00 | yes=53c
Kalshi WS trade #6550: KXNCAAMBGAME-26FEB18PACWSU-WSU | yes | count=126.00 | yes=53c
Kalshi WS trade #6551: KXNCAAMBGAME-26FEB18PACWSU-WSU | yes | count=1000.00 | yes=53c
Kalshi WS trade #6552: KXNCAAMBGAME-26FEB18PACWSU-WSU | yes | count=126.00 | yes=54c
Kalshi WS trade #6553: KXNCAAMBGAME-26FEB18PACWSU-WSU | yes | count=126.00 | yes=54c
Kalshi WS trade #6554: KXNCAAMBGAME-26FEB18PACWSU-WSU | yes | count=16.00 | yes=54c
Kalshi WS trade #6555: KXNCAAMBGAME-26FEB18PACWSU-WSU | yes | count=19.00 | yes=55c
Kalshi WS trade #6556: KXNCAAMBGAME-26FEB18PACWSU-WSU | yes | count=184.00 | yes=55c
Kalshi WS trade #6557: KXNCAAMBGAME-26FEB18BYUARIZ-BYU | yes | count=11.00 | yes=17c
Kalshi WS trade #6558: KXNCAAMBGAME-26FEB18CHARTLSA-CHAR | yes | count=72.00 | yes=13c
Kalshi WS trade #6559: KXNCAAMBGAME-26FEB18VANMIZZ-VAN | yes | count=84.00 | yes=47c
Kalshi WS trade #6560: KXLLM1-26FEB28-GOOG | yes | count=1736.00 | yes=38c
Kalshi WS trade #6561: KXLLM1-26FEB28-GOOG | yes | count=264.00 | yes=38c
Kalshi WS trade #6562: KXNCAAMBGAME-26FEB18DEPHALL-HALL | yes | count=64.00 | yes=14c
Kalshi WS trade #6563: KXBTC15M-26FEB182200-00 | no | count=1.00 | yes=72c
Kalshi WS trade #6564: KXBTC15M-26FEB182200-00 | no | count=1.00 | yes=71c
Kalshi WS trade #6565: KXBTC15M-26FEB182200-00 | no | count=4.00 | yes=71c
Kalshi WS trade #6566: KXBTC15M-26FEB182200-00 | no | count=1.00 | yes=71c
Kalshi WS trade #6567: KXBTC15M-26FEB182200-00 | no | count=37.00 | yes=70c
Kalshi WS trade #6568: KXNCAAMBSPREAD-26FEB18DEPHALL-DEP1 | no | count=50.00 | yes=87c
Kalshi WS trade #6569: KXNCAAMBGAME-26FEB18DEPHALL-HALL | no | count=50.00 | yes=14c
Kalshi WS trade #6570: KXNCAAMBSPREAD-26FEB18NDSUSDST-NDSU1 | yes | count=100.00 | yes=98c
Kalshi WS trade #6571: KXNCAAMBGAME-26FEB18SJUMARQ-SJU | yes | count=2.00 | yes=83c
Kalshi WS trade #6572: KXNCAAMBGAME-26FEB18MURRILST-ILST | yes | count=6.00 | yes=79c
Kalshi WS trade #6573: KXESVI-27 | yes | count=117.00 | yes=8c
Kalshi WS trade #6574: KXNCAAMBTOTAL-26FEB18BYUARIZ-161 | no | count=446.00 | yes=47c
Kalshi WS trade #6575: KXNCAAMBGAME-26FEB18BYUARIZ-ARIZ | yes | count=29.00 | yes=85c
Kalshi WS trade #6576: KXNCAAMBGAME-26FEB18BYUARIZ-ARIZ | yes | count=573.00 | yes=85c
Kalshi WS trade #6577: KXSOLMAXMON-SOL-26FEB28-11000 | yes | count=22.00 | yes=6c
Kalshi WS trade #6578: KXSOLMAXMON-SOL-26FEB28-11000 | yes | count=1.00 | yes=6c
Kalshi WS trade #6579: KXSOLMAXMON-SOL-26FEB28-11000 | yes | count=13.00 | yes=6c
Kalshi WS trade #6580: KXSOLMAXMON-SOL-26FEB28-11000 | yes | count=16.00 | yes=6c
Kalshi WS trade #6581: KXSOLMAXMON-SOL-26FEB28-11000 | yes | count=11.00 | yes=6c
Kalshi WS trade #6582: KXNCAAMBGAME-26FEB18BYUARIZ-BYU | yes | count=111.00 | yes=17c
Kalshi WS trade #6583: KXNCAAMBGAME-26FEB18VANMIZZ-MIZZ | no | count=10.00 | yes=53c
Kalshi WS trade #6584: KXNCAAMBGAME-26FEB18UTAHWVU-UTAH | yes | count=54.00 | yes=58c
Kalshi WS trade #6585: KXNCAAMBGAME-26FEB18UTAHWVU-UTAH | yes | count=54.00 | yes=58c
Kalshi WS trade #6586: KXNCAAMBGAME-26FEB18UTAHWVU-UTAH | yes | count=54.00 | yes=58c
Kalshi WS trade #6587: KXNCAAMBGAME-26FEB18UTAHWVU-UTAH | yes | count=28.00 | yes=58c
Kalshi WS trade #6588: KXNCAAMBGAME-26FEB18VANMIZZ-MIZZ | yes | count=490.00 | yes=53c
Kalshi WS trade #6589: KXNCAAMBGAME-26FEB18UTAHWVU-UTAH | yes | count=116.00 | yes=59c
Kalshi WS trade #6590: KXPGATOP20-THGI26-CGOT | yes | count=22.00 | yes=42c
Kalshi WS trade #6591: KXNCAAMBGAME-26FEB18BYUARIZ-ARIZ | yes | count=5.00 | yes=85c
Kalshi WS trade #6592: KXWOHOCKEY-MEN26CGOLD-FIN | yes | count=134.00 | yes=7c
Kalshi WS trade #6593: KXNCAAMBGAME-26FEB18BYUARIZ-BYU | yes | count=27.00 | yes=17c
Kalshi WS trade #6594: KXNCAAMBGAME-26FEB18MDNW-MD | no | count=20.00 | yes=2c
Kalshi WS trade #6595: KXNCAAMBTOTAL-26FEB18BSUUSU-150 | yes | count=26.00 | yes=54c
Kalshi WS trade #6596: KXNCAAMBGAME-26FEB18CHARTLSA-CHAR | yes | count=152.00 | yes=13c
Kalshi WS trade #6597: KXATPMATCH-26FEB18GIRRUU-RUU | no | count=151.00 | yes=40c
Kalshi WS trade #6598: KXNCAAMBSPREAD-26FEB18NCCUSCST-SCST1 | no | count=25.00 | yes=41c
Kalshi WS trade #6599: KXATPMATCH-26FEB18GIRRUU-RUU | yes | count=5.00 | yes=41c
Kalshi WS trade #6600: KXNCAAMBGAME-26FEB18BYUARIZ-BYU | yes | count=111.00 | yes=17c
Kalshi WS trade #6601: KXNCAAMBGAME-26FEB18GONZSF-SF | yes | count=11.00 | yes=8c
Kalshi WS trade #6602: KXNCAAMBGAME-26FEB18BYUARIZ-BYU | yes | count=27.00 | yes=17c
Kalshi WS trade #6603: KXNCAAMBGAME-26FEB18NDSUSDST-NDSU | yes | count=20.00 | yes=97c
Kalshi WS trade #6604: KXNCAAMBGAME-26FEB18KENNMOSU-KENN | yes | count=28.00 | yes=68c
Kalshi WS trade #6605: KXNCAAMBGAME-26FEB18AUBMSST-MSST | no | count=423.00 | yes=83c
Kalshi WS trade #6606: KXNCAAMBTOTAL-26FEB18DEPHALL-130 | no | count=50.00 | yes=37c
Kalshi WS trade #6607: KXNCAAMBTOTAL-26FEB18ILLUSC-150 | yes | count=44.00 | yes=54c
Kalshi WS trade #6608: KXNCAAMBSPREAD-26FEB18KUOKST-KU15 | no | count=9.00 | yes=42c
Kalshi WS trade #6609: KXETH15M-26FEB182200-00 | yes | count=45.00 | yes=65c
Kalshi WS trade #6610: KXBTC15M-26FEB182200-00 | no | count=3.00 | yes=71c
Kalshi WS trade #6611: KXNCAAMBGAME-26FEB18BYUARIZ-ARIZ | yes | count=29.00 | yes=85c
Kalshi WS trade #6612: KXNCAAMBTOTAL-26FEB18KUOKST-155 | no | count=36.00 | yes=47c
Kalshi WS trade #6613: KXMVESPORTSMULTIGAMEEXTENDED-S2026AEE1207ABBF-DBEDF4C7F2E | yes | count=41.00 | yes=38c
Kalshi WS trade #6614: KXMVESPORTSMULTIGAMEEXTENDED-S2026AEE1207ABBF-DBEDF4C7F2E | yes | count=7.00 | yes=39c
Kalshi WS trade #6615: KXNCAAMBGAME-26FEB18BSUUSU-BSU | yes | count=3.00 | yes=20c
Kalshi WS trade #6616: KXNCAAMBGAME-26FEB18CHARTLSA-CHAR | yes | count=72.00 | yes=13c
INFO:     35.145.33.17:0 - "GET /api/all-markets?limit=5 HTTP/1.1" 200 OK
INFO:     35.145.33.17:0 - "GET /api/stats HTTP/1.1" 200 OK
Kalshi WS trade #6617: KXNCAAMBGAME-26FEB18VANMIZZ-VAN | yes | count=10.00 | yes=47c
Kalshi WS trade #6618: KXATPMATCH-26FEB18GIRRUU-GIR | yes | count=40.00 | yes=60c
Kalshi WS trade #6619: KXNCAAMBGAME-26FEB18BYUARIZ-BYU | yes | count=157.00 | yes=17c
Kalshi WS trade #6620: KXNCAAMBGAME-26FEB18VANMIZZ-VAN | yes | count=20.00 | yes=47c
Kalshi WS trade #6621: KXNCAAMBTOTAL-26FEB18UTAHWVU-130 | no | count=30.00 | yes=25c
Kalshi WS trade #6622: KXNCAAMBTOTAL-26FEB18UTAHWVU-130 | no | count=41.00 | yes=24c
Kalshi WS trade #6623: KXNCAAMBGAME-26FEB18UTAHWVU-UTAH | yes | count=25.00 | yes=58c
Kalshi WS trade #6624: KXNCAAMBGAME-26FEB18CHARTLSA-CHAR | yes | count=33.00 | yes=13c
Kalshi WS trade #6625: KXNCAAMBGAME-26FEB18DEPHALL-HALL | no | count=50.00 | yes=14c
Kalshi WS trade #6626: KXNCAAMBSPREAD-26FEB18DEPHALL-DEP1 | no | count=50.00 | yes=87c
Poly WS trade #88: asset=73192081854889000285... | BUY | size=134.094 | price=0.999
Kalshi WS trade #6627: KXLOVEISBLINDMARRIAGE-26-JOR | no | count=5.00 | yes=90c
Kalshi WS trade #6628: KXLOVEISBLINDMARRIAGE-26-JOR | no | count=12.00 | yes=89c
Kalshi WS trade #6629: KXNCAAMBGAME-26FEB18BYUARIZ-BYU | yes | count=124.00 | yes=17c
Kalshi WS trade #6630: KXNCAAWBGAME-26FEB18UTAUTU-UTU | yes | count=100.00 | yes=29c
Kalshi WS trade #6631: KXNCAAMBGAME-26FEB18SJUMARQ-SJU | yes | count=29.00 | yes=83c
Kalshi WS trade #6632: KXBTC15M-26FEB182200-00 | yes | count=2.00 | yes=74c
Kalshi WS trade #6633: KXBTC15M-26FEB182200-00 | yes | count=4.00 | yes=74c
Kalshi WS trade #6634: KXBTC15M-26FEB182200-00 | yes | count=1.00 | yes=75c
Kalshi WS trade #6635: KXNCAAMBGAME-26FEB18KUOKST-KU | yes | count=31.00 | yes=96c
Kalshi WS trade #6636: KXBTC15M-26FEB182200-00 | no | count=18.00 | yes=72c
Kalshi WS trade #6637: KXBTC15M-26FEB182200-00 | no | count=30.00 | yes=71c
Kalshi WS trade #6638: KXBTC15M-26FEB182200-00 | yes | count=61.00 | yes=75c
Poly WS trade #89: asset=69324317355037271422... | SELL | size=36 | price=0.034
Kalshi WS trade #6639: KXNCAAMBGAME-26FEB18BYUARIZ-BYU | yes | count=10.00 | yes=17c
Kalshi WS trade #6640: KXFEDCHAIRNOM-29-KW | no | count=389.00 | yes=94c
Kalshi WS trade #6641: KXNCAAMBGAME-26FEB18NDSUSDST-NDSU | no | count=17.00 | yes=95c
Kalshi WS trade #6642: KXNCAAMBGAME-26FEB18NDSUSDST-NDSU | no | count=38.00 | yes=94c
Kalshi WS trade #6643: KXNCAAMBGAME-26FEB18NDSUSDST-NDSU | no | count=12.00 | yes=94c
Kalshi WS trade #6644: KXNCAAMBGAME-26FEB18KENNMOSU-KENN | yes | count=7.00 | yes=68c
Kalshi WS trade #6645: KXNCAAMBGAME-26FEB18KENNMOSU-KENN | yes | count=35.00 | yes=68c
Kalshi WS trade #6646: KXNCAAMBGAME-26FEB18KENNMOSU-KENN | yes | count=14.00 | yes=68c
Kalshi WS trade #6647: KXATPMATCH-26FEB18GIRRUU-RUU | no | count=5.00 | yes=39c
Kalshi WS trade #6648: KXNCAAMBGAME-26FEB18AUBMSST-AUB | yes | count=60.00 | yes=19c
Kalshi WS trade #6649: KXNCAAMBGAME-26FEB18AUBMSST-AUB | yes | count=59.00 | yes=19c
Kalshi WS trade #6650: KXBTCMAX150-25-26APR30-149999.99 | no | count=25.00 | yes=3c
Kalshi WS trade #6651: KXNCAAMBSPREAD-26FEB18KENNMOSU-KENN1 | yes | count=40.00 | yes=61c
Kalshi WS trade #6652: KXNCAAMBSPREAD-26FEB18KENNMOSU-KENN1 | yes | count=68.00 | yes=62c
Kalshi WS trade #6653: KXNCAAMBSPREAD-26FEB18KENNMOSU-KENN1 | yes | count=68.00 | yes=62c
Kalshi WS trade #6654: KXNCAAMBSPREAD-26FEB18KENNMOSU-KENN1 | yes | count=50.00 | yes=62c
Kalshi WS trade #6655: KXNCAAMBSPREAD-26FEB18KENNMOSU-KENN1 | yes | count=68.00 | yes=62c
Kalshi WS trade #6656: KXNCAAMBSPREAD-26FEB18KENNMOSU-KENN1 | yes | count=68.00 | yes=62c
Kalshi WS trade #6657: KXNCAAMBSPREAD-26FEB18KENNMOSU-KENN1 | yes | count=68.00 | yes=62c
Kalshi WS trade #6658: KXNCAAMBSPREAD-26FEB18KENNMOSU-KENN1 | yes | count=1000.00 | yes=63c
Kalshi WS trade #6659: KXNCAAMBSPREAD-26FEB18KENNMOSU-KENN1 | yes | count=68.00 | yes=63c
Kalshi WS trade #6660: KXNCAAMBSPREAD-26FEB18KENNMOSU-KENN1 | yes | count=12.00 | yes=63c
Kalshi WS trade #6661: KXNCAAMBSPREAD-26FEB18KENNMOSU-KENN1 | yes | count=1000.00 | yes=64c
Kalshi WS trade #6662: KXNCAAMBSPREAD-26FEB18KENNMOSU-KENN1 | yes | count=272.00 | yes=74c
Kalshi WS trade #6663: KXNCAAMBSPREAD-26FEB18KENNMOSU-KENN1 | yes | count=219.00 | yes=75c
Kalshi WS trade #6664: KXATPMATCH-26FEB18GIRRUU-GIR | yes | count=48.00 | yes=60c
Kalshi WS trade #6665: KXNCAAWBGAME-26FEB19NDWAKE-WAKE | yes | count=35.00 | yes=10c
Kalshi WS trade #6666: KXNCAAMBGAME-26FEB18BYUARIZ-BYU | yes | count=22.00 | yes=17c
Kalshi WS trade #6667: KXNCAAMBGAME-26FEB18KENNMOSU-MOSU | yes | count=50.00 | yes=34c
Kalshi WS trade #6668: KXNCAAMBGAME-26FEB18BYUARIZ-ARIZ | yes | count=31.00 | yes=85c
Kalshi WS trade #6669: KXNCAABMENTION-26FEB18BYUARIZ-NIL | yes | count=31.00 | yes=3c
Poly WS trade #90: asset=10249390055164570152... | BUY | size=80.255812 | price=0.42
Kalshi WS trade #6670: KXNCAAMBGAME-26FEB18VANMIZZ-VAN | yes | count=205.00 | yes=47c
Poly WS trade #91: asset=48458075019957098166... | SELL | size=34 | price=0.992
Kalshi WS trade #6671: KXNCAAMBTOTAL-26FEB18NCCUSCST-125 | no | count=12.00 | yes=86c
Kalshi WS trade #6672: KXNCAAMBGAME-26FEB18BYUARIZ-BYU | yes | count=27.00 | yes=17c
Kalshi WS trade #6673: KXNCAAMBGAME-26FEB18MURRILST-MURR | yes | count=43.00 | yes=22c
Kalshi WS trade #6674: KXNCAAMBTOTAL-26FEB18DEPHALL-133 | yes | count=1.00 | yes=24c
Kalshi WS trade #6675: KXMVESPORTSMULTIGAMEEXTENDED-S20262494C983B9F-27046A706B9 | yes | count=26.00 | yes=1c
Kalshi WS trade #6676: KXBTC15M-26FEB182200-00 | yes | count=20.00 | yes=74c
Kalshi WS trade #6677: KXBTC15M-26FEB182200-00 | yes | count=104.00 | yes=75c
Kalshi WS trade #6678: KXMVESPORTSMULTIGAMEEXTENDED-S2026737238B0957-370A3BB33F3 | yes | count=382.00 | yes=12c
Kalshi WS trade #6679: KXNCAAMBGAME-26FEB18DEPHALL-HALL | yes | count=490.00 | yes=15c
Kalshi WS trade #6680: KXNCAAMBGAME-26FEB18DEPHALL-HALL | yes | count=98.00 | yes=15c
Kalshi WS trade #6681: KXMVESPORTSMULTIGAMEEXTENDED-S2026B3C9B71F9C7-542E1588E11 | yes | count=2.00 | yes=44c
Kalshi WS trade #6682: KXMVESPORTSMULTIGAMEEXTENDED-S2026B218732EC8D-B27A458DE6E | yes | count=24.00 | yes=6c
Kalshi WS trade #6683: KXMVESPORTSMULTIGAMEEXTENDED-S2026B218732EC8D-B27A458DE6E | yes | count=221.00 | yes=9c
Kalshi WS trade #6684: KXPSAKIMENTION-26FEB19-AFFO | yes | count=935.00 | yes=1c
Kalshi WS trade #6685: KXNCAAMBGAME-26FEB18BYUARIZ-BYU | yes | count=1465.00 | yes=17c
Kalshi WS trade #6686: KXATPMATCH-26FEB18GIRRUU-GIR | yes | count=8.00 | yes=60c
Kalshi WS trade #6687: KXNCAAMBSPREAD-26FEB18SJUMARQ-SJU9 | yes | count=379.00 | yes=51c
Kalshi WS trade #6688: KXNCAAMBSPREAD-26FEB18BSUUSU-USU9 | yes | count=56.00 | yes=51c
Kalshi WS trade #6689: KXNCAAMBGAME-26FEB18NCCUSCST-NCCU | yes | count=612.00 | yes=51c
Kalshi WS trade #6690: KXNCAAMBGAME-26FEB18NCCUSCST-NCCU | yes | count=449.00 | yes=51c
Kalshi WS trade #6691: KXNCAAMBGAME-26FEB18NCCUSCST-NCCU | yes | count=449.00 | yes=51c
Kalshi WS trade #6692: KXNCAAMBGAME-26FEB18NCCUSCST-NCCU | yes | count=376.00 | yes=51c
Kalshi WS trade #6693: KXNBASPREAD-26FEB19DENLAC-LAC3 | yes | count=24.00 | yes=32c
Kalshi WS trade #6694: KXNBASPREAD-26FEB19DENLAC-LAC3 | yes | count=63.00 | yes=33c
Kalshi WS trade #6695: KXNCAAMBGAME-26FEB18BYUARIZ-BYU | yes | count=222.00 | yes=17c
Kalshi WS trade #6696: KXFEDCHAIRNOM-29-KW | yes | count=5.00 | yes=95c
Kalshi WS trade #6697: KXNCAAMBGAME-26FEB18BYUARIZ-BYU | yes | count=111.00 | yes=17c
Kalshi WS trade #6698: KXATPMATCH-26FEB18GIRRUU-GIR | yes | count=48.00 | yes=60c
Kalshi WS trade #6699: KXNCAAMBGAME-26FEB18SJUMARQ-MARQ | yes | count=5.00 | yes=18c
Kalshi WS trade #6700: KXNCAAMBGAME-26FEB18UTAHWVU-UTAH | yes | count=10.00 | yes=58c
Kalshi WS trade #6701: KXNCAAMBGAME-26FEB18BYUARIZ-BYU | yes | count=5.00 | yes=17c
Kalshi WS trade #6702: KXATPMATCH-26FEB18GIRRUU-RUU | no | count=70.00 | yes=38c
Kalshi WS trade #6703: KXNCAAMBGAME-26FEB18DEPHALL-HALL | no | count=50.00 | yes=14c
Kalshi WS trade #6704: KXNCAAMBSPREAD-26FEB18DEPHALL-DEP1 | no | count=50.00 | yes=87c
Kalshi WS trade #6705: KXNCAAMBGAME-26FEB18DEPHALL-HALL | no | count=100.00 | yes=14c
Kalshi WS trade #6706: KXBTCD-26FEB1822-T66749.99 | yes | count=1.00 | yes=10c
Kalshi WS trade #6707: KXLOWTNYC-26FEB18-B35.5 | yes | count=50.00 | yes=6c
Kalshi WS trade #6708: KXLOWTNYC-26FEB18-B35.5 | yes | count=91.00 | yes=7c
Kalshi WS trade #6709: KXNCAAMBGAME-26FEB18MURRILST-MURR | yes | count=15.00 | yes=22c
Kalshi WS trade #6710: KXHIGHMIA-26FEB19-B80.5 | yes | count=26.00 | yes=16c
Kalshi WS trade #6711: KXNCAAMBTOTAL-26FEB18DEPHALL-127 | no | count=31.00 | yes=55c
Kalshi WS trade #6712: KXNCAAMBGAME-26FEB18PACWSU-PAC | yes | count=50.00 | yes=48c
Kalshi WS trade #6713: KXBTCD-26FEB1822-T66749.99 | yes | count=18.00 | yes=10c
Kalshi WS trade #6714: KXBTC15M-26FEB182200-00 | yes | count=2.00 | yes=74c
Kalshi WS trade #6715: KXBTC15M-26FEB182200-00 | yes | count=8.00 | yes=75c
Kalshi WS trade #6716: KXNCAAMBGAME-26FEB18UTAHWVU-WVU | yes | count=1.00 | yes=43c
Kalshi WS trade #6717: KXNCAAMBGAME-26FEB18NDSUSDST-SDST | yes | count=14.00 | yes=5c
Kalshi WS trade #6718: KXNCAAMBGAME-26FEB18NDSUSDST-SDST | yes | count=79.00 | yes=5c
Kalshi WS trade #6719: KXNCAAMBGAME-26FEB18VANMIZZ-VAN | no | count=500.00 | yes=46c
Kalshi WS trade #6720: KXNCAAMBGAME-26FEB18VANMIZZ-VAN | no | count=15.00 | yes=45c
Kalshi WS trade #6721: KXNCAAMBGAME-26FEB18VANMIZZ-VAN | no | count=15.00 | yes=45c
Kalshi WS trade #6722: KXNCAAMBGAME-26FEB18VANMIZZ-VAN | no | count=1165.00 | yes=45c
Kalshi WS trade #6723: KXNCAAWBGAME-26FEB18UNLVSDSU-UNLV | yes | count=12.00 | yes=36c
Kalshi WS trade #6724: KXNCAAWBGAME-26FEB18UNLVSDSU-UNLV | yes | count=324.00 | yes=36c
Kalshi WS trade #6725: KXNCAAWBGAME-26FEB18UNLVSDSU-UNLV | yes | count=62.00 | yes=36c
Kalshi WS trade #6726: KXNCAAMBTOTAL-26FEB18NDSUSDST-144 | no | count=30.00 | yes=39c
Kalshi WS trade #6727: KXNCAAMBTOTAL-26FEB18NDSUSDST-144 | no | count=9.00 | yes=39c
Kalshi WS trade #6728: KXNCAAMBGAME-26FEB18BYUARIZ-BYU | yes | count=5.00 | yes=17c
Kalshi WS trade #6729: KXNCAAMBGAME-26FEB18DEPHALL-HALL | yes | count=5.00 | yes=15c
Kalshi WS trade #6730: KXBTCD-26FEB1822-T66749.99 | no | count=79.00 | yes=9c
Kalshi WS trade #6731: KXBTC15M-26FEB182200-00 | yes | count=18.00 | yes=75c
Kalshi WS trade #6732: KXNCAAMBGAME-26FEB18FAUUTSA-UTSA | yes | count=93.00 | yes=1c
Kalshi WS trade #6733: KXNCAAMBGAME-26FEB18NDSUSDST-SDST | yes | count=22.00 | yes=5c
Kalshi WS trade #6734: KXNCAAMBGAME-26FEB18NDSUSDST-SDST | yes | count=78.00 | yes=5c
Kalshi WS trade #6735: KXMVESPORTSMULTIGAMEEXTENDED-S2026E82CEE9EE9D-8997D7B9B6A | yes | count=101.00 | yes=4c
Kalshi WS trade #6736: KXNCAAMBGAME-26FEB18UTAHWVU-UTAH | yes | count=19.00 | yes=58c
Kalshi WS trade #6737: KXNCAAMBGAME-26FEB18UTAHWVU-UTAH | yes | count=29.00 | yes=58c
Kalshi WS trade #6738: KXMVESPORTSMULTIGAMEEXTENDED-S20260BB2901D8E5-B70F1A2A4F0 | yes | count=102.00 | yes=60c
Kalshi WS trade #6739: KXATPMATCH-26FEB18GIRRUU-RUU | yes | count=2.00 | yes=42c
Kalshi WS trade #6740: KXNCAAMBTOTAL-26FEB18AUBMSST-165 | yes | count=229.00 | yes=45c
Kalshi WS trade #6741: KXNCAAMBTOTAL-26FEB18AUBMSST-165 | yes | count=229.00 | yes=45c
Kalshi WS trade #6742: KXNCAAMBTOTAL-26FEB18AUBMSST-165 | yes | count=229.00 | yes=45c
Kalshi WS trade #6743: KXNCAAMBTOTAL-26FEB18AUBMSST-165 | yes | count=229.00 | yes=45c
Kalshi WS trade #6744: KXNCAAMBTOTAL-26FEB18AUBMSST-165 | yes | count=79.00 | yes=45c
Kalshi WS trade #6745: KXNCAAMBSPREAD-26FEB18BYUARIZ-ARIZ9 | no | count=7.00 | yes=47c
Kalshi WS trade #6746: KXNCAAMBGAME-26FEB18UTAHWVU-WVU | yes | count=53.00 | yes=43c
Kalshi WS trade #6747: KXNCAAMBGAME-26FEB18UTAHWVU-WVU | yes | count=2.00 | yes=43c
Kalshi WS trade #6748: KXNCAAMBGAME-26FEB18UTAHWVU-WVU | yes | count=33.00 | yes=43c
Kalshi WS trade #6749: KXNCAAMBGAME-26FEB18BYUARIZ-BYU | yes | count=10.00 | yes=16c
Kalshi WS trade #6750: KXNCAAMBGAME-26FEB18NDSUSDST-NDSU | no | count=169.00 | yes=94c
Kalshi WS trade #6751: KXNCAAMBGAME-26FEB18VANMIZZ-VAN | yes | count=34.00 | yes=45c
Kalshi WS trade #6752: KXNCAAMBGAME-26FEB18CHARTLSA-CHAR | yes | count=145.00 | yes=13c
Kalshi WS trade #6753: KXNCAAMBGAME-26FEB18DEPHALL-DEP | yes | count=17.00 | yes=87c
Kalshi WS trade #6754: KXNCAAMBSPREAD-26FEB18DEPHALL-DEP4 | yes | count=354.00 | yes=63c
Kalshi WS trade #6755: KXNCAAMBTOTAL-26FEB18FAUUTSA-142 | yes | count=187.00 | yes=1c
Kalshi WS trade #6756: KXNCAAMBGAME-26FEB18BYUARIZ-BYU | yes | count=40.00 | yes=16c
Kalshi WS trade #6757: KXNCAAMBGAME-26FEB18BYUARIZ-BYU | yes | count=515.00 | yes=17c
Kalshi WS trade #6758: KXNCAAMBTOTAL-26FEB18ILLUSC-150 | no | count=201.00 | yes=52c
Kalshi WS trade #6759: KXNCAAMBGAME-26FEB18VANMIZZ-MIZZ | no | count=60.00 | yes=56c
Kalshi WS trade #6760: KXNCAAMBGAME-26FEB18SJUMARQ-MARQ | yes | count=177.00 | yes=18c
Kalshi WS trade #6761: KXNCAAMBGAME-26FEB18SJUMARQ-MARQ | yes | count=73.00 | yes=18c
Kalshi WS trade #6762: KXNCAAMBGAME-26FEB18VANMIZZ-VAN | yes | count=10.00 | yes=45c
Kalshi WS trade #6763: KXNCAAMBGAME-26FEB18BYUARIZ-ARIZ | yes | count=31.00 | yes=85c
Kalshi WS trade #6764: KXNCAAMBGAME-26FEB18BYUARIZ-BYU | yes | count=194.00 | yes=17c
Kalshi WS trade #6765: KXNCAAMBGAME-26FEB18VANMIZZ-MIZZ | no | count=40.00 | yes=56c
Kalshi WS trade #6766: KXNCAAMBGAME-26FEB18VANMIZZ-MIZZ | no | count=85.00 | yes=56c
Kalshi WS trade #6767: KXNCAAMBSPREAD-26FEB18ILLUSC-ILL9 | no | count=35.00 | yes=46c
Kalshi WS trade #6768: KXNCAAMBGAME-26FEB18BYUARIZ-BYU | yes | count=5.00 | yes=17c
Kalshi WS trade #6769: KXNCAAMBGAME-26FEB18VANMIZZ-MIZZ | yes | count=3.00 | yes=57c
Kalshi WS trade #6770: KXATPMATCH-26FEB18GIRRUU-RUU | yes | count=50.00 | yes=42c
Kalshi WS trade #6771: KXATPMATCH-26FEB18GIRRUU-GIR | no | count=50.00 | yes=58c
Kalshi WS trade #6772: KXNCAAMBGAME-26FEB18UTAHWVU-WVU | yes | count=217.00 | yes=44c
Kalshi WS trade #6773: KXETH15M-26FEB182200-00 | yes | count=1.00 | yes=65c
Kalshi WS trade #6774: KXXRP15M-26FEB182200-00 | yes | count=1.00 | yes=87c
Kalshi WS trade #6775: KXNCAAMBGAME-26FEB18BYUARIZ-ARIZ | yes | count=16.00 | yes=85c
Kalshi WS trade #6776: KXNCAAMBGAME-26FEB18BYUARIZ-ARIZ | yes | count=5.00 | yes=85c
Kalshi WS trade #6777: KXBTC-26FEB1822-B66875 | no | count=54.00 | yes=8c
Kalshi WS trade #6778: KXNCAAMBGAME-26FEB18NCCUSCST-NCCU | no | count=23.00 | yes=49c
Kalshi WS trade #6779: KXATPMATCH-26FEB18GIRRUU-GIR | no | count=130.00 | yes=58c
Kalshi WS trade #6780: KXATPMATCH-26FEB18GIRRUU-GIR | no | count=180.00 | yes=58c
Kalshi WS trade #6781: KXATPMATCH-26FEB18GIRRUU-RUU | yes | count=128.00 | yes=42c
Kalshi WS trade #6782: KXATPMATCH-26FEB18GIRRUU-RUU | yes | count=180.00 | yes=42c
Kalshi WS trade #6783: KXATPMATCH-26FEB18GIRRUU-RUU | yes | count=180.00 | yes=42c
Kalshi WS trade #6784: KXATPMATCH-26FEB18GIRRUU-RUU | yes | count=100.00 | yes=42c
Kalshi WS trade #6785: KXATPMATCH-26FEB18GIRRUU-RUU | yes | count=180.00 | yes=42c
Kalshi WS trade #6786: KXATPMATCH-26FEB18GIRRUU-RUU | yes | count=180.00 | yes=42c
Kalshi WS trade #6787: KXATPMATCH-26FEB18GIRRUU-RUU | yes | count=180.00 | yes=42c
Kalshi WS trade #6788: KXATPMATCH-26FEB18GIRRUU-RUU | yes | count=180.00 | yes=42c
Kalshi WS trade #6789: KXATPMATCH-26FEB18GIRRUU-RUU | yes | count=180.00 | yes=42c
Kalshi WS trade #6790: KXATPMATCH-26FEB18GIRRUU-RUU | yes | count=180.00 | yes=42c
Kalshi WS trade #6791: KXATPMATCH-26FEB18GIRRUU-RUU | yes | count=180.00 | yes=42c
Kalshi WS trade #6792: KXATPMATCH-26FEB18GIRRUU-RUU | yes | count=1.00 | yes=42c
Kalshi WS trade #6793: KXNCAAMBGAME-26FEB18DEPHALL-HALL | yes | count=88.00 | yes=15c
Kalshi WS trade #6794: KXNCAAMBGAME-26FEB18PACWSU-PAC | yes | count=20.00 | yes=48c
Kalshi WS trade #6795: KXBTCD-26FEB1822-T66749.99 | no | count=6.00 | yes=9c
Kalshi WS trade #6796: KXXRP15M-26FEB182200-00 | yes | count=21.00 | yes=87c
Kalshi WS trade #6797: KXNCAAMBSPREAD-26FEB18DEPHALL-DEP1 | no | count=50.00 | yes=87c
Kalshi WS trade #6798: KXNCAAMBGAME-26FEB18DEPHALL-HALL | no | count=50.00 | yes=14c
Kalshi WS trade #6799: KXNCAAMBSPREAD-26FEB18SJUMARQ-SJU9 | no | count=2.00 | yes=45c
Kalshi WS trade #6800: KXNCAAMBSPREAD-26FEB18SJUMARQ-SJU9 | no | count=3.00 | yes=45c
Kalshi WS trade #6801: KXNCAAMBGAME-26FEB18UTAHWVU-WVU | yes | count=13.00 | yes=43c
Kalshi WS trade #6802: KXSOL15M-26FEB182200-00 | yes | count=41.00 | yes=80c
Kalshi WS trade #6803: KXSOL15M-26FEB182200-00 | yes | count=2.00 | yes=82c
Kalshi WS trade #6804: KXSOL15M-26FEB182200-00 | yes | count=10.00 | yes=84c
Kalshi WS trade #6805: KXSOL15M-26FEB182200-00 | yes | count=1.00 | yes=85c
Kalshi WS trade #6806: KXSOL15M-26FEB182200-00 | yes | count=4.00 | yes=85c
Kalshi WS trade #6807: KXSOL15M-26FEB182200-00 | yes | count=116.00 | yes=86c
Kalshi WS trade #6808: KXSOL15M-26FEB182200-00 | yes | count=3.00 | yes=88c
Kalshi WS trade #6809: KXSOL15M-26FEB182200-00 | yes | count=300.00 | yes=88c
Kalshi WS trade #6810: KXSOL15M-26FEB182200-00 | yes | count=100.00 | yes=88c
Kalshi WS trade #6811: KXSOL15M-26FEB182200-00 | yes | count=100.00 | yes=88c
Kalshi WS trade #6812: KXSOL15M-26FEB182200-00 | yes | count=3.00 | yes=89c
Kalshi WS trade #6813: KXSOL15M-26FEB182200-00 | yes | count=1.00 | yes=90c
Kalshi WS trade #6814: KXSOL15M-26FEB182200-00 | yes | count=3.00 | yes=90c
Kalshi WS trade #6815: KXSOL15M-26FEB182200-00 | yes | count=66.00 | yes=90c
Kalshi WS trade #6816: KXTRUMPMENTION-26MAR02-LINC | no | count=7.00 | yes=42c
Kalshi WS trade #6817: KXTRUMPMENTION-26MAR02-LINC | no | count=411.00 | yes=42c
Kalshi WS trade #6818: KXATPMATCH-26FEB18GIRRUU-GIR | yes | count=164.00 | yes=58c
Kalshi WS trade #6819: KXNCAAMBGAME-26FEB18VANMIZZ-VAN | yes | count=11.00 | yes=46c
Kalshi WS trade #6820: KXNCAAMBGAME-26FEB18KENNMOSU-KENN | yes | count=35.00 | yes=67c
Kalshi WS trade #6821: KXNCAAMBGAME-26FEB18KENNMOSU-KENN | yes | count=35.00 | yes=67c
Kalshi WS trade #6822: KXNCAAMBGAME-26FEB18KENNMOSU-KENN | yes | count=35.00 | yes=67c
Kalshi WS trade #6823: KXNCAAMBGAME-26FEB18KENNMOSU-KENN | yes | count=35.00 | yes=67c
Kalshi WS trade #6824: KXNCAAMBGAME-26FEB18KENNMOSU-KENN | yes | count=10.00 | yes=67c
Kalshi WS trade #6825: KXNCAAMBSPREAD-26FEB18AUBMSST-MSST9 | no | count=8.00 | yes=45c
Kalshi WS trade #6826: KXBTCD-26FEB1917-T66499.99 | yes | count=65.00 | yes=58c
Kalshi WS trade #6827: KXNBAGAME-26FEB20LACLAL-LAL | yes | count=1.00 | yes=71c
Kalshi WS trade #6828: KXNCAAMBGAME-26FEB18UTAHWVU-UTAH | yes | count=41.00 | yes=58c
Kalshi WS trade #6829: KXNCAAMBGAME-26FEB18BYUARIZ-ARIZ | yes | count=691.00 | yes=85c
Kalshi WS trade #6830: KXNCAAMBTOTAL-26FEB18KENNMOSU-167 | no | count=51.00 | yes=53c
Kalshi WS trade #6831: KXNCAAMBSPREAD-26FEB18BYUARIZ-ARIZ9 | no | count=10.00 | yes=47c
Kalshi WS trade #6832: KXNCAAMBGAME-26FEB18UTAHWVU-UTAH | yes | count=33.00 | yes=57c
Kalshi WS trade #6833: KXNCAAMBGAME-26FEB18UTAHWVU-UTAH | yes | count=66.00 | yes=57c
Kalshi WS trade #6834: KXNCAAMBSPREAD-26FEB18DEPHALL-DEP4 | yes | count=7.00 | yes=63c
Kalshi WS trade #6835: KXNCAAMBGAME-26FEB18UTAHWVU-UTAH | yes | count=1.00 | yes=57c
Kalshi WS trade #6836: KXNCAAMBGAME-26FEB18UTAHWVU-UTAH | yes | count=32.00 | yes=57c
Kalshi WS trade #6837: KXNCAAMBGAME-26FEB18NDSUSDST-SDST | yes | count=23.00 | yes=5c
Kalshi WS trade #6838: KXNCAAMBGAME-26FEB18NDSUSDST-SDST | yes | count=101.00 | yes=5c
Kalshi WS trade #6839: KXNCAAMBGAME-26FEB18NDSUSDST-SDST | yes | count=590.00 | yes=5c
Kalshi WS trade #6840: KXNCAAMBGAME-26FEB18SJUMARQ-MARQ | yes | count=18.00 | yes=18c
Kalshi WS trade #6841: KXATPMATCH-26FEB18GIRRUU-RUU | no | count=1981.00 | yes=42c
Kalshi WS trade #6842: KXATPMATCH-26FEB18GIRRUU-RUU | no | count=2524.00 | yes=41c
Kalshi WS trade #6843: KXNCAAMBGAME-26FEB18BYUARIZ-BYU | yes | count=295.00 | yes=17c
Kalshi WS trade #6844: KXNCAAWBGAME-26FEB18UNMGC-GC | yes | count=3.00 | yes=43c
Kalshi WS trade #6845: KXNCAAWBGAME-26FEB18UNMGC-GC | yes | count=18.00 | yes=44c
Kalshi WS trade #6846: KXNCAAMBGAME-26FEB18SJUMARQ-MARQ | yes | count=13.00 | yes=18c
Kalshi WS trade #6847: KXBERNIEMENTION-26FEB19-TRUM | yes | count=50.00 | yes=96c
Kalshi WS trade #6848: KXBERNIEMENTION-26FEB19-TRUM | yes | count=36.00 | yes=97c
Kalshi WS trade #6849: KXBERNIEMENTION-26FEB19-TRUM | yes | count=37.00 | yes=97c
Kalshi WS trade #6850: KXBERNIEMENTION-26FEB19-TRUM | yes | count=50.00 | yes=99c
INFO:     35.145.33.17:0 - "GET /api/sectors/trending?limit=50 HTTP/1.1" 200 OK
Kalshi WS trade #6851: KXKHAMENEIOUT-AKHA-26APR01 | yes | count=10.00 | yes=28c
Kalshi WS trade #6852: KXNCAAMBGAME-26FEB18VANMIZZ-VAN | yes | count=49.00 | yes=46c
Kalshi WS trade #6853: KXNCAAMBGAME-26FEB18VANMIZZ-VAN | yes | count=175.00 | yes=47c
Kalshi WS trade #6854: KXNCAAMBGAME-26FEB18VANMIZZ-VAN | yes | count=604.00 | yes=47c
Kalshi WS trade #6855: KXNCAAMBGAME-26FEB18KENNMOSU-MOSU | yes | count=14.00 | yes=34c
Kalshi WS trade #6856: KXNCAAMBGAME-26FEB18VANMIZZ-VAN | yes | count=10.00 | yes=47c
Kalshi WS trade #6857: KXATPMATCH-26FEB18GIRRUU-RUU | yes | count=112.00 | yes=42c
Kalshi WS trade #6858: KXLLM1-26FEB28-XAI | no | count=500.00 | yes=2c
Kalshi WS trade #6859: KXNCAAMBTOTAL-26FEB18ILLUSC-150 | yes | count=781.00 | yes=54c
Kalshi WS trade #6860: KXATPMATCH-26FEB18GIRRUU-RUU | yes | count=68.00 | yes=42c
Kalshi WS trade #6861: KXATPMATCH-26FEB18GIRRUU-RUU | yes | count=180.00 | yes=42c
Kalshi WS trade #6862: KXATPMATCH-26FEB18GIRRUU-RUU | yes | count=52.00 | yes=42c
Kalshi WS trade #6863: KXNCAAMBGAME-26FEB18NCCUSCST-NCCU | no | count=50.00 | yes=49c
Kalshi WS trade #6864: KXNCAAMBGAME-26FEB18BYUARIZ-BYU | yes | count=27.00 | yes=17c
Kalshi WS trade #6865: KXBTC15M-26FEB182200-00 | no | count=17.00 | yes=72c
Kalshi WS trade #6866: KXHIGHTNOLA-26FEB19-B81.5 | no | count=10.00 | yes=43c
Kalshi WS trade #6867: KXNCAAMBSPREAD-26FEB18KENNMOSU-KENN4 | no | count=10.00 | yes=33c
Kalshi WS trade #6868: KXNCAAMBSPREAD-26FEB18KENNMOSU-KENN4 | no | count=50.00 | yes=33c
Kalshi WS trade #6869: KXNCAAMBSPREAD-26FEB18KENNMOSU-KENN4 | no | count=71.00 | yes=33c
Kalshi WS trade #6870: KXNCAAMBSPREAD-26FEB18KENNMOSU-KENN4 | no | count=1000.00 | yes=32c
Kalshi WS trade #6871: KXTRUMPOUT27-27-26AUG01 | yes | count=488.00 | yes=9c
Kalshi WS trade #6872: KXTRUMPOUT27-27-26AUG01 | yes | count=12.00 | yes=10c
Kalshi WS trade #6873: KXFEDDECISION-26MAR-H25 | yes | count=4.00 | yes=1c
Kalshi WS trade #6874: KXNCAAMBSPREAD-26FEB18BYUARIZ-ARIZ9 | yes | count=10.00 | yes=51c
Kalshi WS trade #6875: KXWOHOCKEY-MEN26CGOLD-USA | yes | count=43.00 | yes=44c
Poly WS trade #92: asset=69324317355037271422... | SELL | size=25 | price=0.034
Kalshi WS trade #6876: KXNCAAMBGAME-26FEB18DEPHALL-HALL | no | count=36.00 | yes=14c
Kalshi WS trade #6877: KXNCAAMBSPREAD-26FEB18DEPHALL-DEP1 | no | count=36.00 | yes=87c
Kalshi WS trade #6878: KXMVESPORTSMULTIGAMEEXTENDED-S20266850EBDFF95-BF7C8CDCEB1 | yes | count=10.00 | yes=13c
Kalshi WS trade #6879: KXMVESPORTSMULTIGAMEEXTENDED-S2026236304E8F0B-6FB7F3FC008 | yes | count=370.00 | yes=52c
Kalshi WS trade #6880: KXSOL15M-26FEB182200-00 | yes | count=3.00 | yes=79c
Kalshi WS trade #6881: KXETH15M-26FEB182200-00 | yes | count=1.00 | yes=65c
Kalshi WS trade #6882: KXETH15M-26FEB182200-00 | yes | count=139.00 | yes=66c
Kalshi WS trade #6883: KXETH15M-26FEB182200-00 | yes | count=6.00 | yes=70c
Kalshi WS trade #6884: KXNCAAMBGAME-26FEB18BYUARIZ-BYU | yes | count=250.00 | yes=17c
Kalshi WS trade #6885: KXNCAAMBGAME-26FEB18BYUARIZ-BYU | yes | count=27.00 | yes=17c
Kalshi WS trade #6886: KXNCAAMBGAME-26FEB18UTAHWVU-WVU | yes | count=11.00 | yes=43c
Kalshi WS trade #6887: KXNCAAMBGAME-26FEB18BYUARIZ-ARIZ | yes | count=170.00 | yes=85c
Kalshi WS trade #6888: KXNCAAMBGAME-26FEB18NCCUSCST-NCCU | yes | count=100.00 | yes=51c
Kalshi WS trade #6889: KXNCAAMBGAME-26FEB18MDNW-MD | yes | count=4.00 | yes=3c
Kalshi WS trade #6890: KXNCAAMBGAME-26FEB18MDNW-MD | yes | count=3.00 | yes=3c
Kalshi WS trade #6891: KXNCAAMBGAME-26FEB18BYUARIZ-BYU | yes | count=49.00 | yes=17c
Kalshi WS trade #6892: KXNCAAMBTOTAL-26FEB18DEPHALL-118 | yes | count=236.00 | yes=96c
Kalshi WS trade #6893: KXNCAAMBTOTAL-26FEB18DEPHALL-118 | yes | count=236.00 | yes=96c
Kalshi WS trade #6894: KXNCAAMBTOTAL-26FEB18DEPHALL-118 | yes | count=236.00 | yes=96c
Kalshi WS trade #6895: KXNCAAMBTOTAL-26FEB18DEPHALL-118 | yes | count=50.00 | yes=96c
Kalshi WS trade #6896: KXNCAAMBTOTAL-26FEB18DEPHALL-118 | yes | count=278.00 | yes=97c
Kalshi WS trade #6897: KXNCAAMBGAME-26FEB19WEBBRAD-WEBB | yes | count=78.00 | yes=6c
Kalshi WS trade #6898: KXATPMATCH-26FEB18GIRRUU-GIR | yes | count=10.00 | yes=58c
Kalshi WS trade #6899: KXBTC15M-26FEB182200-00 | yes | count=1.00 | yes=74c
Kalshi WS trade #6900: KXBTC15M-26FEB182200-00 | yes | count=93.00 | yes=75c
Kalshi WS trade #6901: KXNCAAMBGAME-26FEB18ILLUSC-USC | yes | count=6.00 | yes=20c
Kalshi WS trade #6902: KXNCAAMBGAME-26FEB18MDNW-NW | yes | count=27.00 | yes=98c
Kalshi WS trade #6903: KXNCAAMBTOTAL-26FEB18SJUMARQ-160 | yes | count=20.00 | yes=54c
Kalshi WS trade #6904: KXATPMATCH-26FEB18GIRRUU-GIR | yes | count=40.00 | yes=58c
Kalshi WS trade #6905: KXNCAAWBGAME-26FEB19LSUMISS-MISS | no | count=5.00 | yes=26c
Kalshi WS trade #6906: KXNCAAMBGAME-26FEB18PACWSU-PAC | yes | count=30.00 | yes=48c
Kalshi WS trade #6907: KXNCAAMBGAME-26FEB18KENNMOSU-MOSU | yes | count=13.00 | yes=34c
Kalshi WS trade #6908: KXNCAAMBGAME-26FEB18BYUARIZ-ARIZ | yes | count=157.00 | yes=85c
Kalshi WS trade #6909: KXBTC15M-26FEB182200-00 | yes | count=196.00 | yes=75c
Kalshi WS trade #6910: KXNCAAMBGAME-26FEB18DEPHALL-DEP | no | count=1.00 | yes=86c
Kalshi WS trade #6911: KXNCAAMBGAME-26FEB18BYUARIZ-BYU | yes | count=22.00 | yes=17c
Kalshi WS trade #6912: KXNCAAMBGAME-26FEB18CHARTLSA-TLSA | no | count=17.00 | yes=88c
Kalshi WS trade #6913: KXNCAAMBGAME-26FEB18CHARTLSA-TLSA | no | count=26.00 | yes=87c
Kalshi WS trade #6914: KXNCAAMBGAME-26FEB18BYUARIZ-BYU | yes | count=5.00 | yes=17c
Kalshi WS trade #6915: KXNCAAMBGAME-26FEB18NCCUSCST-NCCU | yes | count=1.00 | yes=51c
Kalshi WS trade #6916: KXNCAAMBGAME-26FEB18NCCUSCST-NCCU | yes | count=149.00 | yes=51c
Kalshi WS trade #6917: KXNCAAMBGAME-26FEB18NCCUSCST-NCCU | yes | count=149.00 | yes=51c
Kalshi WS trade #6918: KXNCAAMBGAME-26FEB18NCCUSCST-NCCU | yes | count=227.00 | yes=52c
Kalshi WS trade #6919: KXNCAAMBSPREAD-26FEB18NCCUSCST-NCCU2 | yes | count=3.00 | yes=41c
Kalshi WS trade #6920: KXNCAAMBSPREAD-26FEB18NCCUSCST-NCCU2 | yes | count=149.00 | yes=41c
Kalshi WS trade #6921: KXNCAAMBSPREAD-26FEB18NCCUSCST-NCCU2 | yes | count=149.00 | yes=41c
Kalshi WS trade #6922: KXNCAAMBSPREAD-26FEB18NCCUSCST-NCCU2 | yes | count=50.00 | yes=41c
Kalshi WS trade #6923: KXNCAAMBSPREAD-26FEB18NCCUSCST-NCCU2 | yes | count=149.00 | yes=41c
Kalshi WS trade #6924: KXNCAAMBGAME-26FEB18BYUARIZ-BYU | yes | count=55.00 | yes=17c
Kalshi WS trade #6925: KXNCAAMBGAME-26FEB18ILLUSC-USC | yes | count=45.00 | yes=20c
Kalshi WS trade #6926: KXNCAAMBGAME-26FEB18BYUARIZ-BYU | yes | count=50.00 | yes=17c
Kalshi WS trade #6927: KXNCAAMBGAME-26FEB18CHARTLSA-TLSA | yes | count=15.00 | yes=89c
Kalshi WS trade #6928: KXNCAAMBGAME-26FEB18BYUARIZ-BYU | yes | count=20.00 | yes=17c
Poly WS trade #93: asset=25587456249932347125... | SELL | size=34.94 | price=0.977
Kalshi WS trade #6929: KXATPMATCH-26FEB18GIRRUU-RUU | yes | count=128.00 | yes=42c
Kalshi WS trade #6930: KXATPMATCH-26FEB18GIRRUU-RUU | yes | count=95.00 | yes=42c
Kalshi WS trade #6931: KXCABOUT-29JAN-HLUT | yes | count=24.00 | yes=19c
Kalshi WS trade #6932: KXNCAAMBTOTAL-26FEB18BYUARIZ-161 | no | count=181.00 | yes=47c
Kalshi WS trade #6933: KXPGATOP20-THGI26-XSCH | yes | count=50.00 | yes=56c
Kalshi WS trade #6934: KXNCAAMBTOTAL-26FEB18ILLUSC-150 | yes | count=56.00 | yes=54c
Kalshi WS trade #6935: KXMVESPORTSMULTIGAMEEXTENDED-S2026CEF90DEDEF2-02021DF4867 | yes | count=791.00 | yes=24c
Kalshi WS trade #6936: KXATPMATCH-26FEB18GIRRUU-RUU | no | count=10.00 | yes=41c
Kalshi WS trade #6937: KXATPMATCH-26FEB18GIRRUU-GIR | yes | count=20.00 | yes=58c
Kalshi WS trade #6938: KXNCAAMBSPREAD-26FEB18CHARTLSA-TLSA7 | no | count=27.00 | yes=34c
Kalshi WS trade #6939: KXNCAAMBSPREAD-26FEB18CHARTLSA-TLSA7 | no | count=2.00 | yes=34c
Kalshi WS trade #6940: KXNCAAMBSPREAD-26FEB18CHARTLSA-TLSA7 | no | count=8.00 | yes=34c
Kalshi WS trade #6941: KXNCAAMBSPREAD-26FEB18CHARTLSA-TLSA7 | no | count=232.00 | yes=26c
Kalshi WS trade #6942: KXNCAAMBTOTAL-26FEB18UVAGT-161 | no | count=22.00 | yes=57c
Kalshi WS trade #6943: KXETH15M-26FEB182200-00 | yes | count=2.00 | yes=66c
Poly WS trade #94: asset=20939351535690701474... | BUY | size=8.298754 | price=0.964
Kalshi WS trade #6944: KXNBAGAME-26FEB19BKNCLE-BKN | no | count=50.00 | yes=11c
Kalshi WS trade #6945: KXNCAAWBGAME-26FEB19LSUMISS-MISS | no | count=5.00 | yes=26c
Kalshi WS trade #6946: KXNCAAMBGAME-26FEB18BSUUSU-USU | yes | count=13.00 | yes=82c
Kalshi WS trade #6947: KXHIGHTLV-26FEB19-B49.5 | yes | count=33.00 | yes=32c
Kalshi WS trade #6948: KXHIGHTLV-26FEB19-B49.5 | yes | count=2.00 | yes=32c
Kalshi WS trade #6949: KXNCAAMBGAME-26FEB18BYUARIZ-BYU | yes | count=5.00 | yes=17c
Kalshi WS trade #6950: KXNCAAMBGAME-26FEB18VANMIZZ-VAN | yes | count=20.00 | yes=46c
Kalshi WS trade #6951: KXNCAAMBGAME-26FEB18MURRILST-MURR | yes | count=86.00 | yes=22c
Kalshi WS trade #6952: KXNCAABMENTION-26FEB18BYUARIZ-ELBO | yes | count=15.00 | yes=97c
Kalshi WS trade #6953: KXNCAABMENTION-26FEB18BYUARIZ-ELBO | yes | count=50.00 | yes=97c
Kalshi WS trade #6954: KXNCAABMENTION-26FEB18BYUARIZ-ELBO | yes | count=2.00 | yes=98c
Kalshi WS trade #6955: KXNCAABMENTION-26FEB18BYUARIZ-ELBO | yes | count=193.00 | yes=98c
Kalshi WS trade #6956: KXNCAABMENTION-26FEB18BYUARIZ-ELBO | yes | count=723.00 | yes=99c
Kalshi WS trade #6957: KXNCAABMENTION-26FEB18BYUARIZ-ELBO | yes | count=522.00 | yes=99c
Kalshi WS trade #6958: KXNCAAMBGAME-26FEB18SJUMARQ-SJU | yes | count=34.00 | yes=83c
Kalshi WS trade #6959: KXNCAAMBTOTAL-26FEB18KENNMOSU-152 | yes | count=30.00 | yes=96c
Kalshi WS trade #6960: KXNCAAMBTOTAL-26FEB18KENNMOSU-152 | yes | count=1.00 | yes=96c
Kalshi WS trade #6961: KXNCAABMENTION-26FEB18VANMIZZ-ALLE | yes | count=19.00 | yes=24c
Kalshi WS trade #6962: KXNBAGAME-26FEB19BOSGSW-BOS | yes | count=1.00 | yes=66c
Kalshi WS trade #6963: KXNCAAMBGAME-26FEB18DEPHALL-HALL | yes | count=50.00 | yes=15c
Poly WS trade #95: asset=51797157743046504218... | SELL | size=36 | price=0.965
Kalshi WS trade #6964: KXNCAAWBGAME-26FEB18UNMGC-UNM | yes | count=1.00 | yes=74c
Kalshi WS trade #6965: KXNCAAWBGAME-26FEB18UNMGC-UNM | yes | count=30.00 | yes=74c
Kalshi WS trade #6966: KXATPMATCH-26FEB18GIRRUU-RUU | yes | count=85.00 | yes=42c
Kalshi WS trade #6967: KXATPMATCH-26FEB18GIRRUU-RUU | yes | count=180.00 | yes=42c
Kalshi WS trade #6968: KXATPMATCH-26FEB18GIRRUU-RUU | yes | count=180.00 | yes=42c
Kalshi WS trade #6969: KXATPMATCH-26FEB18GIRRUU-RUU | yes | count=180.00 | yes=42c
Kalshi WS trade #6970: KXATPMATCH-26FEB18GIRRUU-RUU | yes | count=180.00 | yes=42c
Kalshi WS trade #6971: KXATPMATCH-26FEB18GIRRUU-RUU | yes | count=180.00 | yes=42c
Kalshi WS trade #6972: KXATPMATCH-26FEB18GIRRUU-RUU | yes | count=180.00 | yes=42c
Kalshi WS trade #6973: KXATPMATCH-26FEB18GIRRUU-RUU | yes | count=180.00 | yes=43c
Kalshi WS trade #6974: KXATPMATCH-26FEB18GIRRUU-RUU | yes | count=180.00 | yes=43c
Kalshi WS trade #6975: KXATPMATCH-26FEB18GIRRUU-RUU | yes | count=1.00 | yes=43c
Kalshi WS trade #6976: KXATPMATCH-26FEB18GIRRUU-GIR | no | count=20.00 | yes=57c
Kalshi WS trade #6977: KXATPMATCH-26FEB18GIRRUU-GIR | no | count=180.00 | yes=57c
Kalshi WS trade #6978: KXATPMATCH-26FEB18GIRRUU-GIR | no | count=1.00 | yes=55c
Kalshi WS trade #6979: KXNCAAMBGAME-26FEB18NCCUSCST-SCST | yes | count=20.00 | yes=51c
Kalshi WS trade #6980: KXNCAAMBGAME-26FEB18SMCSEA-SEA | yes | count=20.00 | yes=9c
Kalshi WS trade #6981: KXNCAAMBGAME-26FEB18SMCSEA-SMC | no | count=20.00 | yes=92c
Kalshi WS trade #6982: KXNCAAMBGAME-26FEB18NDSUSDST-NDSU | no | count=18.00 | yes=95c
Kalshi WS trade #6983: KXNCAAMBGAME-26FEB18NDSUSDST-SDST | yes | count=1428.00 | yes=5c
Kalshi WS trade #6984: KXBTCMAXY-26DEC31-99999.99 | yes | count=1.00 | yes=37c
Kalshi WS trade #6985: KXNCAAMBGAME-26FEB18UTAHWVU-UTAH | yes | count=10.00 | yes=57c
Kalshi WS trade #6986: KXNCAAMBGAME-26FEB18DEPHALL-HALL | yes | count=25.00 | yes=15c
Kalshi WS trade #6987: KXNCAAMBTOTAL-26FEB18VANMIZZ-151 | yes | count=1.00 | yes=32c
Kalshi WS trade #6988: KXNCAAWBGAME-26FEB19LSUMISS-MISS | no | count=5.00 | yes=26c
Kalshi WS trade #6989: KXNCAAMBGAME-26FEB18CHARTLSA-CHAR | yes | count=6.00 | yes=13c
Kalshi WS trade #6990: KXNCAAMBGAME-26FEB18CHARTLSA-CHAR | no | count=1.00 | yes=12c
Kalshi WS trade #6991: KXNCAAMBTOTAL-26FEB18BYUARIZ-158 | no | count=328.00 | yes=56c
Kalshi WS trade #6992: KXNCAAMBGAME-26FEB18KENNMOSU-KENN | yes | count=3.00 | yes=67c
Kalshi WS trade #6993: KXNCAAMBGAME-26FEB18AUBMSST-MSST | yes | count=3.00 | yes=84c
Kalshi WS trade #6994: KXNCAAMBGAME-26FEB18AUBMSST-MSST | yes | count=221.00 | yes=84c
Kalshi WS trade #6995: KXNCAAMBGAME-26FEB18KENNMOSU-MOSU | yes | count=5.00 | yes=34c
Kalshi WS trade #6996: KXNCAAMBGAME-26FEB18MDNW-NW | yes | count=35.00 | yes=98c
Kalshi WS trade #6997: KXNCAAMBGAME-26FEB18BYUARIZ-BYU | yes | count=26.00 | yes=17c
Kalshi WS trade #6998: KXNCAAMBGAME-26FEB18BYUARIZ-BYU | yes | count=529.00 | yes=17c
Kalshi WS trade #6999: KXMVESPORTSMULTIGAMEEXTENDED-S2026C3600B410C6-61D8734F5B6 | yes | count=9.00 | yes=48c
Kalshi WS trade #7000: KXBTC15M-26FEB182200-00 | yes | count=3.00 | yes=74c
Kalshi WS trade #7001: KXNCAAMBTOTAL-26FEB18DEPHALL-136 | no | count=19.00 | yes=13c
Kalshi WS trade #7002: KXNCAAMBTOTAL-26FEB18DEPHALL-136 | no | count=29.00 | yes=12c
Kalshi WS trade #7003: KXNCAAMBGAME-26FEB18BYUARIZ-BYU | yes | count=27.00 | yes=17c
Kalshi WS trade #7004: KXNCAAMBGAME-26FEB18DEPHALL-HALL | yes | count=176.00 | yes=15c
Kalshi WS trade #7005: KXNCAAMBGAME-26FEB18VANMIZZ-MIZZ | yes | count=34.00 | yes=55c
Kalshi WS trade #7006: KXNCAAMBGAME-26FEB18CHARTLSA-TLSA | yes | count=9.00 | yes=89c
Kalshi WS trade #7007: KXNCAAMBGAME-26FEB18CHARTLSA-TLSA | yes | count=46.00 | yes=89c
Kalshi WS trade #7008: KXNCAAMBSPREAD-26FEB18ORUNEOM-NEOM13 | no | count=6.00 | yes=48c
Kalshi WS trade #7009: KXNCAAWBGAME-26FEB18AFABSU-BSU | yes | count=62.00 | yes=52c
Kalshi WS trade #7010: KXNCAAWBGAME-26FEB18AFABSU-BSU | yes | count=1.00 | yes=60c
Kalshi WS trade #7011: KXNCAAWBGAME-26FEB18AFABSU-BSU | yes | count=105.00 | yes=61c
Kalshi WS trade #7012: KXNCAAMBGAME-26FEB18BYUARIZ-BYU | yes | count=1667.00 | yes=17c
Kalshi WS trade #7013: KXNCAAWBGAME-26FEB18AFABSU-AFA | no | count=62.00 | yes=50c
Kalshi WS trade #7014: KXNCAAMBGAME-26FEB18KENNMOSU-MOSU | yes | count=8.00 | yes=34c
Kalshi WS trade #7015: KXBTC15M-26FEB182200-00 | yes | count=13.00 | yes=75c
Kalshi WS trade #7016: KXNCAAWBGAME-26FEB19LSUMISS-MISS | no | count=5.00 | yes=26c
Kalshi WS trade #7017: KXNCAAMBGAME-26FEB18CSUUNLV-CSU | yes | count=58.00 | yes=43c
Kalshi WS trade #7018: KXBTC15M-26FEB182200-00 | yes | count=8.00 | yes=75c
Kalshi WS trade #7019: KXNCAAMBSPREAD-26FEB18VANMIZZ-VAN2 | yes | count=4.00 | yes=38c
Kalshi WS trade #7020: KXNCAAMBSPREAD-26FEB18VANMIZZ-VAN2 | yes | count=20.00 | yes=39c
Kalshi WS trade #7021: KXEPLGAME-26FEB21CFCBUR-CFC | yes | count=7.00 | yes=81c
Kalshi WS trade #7022: KXATPMATCH-26FEB18GIRRUU-RUU | no | count=36.00 | yes=45c
Kalshi WS trade #7023: KXNCAAMBGAME-26FEB18CHARTLSA-CHAR | yes | count=200.00 | yes=13c
Kalshi WS trade #7024: KXNCAAMBTOTAL-26FEB18DEPHALL-115 | yes | count=290.00 | yes=99c
Kalshi WS trade #7025: KXNCAAMBGAME-26FEB18FAUUTSA-UTSA | yes | count=93.00 | yes=1c
Kalshi WS trade #7026: KXNCAAMBGAME-26FEB18DEPHALL-DEP | yes | count=22.00 | yes=87c
Kalshi WS trade #7027: KXBTC15M-26FEB182200-00 | yes | count=5.00 | yes=75c
Kalshi WS trade #7028: KXNCAAWBGAME-26FEB19NEOMSDAK-NEOM | yes | count=62.00 | yes=3c
Kalshi WS trade #7029: KXNCAAMBGAME-26FEB18CHARTLSA-CHAR | no | count=12.00 | yes=12c
Kalshi WS trade #7030: KXMVESPORTSMULTIGAMEEXTENDED-S202627E0EE2E445-52A62FF0776 | yes | count=2.00 | yes=27c
Kalshi WS trade #7031: KXMVESPORTSMULTIGAMEEXTENDED-S202627E0EE2E445-52A62FF0776 | yes | count=46.00 | yes=27c
Kalshi WS trade #7032: KXMVESPORTSMULTIGAMEEXTENDED-S202627E0EE2E445-52A62FF0776 | yes | count=461.00 | yes=30c
Kalshi WS trade #7033: KXNCAAMBGAME-26FEB18BYUARIZ-BYU | yes | count=74.00 | yes=17c
Kalshi WS trade #7034: KXMVESPORTSMULTIGAMEEXTENDED-S202659FC29C747D-7CD551C950F | no | count=377.00 | yes=54c
Kalshi WS trade #7035: KXBTC15M-26FEB182200-00 | yes | count=14.00 | yes=75c
Kalshi WS trade #7036: KXMVESPORTSMULTIGAMEEXTENDED-S202658C694A54DD-244B7D85ED4 | yes | count=27.00 | yes=34c
Kalshi WS trade #7037: KXNCAAMBGAME-26FEB18BYUARIZ-ARIZ | no | count=12.00 | yes=84c
Kalshi WS trade #7038: KXATPMATCH-26FEB18GIRRUU-GIR | yes | count=5.00 | yes=54c
Kalshi WS trade #7039: KXNCAAMBGAME-26FEB18NCCUSCST-NCCU | yes | count=9.00 | yes=51c
Kalshi WS trade #7040: KXNCAAMBGAME-26FEB18BYUARIZ-BYU | yes | count=15.00 | yes=17c
Kalshi WS trade #7041: KXNCAAMBGAME-26FEB18UTAHWVU-UTAH | yes | count=13.00 | yes=58c
Kalshi WS trade #7042: KXNCAAMBGAME-26FEB18UTAHWVU-UTAH | yes | count=38.00 | yes=58c
Kalshi WS trade #7043: KXNCAAMBGAME-26FEB18UTAHWVU-UTAH | yes | count=16.00 | yes=58c
Kalshi WS trade #7044: KXNCAAMBGAME-26FEB18UTAHWVU-UTAH | yes | count=54.00 | yes=58c
Kalshi WS trade #7045: KXNCAAMBGAME-26FEB18UTAHWVU-UTAH | yes | count=54.00 | yes=58c
Kalshi WS trade #7046: KXNCAAMBGAME-26FEB18UTAHWVU-UTAH | yes | count=54.00 | yes=58c
Kalshi WS trade #7047: KXNCAAMBGAME-26FEB18UTAHWVU-UTAH | yes | count=240.00 | yes=58c
Kalshi WS trade #7048: KXNCAAMBGAME-26FEB18VANMIZZ-VAN | yes | count=1.00 | yes=47c
Poly WS trade #96: asset=69324317355037271422... | SELL | size=27 | price=0.034
Kalshi WS trade #7049: KXNCAAMBSPREAD-26FEB18ILLUSC-ILL9 | yes | count=197.00 | yes=49c
Kalshi WS trade #7050: KXNCAAMBSPREAD-26FEB18DEPHALL-HALL2 | no | count=4.00 | yes=3c
Kalshi WS trade #7051: KXNCAAMBGAME-26FEB18BYUARIZ-BYU | yes | count=11.00 | yes=17c
Kalshi WS trade #7052: KXNCAAMBGAME-26FEB18BYUARIZ-BYU | yes | count=16.00 | yes=17c
Kalshi WS trade #7053: KXPGATOP10-THGI26-VHOV | yes | count=1.00 | yes=22c
Kalshi WS trade #7054: KXNCAAMBGAME-26FEB18PACWSU-PAC | yes | count=30.00 | yes=48c
Kalshi WS trade #7055: KXNCAAMBTOTAL-26FEB18NDSUSDST-147 | no | count=52.00 | yes=8c
Kalshi WS trade #7056: KXNCAAMBGAME-26FEB18BYUARIZ-BYU | yes | count=277.00 | yes=17c
Poly WS trade #97: asset=11079000312144236512... | SELL | size=1310.6 | price=0.31
Kalshi WS trade #7057: KXNCAAMBGAME-26FEB18VANMIZZ-VAN | yes | count=51.00 | yes=47c
Kalshi WS trade #7058: KXNCAAMBGAME-26FEB18CHARTLSA-CHAR | yes | count=36.00 | yes=12c
Kalshi WS trade #7059: KXNCAAMBSPREAD-26FEB18KUOKST-KU15 | yes | count=6.00 | yes=45c
Kalshi WS trade #7060: KXNCAAMBTOTAL-26FEB18SMCSEA-136 | no | count=32.00 | yes=40c
Kalshi WS trade #7061: KXNCAAMBGAME-26FEB18BYUARIZ-ARIZ | yes | count=44.00 | yes=85c
Kalshi WS trade #7062: KXNCAABMENTION-26FEB18BYUARIZ-AIRB | yes | count=4.00 | yes=48c
Kalshi WS trade #7063: KXNCAABMENTION-26FEB18BYUARIZ-AIRB | yes | count=25.00 | yes=48c
Kalshi WS trade #7064: KXNCAABMENTION-26FEB18BYUARIZ-AIRB | yes | count=50.00 | yes=48c
Kalshi WS trade #7065: KXNCAABMENTION-26FEB18BYUARIZ-AIRB | yes | count=21.00 | yes=49c
Kalshi WS trade #7066: KXBERNIEMENTION-26FEB19-ICE | yes | count=14.00 | yes=66c
Kalshi WS trade #7067: KXNCAAMBGAME-26FEB18SJUMARQ-MARQ | yes | count=31.00 | yes=18c
Kalshi WS trade #7068: KXMVESPORTSMULTIGAMEEXTENDED-S2026BBE8997980B-034D5FDEA5B | yes | count=9.00 | yes=7c
Kalshi WS trade #7069: KXMVESPORTSMULTIGAMEEXTENDED-S2026BBE8997980B-034D5FDEA5B | yes | count=1086.00 | yes=7c
Kalshi WS trade #7070: KXMVESPORTSMULTIGAMEEXTENDED-S2026BBE8997980B-034D5FDEA5B | yes | count=133.00 | yes=8c
Kalshi WS trade #7071: KXMVESPORTSMULTIGAMEEXTENDED-S2026DB26B96205A-0DF620DC882 | yes | count=212.00 | yes=4c
Kalshi WS trade #7072: KXMVESPORTSMULTIGAMEEXTENDED-S20269F02356B135-9239FAAD607 | yes | count=152.00 | yes=52c
Kalshi WS trade #7073: KXMVESPORTSMULTIGAMEEXTENDED-S20269F02356B135-9239FAAD607 | yes | count=34.00 | yes=52c
Kalshi WS trade #7074: KXMVESPORTSMULTIGAMEEXTENDED-S2026F0333E15586-4799983B747 | yes | count=44.00 | yes=2c
Kalshi WS trade #7075: KXNCAAMBGAME-26FEB18DEPHALL-DEP | yes | count=56.00 | yes=87c
Kalshi WS trade #7076: KXNCAAMBGAME-26FEB18VANMIZZ-VAN | yes | count=20.00 | yes=47c
Kalshi WS trade #7077: KXATPMATCH-26FEB18GIRRUU-GIR | yes | count=8.00 | yes=54c
Kalshi WS trade #7078: KXEPLGAME-26FEB21CFCBUR-BUR | yes | count=20.00 | yes=8c
Kalshi WS trade #7079: KXRECORDNBABEST-26-OKC | yes | count=10.00 | yes=65c
Kalshi WS trade #7080: KXGOVFLNOMR-26-JFIS | yes | count=157.00 | yes=15c
Kalshi WS trade #7081: KXNCAAMBSPREAD-26FEB18KUOKST-KU15 | no | count=278.00 | yes=41c
Kalshi WS trade #7082: KXNCAAMBSPREAD-26FEB18KUOKST-KU15 | no | count=50.00 | yes=41c
Kalshi WS trade #7083: KXNCAAMBSPREAD-26FEB18KUOKST-KU15 | no | count=10.00 | yes=41c
Kalshi WS trade #7084: KXNCAAMBTOTAL-26FEB18ORUNEOM-151 | no | count=5.00 | yes=28c
Kalshi WS trade #7085: KXATPMATCH-26FEB18GIRRUU-GIR | yes | count=1577.00 | yes=54c
Kalshi WS trade #7086: KXATPMATCH-26FEB18GIRRUU-GIR | yes | count=300.00 | yes=54c
Kalshi WS trade #7087: KXATPMATCH-26FEB18GIRRUU-RUU | no | count=1463.00 | yes=46c
Kalshi WS trade #7088: KXETH15M-26FEB182200-00 | yes | count=1.00 | yes=67c
Kalshi WS trade #7089: KXNCAAMBGAME-26FEB18CHARTLSA-CHAR | yes | count=2.00 | yes=12c
Kalshi WS trade #7090: KXNCAAMBGAME-26FEB18CHARTLSA-CHAR | yes | count=50.00 | yes=12c
Kalshi WS trade #7091: KXNCAAMBGAME-26FEB18CHARTLSA-CHAR | yes | count=50.00 | yes=12c
Kalshi WS trade #7092: KXNCAAMBGAME-26FEB18CHARTLSA-CHAR | yes | count=50.00 | yes=12c
Kalshi WS trade #7093: KXNCAAMBGAME-26FEB18CHARTLSA-CHAR | yes | count=50.00 | yes=12c
Kalshi WS trade #7094: KXNCAAMBGAME-26FEB18CHARTLSA-CHAR | yes | count=160.00 | yes=13c
Kalshi WS trade #7095: KXNCAAMBGAME-26FEB18CHARTLSA-CHAR | yes | count=50.00 | yes=13c
Kalshi WS trade #7096: KXNCAAMBGAME-26FEB18CHARTLSA-CHAR | yes | count=50.00 | yes=13c
Kalshi WS trade #7097: KXNCAAMBGAME-26FEB18CHARTLSA-TLSA | no | count=160.00 | yes=88c
Kalshi WS trade #7098: KXNCAAMBGAME-26FEB18BYUARIZ-BYU | yes | count=27.00 | yes=17c
Kalshi WS trade #7099: KXATPMATCH-26FEB18GIRRUU-GIR | no | count=180.00 | yes=54c
Kalshi WS trade #7100: KXNCAAWBGAME-26FEB18UNMGC-UNM | yes | count=6.00 | yes=73c
Kalshi WS trade #7101: KXNCAAWBGAME-26FEB18UNMGC-UNM | yes | count=8.00 | yes=74c
Kalshi WS trade #7102: KXNCAAWBGAME-26FEB18UNMGC-UNM | yes | count=4.00 | yes=74c
Kalshi WS trade #7103: KXNCAAWBGAME-26FEB18UNMGC-UNM | yes | count=7.00 | yes=78c
Kalshi WS trade #7104: KXNCAAWBGAME-26FEB18UNMGC-GC | no | count=6.00 | yes=32c
Kalshi WS trade #7105: KXNCAAWBGAME-26FEB18UNMGC-GC | no | count=6.00 | yes=32c
Kalshi WS trade #7106: KXNCAAWBGAME-26FEB18UNMGC-GC | no | count=2.00 | yes=29c
Kalshi WS trade #7107: KXNCAAWBGAME-26FEB18UNMGC-GC | no | count=4.00 | yes=29c
Kalshi WS trade #7108: KXATPMATCH-26FEB18GIRRUU-RUU | yes | count=594.00 | yes=46c
Kalshi WS trade #7109: KXATPMATCH-26FEB18GIRRUU-RUU | yes | count=1.00 | yes=47c
Kalshi WS trade #7110: KXATPMATCH-26FEB18GIRRUU-RUU | yes | count=410.00 | yes=47c
Kalshi WS trade #7111: KXNCAAMBTOTAL-26FEB18CHARTLSA-165 | yes | count=21.00 | yes=44c
Kalshi WS trade #7112: KXNCAAMBGAME-26FEB18NCCUSCST-SCST | yes | count=9.00 | yes=51c
Kalshi WS trade #7113: KXNCAAMBSPREAD-26FEB18ILLUSC-ILL9 | yes | count=98.00 | yes=49c
Kalshi WS trade #7114: KXNCAAMBGAME-26FEB18DEPHALL-HALL | yes | count=314.00 | yes=15c
Poly WS trade #98: asset=51797157743046504218... | SELL | size=25 | price=0.965
Kalshi WS trade #7115: KXTRUMPMENTION-26FEB28-TRIL | no | count=24.00 | yes=92c
Kalshi WS trade #7116: KXTRUMPMENTION-26FEB28-TRIL | no | count=10.00 | yes=92c
Kalshi WS trade #7117: KXTRUMPMENTION-26FEB28-TRIL | no | count=83.00 | yes=92c
Kalshi WS trade #7118: KXMVESPORTSMULTIGAMEEXTENDED-S202603676726B6E-81C4C89680F | yes | count=30.00 | yes=28c
Kalshi WS trade #7119: KXNCAABMENTION-26FEB18ILLUSC-ANKL | yes | count=219.00 | yes=54c
Kalshi WS trade #7120: KXNCAABMENTION-26FEB18ILLUSC-ANKL | yes | count=50.00 | yes=54c
Kalshi WS trade #7121: KXNCAABMENTION-26FEB18ILLUSC-ANKL | yes | count=100.00 | yes=55c
Kalshi WS trade #7122: KXNCAABMENTION-26FEB18ILLUSC-ANKL | yes | count=7.00 | yes=55c
Kalshi WS trade #7123: KXNCAAMBSPREAD-26FEB18VANMIZZ-MIZZ12 | yes | count=1.00 | yes=11c
Kalshi WS trade #7124: KXMVESPORTSMULTIGAMEEXTENDED-S2026BC87F50064B-3130563574E | yes | count=19.00 | yes=28c
Kalshi WS trade #7125: KXMVESPORTSMULTIGAMEEXTENDED-S2026BC87F50064B-3130563574E | yes | count=4.00 | yes=28c
Kalshi WS trade #7126: KXMVESPORTSMULTIGAMEEXTENDED-S20268BF66998325-46A5D85000E | yes | count=75.00 | yes=13c
Kalshi WS trade #7127: KXPGATOUR-THGI26-TFLE | yes | count=29.00 | yes=5c
Kalshi WS trade #7128: KXMVESPORTSMULTIGAMEEXTENDED-S2026E968F04D85C-D8FBF784F4F | yes | count=8.00 | yes=68c
Kalshi WS trade #7129: KXMVESPORTSMULTIGAMEEXTENDED-S2026E968F04D85C-D8FBF784F4F | yes | count=1.00 | yes=70c
Kalshi WS trade #7130: KXATPMATCH-26FEB18GIRRUU-RUU | no | count=500.00 | yes=45c
Kalshi WS trade #7131: KXNCAAMBGAME-26FEB18BYUARIZ-BYU | yes | count=111.00 | yes=17c
Kalshi WS trade #7132: KXNCAAMBGAME-26FEB18VANMIZZ-VAN | no | count=2.00 | yes=46c
Kalshi WS trade #7133: KXNCAABMENTION-26FEB18ARKALA-MARC | yes | count=33.00 | yes=1c
Kalshi WS trade #7134: KXUCLRO16-26-BOG | yes | count=3.00 | yes=58c
Kalshi WS trade #7135: KXNCAAMBGAME-26FEB18BYUARIZ-ARIZ | yes | count=477.00 | yes=85c
Kalshi WS trade #7136: KXNCAAMBGAME-26FEB18DEPHALL-DEP | yes | count=34.00 | yes=87c
Poly WS trade #99: asset=52098760614946646214... | BUY | size=2500 | price=0.002
Kalshi WS trade #7137: KXNCAAMBGAME-26FEB18NDSUSDST-NDSU | yes | count=90.00 | yes=97c
Kalshi WS trade #7138: KXNCAAMBGAME-26FEB18PEPPPORT-PORT | yes | count=1.00 | yes=76c
Kalshi WS trade #7139: KXNCAAMBTOTAL-26FEB18VANMIZZ-154 | no | count=13.00 | yes=28c
Kalshi WS trade #7140: KXDPWORLDTOUR-MAKOPBA26-AAYO | yes | count=117.00 | yes=8c
Kalshi WS trade #7141: KXSTARMERMENTIONB-26FEB19-TAX | yes | count=280.00 | yes=1c
Kalshi WS trade #7142: KXNCAAMBGAME-26FEB18CHARTLSA-CHAR | yes | count=50.00 | yes=12c
Kalshi WS trade #7143: KXNCAAMBGAME-26FEB18CHARTLSA-CHAR | yes | count=50.00 | yes=12c
Kalshi WS trade #7144: KXMARMAD-26-ARIZ | yes | count=100.00 | yes=12c
Kalshi WS trade #7145: KXPGATOP5-THGI26-TKIM | no | count=3.00 | yes=2c
Kalshi WS trade #7146: KXNCAAMBGAME-26FEB18KENNMOSU-MOSU | yes | count=111.00 | yes=34c
Kalshi WS trade #7147: KXNCAAMBGAME-26FEB18KENNMOSU-MOSU | yes | count=8.00 | yes=34c
Kalshi WS trade #7148: KXNCAAMBGAME-26FEB18VANMIZZ-MIZZ | no | count=138.00 | yes=53c
Kalshi WS trade #7149: KXBTC15M-26FEB182200-00 | yes | count=5.00 | yes=74c
Kalshi WS trade #7150: KXBTC15M-26FEB182200-00 | yes | count=4.00 | yes=74c
Kalshi WS trade #7151: KXNCAAMBGAME-26FEB20SHUFAIR-SHU | yes | count=4.00 | yes=29c
Kalshi WS trade #7152: KXNCAAMBGAME-26FEB20SHUFAIR-SHU | yes | count=5.00 | yes=29c
Kalshi WS trade #7153: KXNCAAMBGAME-26FEB18KENNMOSU-MOSU | yes | count=14.00 | yes=34c
Kalshi WS trade #7154: KXNCAAMBGAME-26FEB18DEPHALL-HALL | yes | count=12.00 | yes=15c
Kalshi WS trade #7155: KXNCAAMBGAME-26FEB18VANMIZZ-MIZZ | yes | count=47.00 | yes=54c
Kalshi WS trade #7156: KXNCAAMBGAME-26FEB18AUBMSST-AUB | yes | count=1.00 | yes=19c
Kalshi WS trade #7157: KXNCAAMBGAME-26FEB18AUBMSST-AUB | yes | count=9.00 | yes=19c
Kalshi WS trade #7158: KXNCAAMBGAME-26FEB18KENNMOSU-MOSU | yes | count=20.00 | yes=34c
Kalshi WS trade #7159: KXNCAAMBGAME-26FEB18FAUUTSA-UTSA | yes | count=50.00 | yes=1c
Kalshi WS trade #7160: KXNCAAMBGAME-26FEB18BYUARIZ-BYU | yes | count=111.00 | yes=17c
Kalshi WS trade #7161: KXNCAAMBGAME-26FEB18BYUARIZ-BYU | yes | count=100.00 | yes=17c
Kalshi WS trade #7162: KXNCAAMBGAME-26FEB18AUBMSST-MSST | yes | count=5.00 | yes=84c
Kalshi WS trade #7163: KXNCAAMBGAME-26FEB18NCCUSCST-SCST | yes | count=37.00 | yes=51c
Kalshi WS trade #7164: KXNCAAMBGAME-26FEB18BYUARIZ-BYU | yes | count=55.00 | yes=17c
Kalshi WS trade #7165: KXNCAAMBGAME-26FEB18DEPHALL-DEP | yes | count=158.00 | yes=87c
Kalshi WS trade #7166: KXNCAAMBGAME-26FEB18NDSUSDST-NDSU | yes | count=212.00 | yes=97c
Kalshi WS trade #7167: KXMVESPORTSMULTIGAMEEXTENDED-S202658C694A54DD-0BB32ACE717 | yes | count=24.00 | yes=39c
Kalshi WS trade #7168: KXMVESPORTSMULTIGAMEEXTENDED-S20261C289DAD278-2270DB78B9B | yes | count=51.00 | yes=16c
Kalshi WS trade #7169: KXNCAAMBGAME-26FEB18VANMIZZ-VAN | yes | count=100.00 | yes=47c
Kalshi WS trade #7170: KXNCAAMBGAME-26FEB18VANMIZZ-VAN | yes | count=100.00 | yes=47c
Kalshi WS trade #7171: KXBTC15M-26FEB182200-00 | yes | count=46.00 | yes=74c
Kalshi WS trade #7172: KXBTC15M-26FEB182200-00 | yes | count=60.00 | yes=75c
Kalshi WS trade #7173: KXNCAAMBGAME-26FEB18BYUARIZ-ARIZ | no | count=15.00 | yes=84c
Kalshi WS trade #7174: KXATTENDSOTU-AKEN | yes | count=82.00 | yes=59c
Kalshi WS trade #7175: KXATPMATCH-26FEB18GIRRUU-RUU | no | count=14.00 | yes=46c
Kalshi WS trade #7176: KXATPMATCH-26FEB18GIRRUU-RUU | no | count=26.00 | yes=46c
Kalshi WS trade #7177: KXNCAAMBGAME-26FEB18BYUARIZ-BYU | yes | count=555.00 | yes=17c
Kalshi WS trade #7178: KXUSDBRLMAX-26DEC31-T6.7499 | yes | count=196.00 | yes=94c
Kalshi WS trade #7179: KXHIGHTATL-26FEB19-B73.5 | no | count=3.00 | yes=9c
Kalshi WS trade #7180: KXNCAAMBGAME-26FEB18DEPHALL-HALL | yes | count=6.00 | yes=15c
Kalshi WS trade #7181: KXUSDBRLMAX-26DEC31-T7.2499 | yes | count=165.00 | yes=5c
Kalshi WS trade #7182: KXUSDBRLMAX-26DEC31-T7.2499 | yes | count=365.00 | yes=5c
Kalshi WS trade #7183: KXNCAAMBGAME-26FEB18KUOKST-KU | yes | count=2.00 | yes=96c
Kalshi WS trade #7184: KXUSDBRLMAX-26DEC31-T5.9999 | yes | count=83.00 | yes=30c
Kalshi WS trade #7185: KXATPMATCH-26FEB18GIRRUU-RUU | no | count=3.00 | yes=46c
Kalshi WS trade #7186: KXATPMATCH-26FEB18GIRRUU-RUU | yes | count=10.00 | yes=47c
Kalshi WS trade #7187: KXATPMATCH-26FEB18GIRRUU-GIR | yes | count=10.00 | yes=54c
Kalshi WS trade #7188: KXNCAAMBGAME-26FEB18BYUARIZ-BYU | yes | count=15.00 | yes=17c
Kalshi WS trade #7189: KXNCAAMBGAME-26FEB18SMCSEA-SEA | yes | count=1.00 | yes=10c
Kalshi WS trade #7190: KXNCAAMBGAME-26FEB18SMCSEA-SEA | yes | count=49.00 | yes=10c
Kalshi WS trade #7191: KXSOL15M-26FEB182200-00 | yes | count=25.00 | yes=81c
Kalshi WS trade #7192: KXNCAAMBGAME-26FEB18PACWSU-WSU | yes | count=17.00 | yes=52c
Kalshi WS trade #7193: KXNCAAMBGAME-26FEB18UTAHWVU-UTAH | yes | count=5.00 | yes=58c
Kalshi WS trade #7194: KXNCAAMBGAME-26FEB18PACWSU-PAC | yes | count=1.00 | yes=49c
Kalshi WS trade #7195: KXXRP15M-26FEB182200-00 | yes | count=3.00 | yes=88c
Kalshi WS trade #7196: KXXRP15M-26FEB182200-00 | yes | count=4.00 | yes=88c
Kalshi WS trade #7197: KXNCAAMBTOTAL-26FEB18KENNMOSU-164 | no | count=50.00 | yes=65c
Kalshi WS trade #7198: KXNCAAMBTOTAL-26FEB18KENNMOSU-164 | no | count=12.00 | yes=65c
Kalshi WS trade #7199: KXBERNIEMENTION-26FEB19-ELON | no | count=3.00 | yes=94c
Kalshi WS trade #7200: KXBERNIEMENTION-26FEB19-ELON | no | count=153.00 | yes=94c
Kalshi WS trade #7201: KXXRP15M-26FEB182200-00 | yes | count=3.00 | yes=89c
Kalshi WS trade #7202: KXXRP15M-26FEB182200-00 | yes | count=6.00 | yes=89c
Kalshi WS trade #7203: KXXRP15M-26FEB182200-00 | yes | count=3.00 | yes=89c
Kalshi WS trade #7204: KXXRP15M-26FEB182200-00 | yes | count=9.00 | yes=89c
Kalshi WS trade #7205: KXNCAAMBGAME-26FEB18MURRILST-MURR | yes | count=2.00 | yes=22c
Kalshi WS trade #7206: KXBTCD-26FEB1822-T66749.99 | no | count=54.00 | yes=9c
Kalshi WS trade #7207: KXNCAAMBSPREAD-26FEB18MDNW-NW11 | yes | count=50.00 | yes=39c
Kalshi WS trade #7208: KXNCAAMBSPREAD-26FEB18MDNW-NW11 | yes | count=119.00 | yes=40c
Kalshi WS trade #7209: KXNCAAMBGAME-26FEB18BYUARIZ-BYU | yes | count=27.00 | yes=17c
Kalshi WS trade #7210: KXNCAAMBGAME-26FEB18BYUARIZ-BYU | yes | count=277.00 | yes=17c
Kalshi WS trade #7211: KXNCAAMBGAME-26FEB18MDNW-MD | yes | count=156.00 | yes=3c
Kalshi WS trade #7212: KXBTC15M-26FEB182200-00 | yes | count=1.00 | yes=74c
Kalshi WS trade #7213: KXNCAAMBTOTAL-26FEB18VANMIZZ-145 | yes | count=2.00 | yes=52c
Kalshi WS trade #7214: KXNCAAMBGAME-26FEB18BYUARIZ-BYU | yes | count=138.00 | yes=17c
Kalshi WS trade #7215: KXNCAAWBGAME-26FEB18UTAUTU-UTU | yes | count=39.00 | yes=29c
Kalshi WS trade #7216: KXNCAAMBSPREAD-26FEB18FAUUTSA-FAU4 | no | count=141.00 | yes=99c
Kalshi WS trade #7217: KXNCAAMBSPREAD-26FEB18FAUUTSA-FAU4 | no | count=46.00 | yes=99c
Kalshi WS trade #7218: KXNCAAMBGAME-26FEB18BYUARIZ-BYU | yes | count=50.00 | yes=17c
Kalshi WS trade #7219: KXNCAAMBGAME-26FEB18BYUARIZ-BYU | yes | count=555.00 | yes=17c
Kalshi WS trade #7220: KXATPMATCH-26FEB18GIRRUU-RUU | yes | count=102.00 | yes=47c
Kalshi WS trade #7221: KXNCAAMB1HSPREAD-26FEB18GONZSF-GONZ8 | yes | count=15.00 | yes=55c
Kalshi WS trade #7222: KXNCAAMB1HSPREAD-26FEB18GONZSF-GONZ8 | yes | count=161.00 | yes=55c
Kalshi WS trade #7223: KXNCAAMBSPREAD-26FEB18BYUARIZ-ARIZ9 | no | count=3.00 | yes=46c
Kalshi WS trade #7224: KXNCAAMBGAME-26FEB18KUOKST-OKST | yes | count=5.00 | yes=6c
Kalshi WS trade #7225: KXNCAAMBGAME-26FEB18CHARTLSA-CHAR | yes | count=50.00 | yes=12c
Kalshi WS trade #7226: KXNCAAMBGAME-26FEB18CHARTLSA-CHAR | yes | count=50.00 | yes=12c
Kalshi WS trade #7227: KXNCAAMBGAME-26FEB18CHARTLSA-CHAR | yes | count=50.00 | yes=12c
Kalshi WS trade #7228: KXNCAAMBGAME-26FEB18CHARTLSA-CHAR | yes | count=46.00 | yes=12c
Kalshi WS trade #7229: KXNCAAMBGAME-26FEB18FAUUTSA-FAU | no | count=10.00 | yes=99c
Kalshi WS trade #7230: KXBOXING-26FEB21BARRIOGARCIA-BARRIO | yes | count=56.00 | yes=34c
Kalshi WS trade #7231: KXATPMATCH-26FEB18GIRRUU-RUU | yes | count=186.00 | yes=47c
Kalshi WS trade #7232: KXMVESPORTSMULTIGAMEEXTENDED-S2026FCEA166FB37-C0BE4BA5AC8 | yes | count=98.00 | yes=34c
Kalshi WS trade #7233: KXATPMATCH-26FEB18GIRRUU-RUU | yes | count=205.00 | yes=47c
Kalshi WS trade #7234: KXNCAAMBGAME-26FEB18BYUARIZ-BYU | yes | count=27.00 | yes=17c
Kalshi WS trade #7235: KXNCAAMBSPREAD-26FEB18BYUARIZ-ARIZ6 | no | count=7.00 | yes=63c
Kalshi WS trade #7236: KXNCAAMBSPREAD-26FEB18BYUARIZ-ARIZ6 | no | count=10.00 | yes=63c
Kalshi WS trade #7237: KXNCAAMBGAME-26FEB18KENNMOSU-MOSU | yes | count=2.00 | yes=34c
Kalshi WS trade #7238: KXATPMATCH-26FEB18GIRRUU-RUU | yes | count=253.00 | yes=47c
Kalshi WS trade #7239: KXNCAAMBGAME-26FEB18NDSUSDST-NDSU | yes | count=36.00 | yes=97c
Kalshi WS trade #7240: KXNCAAMBGAME-26FEB18DEPHALL-DEP | yes | count=13.00 | yes=87c
Kalshi WS trade #7241: KXNCAAMBGAME-26FEB18DEPHALL-DEP | yes | count=37.00 | yes=87c
Kalshi WS trade #7242: KXNCAAMBSPREAD-26FEB18BYUARIZ-ARIZ9 | yes | count=6.00 | yes=50c
Kalshi WS trade #7243: KXNCAAMBSPREAD-26FEB18BYUARIZ-ARIZ9 | yes | count=2.00 | yes=50c
Kalshi WS trade #7244: KXNCAAMBGAME-26FEB18BYUARIZ-ARIZ | yes | count=4.00 | yes=85c
Kalshi WS trade #7245: KXATPMATCH-26FEB18GIRRUU-RUU | yes | count=116.00 | yes=47c
Kalshi WS trade #7246: KXNCAAMBGAME-26FEB18VANMIZZ-MIZZ | yes | count=2.00 | yes=54c
Kalshi WS trade #7247: KXNCAAMBGAME-26FEB18BYUARIZ-ARIZ | yes | count=57.00 | yes=85c
Kalshi WS trade #7248: KXNCAAMBGAME-26FEB18UTAHWVU-WVU | yes | count=3.00 | yes=44c
Kalshi WS trade #7249: KXNCAAMBGAME-26FEB18UTAHWVU-UTAH | no | count=83.00 | yes=56c
Kalshi WS trade #7250: KXBTC15M-26FEB182200-00 | yes | count=6.00 | yes=75c
Kalshi WS trade #7251: KXSAGAWARDENSEMBLE-26-SIN | no | count=10.00 | yes=61c
Kalshi WS trade #7252: KXNCAAMBGAME-26FEB18VANMIZZ-VAN | yes | count=20.00 | yes=48c
Kalshi WS trade #7253: KXNCAAMBGAME-26FEB18MURRILST-ILST | yes | count=24.00 | yes=79c
Kalshi WS trade #7254: KXNCAAMBGAME-26FEB18BYUARIZ-BYU | yes | count=1.00 | yes=17c
Kalshi WS trade #7255: KXNCAAMBTOTAL-26FEB18UVAGT-161 | no | count=2.00 | yes=56c
Kalshi WS trade #7256: KXNCAAMBGAME-26FEB18DEPHALL-HALL | yes | count=31.00 | yes=15c
Kalshi WS trade #7257: KXNCAAMBGAME-26FEB18DEPHALL-HALL | yes | count=2.00 | yes=15c
Kalshi WS trade #7258: KXNCAAMBGAME-26FEB18DEPHALL-HALL | yes | count=29.00 | yes=15c
Kalshi WS trade #7259: KXNCAAMBGAME-26FEB18PEPPPORT-PEPP | yes | count=54.00 | yes=26c
Kalshi WS trade #7260: KXNCAAMBTOTAL-26FEB18SJUMARQ-160 | yes | count=20.00 | yes=54c
Kalshi WS trade #7261: KXNCAAMBTOTAL-26FEB18SJUMARQ-160 | yes | count=50.00 | yes=55c
Kalshi WS trade #7262: KXNCAAMBTOTAL-26FEB18SJUMARQ-160 | yes | count=106.00 | yes=55c
Kalshi WS trade #7263: KXSOL15M-26FEB182200-00 | yes | count=2.00 | yes=79c
Kalshi WS trade #7264: KXNCAAMBTOTAL-26FEB18UTAHWVU-124 | no | count=50.00 | yes=44c
Kalshi WS trade #7265: KXNCAAMBGAME-26FEB18AUBMSST-MSST | no | count=8.00 | yes=83c
Kalshi WS trade #7266: KXNCAAMBGAME-26FEB18DEPHALL-HALL | no | count=3.00 | yes=13c
Kalshi WS trade #7267: KXNCAAMBTOTAL-26FEB18NDSUSDST-144 | no | count=30.00 | yes=40c
Kalshi WS trade #7268: KXNCAAMBTOTAL-26FEB18NDSUSDST-144 | no | count=50.00 | yes=39c
Kalshi WS trade #7269: KXNCAAMBGAME-26FEB18CHARTLSA-CHAR | yes | count=4.00 | yes=12c
Kalshi WS trade #7270: KXNCAAMBGAME-26FEB18CHARTLSA-CHAR | yes | count=35.00 | yes=12c
Kalshi WS trade #7271: KXNCAAMBGAME-26FEB18KENNMOSU-MOSU | yes | count=50.00 | yes=34c
Kalshi WS trade #7272: KXNCAAMBGAME-26FEB18NCCUSCST-SCST | no | count=200.00 | yes=50c
Kalshi WS trade #7273: KXXRP15M-26FEB182200-00 | yes | count=3.00 | yes=90c
Kalshi WS trade #7274: KXTRUMPSAYMONTH-26MAR01BB | no | count=1.00 | yes=10c
Kalshi WS trade #7275: KXTRUMPSAYMONTH-26MAR01BB | no | count=2.00 | yes=10c
Kalshi WS trade #7276: KXTRUMPSAYMONTH-26MAR01BB | no | count=5.00 | yes=9c
Kalshi WS trade #7277: KXTRUMPSAYMONTH-26MAR01BB | no | count=33.00 | yes=9c
Kalshi WS trade #7278: KXTRUMPSAYMONTH-26MAR01BB | no | count=5.00 | yes=9c
Kalshi WS trade #7279: KXTRUMPSAYMONTH-26MAR01BB | no | count=18.00 | yes=9c
Kalshi WS trade #7280: KXTRUMPSAYMONTH-26MAR01BB | no | count=3.00 | yes=8c
Kalshi WS trade #7281: KXBTC15M-26FEB182200-00 | yes | count=34.00 | yes=75c
Kalshi WS trade #7282: KXNCAAMBGAME-26FEB18BYUARIZ-BYU | yes | count=138.00 | yes=17c
Kalshi WS trade #7283: KXATPMATCH-26FEB18GIRRUU-GIR | yes | count=17.00 | yes=54c
Kalshi WS trade #7284: KXATPMATCH-26FEB18GIRRUU-GIR | yes | count=153.00 | yes=54c
Kalshi WS trade #7285: KXATPMATCH-26FEB18GIRRUU-GIR | yes | count=180.00 | yes=54c
Kalshi WS trade #7286: KXATPMATCH-26FEB18GIRRUU-GIR | yes | count=180.00 | yes=54c
Kalshi WS trade #7287: KXATPMATCH-26FEB18GIRRUU-GIR | yes | count=180.00 | yes=54c
Kalshi WS trade #7288: KXATPMATCH-26FEB18GIRRUU-GIR | yes | count=180.00 | yes=54c
Kalshi WS trade #7289: KXATPMATCH-26FEB18GIRRUU-GIR | yes | count=180.00 | yes=54c
Kalshi WS trade #7290: KXATPMATCH-26FEB18GIRRUU-GIR | yes | count=180.00 | yes=54c
Kalshi WS trade #7291: KXATPMATCH-26FEB18GIRRUU-GIR | yes | count=180.00 | yes=54c
Kalshi WS trade #7292: KXATPMATCH-26FEB18GIRRUU-GIR | yes | count=180.00 | yes=54c
Kalshi WS trade #7293: KXATPMATCH-26FEB18GIRRUU-GIR | yes | count=180.00 | yes=54c
Kalshi WS trade #7294: KXATPMATCH-26FEB18GIRRUU-RUU | no | count=137.00 | yes=46c
Kalshi WS trade #7295: KXATPMATCH-26FEB18GIRRUU-RUU | no | count=180.00 | yes=46c
Kalshi WS trade #7296: KXNCAAMBGAME-26FEB18SMCSEA-SEA | yes | count=9.00 | yes=10c
Kalshi WS trade #7297: KXXRP15M-26FEB182200-00 | yes | count=1.00 | yes=91c
Kalshi WS trade #7298: KXBTCD-26FEB1822-T66749.99 | yes | count=9.00 | yes=10c
Kalshi WS trade #7299: KXNCAAMBGAME-26FEB18SJUMARQ-MARQ | yes | count=10.00 | yes=18c
Kalshi WS trade #7300: KXATPMATCH-26FEB18GIRRUU-RUU | yes | count=20.00 | yes=46c
Kalshi WS trade #7301: KXNCAAMBGAME-26FEB18SJUMARQ-MARQ | no | count=10.00 | yes=16c
Kalshi WS trade #7302: KXNCAAMBGAME-26FEB18DEPHALL-HALL | yes | count=680.00 | yes=15c
Kalshi WS trade #7303: KXNCAAMBGAME-26FEB18DEPHALL-HALL | yes | count=709.00 | yes=15c
Kalshi WS trade #7304: KXNCAAMBGAME-26FEB18DEPHALL-HALL | yes | count=709.00 | yes=15c
Kalshi WS trade #7305: KXNCAAMBGAME-26FEB18DEPHALL-HALL | yes | count=709.00 | yes=15c
Kalshi WS trade #7306: KXNCAAMBGAME-26FEB18DEPHALL-HALL | yes | count=339.00 | yes=15c
Kalshi WS trade #7307: KXNCAAMBGAME-26FEB18BYUARIZ-BYU | yes | count=20.00 | yes=17c
Kalshi WS trade #7308: KXMVESPORTSMULTIGAMEEXTENDED-S20264DBCDC67E97-8002C753DB2 | yes | count=65.00 | yes=14c
Kalshi WS trade #7309: KXMVESPORTSMULTIGAMEEXTENDED-S202604DC3665219-B42DADC6791 | yes | count=155.00 | yes=1c
Kalshi WS trade #7310: KXMVESPORTSMULTIGAMEEXTENDED-S2026256832741E4-96A4CAACC64 | yes | count=29.00 | yes=10c
Kalshi WS trade #7311: KXMVESPORTSMULTIGAMEEXTENDED-S2026256832741E4-96A4CAACC64 | yes | count=6.00 | yes=13c
Kalshi WS trade #7312: KXBTC15M-26FEB182200-00 | yes | count=10.00 | yes=75c
Kalshi WS trade #7313: KXMVESPORTSMULTIGAMEEXTENDED-S2026A0A59FAB305-DC5F2AD85EC | yes | count=7084.00 | yes=16c
Kalshi WS trade #7314: KXMVESPORTSMULTIGAMEEXTENDED-S2026A0A59FAB305-DC5F2AD85EC | yes | count=992.00 | yes=17c
Kalshi WS trade #7315: KXNCAAMBGAME-26FEB18VANMIZZ-MIZZ | yes | count=17.00 | yes=53c
Kalshi WS trade #7316: KXNCAAMBGAME-26FEB18BYUARIZ-BYU | yes | count=263.00 | yes=17c
Kalshi WS trade #7317: KXMVESPORTSMULTIGAMEEXTENDED-S202618F48DAD0DE-961D483D1EF | yes | count=32.00 | yes=17c
Kalshi WS trade #7318: KXATPMATCH-26FEB18GIRRUU-GIR | no | count=284.00 | yes=54c
Kalshi WS trade #7319: KXMVESPORTSMULTIGAMEEXTENDED-S20261761D9ED957-3C0910FF331 | yes | count=2378.00 | yes=7c
Kalshi WS trade #7320: KXNCAAMBSPREAD-26FEB18VANMIZZ-MIZZ1 | no | count=2.00 | yes=47c
Poly WS trade #100: asset=51797157743046504218... | SELL | size=27 | price=0.965
Kalshi WS trade #7321: KXNCAAMBGAME-26FEB18DEPHALL-HALL | no | count=3.00 | yes=13c
Kalshi WS trade #7322: KXLOWTNYC-26FEB18-B33.5 | yes | count=312.00 | yes=3c
Kalshi WS trade #7323: KXETH15M-26FEB182200-00 | yes | count=4.00 | yes=67c
Kalshi WS trade #7324: KXATPMATCH-26FEB18GIRRUU-RUU | no | count=1085.00 | yes=45c
Kalshi WS trade #7325: KXATPMATCH-26FEB18GIRRUU-RUU | no | count=180.00 | yes=45c
Kalshi WS trade #7326: KXATPMATCH-26FEB18GIRRUU-RUU | no | count=180.00 | yes=45c
Kalshi WS trade #7327: KXATPMATCH-26FEB18GIRRUU-RUU | no | count=100.00 | yes=45c
Kalshi WS trade #7328: KXATPMATCH-26FEB18GIRRUU-RUU | no | count=890.00 | yes=44c
Kalshi WS trade #7329: KXNCAAMBGAME-26FEB18BYUARIZ-BYU | yes | count=5.00 | yes=17c
Kalshi WS trade #7330: KXNCAAMBGAME-26FEB18BYUARIZ-BYU | yes | count=5.00 | yes=17c
Kalshi WS trade #7331: KXNCAAMBGAME-26FEB18CHARTLSA-CHAR | yes | count=13.00 | yes=12c
Kalshi WS trade #7332: KXATPMATCH-26FEB18GIRRUU-RUU | yes | count=41.00 | yes=46c
Kalshi WS trade #7333: KXNCAAMBGAME-26FEB18UTAHWVU-UTAH | yes | count=33.00 | yes=58c
Kalshi WS trade #7334: KXNCAAMBGAME-26FEB18DEPHALL-DEP | no | count=105.00 | yes=86c
Kalshi WS trade #7335: KXNCAAMBGAME-26FEB18DEPHALL-HALL | no | count=14.00 | yes=14c
Kalshi WS trade #7336: KXNCAAMBSPREAD-26FEB18DEPHALL-DEP1 | no | count=14.00 | yes=87c
Poly WS trade #101: asset=46553455570564517989... | SELL | size=36 | price=0.007
Kalshi WS trade #7337: KXNCAAMBTOTAL-26FEB18UTAHWVU-121 | no | count=1.00 | yes=55c
Kalshi WS trade #7338: KXNCAAMBGAME-26FEB18BYUARIZ-BYU | yes | count=200.00 | yes=17c
Kalshi WS trade #7339: KXBTC15M-26FEB182200-00 | yes | count=27.00 | yes=75c
Kalshi WS trade #7340: KXNCAAMBGAME-26FEB18BYUARIZ-ARIZ | yes | count=349.00 | yes=85c
Kalshi WS trade #7341: KXNCAAMBSPREAD-26FEB18KUOKST-KU15 | no | count=64.00 | yes=41c
Kalshi WS trade #7342: KXATPMATCH-26FEB18GIRRUU-GIR | yes | count=180.00 | yes=54c
Kalshi WS trade #7343: KXATPMATCH-26FEB18GIRRUU-GIR | yes | count=180.00 | yes=54c
Kalshi WS trade #7344: KXATPMATCH-26FEB18GIRRUU-GIR | yes | count=180.00 | yes=54c
Kalshi WS trade #7345: KXATPMATCH-26FEB18GIRRUU-GIR | yes | count=180.00 | yes=54c
Kalshi WS trade #7346: KXATPMATCH-26FEB18GIRRUU-GIR | yes | count=180.00 | yes=54c
Kalshi WS trade #7347: KXATPMATCH-26FEB18GIRRUU-GIR | yes | count=180.00 | yes=54c
Kalshi WS trade #7348: KXATPMATCH-26FEB18GIRRUU-GIR | yes | count=180.00 | yes=54c
Kalshi WS trade #7349: KXATPMATCH-26FEB18GIRRUU-GIR | yes | count=180.00 | yes=54c
Kalshi WS trade #7350: KXATPMATCH-26FEB18GIRRUU-GIR | yes | count=180.00 | yes=54c
Kalshi WS trade #7351: KXATPMATCH-26FEB18GIRRUU-GIR | yes | count=180.00 | yes=54c
Kalshi WS trade #7352: KXATPMATCH-26FEB18GIRRUU-GIR | yes | count=83.00 | yes=55c
Kalshi WS trade #7353: KXNCAAMBGAME-26FEB18CHARTLSA-CHAR | yes | count=2.00 | yes=12c
Kalshi WS trade #7354: KXNCAAMBGAME-26FEB18CHARTLSA-CHAR | yes | count=50.00 | yes=12c
Kalshi WS trade #7355: KXNCAAMBGAME-26FEB18CHARTLSA-CHAR | yes | count=26.00 | yes=12c
Kalshi WS trade #7356: KXNCAAMBSPREAD-26FEB18CSUUNLV-UNLV1 | no | count=35.00 | yes=56c
Kalshi WS trade #7357: KXNCAAMBSPREAD-26FEB18CSUUNLV-UNLV1 | no | count=9.00 | yes=56c
Kalshi WS trade #7358: KXNCAAMBSPREAD-26FEB18CSUUNLV-UNLV1 | no | count=96.00 | yes=55c
Kalshi WS trade #7359: KXNCAAMBGAME-26FEB18NDSUSDST-NDSU | yes | count=254.00 | yes=97c
Kalshi WS trade #7360: KXNCAAMBGAME-26FEB18NDSUSDST-NDSU | yes | count=750.00 | yes=97c
Kalshi WS trade #7361: KXNCAAMBGAME-26FEB18NDSUSDST-NDSU | yes | count=750.00 | yes=97c
Kalshi WS trade #7362: KXNCAAMBGAME-26FEB18NDSUSDST-NDSU | yes | count=10.00 | yes=97c
Kalshi WS trade #7363: KXNCAAMBGAME-26FEB18NDSUSDST-NDSU | yes | count=200.00 | yes=97c
Kalshi WS trade #7364: KXNCAAMBGAME-26FEB18NDSUSDST-NDSU | yes | count=339.00 | yes=97c
Kalshi WS trade #7365: KXNCAAMBGAME-26FEB18NDSUSDST-NDSU | yes | count=750.00 | yes=97c
Kalshi WS trade #7366: KXNCAAMBGAME-26FEB18NDSUSDST-NDSU | yes | count=101.00 | yes=97c
Kalshi WS trade #7367: KXNCAAMBGAME-26FEB18NDSUSDST-NDSU | yes | count=101.00 | yes=97c
Kalshi WS trade #7368: KXNCAAMBGAME-26FEB18NDSUSDST-NDSU | yes | count=101.00 | yes=97c
Kalshi WS trade #7369: KXNCAAMBGAME-26FEB18NDSUSDST-NDSU | yes | count=101.00 | yes=97c
Kalshi WS trade #7370: KXNCAAMBGAME-26FEB18NDSUSDST-NDSU | yes | count=101.00 | yes=97c
Kalshi WS trade #7371: KXATPMATCH-26FEB18GIRRUU-GIR | yes | count=12.00 | yes=55c
Kalshi WS trade #7372: KXPGATOP5-THGI26-MSCH | no | count=3.00 | yes=1c
Kalshi WS trade #7373: KXATPMATCH-26FEB18GIRRUU-GIR | yes | count=168.00 | yes=55c
Kalshi WS trade #7374: KXATPMATCH-26FEB18GIRRUU-GIR | yes | count=8.00 | yes=55c
Kalshi WS trade #7375: KXNCAAMBGAME-26FEB18KENNMOSU-MOSU | yes | count=91.00 | yes=34c
Kalshi WS trade #7376: KXNCAAWBGAME-26FEB19NEOMSDAK-NEOM | yes | count=31.00 | yes=3c
Kalshi WS trade #7377: KXNCAAMBGAME-26FEB18BYUARIZ-BYU | yes | count=55.00 | yes=17c
Kalshi WS trade #7378: KXNCAAMBGAME-26FEB18NDSUSDST-NDSU | yes | count=4.00 | yes=98c
Kalshi WS trade #7379: KXATPMATCH-26FEB18GIRRUU-RUU | yes | count=202.00 | yes=46c
Kalshi WS trade #7380: KXATPMATCH-26FEB18GIRRUU-RUU | yes | count=269.00 | yes=46c
Kalshi WS trade #7381: KXBTCD-26FEB1822-T66749.99 | yes | count=100.00 | yes=10c
Kalshi WS trade #7382: KXBTC-26FEB1822-B66625 | yes | count=100.00 | yes=86c
Kalshi WS trade #7383: KXBTCD-26FEB1822-T66499.99 | no | count=100.00 | yes=98c
Kalshi WS trade #7384: KXBTC15M-26FEB182200-00 | yes | count=20.00 | yes=75c
Kalshi WS trade #7385: KXATPMATCH-26FEB18GIRRUU-RUU | yes | count=4.00 | yes=46c
Kalshi WS trade #7386: KXSTEAMPRICE-27-600 | no | count=1000.00 | yes=92c
Kalshi WS trade #7387: KXSTEAMPRICE-27-600 | no | count=111.00 | yes=92c
Kalshi WS trade #7388: KXNCAAMBTOTAL-26FEB18AUBMSST-168 | no | count=50.00 | yes=33c
Kalshi WS trade #7389: KXNCAAMBTOTAL-26FEB18AUBMSST-168 | no | count=229.00 | yes=33c
Kalshi WS trade #7390: KXMVESPORTSMULTIGAMEEXTENDED-S2026DB26B96205A-B6AD85BD193 | yes | count=359.00 | yes=1c
Kalshi WS trade #7391: KXATPMATCH-26FEB18GIRRUU-RUU | yes | count=10.00 | yes=46c
Kalshi WS trade #7392: KXMVESPORTSMULTIGAMEEXTENDED-S2026A1A72397394-3FFE6555A96 | yes | count=41.00 | yes=23c
Kalshi WS trade #7393: KXBTC15M-26FEB182200-00 | no | count=3.00 | yes=74c
Kalshi WS trade #7394: KXMVESPORTSMULTIGAMEEXTENDED-S2026C5ED67A23DC-7D308AA4374 | yes | count=4123.00 | yes=0c
Kalshi WS trade #7395: KXNCAAMBSPREAD-26FEB18BYUARIZ-BYU3 | yes | count=7.00 | yes=13c
Kalshi WS trade #7396: KXNCAAMBGAME-26FEB18VANMIZZ-VAN | yes | count=399.00 | yes=48c
Kalshi WS trade #7397: KXATPMATCH-26FEB18GIRRUU-RUU | yes | count=10.00 | yes=46c
Kalshi WS trade #7398: KXNCAAMBGAME-26FEB18BYUARIZ-ARIZ | yes | count=405.00 | yes=85c
Kalshi WS trade #7399: KXNCAAWBGAME-26FEB18NEVCSU-NEV | yes | count=60.00 | yes=2c
Kalshi WS trade #7400: KXNCAAWBGAME-26FEB18NEVCSU-NEV | yes | count=52.00 | yes=3c
Kalshi WS trade #7401: KXNCAAMBGAME-26FEB18BYUARIZ-BYU | yes | count=16.00 | yes=17c
Kalshi WS trade #7402: KXNCAAMBTOTAL-26FEB18NDSUSDST-162 | no | count=50.00 | yes=3c
Kalshi WS trade #7403: KXNCAAMBTOTAL-26FEB18NDSUSDST-162 | no | count=1000.00 | yes=2c
Kalshi WS trade #7404: KXNCAAMBTOTAL-26FEB18NDSUSDST-162 | no | count=300.00 | yes=1c
Kalshi WS trade #7405: KXBTC15M-26FEB182200-00 | no | count=7.00 | yes=74c
Kalshi WS trade #7406: KXNCAAMBGAME-26FEB18NDSUSDST-SDST | yes | count=93.00 | yes=4c
Kalshi WS trade #7407: KXNCAAMBGAME-26FEB18BYUARIZ-BYU | yes | count=27.00 | yes=17c
Kalshi WS trade #7408: KXNCAAMBGAME-26FEB18BYUARIZ-BYU | yes | count=83.00 | yes=17c
Kalshi WS trade #7409: KXNCAABMENTION-26FEB18ARKALA-DOUB | no | count=16.00 | yes=99c
Kalshi WS trade #7410: KXNCAAMBGAME-26FEB18UTAHWVU-UTAH | yes | count=16.00 | yes=58c
Kalshi WS trade #7411: KXNCAAMBGAME-26FEB18UTAHWVU-UTAH | yes | count=17.00 | yes=58c
Kalshi WS trade #7412: KXNCAAMBGAME-26FEB18SJUMARQ-MARQ | yes | count=32.00 | yes=18c
Kalshi WS trade #7413: KXNCAAMBGAME-26FEB18SJUMARQ-MARQ | yes | count=20.00 | yes=18c
Kalshi WS trade #7414: KXNCAAMBGAME-26FEB18BYUARIZ-ARIZ | yes | count=17.00 | yes=85c
Kalshi WS trade #7415: KXATPMATCH-26FEB18GIRRUU-RUU | yes | count=101.00 | yes=46c
Kalshi WS trade #7416: KXNCAAMBGAME-26FEB18AUBMSST-AUB | yes | count=28.00 | yes=19c
Kalshi WS trade #7417: KXNCAAMBGAME-26FEB18CHARTLSA-CHAR | yes | count=24.00 | yes=12c
Kalshi WS trade #7418: KXNCAAMBGAME-26FEB18CHARTLSA-CHAR | yes | count=50.00 | yes=12c
Kalshi WS trade #7419: KXNCAAMBGAME-26FEB18CHARTLSA-CHAR | yes | count=50.00 | yes=12c
Kalshi WS trade #7420: KXNCAAMBGAME-26FEB18CHARTLSA-CHAR | yes | count=32.00 | yes=12c
Kalshi WS trade #7421: KXNCAAMBSPREAD-26FEB18DEPHALL-DEP1 | no | count=50.00 | yes=87c
Kalshi WS trade #7422: KXNCAAMBGAME-26FEB18DEPHALL-HALL | no | count=50.00 | yes=14c
Kalshi WS trade #7423: KXNCAAMBGAME-26FEB18VANMIZZ-MIZZ | yes | count=83.00 | yes=53c
Kalshi WS trade #7424: KXNCAAMBGAME-26FEB18BYUARIZ-BYU | yes | count=28.00 | yes=17c
Poly WS trade #102: asset=11079000312144236512... | BUY | size=200 | price=0.31
Kalshi WS trade #7425: KXNCAAMBSPREAD-26FEB18ILLUSC-ILL9 | yes | count=961.00 | yes=49c
Kalshi WS trade #7426: KXNCAAMBGAME-26FEB18MURRILST-ILST | yes | count=646.00 | yes=79c
Kalshi WS trade #7427: KXNCAAMBGAME-26FEB18MURRILST-ILST | yes | count=738.00 | yes=79c
Kalshi WS trade #7428: KXNCAAMBGAME-26FEB18MURRILST-ILST | yes | count=738.00 | yes=79c
Kalshi WS trade #7429: KXNCAAMBGAME-26FEB18MURRILST-ILST | yes | count=110.00 | yes=80c
Kalshi WS trade #7430: KXNCAAMBGAME-26FEB18MURRILST-ILST | yes | count=123.00 | yes=80c
Kalshi WS trade #7431: KXNCAAMBGAME-26FEB18MURRILST-ILST | yes | count=123.00 | yes=80c
Kalshi WS trade #7432: KXNCAAMBGAME-26FEB18MURRILST-ILST | yes | count=123.00 | yes=80c
Kalshi WS trade #7433: KXNCAAMBGAME-26FEB18MURRILST-ILST | yes | count=738.00 | yes=80c
Kalshi WS trade #7434: KXNCAAMBGAME-26FEB18MURRILST-ILST | yes | count=738.00 | yes=80c
Kalshi WS trade #7435: KXNCAAMBGAME-26FEB18MURRILST-ILST | yes | count=738.00 | yes=80c
Kalshi WS trade #7436: KXNCAAMBGAME-26FEB18MURRILST-ILST | yes | count=141.00 | yes=80c
Kalshi WS trade #7437: KXNCAAMBGAME-26FEB18KENNMOSU-MOSU | yes | count=281.00 | yes=34c
Kalshi WS trade #7438: KXNCAAMBGAME-26FEB18AUBMSST-AUB | yes | count=20.00 | yes=19c
Kalshi WS trade #7439: KXBTC15M-26FEB182200-00 | no | count=91.00 | yes=74c
Kalshi WS trade #7440: KXATPMATCH-26FEB18GIRRUU-GIR | no | count=81.00 | yes=53c
Kalshi WS trade #7441: KXBTCMAX150-25-26MAR31-149999.99 | no | count=49.00 | yes=1c
Kalshi WS trade #7442: KXNCAAWBGAME-26FEB18AFABSU-BSU | yes | count=12.00 | yes=53c
Kalshi WS trade #7443: KXNCAAWBGAME-26FEB18AFABSU-BSU | yes | count=1.00 | yes=60c
Kalshi WS trade #7444: KXNCAAWBGAME-26FEB18AFABSU-BSU | yes | count=30.00 | yes=60c
Kalshi WS trade #7445: KXNCAAWBGAME-26FEB18AFABSU-BSU | yes | count=40.00 | yes=60c
Kalshi WS trade #7446: KXNCAAWBGAME-26FEB18AFABSU-BSU | yes | count=174.00 | yes=61c
Kalshi WS trade #7447: KXNCAAWBGAME-26FEB18AFABSU-BSU | yes | count=48.00 | yes=61c
Kalshi WS trade #7448: KXNBAGAME-26FEB20DENPOR-DEN | yes | count=1.00 | yes=54c
Kalshi WS trade #7449: KXNCAAWBGAME-26FEB18AFABSU-AFA | no | count=12.00 | yes=50c
Kalshi WS trade #7450: KXATTENDSOTU-DROD | yes | count=28.00 | yes=3c
Kalshi WS trade #7451: KXATTENDSOTU-DROD | yes | count=1.00 | yes=5c
Kalshi WS trade #7452: KXNCAAMBGAME-26FEB18AUBMSST-MSST | yes | count=7.00 | yes=84c
Kalshi WS trade #7453: KXATPMATCH-26FEB18GIRRUU-RUU | no | count=102.00 | yes=45c
Kalshi WS trade #7454: KXPGATOP5-THGI26-LGLO | no | count=3.00 | yes=1c
Kalshi WS trade #7455: KXBERNIEMENTION-26FEB19-CORR | yes | count=8.00 | yes=60c
Kalshi WS trade #7456: KXNCAAMBGAME-26FEB18BYUARIZ-BYU | yes | count=111.00 | yes=17c
Kalshi WS trade #7457: KXMVESPORTSMULTIGAMEEXTENDED-S20261C85EEE9483-304C3975618 | yes | count=143.00 | yes=33c
Kalshi WS trade #7458: KXMVESPORTSMULTIGAMEEXTENDED-S20263B251E91633-1259D4F09FF | yes | count=160.00 | yes=0c
Kalshi WS trade #7459: KXMVESPORTSMULTIGAMEEXTENDED-S20263B251E91633-1259D4F09FF | yes | count=160.00 | yes=0c
Kalshi WS trade #7460: KXMVESPORTSMULTIGAMEEXTENDED-S20263B251E91633-1259D4F09FF | yes | count=331.00 | yes=0c
Kalshi WS trade #7461: KXNCAAMBGAME-26FEB18SJUMARQ-MARQ | yes | count=10.00 | yes=18c
Kalshi WS trade #7462: KXMVESPORTSMULTIGAMEEXTENDED-S2026C8C7CAAA6D0-FFB9636EC25 | yes | count=74.00 | yes=65c
Kalshi WS trade #7463: KXBTCD-26FEB1822-T66499.99 | no | count=100.00 | yes=99c
Kalshi WS trade #7464: KXBTC-26FEB1822-B66375 | no | count=100.00 | yes=2c
Kalshi WS trade #7465: KXNCAAMBGAME-26FEB18BYUARIZ-BYU | no | count=106.00 | yes=16c
Kalshi WS trade #7466: KXNCAAMBTOTAL-26FEB18BYUARIZ-158 | no | count=54.00 | yes=56c
Kalshi WS trade #7467: KXNCAAMBGAME-26FEB18BYUARIZ-BYU | yes | count=11.00 | yes=17c
Kalshi WS trade #7468: KXNCAAMBGAME-26FEB18SJUMARQ-MARQ | yes | count=52.00 | yes=18c
Kalshi WS trade #7469: KXNCAAMB1HSPREAD-26FEB18GONZSF-GONZ8 | yes | count=3.00 | yes=55c
Kalshi WS trade #7470: KXNCAAWBGAME-26FEB18NEVCSU-CSU | yes | count=1.00 | yes=99c
Kalshi WS trade #7471: KXNCAAMBGAME-26FEB18VANMIZZ-VAN | yes | count=746.00 | yes=48c
Kalshi WS trade #7472: KXNCAAMBGAME-26FEB18VANMIZZ-VAN | yes | count=83.00 | yes=48c
Kalshi WS trade #7473: KXNCAAMBGAME-26FEB18DEPHALL-DEP | no | count=25.00 | yes=85c
Kalshi WS trade #7474: KXATPMATCH-26FEB18GIRRUU-RUU | yes | count=73.00 | yes=46c
Kalshi WS trade #7475: KXNCAAMBGAME-26FEB18BYUARIZ-BYU | yes | count=105.00 | yes=17c
Kalshi WS trade #7476: KXNCAAMBGAME-26FEB18UTAHWVU-UTAH | yes | count=37.00 | yes=58c
Kalshi WS trade #7477: KXNCAAMBGAME-26FEB18UTAHWVU-UTAH | yes | count=38.00 | yes=58c
Kalshi WS trade #7478: KXNCAAMBGAME-26FEB18SJUMARQ-SJU | yes | count=59.00 | yes=83c
Kalshi WS trade #7479: KXBTC15M-26FEB182200-00 | no | count=1.00 | yes=74c
Kalshi WS trade #7480: KXSAGAWARDENSEMBLE-26-SIN | no | count=10.00 | yes=61c
Kalshi WS trade #7481: KXSOL15M-26FEB182200-00 | yes | count=2.00 | yes=80c
Kalshi WS trade #7482: KXSOL15M-26FEB182200-00 | yes | count=1.00 | yes=81c
Kalshi WS trade #7483: KXATPMATCH-26FEB18GIRRUU-GIR | no | count=277.00 | yes=53c
Kalshi WS trade #7484: KXNCAAMBSPREAD-26FEB18MDNW-NW11 | yes | count=5.00 | yes=40c
Kalshi WS trade #7485: KXBTC15M-26FEB182200-00 | yes | count=10.00 | yes=75c
Kalshi WS trade #7486: KXNCAAMBTOTAL-26FEB18NDSUSDST-144 | yes | count=20.00 | yes=40c
Kalshi WS trade #7487: KXNCAAMBTOTAL-26FEB18NDSUSDST-144 | yes | count=5.00 | yes=40c
Kalshi WS trade #7488: KXBTC15M-26FEB182200-00 | no | count=18.00 | yes=74c
Kalshi WS trade #7489: KXNCAAMBGAME-26FEB18BYUARIZ-BYU | yes | count=50.00 | yes=17c
Kalshi WS trade #7490: KXBTC15M-26FEB182200-00 | yes | count=35.00 | yes=75c
Kalshi WS trade #7491: KXATTENDSOTU-KBJ | yes | count=100.00 | yes=30c
Kalshi WS trade #7492: KXNCAAMBGAME-26FEB18DEPHALL-HALL | no | count=50.00 | yes=14c
Kalshi WS trade #7493: KXNCAAMBSPREAD-26FEB18DEPHALL-DEP1 | no | count=50.00 | yes=87c
Kalshi WS trade #7494: KXLOVEISBLINDMARRIAGE-26-AMB | no | count=18.00 | yes=90c
Kalshi WS trade #7495: KXNCAAMBGAME-26FEB18NDSUSDST-SDST | yes | count=65.00 | yes=4c
Kalshi WS trade #7496: KXNCAAMBTOTAL-26FEB18SMCSEA-133 | yes | count=2.00 | yes=53c
Kalshi WS trade #7497: KXUECLGAME-26FEB19KUPSLPO-LPO | yes | count=15.00 | yes=61c
Kalshi WS trade #7498: KXNCAAMBGAME-26FEB18NDSUSDST-NDSU | no | count=65.00 | yes=97c
Kalshi WS trade #7499: KXNCAAMBGAME-26FEB18NCCUSCST-NCCU | yes | count=10.00 | yes=51c
Kalshi WS trade #7500: KXATPMATCH-26FEB18GIRRUU-RUU | yes | count=104.00 | yes=46c
Kalshi WS trade #7501: KXNCAAMBSPREAD-26FEB18DEPHALL-DEP4 | no | count=50.00 | yes=61c
Kalshi WS trade #7502: KXNCAAMBSPREAD-26FEB18DEPHALL-DEP4 | no | count=311.00 | yes=60c
Kalshi WS trade #7503: KXNCAAMBGAME-26FEB18UTAHWVU-WVU | yes | count=5.00 | yes=44c
Kalshi WS trade #7504: KXAHLGAME-26FEB182130COABAK-BAK | yes | count=1.00 | yes=16c
Kalshi WS trade #7505: KXAHLGAME-26FEB182130COABAK-BAK | yes | count=4.00 | yes=17c
Kalshi WS trade #7506: KXNCAAMBGAME-26FEB18UTAHWVU-UTAH | yes | count=16.00 | yes=58c
Kalshi WS trade #7507: KXNCAAMBGAME-26FEB18UTAHWVU-UTAH | yes | count=54.00 | yes=58c
Kalshi WS trade #7508: KXNCAAMBGAME-26FEB18UTAHWVU-UTAH | yes | count=54.00 | yes=58c
Kalshi WS trade #7509: KXNCAAMBGAME-26FEB18UTAHWVU-UTAH | yes | count=1542.00 | yes=58c
Kalshi WS trade #7510: KXNCAAMBGAME-26FEB18KENNMOSU-MOSU | yes | count=108.00 | yes=34c
Kalshi WS trade #7511: KXNCAAMBGAME-26FEB18UTAHWVU-UTAH | yes | count=13.00 | yes=58c
INFO:     35.145.33.17:0 - "GET /api/stats HTTP/1.1" 200 OK
Kalshi WS trade #7512: KXNCAAMBGAME-26FEB18VANMIZZ-VAN | yes | count=20.00 | yes=48c
INFO:     35.145.33.17:0 - "GET /api/all-markets?limit=5 HTTP/1.1" 200 OK
Kalshi WS trade #7513: KXMVESPORTSMULTIGAMEEXTENDED-S2026067ED80E31E-4F27906A0AE | yes | count=22.00 | yes=37c
Kalshi WS trade #7514: KXMVESPORTSMULTIGAMEEXTENDED-S202640525A70527-2D69629C50D | yes | count=8.00 | yes=23c
Kalshi WS trade #7515: KXMVESPORTSMULTIGAMEEXTENDED-S202640525A70527-2D69629C50D | yes | count=1.00 | yes=25c
Kalshi WS trade #7516: KXNCAAMBGAME-26FEB18CHARTLSA-TLSA | yes | count=14.00 | yes=89c
Kalshi WS trade #7517: KXNCAAMBGAME-26FEB18CHARTLSA-TLSA | yes | count=535.00 | yes=89c
Kalshi WS trade #7518: KXNCAAMBGAME-26FEB18BYUARIZ-BYU | yes | count=38.00 | yes=17c
Kalshi WS trade #7519: KXNCAAMBGAME-26FEB18AUBMSST-MSST | no | count=492.00 | yes=83c
Poly WS trade #103: asset=54073086346734626735... | SELL | size=36 | price=0.005
Kalshi WS trade #7520: KXHIGHTSATX-26FEB19-B88.5 | no | count=1.00 | yes=17c
Kalshi WS trade #7521: KXNCAAMBGAME-26FEB18BYUARIZ-BYU | yes | count=41.00 | yes=17c
Kalshi WS trade #7522: KXNCAAMBGAME-26FEB18DEPHALL-DEP | yes | count=50.00 | yes=87c
Kalshi WS trade #7523: KXNCAAMBGAME-26FEB18BYUARIZ-BYU | yes | count=50.00 | yes=17c
Kalshi WS trade #7524: KXNCAAMBGAME-26FEB18CHARTLSA-TLSA | yes | count=50.00 | yes=89c
Kalshi WS trade #7525: KXNCAAMBGAME-26FEB18BYUARIZ-BYU | yes | count=555.00 | yes=17c
Kalshi WS trade #7526: KXNCAAMBGAME-26FEB18DEPHALL-HALL | yes | count=19.00 | yes=15c
Kalshi WS trade #7527: KXBTCD-26FEB1822-T66749.99 | no | count=67.00 | yes=10c
Kalshi WS trade #7528: KXHIGHMIA-26FEB18-B76.5 | yes | count=666.00 | yes=1c
Kalshi WS trade #7529: KXATPMATCH-26FEB18GIRRUU-RUU | yes | count=523.00 | yes=46c
Kalshi WS trade #7530: KXNCAAMBGAME-26FEB18VANMIZZ-VAN | yes | count=2.00 | yes=48c
Kalshi WS trade #7531: KXNCAAMBGAME-26FEB18VANMIZZ-VAN | yes | count=29.00 | yes=48c
Kalshi WS trade #7532: KXNCAAMBGAME-26FEB18BYUARIZ-BYU | yes | count=78.00 | yes=17c
Kalshi WS trade #7533: KXNCAAMBGAME-26FEB18NDSUSDST-SDST | yes | count=17.00 | yes=4c
Kalshi WS trade #7534: KXNCAAMBGAME-26FEB18CHARTLSA-CHAR | yes | count=72.00 | yes=13c
Kalshi WS trade #7535: KXNCAAMBGAME-26FEB18PACWSU-WSU | yes | count=90.00 | yes=52c
Kalshi WS trade #7536: KXNCAAMBGAME-26FEB18UTAHWVU-WVU | yes | count=15.00 | yes=44c
Kalshi WS trade #7537: KXNCAAMBGAME-26FEB18CHARTLSA-CHAR | yes | count=88.00 | yes=13c
Kalshi WS trade #7538: KXNCAAMBGAME-26FEB18CHARTLSA-CHAR | yes | count=50.00 | yes=13c
Kalshi WS trade #7539: KXNCAAMBGAME-26FEB18CHARTLSA-CHAR | yes | count=50.00 | yes=13c
Kalshi WS trade #7540: KXNCAAMBGAME-26FEB18CHARTLSA-CHAR | yes | count=50.00 | yes=13c
Kalshi WS trade #7541: KXNCAAMBGAME-26FEB18CHARTLSA-CHAR | yes | count=50.00 | yes=13c
Kalshi WS trade #7542: KXNCAAMBGAME-26FEB18CHARTLSA-CHAR | yes | count=50.00 | yes=13c
Kalshi WS trade #7543: KXNCAAMBGAME-26FEB18CHARTLSA-CHAR | yes | count=50.00 | yes=14c
Kalshi WS trade #7544: KXNCAAMBGAME-26FEB18CHARTLSA-CHAR | yes | count=50.00 | yes=14c
Kalshi WS trade #7545: KXNCAAMBGAME-26FEB18CHARTLSA-CHAR | yes | count=125.00 | yes=14c
Kalshi WS trade #7546: KXNCAAMBGAME-26FEB18CHARTLSA-CHAR | yes | count=60.00 | yes=14c
Kalshi WS trade #7547: KXNCAAMBGAME-26FEB18CHARTLSA-CHAR | yes | count=218.00 | yes=15c
Kalshi WS trade #7548: KXNCAAMBGAME-26FEB18CHARTLSA-CHAR | yes | count=75.00 | yes=15c
Kalshi WS trade #7549: KXNCAAMBGAME-26FEB18CHARTLSA-CHAR | yes | count=2904.00 | yes=22c
Kalshi WS trade #7550: KXNCAAMBGAME-26FEB18CHARTLSA-CHAR | yes | count=218.00 | yes=26c
Kalshi WS trade #7551: KXNCAAMBGAME-26FEB18CHARTLSA-CHAR | yes | count=304.00 | yes=29c
Kalshi WS trade #7552: KXNCAAMBGAME-26FEB18CHARTLSA-TLSA | no | count=72.00 | yes=88c
Kalshi WS trade #7553: KXHIGHTSATX-26FEB19-B86.5 | no | count=1.00 | yes=32c
Kalshi WS trade #7554: KXNCAAMBGAME-26FEB18NDSUSDST-NDSU | no | count=17.00 | yes=97c
Kalshi WS trade #7555: KXNCAAMBGAME-26FEB18CHARTLSA-TLSA | no | count=88.00 | yes=88c
Kalshi WS trade #7556: KXNCAAMBGAME-26FEB18DEPHALL-HALL | yes | count=18.00 | yes=15c
Kalshi WS trade #7557: KXNCAAMBGAME-26FEB18MDNW-MD | yes | count=3.00 | yes=3c
Kalshi WS trade #7558: KXATPMATCH-26FEB19TSIRUB-RUB | yes | count=13.00 | yes=58c
Kalshi WS trade #7559: KXNCAAMBGAME-26FEB18MDNW-NW | yes | count=20.00 | yes=98c
Kalshi WS trade #7560: KXNCAAMBGAME-26FEB18NDSUSDST-NDSU | no | count=166.00 | yes=97c
Kalshi WS trade #7561: KXNCAAMBSPREAD-26FEB18CHARTLSA-TLSA10 | yes | count=3.00 | yes=27c
Kalshi WS trade #7562: KXNCAAMBSPREAD-26FEB18CHARTLSA-TLSA10 | yes | count=10.00 | yes=28c
Kalshi WS trade #7563: KXNCAAMBSPREAD-26FEB18CHARTLSA-TLSA10 | yes | count=3.00 | yes=35c
Kalshi WS trade #7564: KXNCAAMBSPREAD-26FEB18CHARTLSA-TLSA10 | yes | count=2.00 | yes=42c
Kalshi WS trade #7565: KXETH15M-26FEB182200-00 | yes | count=14.00 | yes=70c
Kalshi WS trade #7566: KXETH15M-26FEB182200-00 | yes | count=8.00 | yes=71c
Kalshi WS trade #7567: KXHIGHTSATX-26FEB19-B84.5 | no | count=1.00 | yes=32c
Kalshi WS trade #7568: KXNCAAMBTOTAL-26FEB19UCILBSU-140 | yes | count=5.00 | yes=52c
Kalshi WS trade #7569: KXNCAAMBTOTAL-26FEB19UCILBSU-140 | yes | count=8.00 | yes=53c
Kalshi WS trade #7570: KXNCAAMBTOTAL-26FEB19UCILBSU-140 | yes | count=3.00 | yes=53c
Kalshi WS trade #7571: KXNCAAMBGAME-26FEB18CHARTLSA-TLSA | no | count=80.00 | yes=88c
Kalshi WS trade #7572: KXNCAAMBGAME-26FEB18CHARTLSA-TLSA | no | count=94.00 | yes=85c
Kalshi WS trade #7573: KXNCAAMBGAME-26FEB18MURRILST-ILST | yes | count=9.00 | yes=80c
Kalshi WS trade #7574: KXNCAAMBSPREAD-26FEB18GONZSF-GONZ14 | no | count=3.00 | yes=54c
Kalshi WS trade #7575: KXNCAABMENTION-26FEB18BYUARIZ-AIRB | yes | count=3.00 | yes=48c
Kalshi WS trade #7576: KXBTC15M-26FEB182200-00 | no | count=18.00 | yes=74c
Kalshi WS trade #7577: KXATPMATCH-26FEB18GIRRUU-RUU | yes | count=41.00 | yes=46c
Kalshi WS trade #7578: KXNCAAMBSPREAD-26FEB18DEPHALL-DEP1 | no | count=50.00 | yes=87c
Kalshi WS trade #7579: KXNCAAMBGAME-26FEB18DEPHALL-HALL | no | count=50.00 | yes=14c
Kalshi WS trade #7580: KXBTC15M-26FEB182200-00 | yes | count=7.00 | yes=75c
Kalshi WS trade #7581: KXMVESPORTSMULTIGAMEEXTENDED-S202639F45AFA0D9-0B19C245783 | yes | count=177.00 | yes=44c
Kalshi WS trade #7582: KXMVESPORTSMULTIGAMEEXTENDED-S202639F45AFA0D9-0B19C245783 | yes | count=26.00 | yes=47c
Kalshi WS trade #7583: KXNCAAMBGAME-26FEB18UTAHWVU-WVU | yes | count=16.00 | yes=44c
Kalshi WS trade #7584: KXNCAAMBGAME-26FEB18BYUARIZ-BYU | yes | count=27.00 | yes=17c
Kalshi WS trade #7585: KXSAGAWARDENSEMBLE-26-SIN | no | count=10.00 | yes=61c
Kalshi WS trade #7586: KXNCAAMBGAME-26FEB18BYUARIZ-BYU | yes | count=10.00 | yes=17c
Kalshi WS trade #7587: KXBERNIEMENTION-26FEB19-BIDE | yes | count=234.00 | yes=8c
Kalshi WS trade #7588: KXBTC15M-26FEB182200-00 | yes | count=34.00 | yes=75c
Kalshi WS trade #7589: KXNCAAMBGAME-26FEB18DEPHALL-DEP | yes | count=50.00 | yes=87c
Kalshi WS trade #7590: KXNCAAMBGAME-26FEB18BYUARIZ-BYU | yes | count=5.00 | yes=17c
Kalshi WS trade #7591: KXBTCD-26FEB1822-T66749.99 | yes | count=1.00 | yes=11c
Kalshi WS trade #7592: KXNCAAMBSPREAD-26FEB18ILLUSC-ILL12 | no | count=143.00 | yes=37c
Kalshi WS trade #7593: KXNCAAMBGAME-26FEB18BYUARIZ-ARIZ | yes | count=1552.00 | yes=85c
Kalshi WS trade #7594: KXNCAAMBGAME-26FEB18BYUARIZ-ARIZ | yes | count=300.00 | yes=85c
Kalshi WS trade #7595: KXNCAAMBGAME-26FEB18BYUARIZ-ARIZ | yes | count=10.00 | yes=85c
Kalshi WS trade #7596: KXNCAAMBGAME-26FEB18BYUARIZ-ARIZ | yes | count=60.00 | yes=86c
Kalshi WS trade #7597: KXNCAAMBGAME-26FEB18BYUARIZ-ARIZ | yes | count=2323.00 | yes=86c
Kalshi WS trade #7598: KXNCAAMBGAME-26FEB18BYUARIZ-ARIZ | yes | count=265.00 | yes=86c
Kalshi WS trade #7599: KXNCAAMBGAME-26FEB18BYUARIZ-ARIZ | yes | count=5.00 | yes=87c
Kalshi WS trade #7600: KXNCAAMBGAME-26FEB18BYUARIZ-ARIZ | yes | count=2323.00 | yes=87c
Kalshi WS trade #7601: KXNCAAMBGAME-26FEB18BYUARIZ-ARIZ | yes | count=3162.00 | yes=87c
Kalshi WS trade #7602: KXBTC15M-26FEB182200-00 | yes | count=129.00 | yes=75c
Kalshi WS trade #7603: KXATPMATCH-26FEB18GIRRUU-RUU | no | count=100.00 | yes=45c
Kalshi WS trade #7604: KXATPMATCH-26FEB18GIRRUU-RUU | no | count=100.00 | yes=45c
Kalshi WS trade #7605: KXATPMATCH-26FEB18GIRRUU-RUU | no | count=180.00 | yes=45c
Kalshi WS trade #7606: KXATPMATCH-26FEB18GIRRUU-RUU | no | count=180.00 | yes=45c
Kalshi WS trade #7607: KXNCAAMBGAME-26FEB18VANMIZZ-MIZZ | yes | count=10.00 | yes=53c
Kalshi WS trade #7608: KXNCAAMBGAME-26FEB18VANMIZZ-VAN | no | count=10.00 | yes=47c
Kalshi WS trade #7609: KXNCAAMBGAME-26FEB18VANMIZZ-VAN | no | count=90.00 | yes=47c
Kalshi WS trade #7610: KXNCAAWBGAME-26FEB18UNMGC-UNM | yes | count=12.00 | yes=69c
Kalshi WS trade #7611: KXARREST-27JAN-JZAP | no | count=5.00 | yes=24c
Kalshi WS trade #7612: KXNCAAWBGAME-26FEB18UTAUTU-UTA | yes | count=1.00 | yes=75c
Kalshi WS trade #7613: KXNCAAMBGAME-26FEB18ORUNEOM-ORU | yes | count=11.00 | yes=4c
Kalshi WS trade #7614: KXATPMATCH-26FEB18GIRRUU-RUU | yes | count=20.00 | yes=46c
Kalshi WS trade #7615: KXATPMATCH-26FEB18GIRRUU-RUU | yes | count=102.00 | yes=46c
Kalshi WS trade #7616: KXLEAVESTARMER-26APR01 | no | count=31.00 | yes=18c
Kalshi WS trade #7617: KXNCAAMBSPREAD-26FEB18BYUARIZ-ARIZ9 | no | count=10.00 | yes=46c
Kalshi WS trade #7618: KXNCAAMBSPREAD-26FEB18BYUARIZ-ARIZ9 | no | count=4.00 | yes=46c
Kalshi WS trade #7619: KXNCAAMBGAME-26FEB18UTAHWVU-UTAH | yes | count=54.00 | yes=58c
Kalshi WS trade #7620: KXNCAAMBGAME-26FEB18UTAHWVU-UTAH | yes | count=54.00 | yes=58c
Kalshi WS trade #7621: KXNCAAMBGAME-26FEB18UTAHWVU-UTAH | yes | count=54.00 | yes=58c
Kalshi WS trade #7622: KXNCAAMBGAME-26FEB18UTAHWVU-UTAH | yes | count=54.00 | yes=58c
Kalshi WS trade #7623: KXNCAAMBGAME-26FEB18UTAHWVU-UTAH | yes | count=54.00 | yes=58c
Kalshi WS trade #7624: KXNCAAMBGAME-26FEB18UTAHWVU-UTAH | yes | count=567.00 | yes=58c
Kalshi WS trade #7625: KXNCAAMBGAME-26FEB18VANMIZZ-VAN | yes | count=10.00 | yes=47c
Kalshi WS trade #7626: KXNCAAMBGAME-26FEB18BYUARIZ-BYU | no | count=19.00 | yes=16c
Kalshi WS trade #7627: KXNCAAMBSPREAD-26FEB18DEPHALL-DEP4 | yes | count=74.00 | yes=63c
Kalshi WS trade #7628: KXNCAAMBGAME-26FEB18PACWSU-WSU | yes | count=17.00 | yes=52c
Kalshi WS trade #7629: KXNCAAMBGAME-26FEB18PACWSU-WSU | yes | count=10.00 | yes=52c
Kalshi WS trade #7630: KXNCAAMBTOTAL-26FEB18SJUMARQ-160 | yes | count=1.00 | yes=54c
Kalshi WS trade #7631: KXBTC15M-26FEB182200-00 | yes | count=64.00 | yes=75c
Kalshi WS trade #7632: KXNCAAMBTOTAL-26FEB18MDNW-148 | yes | count=2.00 | yes=44c
Kalshi WS trade #7633: KXNCAAMBTOTAL-26FEB18MDNW-148 | yes | count=4.00 | yes=45c
Kalshi WS trade #7634: KXNCAAMBTOTAL-26FEB18MDNW-148 | yes | count=2.00 | yes=73c
Kalshi WS trade #7635: KXBTCD-26FEB1822-T66749.99 | no | count=21.00 | yes=10c
Kalshi WS trade #7636: KXNCAAMBGAME-26FEB18VANMIZZ-MIZZ | no | count=43.00 | yes=53c
Kalshi WS trade #7637: KXNCAAMBGAME-26FEB18DEPHALL-HALL | yes | count=1.00 | yes=15c
Kalshi WS trade #7638: KXNCAAMBGAME-26FEB18VANMIZZ-VAN | yes | count=10.00 | yes=47c
Kalshi WS trade #7639: KXNCAAMBGAME-26FEB18NDSUSDST-SDST | yes | count=101.00 | yes=4c
Kalshi WS trade #7640: KXNCAAMBGAME-26FEB18NDSUSDST-SDST | yes | count=16.00 | yes=4c
Kalshi WS trade #7641: KXMVESPORTSMULTIGAMEEXTENDED-S2026C166D43512A-5C9EE39AD80 | yes | count=144.00 | yes=4c
Kalshi WS trade #7642: KXNCAAMBGAME-26FEB18UTAHWVU-WVU | yes | count=54.00 | yes=44c
Kalshi WS trade #7643: KXNCAAMBGAME-26FEB18SMCSEA-SMC | yes | count=2.00 | yes=91c
Kalshi WS trade #7644: KXMEASLES-26-8000 | yes | count=18.00 | yes=52c
Kalshi WS trade #7645: KXSAGAWARDENSEMBLE-26-SIN | no | count=10.00 | yes=61c
Kalshi WS trade #7646: KXNCAAMBSPREAD-26FEB18DEPHALL-DEP1 | no | count=50.00 | yes=87c
Kalshi WS trade #7647: KXNCAAMBGAME-26FEB18DEPHALL-HALL | no | count=50.00 | yes=14c
Kalshi WS trade #7648: KXNCAAMBSPREAD-26FEB18ILLUSC-ILL12 | no | count=46.00 | yes=37c
Kalshi WS trade #7649: KXATPMATCH-26FEB18GIRRUU-RUU | yes | count=52.00 | yes=46c
Kalshi WS trade #7650: KXATPMATCH-26FEB18GIRRUU-RUU | yes | count=168.00 | yes=46c
Kalshi WS trade #7651: KXBTCD-26FEB1822-T66749.99 | yes | count=49.00 | yes=11c
Kalshi WS trade #7652: KXBTCD-26FEB1822-T66749.99 | yes | count=100.00 | yes=11c
Kalshi WS trade #7653: KXBTCD-26FEB1822-T66749.99 | yes | count=22.00 | yes=11c
Kalshi WS trade #7654: KXNCAAMBGAME-26FEB18DEPHALL-HALL | no | count=314.00 | yes=14c
Kalshi WS trade #7655: KXNCAAMBTOTAL-26FEB18BYUARIZ-167 | yes | count=50.00 | yes=30c
Kalshi WS trade #7656: KXNCAAMBGAME-26FEB18MURRILST-ILST | yes | count=12.00 | yes=80c
Kalshi WS trade #7657: KXNCAAMBGAME-26FEB18UTAHWVU-UTAH | yes | count=32.00 | yes=58c
Kalshi WS trade #7658: KXNCAAMBTOTAL-26FEB18UTAHWVU-124 | no | count=29.00 | yes=44c
Kalshi WS trade #7659: KXNCAAMBTOTAL-26FEB18UTAHWVU-124 | no | count=50.00 | yes=44c
Kalshi WS trade #7660: KXNCAAMBGAME-26FEB18NDSUSDST-SDST | yes | count=85.00 | yes=4c
Kalshi WS trade #7661: KXNCAAMBGAME-26FEB18NDSUSDST-SDST | yes | count=101.00 | yes=4c
Kalshi WS trade #7662: KXNCAAMBGAME-26FEB18NDSUSDST-SDST | yes | count=101.00 | yes=4c
Kalshi WS trade #7663: KXNCAAMBGAME-26FEB18NDSUSDST-SDST | yes | count=101.00 | yes=4c
Kalshi WS trade #7664: KXNCAAMBGAME-26FEB18NDSUSDST-SDST | yes | count=200.00 | yes=4c
Kalshi WS trade #7665: KXNCAAMBGAME-26FEB18NDSUSDST-SDST | yes | count=101.00 | yes=4c
Kalshi WS trade #7666: KXNCAAMBGAME-26FEB18NCCUSCST-NCCU | yes | count=37.00 | yes=52c
Kalshi WS trade #7667: KXNCAAMBGAME-26FEB18BYUARIZ-BYU | yes | count=2.00 | yes=17c
Kalshi WS trade #7668: KXNCAAMBGAME-26FEB18BYUARIZ-BYU | yes | count=5.00 | yes=17c
Poly WS trade #104: asset=20939351535690701474... | SELL | size=41.47 | price=0.963
Kalshi WS trade #7669: KXNCAABMENTION-26FEB18ILLUSC-WALK | no | count=12.00 | yes=10c
Kalshi WS trade #7670: KXLOWTCHI-26FEB18-B48.5 | yes | count=6.00 | yes=43c
Kalshi WS trade #7671: KXNCAAMBGAME-26FEB18DEPHALL-HALL | yes | count=5.00 | yes=15c
Kalshi WS trade #7672: KXNCAAMBGAME-26FEB18MURRILST-MURR | yes | count=8.00 | yes=22c
Kalshi WS trade #7673: KXNCAAMBSPREAD-26FEB18ILLUSC-ILL9 | no | count=312.00 | yes=46c
Kalshi WS trade #7674: KXNCAAMBSPREAD-26FEB18ILLUSC-ILL9 | no | count=1.00 | yes=46c
Kalshi WS trade #7675: KXNCAAMBSPREAD-26FEB18ILLUSC-ILL9 | no | count=50.00 | yes=46c
Kalshi WS trade #7676: KXNCAAMBSPREAD-26FEB18ILLUSC-ILL9 | no | count=1000.00 | yes=46c
Kalshi WS trade #7677: KXNCAAMBSPREAD-26FEB18ILLUSC-ILL9 | no | count=2430.00 | yes=46c
Kalshi WS trade #7678: KXNCAAMBSPREAD-26FEB18ILLUSC-ILL9 | no | count=1564.00 | yes=46c
Kalshi WS trade #7679: KXATPMATCH-26FEB18GIRRUU-RUU | no | count=13.00 | yes=45c
Kalshi WS trade #7680: KXATPMATCH-26FEB18GIRRUU-RUU | no | count=31.00 | yes=45c
Kalshi WS trade #7681: KXATPMATCH-26FEB18GIRRUU-RUU | yes | count=6.00 | yes=47c
Kalshi WS trade #7682: KXETH15M-26FEB182200-00 | no | count=9.00 | yes=62c
Kalshi WS trade #7683: KXNCAAMBGAME-26FEB18BYUARIZ-BYU | no | count=50.00 | yes=16c
Kalshi WS trade #7684: KXNCAAMBGAME-26FEB18BYUARIZ-BYU | no | count=10.00 | yes=16c
Kalshi WS trade #7685: KXNCAAMBGAME-26FEB18BYUARIZ-BYU | no | count=27.00 | yes=16c
Kalshi WS trade #7686: KXLLM1-26DEC31-OAI | no | count=3.00 | yes=14c
Kalshi WS trade #7687: KXTRUMPMENTION-26FEB28-OLYM | no | count=6.00 | yes=66c
Kalshi WS trade #7688: KXTRUMPMENTION-26FEB28-OLYM | no | count=134.00 | yes=66c
Kalshi WS trade #7689: KXNCAAMBTOTAL-26FEB18DEPHALL-118 | yes | count=1000.00 | yes=95c
Kalshi WS trade #7690: KXNCAAMBTOTAL-26FEB18DEPHALL-118 | yes | count=48.00 | yes=95c
Kalshi WS trade #7691: KXNCAAMBGAME-26FEB18KENNMOSU-MOSU | yes | count=2.00 | yes=34c
Kalshi WS trade #7692: KXNCAAMBGAME-26FEB18CHARTLSA-CHAR | yes | count=1.00 | yes=15c
Kalshi WS trade #7693: KXNCAAMBGAME-26FEB18CHARTLSA-CHAR | yes | count=1.00 | yes=15c
Kalshi WS trade #7694: KXNCAAMBSPREAD-26FEB18ILLUSC-ILL9 | no | count=62.00 | yes=46c
Kalshi WS trade #7695: KXMVESPORTSMULTIGAMEEXTENDED-S20260C549B9A80E-8CC6DF1D7C2 | yes | count=91.00 | yes=5c
Kalshi WS trade #7696: KXNCAAWBGAME-26FEB18UNMGC-UNM | yes | count=5.00 | yes=68c
Kalshi WS trade #7697: KXNCAAWBGAME-26FEB18UNMGC-UNM | yes | count=6.00 | yes=72c
Kalshi WS trade #7698: KXNCAAWBGAME-26FEB18UNMGC-UNM | no | count=163.00 | yes=75c
Kalshi WS trade #7699: KXMVESPORTSMULTIGAMEEXTENDED-S2026A9F9D72F3A6-0894E50206C | yes | count=384.00 | yes=1c
Kalshi WS trade #7700: KXTRUMPMENTION-26MAR02-LINC | yes | count=50.00 | yes=43c
Kalshi WS trade #7701: KXTRUMPMENTION-26MAR02-LINC | yes | count=50.00 | yes=43c
Kalshi WS trade #7702: KXNCAAWBGAME-26FEB18UNMGC-GC | no | count=5.00 | yes=34c
Kalshi WS trade #7703: KXNCAAWBGAME-26FEB18UNMGC-GC | no | count=1.00 | yes=33c
Kalshi WS trade #7704: KXNCAAMBSPREAD-26FEB18VANMIZZ-MIZZ1 | yes | count=7.00 | yes=55c
Kalshi WS trade #7705: KXNCAAMBSPREAD-26FEB18VANMIZZ-MIZZ1 | yes | count=5.00 | yes=55c
Kalshi WS trade #7706: KXNCAAMBSPREAD-26FEB18SJUMARQ-SJU9 | no | count=3.00 | yes=45c
Kalshi WS trade #7707: KXNCAAWBGAME-26FEB18UNMGC-GC | no | count=3.00 | yes=33c
Kalshi WS trade #7708: KXNCAAWBGAME-26FEB18UNMGC-GC | no | count=2.00 | yes=29c
Kalshi WS trade #7709: KXNCAAMBGAME-26FEB18VANMIZZ-VAN | yes | count=784.00 | yes=47c
Kalshi WS trade #7710: KXNCAAMBTOTAL-26FEB18NCCUSCST-125 | no | count=11.00 | yes=67c
Kalshi WS trade #7711: KXNCAAWBGAME-26FEB18TARLSUU-SUU | yes | count=30.00 | yes=96c
Kalshi WS trade #7712: KXNCAAWBGAME-26FEB18TARLSUU-SUU | yes | count=1.00 | yes=97c
Kalshi WS trade #7713: KXNCAAWBGAME-26FEB18TARLSUU-SUU | yes | count=112.00 | yes=98c
Kalshi WS trade #7714: KXNCAAWBGAME-26FEB18TARLSUU-SUU | yes | count=111.00 | yes=98c
Kalshi WS trade #7715: KXNCAAMBGAME-26FEB18UTAHWVU-WVU | yes | count=11.00 | yes=44c
Kalshi WS trade #7716: KXNCAAMBGAME-26FEB18DEPHALL-HALL | no | count=181.00 | yes=14c
Kalshi WS trade #7717: KXNCAAMBGAME-26FEB18DEPHALL-HALL | no | count=378.00 | yes=14c
Kalshi WS trade #7718: KXNCAAMBGAME-26FEB18BYUARIZ-BYU | yes | count=23.00 | yes=17c
Kalshi WS trade #7719: KXNCAAMBGAME-26FEB18BYUARIZ-BYU | yes | count=57.00 | yes=17c
Poly WS trade #105: asset=11079000312144236512... | BUY | size=200 | price=0.31
Kalshi WS trade #7720: KXNCAAWBGAME-26FEB18UNMGC-GC | yes | count=5.00 | yes=34c
Kalshi WS trade #7721: KXNCAAWBGAME-26FEB18UNMGC-GC | yes | count=86.00 | yes=40c
Kalshi WS trade #7722: KXNCAAMBGAME-26FEB18BYUARIZ-BYU | yes | count=125.00 | yes=17c
Kalshi WS trade #7723: KXMLB-26-BAL | yes | count=58.00 | yes=4c
Kalshi WS trade #7724: KXNCAAMBGAME-26FEB18DEPHALL-HALL | yes | count=14.00 | yes=15c
Kalshi WS trade #7725: KXNCAAMBGAME-26FEB18DEPHALL-HALL | yes | count=45.00 | yes=16c
Kalshi WS trade #7726: KXNCAAMBTOTAL-26FEB18AUBMSST-162 | yes | count=8.00 | yes=54c
Kalshi WS trade #7727: KXATPMATCH-26FEB18GIRRUU-RUU | no | count=6.00 | yes=46c
Kalshi WS trade #7728: KXNCAAMBGAME-26FEB18BYUARIZ-BYU | yes | count=54.00 | yes=17c
Kalshi WS trade #7729: KXNCAAWBGAME-26FEB18UTAUTU-UTA | yes | count=5.00 | yes=75c
Kalshi WS trade #7730: KXNCAAMBSPREAD-26FEB18DEPHALL-DEP1 | no | count=50.00 | yes=87c
Kalshi WS trade #7731: KXNCAAMBGAME-26FEB18DEPHALL-HALL | no | count=50.00 | yes=14c
Kalshi WS trade #7732: KXMARMAD-26-CONN | yes | count=1856.00 | yes=5c
Kalshi WS trade #7733: KXNCAAMBGAME-26FEB18PACWSU-WSU | yes | count=124.00 | yes=51c
Kalshi WS trade #7734: KXNCAAMBGAME-26FEB18PACWSU-WSU | yes | count=124.00 | yes=51c
Kalshi WS trade #7735: KXNCAAMBGAME-26FEB18PACWSU-WSU | yes | count=124.00 | yes=51c
Kalshi WS trade #7736: KXNCAAMBGAME-26FEB18PACWSU-WSU | yes | count=124.00 | yes=51c
Kalshi WS trade #7737: KXNCAAMBGAME-26FEB18PACWSU-WSU | yes | count=124.00 | yes=51c
Kalshi WS trade #7738: KXNCAAMBGAME-26FEB18PACWSU-WSU | yes | count=50.00 | yes=51c
Kalshi WS trade #7739: KXNCAAMBGAME-26FEB18PACWSU-WSU | yes | count=114.00 | yes=52c
Kalshi WS trade #7740: KXNCAAMBGAME-26FEB18PACWSU-WSU | yes | count=153.00 | yes=52c
Kalshi WS trade #7741: KXBTC15M-26FEB182200-00 | yes | count=6.00 | yes=75c
Kalshi WS trade #7742: KXNCAAMBGAME-26FEB18SJUMARQ-SJU | yes | count=38.00 | yes=83c
Kalshi WS trade #7743: KXNCAAMBGAME-26FEB18SJUMARQ-SJU | yes | count=62.00 | yes=83c
Kalshi WS trade #7744: KXNCAAMBGAME-26FEB18MDNW-NW | no | count=7.00 | yes=97c
Kalshi WS trade #7745: KXNCAAMBGAME-26FEB18MDNW-NW | yes | count=4.00 | yes=98c
Kalshi WS trade #7746: KXATPMATCH-26FEB18GIRRUU-GIR | no | count=345.00 | yes=54c
Poly WS trade #106: asset=48458075019957098166... | SELL | size=36 | price=0.992
Kalshi WS trade #7747: KXNCAAMBTOTAL-26FEB18NCCUSCST-140 | yes | count=17.00 | yes=45c
Kalshi WS trade #7748: KXNCAAMBTOTAL-26FEB18NCCUSCST-140 | yes | count=9.00 | yes=45c
Kalshi WS trade #7749: KXNCAAMBTOTAL-26FEB18MDNW-148 | no | count=2.00 | yes=15c
Kalshi WS trade #7750: KXNCAAMBGAME-26FEB18BYUARIZ-BYU | no | count=23.00 | yes=16c
Kalshi WS trade #7751: KXNCAAMBGAME-26FEB18BYUARIZ-BYU | no | count=50.00 | yes=15c
Kalshi WS trade #7752: KXNCAAMBGAME-26FEB18BYUARIZ-BYU | no | count=10.00 | yes=15c
Kalshi WS trade #7753: KXNCAAMBGAME-26FEB18BYUARIZ-BYU | no | count=86.00 | yes=15c
Kalshi WS trade #7754: KXNCAAMBGAME-26FEB18DEPHALL-HALL | yes | count=19.00 | yes=15c
Kalshi WS trade #7755: KXNCAAMBGAME-26FEB18DEPHALL-HALL | yes | count=8.00 | yes=16c
Kalshi WS trade #7756: KXNCAAMBGAME-26FEB18VANMIZZ-VAN | yes | count=200.00 | yes=47c
Kalshi WS trade #7757: KXBTCMAXY-26DEC31-139999.99 | yes | count=1.00 | yes=13c
Kalshi WS trade #7758: KXNCAAMBGAME-26FEB18MURRILST-ILST | yes | count=24.00 | yes=80c
Kalshi WS trade #7759: KXNCAAMBGAME-26FEB18BYUARIZ-BYU | yes | count=55.00 | yes=17c
Kalshi WS trade #7760: KXNCAAMBGAME-26FEB18VANMIZZ-VAN | yes | count=204.00 | yes=47c
Kalshi WS trade #7761: KXNCAAMBGAME-26FEB18PACWSU-WSU | yes | count=24.00 | yes=51c
Kalshi WS trade #7762: KXSAGAWARDENSEMBLE-26-SIN | no | count=10.00 | yes=61c
Kalshi WS trade #7763: KXXRP15M-26FEB182200-00 | no | count=7.00 | yes=89c
Kalshi WS trade #7764: KXNCAAMBGAME-26FEB18UTAHWVU-UTAH | yes | count=20.00 | yes=58c
Kalshi WS trade #7765: KXBTC-26FEB1822-B66875 | yes | count=72.00 | yes=12c
Kalshi WS trade #7766: KXBTC15M-26FEB182200-00 | yes | count=13.00 | yes=75c
Kalshi WS trade #7767: KXATPMATCH-26FEB18GIRRUU-GIR | yes | count=16.00 | yes=55c
Kalshi WS trade #7768: KXNCAAMBGAME-26FEB18PACWSU-PAC | yes | count=124.00 | yes=50c
Kalshi WS trade #7769: KXNCAAMBGAME-26FEB18PACWSU-PAC | yes | count=20.00 | yes=50c
Kalshi WS trade #7770: KXNCAABMENTION-26FEB18BYUARIZ-TRAN | yes | count=32.00 | yes=98c
Kalshi WS trade #7771: KXNCAABMENTION-26FEB18BYUARIZ-TRAN | yes | count=2.00 | yes=98c
Kalshi WS trade #7772: KXNCAAMBGAME-26FEB18NCCUSCST-SCST | yes | count=1.00 | yes=50c
Kalshi WS trade #7773: KXNCAAMBGAME-26FEB18AUBMSST-AUB | yes | count=23.00 | yes=19c
Kalshi WS trade #7774: KXNCAAMBGAME-26FEB18NCCUSCST-NCCU | yes | count=62.00 | yes=52c
Kalshi WS trade #7775: KXNCAAMBGAME-26FEB18BYUARIZ-BYU | yes | count=4.00 | yes=17c
Kalshi WS trade #7776: KXNCAAMBGAME-26FEB18CHARTLSA-TLSA | no | count=29.00 | yes=85c
Kalshi WS trade #7777: KXATPMATCH-26FEB18GIRRUU-GIR | yes | count=3.00 | yes=55c
Poly WS trade #107: asset=25587456249932347125... | BUY | size=10.20408 | price=0.98
Kalshi WS trade #7778: KXNCAAMBGAME-26FEB18VANMIZZ-VAN | yes | count=20.00 | yes=47c
Kalshi WS trade #7779: KXNCAAMBGAME-26FEB18KENNMOSU-MOSU | yes | count=416.00 | yes=34c
Kalshi WS trade #7780: KXWMARMADROUND-26S16-BAY | yes | count=4.00 | yes=60c
Kalshi WS trade #7781: KXNCAAMBGAME-26FEB18NDSUSDST-SDST | yes | count=10.00 | yes=4c
Kalshi WS trade #7782: KXNCAAMBGAME-26FEB18NDSUSDST-NDSU | no | count=10.00 | yes=97c
Kalshi WS trade #7783: KXBTC15M-26FEB182200-00 | yes | count=9.00 | yes=75c
Kalshi WS trade #7784: KXATPMATCH-26FEB18GIRRUU-RUU | yes | count=54.00 | yes=47c
Kalshi WS trade #7785: KXATPMATCH-26FEB18GIRRUU-RUU | yes | count=1.00 | yes=47c
Kalshi WS trade #7786: KXATPMATCH-26FEB18GIRRUU-RUU | yes | count=33.00 | yes=47c
Kalshi WS trade #7787: KXATPMATCH-26FEB18GIRRUU-RUU | yes | count=100.00 | yes=48c
Kalshi WS trade #7788: KXATPMATCH-26FEB18GIRRUU-RUU | yes | count=155.00 | yes=48c
Kalshi WS trade #7789: KXNCAAMBGAME-26FEB18BYUARIZ-BYU | yes | count=16.00 | yes=17c
Kalshi WS trade #7790: KXNCAAMBSPREAD-26FEB18DEPHALL-DEP4 | no | count=23.00 | yes=60c
Kalshi WS trade #7791: KXNCAAMBSPREAD-26FEB18DEPHALL-DEP4 | no | count=236.00 | yes=60c
Kalshi WS trade #7792: KXNCAAMBSPREAD-26FEB18DEPHALL-DEP4 | no | count=50.00 | yes=60c
Kalshi WS trade #7793: KXNCAAMBSPREAD-26FEB18DEPHALL-DEP4 | no | count=611.00 | yes=59c
Kalshi WS trade #7794: KXNCAAMBGAME-26FEB18UTAHWVU-WVU | yes | count=164.00 | yes=44c
Kalshi WS trade #7795: KXNCAAMBGAME-26FEB18GONZSF-SF | yes | count=32.00 | yes=8c
Kalshi WS trade #7796: KXNCAAWBGAME-26FEB18UNMGC-GC | yes | count=6.00 | yes=37c
Kalshi WS trade #7797: KXNCAAWBGAME-26FEB18UNMGC-GC | yes | count=5.00 | yes=38c
Kalshi WS trade #7798: KXETH15M-26FEB182200-00 | yes | count=25.00 | yes=61c
Kalshi WS trade #7799: KXETH15M-26FEB182200-00 | yes | count=75.00 | yes=62c
Kalshi WS trade #7800: KXNCAAMBSPREAD-26FEB18KENNMOSU-KENN1 | yes | count=70.00 | yes=62c
Kalshi WS trade #7801: KXNCAAMBSPREAD-26FEB18KENNMOSU-KENN1 | yes | count=12.00 | yes=63c
Kalshi WS trade #7802: KXNCAAMBSPREAD-26FEB18KENNMOSU-KENN1 | yes | count=71.00 | yes=63c
Kalshi WS trade #7803: KXNCAAMBSPREAD-26FEB18KENNMOSU-KENN1 | yes | count=71.00 | yes=63c
Kalshi WS trade #7804: KXNCAAMBSPREAD-26FEB18KENNMOSU-KENN1 | yes | count=52.00 | yes=63c
Kalshi WS trade #7805: KXATPMATCH-26FEB18GIRRUU-RUU | yes | count=41.00 | yes=47c
Kalshi WS trade #7806: KXNCAAMBGAME-26FEB18UTAHWVU-UTAH | yes | count=2.00 | yes=58c
Kalshi WS trade #7807: KXNCAAMBGAME-26FEB18UTAHWVU-UTAH | yes | count=54.00 | yes=58c
Kalshi WS trade #7808: KXNCAAMBGAME-26FEB18UTAHWVU-UTAH | yes | count=54.00 | yes=58c
Kalshi WS trade #7809: KXNCAAMBGAME-26FEB18UTAHWVU-UTAH | yes | count=54.00 | yes=58c
Kalshi WS trade #7810: KXNCAAMBGAME-26FEB18UTAHWVU-UTAH | yes | count=3.00 | yes=58c
Kalshi WS trade #7811: KXWOHOCKEY-WOMEN26CGOLD-USA | yes | count=120.00 | yes=82c
Kalshi WS trade #7812: KXNCAAMBSPREAD-26FEB18DEPHALL-DEP1 | no | count=50.00 | yes=87c
Kalshi WS trade #7813: KXNCAAMBGAME-26FEB18DEPHALL-HALL | no | count=50.00 | yes=14c
Kalshi WS trade #7814: KXNCAAMBGAME-26FEB18ILLUSC-USC | yes | count=1.00 | yes=20c
Kalshi WS trade #7815: KXNCAAMBGAME-26FEB18VANMIZZ-VAN | yes | count=25.00 | yes=47c
Kalshi WS trade #7816: KXATPMATCH-26FEB18GIRRUU-RUU | yes | count=403.00 | yes=47c
Kalshi WS trade #7817: KXTRUMPMENTION-26MAR02-ZELE | yes | count=4.00 | yes=44c
Kalshi WS trade #7818: KXNCAAMBGAME-26FEB18KENNMOSU-MOSU | yes | count=32.00 | yes=34c
Kalshi WS trade #7819: KXNCAAMBGAME-26FEB18BYUARIZ-BYU | yes | count=64.00 | yes=17c
Kalshi WS trade #7820: KXNCAAMBGAME-26FEB18MURRILST-MURR | yes | count=45.00 | yes=22c
Kalshi WS trade #7821: KXBTCD-26FEB1822-T66749.99 | no | count=350.00 | yes=10c
Kalshi WS trade #7822: KXNCAAMBGAME-26FEB18VANMIZZ-MIZZ | no | count=27.00 | yes=53c
Kalshi WS trade #7823: KXNCAAMBGAME-26FEB18CHARTLSA-TLSA | yes | count=100.00 | yes=86c
Kalshi WS trade #7824: KXNCAAMBGAME-26FEB18KENNMOSU-MOSU | yes | count=1336.00 | yes=34c
Kalshi WS trade #7825: KXNCAAMBGAME-26FEB18NDSUSDST-SDST | yes | count=20.00 | yes=4c
Kalshi WS trade #7826: KXNCAAMBGAME-26FEB18NDSUSDST-NDSU | no | count=20.00 | yes=97c
Kalshi WS trade #7827: KXNCAAMBSPREAD-26FEB18BYUARIZ-ARIZ27 | yes | count=10.00 | yes=6c
Kalshi WS trade #7828: KXNCAAMBSPREAD-26FEB18BYUARIZ-ARIZ27 | yes | count=3.00 | yes=9c
Kalshi WS trade #7829: KXNCAAMBGAME-26FEB18NCCUSCST-NCCU | yes | count=9.00 | yes=52c
Kalshi WS trade #7830: KXMVESPORTSMULTIGAMEEXTENDED-S2026E96BB6B6DF1-192D0F72D36 | yes | count=24.00 | yes=39c
Kalshi WS trade #7831: KXMVESPORTSMULTIGAMEEXTENDED-S20261BE47D92798-15AEDD484D9 | yes | count=37.00 | yes=5c
Kalshi WS trade #7832: KXMVESPORTSMULTIGAMEEXTENDED-S20268F1F1ABA573-9A95892932B | yes | count=461.00 | yes=4c
Kalshi WS trade #7833: KXMVESPORTSMULTIGAMEEXTENDED-S20269B64855D94C-EF452B6E691 | yes | count=2.00 | yes=30c
Kalshi WS trade #7834: KXMVESPORTSMULTIGAMEEXTENDED-S20269B64855D94C-EF452B6E691 | yes | count=39.00 | yes=30c
Kalshi WS trade #7835: KXMVESPORTSMULTIGAMEEXTENDED-S20269B64855D94C-EF452B6E691 | yes | count=392.00 | yes=30c
Kalshi WS trade #7836: KXMVESPORTSMULTIGAMEEXTENDED-S20269B64855D94C-EF452B6E691 | yes | count=1.00 | yes=33c
Kalshi WS trade #7837: KXATPMATCH-26FEB18GIRRUU-RUU | no | count=30.00 | yes=46c
Kalshi WS trade #7838: KXATPMATCH-26FEB18GIRRUU-RUU | no | count=532.00 | yes=46c
Kalshi WS trade #7839: KXNCAAMBGAME-26FEB18CHARTLSA-CHAR | yes | count=75.00 | yes=16c
Kalshi WS trade #7840: KXNCAAMBGAME-26FEB18CHARTLSA-CHAR | yes | count=50.00 | yes=16c
Kalshi WS trade #7841: KXNCAAMBGAME-26FEB18CHARTLSA-CHAR | yes | count=13.00 | yes=16c
Kalshi WS trade #7842: KXMVESPORTSMULTIGAMEEXTENDED-S202632672CD3EF2-5DC8798B7CF | yes | count=17.00 | yes=26c
Kalshi WS trade #7843: KXATPMATCH-26FEB18GIRRUU-RUU | yes | count=20.00 | yes=47c
Kalshi WS trade #7844: KXNCAAMBGAME-26FEB18SMCSEA-SEA | no | count=17.00 | yes=9c
Kalshi WS trade #7845: KXNCAAMBGAME-26FEB18BYUARIZ-BYU | yes | count=50.00 | yes=17c
Kalshi WS trade #7846: KXMVESPORTSMULTIGAMEEXTENDED-S202624FB3800A07-59EB4B314D6 | yes | count=100.00 | yes=9c
Kalshi WS trade #7847: KXNCAAMBGAME-26FEB18KENNMOSU-KENN | yes | count=5.00 | yes=67c
Kalshi WS trade #7848: KXMVESPORTSMULTIGAMEEXTENDED-S2026B9DB135232F-07B4EA01C44 | yes | count=54.00 | yes=19c
Kalshi WS trade #7849: KXATPMATCH-26FEB18GIRRUU-RUU | no | count=37.00 | yes=46c
Kalshi WS trade #7850: KXMVESPORTSMULTIGAMEEXTENDED-S2026AEF73AC9C62-A34BEC4D71E | yes | count=21.00 | yes=22c
Kalshi WS trade #7851: KXWOHOCKEY-MEN26CGOLD-CAN | yes | count=77.00 | yes=50c
Kalshi WS trade #7852: KXATPMATCH-26FEB18GIRRUU-RUU | yes | count=57.00 | yes=47c
Kalshi WS trade #7853: KXMVESPORTSMULTIGAMEEXTENDED-S20263499DDB2D7E-0C40A101182 | yes | count=77.00 | yes=37c
Poly WS trade #108: asset=46746822541461330721... | BUY | size=1.94 | price=0.79
Kalshi WS trade #7854: KXBTCMAX150-25-26APR30-149999.99 | no | count=39.00 | yes=3c
Kalshi WS trade #7855: KXBTC15M-26FEB182200-00 | yes | count=114.00 | yes=75c
Kalshi WS trade #7856: KXNCAAMBGAME-26FEB18PACWSU-PAC | yes | count=9.00 | yes=50c
Kalshi WS trade #7857: KXNBAGAME-26FEB20DALMIN-MIN | yes | count=1.00 | yes=84c
Kalshi WS trade #7858: KXNCAAMBGAME-26FEB18AUBMSST-AUB | no | count=41.00 | yes=18c
Kalshi WS trade #7859: KXNCAAMBGAME-26FEB18UTAHWVU-WVU | no | count=1.00 | yes=43c
Kalshi WS trade #7860: KXATPMATCH-26FEB18GIRRUU-RUU | yes | count=504.00 | yes=47c
Kalshi WS trade #7861: KXMARMAD-26-MICH | yes | count=43.00 | yes=22c
Kalshi WS trade #7862: KXNCAAMBTOTAL-26FEB18BYUARIZ-149 | yes | count=159.00 | yes=83c
Kalshi WS trade #7863: KXNCAAMBTOTAL-26FEB18BYUARIZ-149 | yes | count=10.00 | yes=83c
Kalshi WS trade #7864: KXNCAAWBGAME-26FEB18TARLSUU-SUU | yes | count=1.00 | yes=97c
Kalshi WS trade #7865: KXNCAAWBGAME-26FEB18TARLSUU-SUU | yes | count=48.00 | yes=97c
Kalshi WS trade #7866: KXNCAAWBGAME-26FEB18TARLSUU-SUU | yes | count=75.00 | yes=98c
Kalshi WS trade #7867: KXNCAAWBGAME-26FEB18TARLSUU-SUU | yes | count=131.00 | yes=98c
Kalshi WS trade #7868: KXNCAAMBGAME-26FEB18NDSUSDST-SDST | yes | count=178.00 | yes=4c
Kalshi WS trade #7869: KXNCAAMBGAME-26FEB18NDSUSDST-SDST | yes | count=101.00 | yes=4c
Kalshi WS trade #7870: KXNCAAMBGAME-26FEB18NDSUSDST-SDST | yes | count=54.00 | yes=4c
Kalshi WS trade #7871: KXNCAAMBTOTAL-26FEB18BYUARIZ-161 | no | count=54.00 | yes=47c
Kalshi WS trade #7872: KXPGATOP20-THGI26-LGLO | yes | count=50.00 | yes=12c
Kalshi WS trade #7873: KXPGATOP20-THGI26-LGLO | yes | count=1041.00 | yes=13c
Kalshi WS trade #7874: KXNCAAWBGAME-26FEB18TARLSUU-TARL | no | count=1.00 | yes=4c
Kalshi WS trade #7875: KXNCAAMBGAME-26FEB18NDSUSDST-NDSU | no | count=178.00 | yes=97c
Kalshi WS trade #7876: KXLLM1-26FEB28-A | no | count=500.00 | yes=62c
Kalshi WS trade #7877: KXLLM1-26FEB28-GOOG | no | count=500.00 | yes=36c
Kalshi WS trade #7878: KXNCAAMBGAME-26FEB18SJUMARQ-MARQ | yes | count=26.00 | yes=18c
Kalshi WS trade #7879: KXSOL15M-26FEB182200-00 | yes | count=6.00 | yes=80c
Poly WS trade #109: asset=69324317355037271422... | SELL | size=36 | price=0.034
Kalshi WS trade #7880: KXATPMATCH-26FEB18GIRRUU-RUU | no | count=100.00 | yes=46c
Kalshi WS trade #7881: KXATPMATCH-26FEB18GIRRUU-RUU | yes | count=403.00 | yes=47c
Kalshi WS trade #7882: KXNCAAMBGAME-26FEB18SMCSEA-SEA | no | count=83.00 | yes=9c
Kalshi WS trade #7883: KXNCAAMBGAME-26FEB18SMCSEA-SEA | no | count=100.00 | yes=9c
Kalshi WS trade #7884: KXNCAAMBGAME-26FEB18SMCSEA-SEA | no | count=67.00 | yes=9c
Kalshi WS trade #7885: KXNCAAMBSPREAD-26FEB18BYUARIZ-ARIZ9 | yes | count=10.00 | yes=50c
Kalshi WS trade #7886: KXNCAAMBSPREAD-26FEB18BYUARIZ-ARIZ9 | yes | count=17.00 | yes=51c
Kalshi WS trade #7887: KXATPMATCH-26FEB18GIRRUU-GIR | no | count=75.00 | yes=54c
Kalshi WS trade #7888: KXNCAAMBGAME-26FEB18BYUARIZ-BYU | yes | count=100.00 | yes=17c
Kalshi WS trade #7889: KXNCAAMBGAME-26FEB18DEPHALL-HALL | no | count=50.00 | yes=14c
Kalshi WS trade #7890: KXNCAAMBSPREAD-26FEB18DEPHALL-DEP1 | no | count=50.00 | yes=87c
Kalshi WS trade #7891: KXNCAAMBGAME-26FEB18CHARTLSA-CHAR | yes | count=11.00 | yes=16c
Kalshi WS trade #7892: KXNCAAMBGAME-26FEB18BYUARIZ-BYU | yes | count=25.00 | yes=17c
Poly WS trade #110: asset=11108067103612610965... | SELL | size=36 | price=0.994
Kalshi WS trade #7893: KXSAGAWARDENSEMBLE-26-SIN | no | count=10.00 | yes=60c
Kalshi WS trade #7894: KXNCAABBGAME-26FEB181800STHFLG-STH | yes | count=467.00 | yes=1c
Kalshi WS trade #7895: KXNCAAMBGAME-26FEB18UTAHWVU-UTAH | yes | count=54.00 | yes=58c
Kalshi WS trade #7896: KXNCAAMBGAME-26FEB18UTAHWVU-UTAH | yes | count=29.00 | yes=58c
Kalshi WS trade #7897: KXNCAAMBGAME-26FEB18UTAHWVU-UTAH | yes | count=25.00 | yes=58c
Kalshi WS trade #7898: KXNCAAMBGAME-26FEB18DEPHALL-HALL | yes | count=19.00 | yes=15c
Kalshi WS trade #7899: KXATPMATCH-26FEB18GIRRUU-GIR | no | count=100.00 | yes=54c
Kalshi WS trade #7900: KXATPMATCH-26FEB18GIRRUU-GIR | no | count=851.00 | yes=54c
Kalshi WS trade #7901: KXATPMATCH-26FEB18GIRRUU-GIR | no | count=20.00 | yes=54c
Kalshi WS trade #7902: KXATPMATCH-26FEB18GIRRUU-GIR | no | count=609.00 | yes=53c
Kalshi WS trade #7903: KXNCAAMBGAME-26FEB18VANMIZZ-VAN | yes | count=41.00 | yes=47c
Kalshi WS trade #7904: KXNCAAMBGAME-26FEB18DEPHALL-DEP | no | count=50.00 | yes=86c
Kalshi WS trade #7905: KXNCAAMBGAME-26FEB18VANMIZZ-VAN | yes | count=900.00 | yes=47c
Kalshi WS trade #7906: KXMVESPORTSMULTIGAMEEXTENDED-S202658C694A54DD-0BB32ACE717 | yes | count=63.00 | yes=37c
Kalshi WS trade #7907: KXNCAAMBTOTAL-26FEB18KUOKST-155 | yes | count=246.00 | yes=49c
Kalshi WS trade #7908: KXNCAAMBTOTAL-26FEB18KUOKST-155 | yes | count=50.00 | yes=49c
Kalshi WS trade #7909: KXNCAAMBTOTAL-26FEB18KUOKST-155 | yes | count=104.00 | yes=49c
Kalshi WS trade #7910: KXMVESPORTSMULTIGAMEEXTENDED-S2026849FEDF65EC-3E7531BD09A | yes | count=33.00 | yes=25c
Kalshi WS trade #7911: KXATPMATCH-26FEB19FRIJOD-JOD | yes | count=22.00 | yes=22c
Kalshi WS trade #7912: KXNCAAMBSPREAD-26FEB18MDNW-NW11 | yes | count=16.00 | yes=40c
Kalshi WS trade #7913: KXNCAAMBSPREAD-26FEB18MDNW-NW11 | yes | count=223.00 | yes=40c
Kalshi WS trade #7914: KXNCAAMBGAME-26FEB18PEPPPORT-PEPP | yes | count=700.00 | yes=26c
Kalshi WS trade #7915: KXBTCD-26FEB1822-T66999.99 | yes | count=93.00 | yes=1c
Kalshi WS trade #7916: KXATPMATCH-26FEB18GIRRUU-GIR | no | count=1000.00 | yes=53c
Kalshi WS trade #7917: KXATPMATCH-26FEB18GIRRUU-RUU | yes | count=24.00 | yes=47c
Kalshi WS trade #7918: KXATPMATCH-26FEB18GIRRUU-RUU | yes | count=372.00 | yes=48c
Kalshi WS trade #7919: KXT20MATCH-26FEB19ZIMSRI-SRI | yes | count=93.00 | yes=78c
Kalshi WS trade #7920: KXNCAAMBSPREAD-26FEB18CHARTLSA-TLSA4 | no | count=1.00 | yes=57c
Kalshi WS trade #7921: KXNCAAMBGAME-26FEB19SCUSWIN-SCUS | no | count=1.00 | yes=10c
Kalshi WS trade #7922: KXNCAAMBGAME-26FEB19SCUSWIN-SCUS | no | count=5.00 | yes=10c
Kalshi WS trade #7923: KXNCAAMBGAME-26FEB18NCCUSCST-NCCU | yes | count=68.00 | yes=52c
Kalshi WS trade #7924: KXNCAAMBGAME-26FEB18DEPHALL-HALL | yes | count=19.00 | yes=15c
Kalshi WS trade #7925: KXNCAAMBGAME-26FEB18DEPHALL-HALL | yes | count=41.00 | yes=16c
Kalshi WS trade #7926: KXNCAAMBGAME-26FEB18NCCUSCST-SCST | yes | count=19.00 | yes=50c
Kalshi WS trade #7927: KXNCAAMBGAME-26FEB18BYUARIZ-ARIZ | yes | count=23.00 | yes=85c
Kalshi WS trade #7928: KXNCAAMBSPREAD-26FEB18ILLUSC-ILL9 | yes | count=19.00 | yes=49c
Kalshi WS trade #7929: KXNCAAWBGAME-26FEB18UNMGC-GC | no | count=66.00 | yes=32c
Kalshi WS trade #7930: KXNCAAWBGAME-26FEB18UNMGC-GC | no | count=29.00 | yes=32c
Kalshi WS trade #7931: KXNCAAMBGAME-26FEB18KENNMOSU-MOSU | yes | count=666.00 | yes=34c
Kalshi WS trade #7932: KXATPMATCH-26FEB18GIRRUU-GIR | no | count=18.00 | yes=53c
Kalshi WS trade #7933: KXATPMATCH-26FEB18GIRRUU-GIR | no | count=39.00 | yes=53c
Kalshi WS trade #7934: KXATPMATCH-26FEB18GIRRUU-RUU | yes | count=20.00 | yes=47c
Kalshi WS trade #7935: KXBTC15M-26FEB182200-00 | yes | count=327.00 | yes=75c
Kalshi WS trade #7936: KXNCAAWBGAME-26FEB19LMUSEA-SEA | no | count=1.00 | yes=2c
Kalshi WS trade #7937: KXNCAAMBGAME-26FEB18KENNMOSU-MOSU | yes | count=27.00 | yes=34c
Kalshi WS trade #7938: KXNCAAMBTOTAL-26FEB18DEPHALL-121 | yes | count=2.00 | yes=92c
Kalshi WS trade #7939: KXNCAAMBGAME-26FEB18DEPHALL-HALL | yes | count=19.00 | yes=15c
Kalshi WS trade #7940: KXNCAAMBGAME-26FEB18DEPHALL-HALL | yes | count=10.00 | yes=15c
Kalshi WS trade #7941: KXNCAAMBGAME-26FEB18DEPHALL-DEP | yes | count=100.00 | yes=87c
Kalshi WS trade #7942: KXNCAAMBGAME-26FEB18DEPHALL-DEP | yes | count=84.00 | yes=87c
Kalshi WS trade #7943: KXETH15M-26FEB182200-00 | yes | count=51.00 | yes=62c
Kalshi WS trade #7944: KXETH15M-26FEB182200-00 | yes | count=25.00 | yes=67c
Kalshi WS trade #7945: KXNCAAMBGAME-26FEB18VANMIZZ-VAN | yes | count=51.00 | yes=47c
Kalshi WS trade #7946: KXATPMATCH-26FEB18GIRRUU-RUU | yes | count=14.00 | yes=47c
Kalshi WS trade #7947: KXNCAAMBGAME-26FEB18PACWSU-PAC | yes | count=105.00 | yes=50c
Kalshi WS trade #7948: KXBTCD-26FEB1822-T66749.99 | yes | count=14.00 | yes=11c
Kalshi WS trade #7949: KXATPMATCH-26FEB18GIRRUU-RUU | yes | count=1532.00 | yes=47c
Kalshi WS trade #7950: KXATPMATCH-26FEB18GIRRUU-RUU | yes | count=1056.00 | yes=48c
Kalshi WS trade #7951: KXATPMATCH-26FEB18GIRRUU-RUU | yes | count=146.00 | yes=48c
Kalshi WS trade #7952: KXATPMATCH-26FEB18GIRRUU-RUU | yes | count=180.00 | yes=48c
Kalshi WS trade #7953: KXATPMATCH-26FEB18GIRRUU-RUU | yes | count=180.00 | yes=48c
Kalshi WS trade #7954: KXATPMATCH-26FEB18GIRRUU-RUU | yes | count=180.00 | yes=48c
Kalshi WS trade #7955: KXATPMATCH-26FEB18GIRRUU-RUU | yes | count=180.00 | yes=48c
Kalshi WS trade #7956: KXATPMATCH-26FEB18GIRRUU-RUU | yes | count=180.00 | yes=48c
Kalshi WS trade #7957: KXATPMATCH-26FEB18GIRRUU-RUU | yes | count=180.00 | yes=48c
Kalshi WS trade #7958: KXATPMATCH-26FEB18GIRRUU-RUU | yes | count=180.00 | yes=48c
Kalshi WS trade #7959: KXATPMATCH-26FEB18GIRRUU-RUU | yes | count=1.00 | yes=48c
Kalshi WS trade #7960: KXATPMATCH-26FEB18GIRRUU-RUU | yes | count=38.00 | yes=48c
Kalshi WS trade #7961: KXNCAAMBGAME-26FEB18NDSUSDST-NDSU | no | count=62.00 | yes=97c
Kalshi WS trade #7962: KXATPMATCH-26FEB18GIRRUU-GIR | yes | count=440.00 | yes=54c
Kalshi WS trade #7963: KXMVESPORTSMULTIGAMEEXTENDED-S202659C8B73D75D-FCFC9AD8B43 | yes | count=14.00 | yes=4c
Kalshi WS trade #7964: KXATPMATCH-26FEB18GIRRUU-GIR | yes | count=1.00 | yes=54c
Kalshi WS trade #7965: KXNCAAMBGAME-26FEB18DEPHALL-HALL | no | count=50.00 | yes=14c
Kalshi WS trade #7966: KXNCAAMBSPREAD-26FEB18DEPHALL-DEP1 | no | count=50.00 | yes=87c
Kalshi WS trade #7967: KXNCAAMBTOTAL-26FEB18AUBMSST-168 | no | count=50.00 | yes=33c
Kalshi WS trade #7968: KXNCAAMBTOTAL-26FEB18AUBMSST-168 | no | count=229.00 | yes=33c
Kalshi WS trade #7969: KXNCAAMBTOTAL-26FEB18NDSUSDST-144 | no | count=120.00 | yes=43c
Kalshi WS trade #7970: KXNCAAMBTOTAL-26FEB18NDSUSDST-144 | no | count=30.00 | yes=43c
Kalshi WS trade #7971: KXNCAAMBTOTAL-26FEB18NDSUSDST-144 | no | count=203.00 | yes=42c
Kalshi WS trade #7972: KXNCAAMBTOTAL-26FEB18NDSUSDST-144 | no | count=50.00 | yes=42c
Kalshi WS trade #7973: KXNCAAMBTOTAL-26FEB18NDSUSDST-144 | no | count=200.00 | yes=38c
Kalshi WS trade #7974: KXNCAAMBTOTAL-26FEB18NDSUSDST-144 | no | count=42.00 | yes=35c
Kalshi WS trade #7975: KXNCAAMBSPREAD-26FEB18BYUARIZ-ARIZ9 | no | count=6.00 | yes=44c
Kalshi WS trade #7976: KXNCAAMBGAME-26FEB18VANMIZZ-MIZZ | yes | count=9.00 | yes=54c
Kalshi WS trade #7977: KXNCAAMBGAME-26FEB18CHARTLSA-CHAR | yes | count=26.00 | yes=16c
Kalshi WS trade #7978: KXNCAAMBGAME-26FEB18CHARTLSA-CHAR | yes | count=49.00 | yes=16c
Kalshi WS trade #7979: KXNCAAMBGAME-26FEB18DEPHALL-HALL | yes | count=29.00 | yes=15c
Kalshi WS trade #7980: KXNCAAMBTOTAL-26FEB18BYUARIZ-161 | no | count=48.00 | yes=47c
Kalshi WS trade #7981: KXNCAAMBTOTAL-26FEB18BYUARIZ-161 | no | count=50.00 | yes=47c
Kalshi WS trade #7982: KXNCAAMBTOTAL-26FEB18BYUARIZ-161 | no | count=267.00 | yes=47c
Kalshi WS trade #7983: KXNCAAMBGAME-26FEB18BYUARIZ-BYU | yes | count=11.00 | yes=17c
Kalshi WS trade #7984: KXNCAAMBGAME-26FEB18VANMIZZ-VAN | yes | count=4755.00 | yes=47c
Kalshi WS trade #7985: KXNCAAMBGAME-26FEB18CHARTLSA-CHAR | yes | count=1.00 | yes=16c
Kalshi WS trade #7986: KXNCAAMBGAME-26FEB18CHARTLSA-CHAR | yes | count=1.00 | yes=16c
Kalshi WS trade #7987: KXNCAAMBGAME-26FEB18SJUMARQ-SJU | yes | count=2.00 | yes=83c
Kalshi WS trade #7988: KXNCAAMBSPREAD-26FEB18VANMIZZ-VAN2 | yes | count=21.00 | yes=45c
Kalshi WS trade #7989: KXNCAAMBGAME-26FEB18BYUARIZ-BYU | yes | count=61.00 | yes=17c
Kalshi WS trade #7990: KXBTCD-26FEB1822-T66749.99 | yes | count=4.00 | yes=11c
Kalshi WS trade #7991: KXNCAAMBGAME-26FEB18MURRILST-ILST | yes | count=6.00 | yes=80c
Kalshi WS trade #7992: KXNBAGAME-26FEB19HOUCHA-CHA | yes | count=2.00 | yes=38c
Kalshi WS trade #7993: KXSOL15M-26FEB182200-00 | yes | count=1.00 | yes=80c
Kalshi WS trade #7994: KXNCAAMBSPREAD-26FEB18BYUARIZ-ARIZ9 | yes | count=6.00 | yes=49c
Kalshi WS trade #7995: KXNCAAMBSPREAD-26FEB18BYUARIZ-ARIZ9 | yes | count=10.00 | yes=50c
Kalshi WS trade #7996: KXNCAAMBSPREAD-26FEB18BYUARIZ-ARIZ9 | yes | count=3.00 | yes=51c
Kalshi WS trade #7997: KXNCAAMBGAME-26FEB18DEPHALL-HALL | yes | count=30.00 | yes=15c
Kalshi WS trade #7998: KXNCAAMBGAME-26FEB18NCCUSCST-SCST | yes | count=48.00 | yes=50c
Kalshi WS trade #7999: KXNCAAMBGAME-26FEB18DEPHALL-HALL | yes | count=29.00 | yes=15c
Kalshi WS trade #8000: KXNCAAMBGAME-26FEB18BYUARIZ-BYU | yes | count=11.00 | yes=17c
Kalshi WS trade #8001: KXNCAAMBGAME-26FEB18VANMIZZ-VAN | yes | count=10.00 | yes=48c
Kalshi WS trade #8002: KXNCAAMBGAME-26FEB18PACWSU-WSU | yes | count=47.00 | yes=51c
Kalshi WS trade #8003: KXNCAAMBGAME-26FEB18CHARTLSA-TLSA | yes | count=1000.00 | yes=86c
Kalshi WS trade #8004: KXNCAAMBGAME-26FEB18CHARTLSA-TLSA | yes | count=589.00 | yes=86c
Kalshi WS trade #8005: KXNCAAMBGAME-26FEB18CHARTLSA-TLSA | yes | count=341.00 | yes=86c
Kalshi WS trade #8006: KXATPMATCH-26FEB18GIRRUU-RUU | yes | count=20.00 | yes=47c
Kalshi WS trade #8007: KXNCAAMBGAME-26FEB18KUOKST-OKST | no | count=7.00 | yes=5c
Kalshi WS trade #8008: KXBTC15M-26FEB182200-00 | no | count=2.00 | yes=74c
Kalshi WS trade #8009: KXBTC15M-26FEB182200-00 | no | count=5.00 | yes=73c
Kalshi WS trade #8010: KXBTC15M-26FEB182200-00 | no | count=4.00 | yes=73c
Kalshi WS trade #8011: KXBTC15M-26FEB182200-00 | no | count=5.00 | yes=72c
Kalshi WS trade #8012: KXBTC15M-26FEB182200-00 | no | count=5.00 | yes=72c
Kalshi WS trade #8013: KXBTC15M-26FEB182200-00 | no | count=10.00 | yes=72c
Kalshi WS trade #8014: KXNCAAMBGAME-26FEB18PACWSU-PAC | yes | count=1.00 | yes=50c
Kalshi WS trade #8015: KXETH15M-26FEB182200-00 | yes | count=15.00 | yes=63c
Kalshi WS trade #8016: KXNCAAMBGAME-26FEB18DEPHALL-HALL | yes | count=50.00 | yes=15c
Kalshi WS trade #8017: KXNCAAMBGAME-26FEB18UTAHWVU-WVU | yes | count=15.00 | yes=44c
Kalshi WS trade #8018: KXNCAAMBGAME-26FEB18CHARTLSA-CHAR | no | count=20.00 | yes=13c
Kalshi WS trade #8019: KXNCAAMBGAME-26FEB18CHARTLSA-CHAR | no | count=138.00 | yes=12c
Kalshi WS trade #8020: KXNCAAMBGAME-26FEB18BYUARIZ-BYU | yes | count=100.00 | yes=17c
Kalshi WS trade #8021: KXMVESPORTSMULTIGAMEEXTENDED-S20269B66D384755-FB8B1B69E65 | yes | count=246.00 | yes=3c
Kalshi WS trade #8022: KXNCAAMBGAME-26FEB18KUOKST-OKST | yes | count=125.00 | yes=6c
Kalshi WS trade #8023: KXMVESPORTSMULTIGAMEEXTENDED-S2026FF3010660EC-BCB33DFB367 | yes | count=26.00 | yes=9c
Kalshi WS trade #8024: KXMVESPORTSMULTIGAMEEXTENDED-S2026FF3010660EC-BCB33DFB367 | yes | count=256.00 | yes=9c
Kalshi WS trade #8025: KXNCAAMBGAME-26FEB18CHARTLSA-CHAR | no | count=20.00 | yes=12c
Kalshi WS trade #8026: KXNCAAMBGAME-26FEB18DEPHALL-HALL | yes | count=30.00 | yes=15c
Kalshi WS trade #8027: KXSTARMERMENTIONB-26FEB19-EPST | yes | count=467.00 | yes=1c
Kalshi WS trade #8028: KXNCAAMBTOTAL-26FEB18KENNMOSU-167 | no | count=100.00 | yes=53c
Kalshi WS trade #8029: KXNCAAMBTOTAL-26FEB18NDSUSDST-144 | yes | count=4.00 | yes=53c
Kalshi WS trade #8030: KXNCAAMBTOTAL-26FEB18NDSUSDST-144 | yes | count=1.00 | yes=54c
Kalshi WS trade #8031: KXNCAAMBTOTAL-26FEB18NDSUSDST-144 | yes | count=17.00 | yes=54c
Kalshi WS trade #8032: KXATPMATCH-26FEB18GIRRUU-RUU | yes | count=51.00 | yes=47c
Kalshi WS trade #8033: KXNCAAMBGAME-26FEB18BYUARIZ-BYU | yes | count=27.00 | yes=17c
Kalshi WS trade #8034: KXNCAAMBGAME-26FEB18BYUARIZ-BYU | yes | count=138.00 | yes=17c
Kalshi WS trade #8035: KXNCAAMBSPREAD-26FEB18UTAHWVU-UTAH2 | no | count=109.00 | yes=46c
Kalshi WS trade #8036: KXNCAAMBSPREAD-26FEB18UTAHWVU-UTAH2 | no | count=50.00 | yes=46c
Kalshi WS trade #8037: KXATPMATCH-26FEB18GIRRUU-RUU | yes | count=104.00 | yes=47c
Kalshi WS trade #8038: KXNCAAMBGAME-26FEB18DEPHALL-HALL | no | count=50.00 | yes=14c
Kalshi WS trade #8039: KXNCAAMBSPREAD-26FEB18DEPHALL-DEP1 | no | count=50.00 | yes=87c
Kalshi WS trade #8040: KXNCAAMBGAME-26FEB18DEPHALL-HALL | yes | count=147.00 | yes=15c
Kalshi WS trade #8041: KXNCAAMBGAME-26FEB18AUBMSST-MSST | yes | count=47.00 | yes=84c
Kalshi WS trade #8042: KXNCAAMBGAME-26FEB18NDSUSDST-SDST | no | count=296.00 | yes=3c
Kalshi WS trade #8043: KXNCAAMBGAME-26FEB18UTAHWVU-WVU | yes | count=319.00 | yes=44c
Kalshi WS trade #8044: KXATPMATCH-26FEB18GIRRUU-RUU | yes | count=50.00 | yes=47c
Kalshi WS trade #8045: KXATPMATCH-26FEB18GIRRUU-RUU | no | count=831.00 | yes=46c
Kalshi WS trade #8046: KXATPMATCH-26FEB18GIRRUU-RUU | no | count=180.00 | yes=46c
Kalshi WS trade #8047: KXATPMATCH-26FEB18GIRRUU-RUU | no | count=164.00 | yes=46c
Kalshi WS trade #8048: KXNCAAMBGAME-26FEB18BYUARIZ-BYU | yes | count=120.00 | yes=17c
Kalshi WS trade #8049: KXNCAAMBSPREAD-26FEB18KUOKST-KU6 | yes | count=10.00 | yes=82c
Kalshi WS trade #8050: KXNCAAMBSPREAD-26FEB18KUOKST-KU6 | yes | count=26.00 | yes=84c
Kalshi WS trade #8051: KXNCAAMBSPREAD-26FEB18KUOKST-KU6 | yes | count=1128.00 | yes=85c
Kalshi WS trade #8052: KXNCAAMBGAME-26FEB18BYUARIZ-BYU | yes | count=26.00 | yes=17c
Kalshi WS trade #8053: KXNCAAMBGAME-26FEB18CHARTLSA-CHAR | yes | count=50.00 | yes=14c
Kalshi WS trade #8054: KXNCAAMBGAME-26FEB18CHARTLSA-CHAR | yes | count=50.00 | yes=14c
Kalshi WS trade #8055: KXNCAAMBGAME-26FEB18CHARTLSA-CHAR | yes | count=47.00 | yes=14c
Kalshi WS trade #8056: KXNCAAMBSPREAD-26FEB18BYUARIZ-ARIZ9 | no | count=4.00 | yes=45c
Kalshi WS trade #8057: KXNCAAMBGAME-26FEB18BYUARIZ-ARIZ | yes | count=40.00 | yes=85c
Kalshi WS trade #8058: KXNCAAMBSPREAD-26FEB18SMCSEA-SMC10 | no | count=1.00 | yes=56c
Kalshi WS trade #8059: KXNCAAMBSPREAD-26FEB18SMCSEA-SMC10 | no | count=50.00 | yes=56c
Kalshi WS trade #8060: KXNCAAMBSPREAD-26FEB18SMCSEA-SMC10 | no | count=133.00 | yes=56c
Kalshi WS trade #8061: KXNCAAMBSPREAD-26FEB18SMCSEA-SMC10 | no | count=95.00 | yes=55c
Kalshi WS trade #8062: KXNCAAMBGAME-26FEB18NCCUSCST-SCST | yes | count=19.00 | yes=49c
Kalshi WS trade #8063: KXNCAAMBGAME-26FEB18AUBMSST-MSST | yes | count=586.00 | yes=84c
Kalshi WS trade #8064: KXSTARMERMENTIONB-26FEB19-ELEC | yes | count=280.00 | yes=1c
Kalshi WS trade #8065: KXNCAAWBGAME-26FEB18NEVCSU-NEV | yes | count=3.00 | yes=3c
Kalshi WS trade #8066: KXNCAAWBGAME-26FEB18UNMGC-GC | no | count=36.00 | yes=33c
Kalshi WS trade #8067: KXNCAAWBGAME-26FEB18UNMGC-GC | no | count=286.00 | yes=32c
Kalshi WS trade #8068: KXNCAAWBGAME-26FEB18UNMGC-GC | no | count=286.00 | yes=32c
Kalshi WS trade #8069: KXNCAAWBGAME-26FEB18UNMGC-GC | no | count=429.00 | yes=32c
Kalshi WS trade #8070: KXNCAAWBGAME-26FEB18UNMGC-GC | no | count=300.00 | yes=31c
Kalshi WS trade #8071: KXNCAAWBGAME-26FEB18UNMGC-GC | no | count=286.00 | yes=31c
Kalshi WS trade #8072: KXNCAAWBGAME-26FEB18UNMGC-GC | no | count=286.00 | yes=31c
Kalshi WS trade #8073: KXNCAAMBGAME-26FEB18KUOKST-OKST | no | count=23.00 | yes=5c
Kalshi WS trade #8074: KXNCAAWBGAME-26FEB18UNMGC-GC | yes | count=450.00 | yes=28c
Kalshi WS trade #8075: KXNCAAMBGAME-26FEB18KUOKST-OKST | yes | count=175.00 | yes=6c
Kalshi WS trade #8076: KXNCAAMBGAME-26FEB18NDSUSDST-SDST | yes | count=25.00 | yes=4c
Kalshi WS trade #8077: KXBTC15M-26FEB182200-00 | yes | count=1.00 | yes=74c
Kalshi WS trade #8078: KXNCAAMBGAME-26FEB18NDSUSDST-NDSU | no | count=25.00 | yes=97c
Kalshi WS trade #8079: KXNCAAMBGAME-26FEB18BYUARIZ-BYU | yes | count=26.00 | yes=17c
Kalshi WS trade #8080: KXMVESPORTSMULTIGAMEEXTENDED-S20266111E52B06A-B9F05712A48 | yes | count=94.00 | yes=9c
Kalshi WS trade #8081: KXMVESPORTSMULTIGAMEEXTENDED-S202643F7896A478-FB6507DAB30 | yes | count=27.00 | yes=71c
Kalshi WS trade #8082: KXMVESPORTSMULTIGAMEEXTENDED-S202643F7896A478-FB6507DAB30 | yes | count=6.00 | yes=73c
Kalshi WS trade #8083: KXNCAAMBGAME-26FEB18UTAHWVU-UTAH | yes | count=4.00 | yes=58c
Kalshi WS trade #8084: KXNCAAMBGAME-26FEB18BYUARIZ-BYU | no | count=39.00 | yes=15c
Kalshi WS trade #8085: KXNCAAMBGAME-26FEB18CHARTLSA-CHAR | yes | count=3.00 | yes=14c
Kalshi WS trade #8086: KXNCAAMBGAME-26FEB18CHARTLSA-CHAR | yes | count=50.00 | yes=14c
Kalshi WS trade #8087: KXNCAAMBGAME-26FEB18CHARTLSA-CHAR | yes | count=50.00 | yes=14c
Kalshi WS trade #8088: KXNCAAMBGAME-26FEB18CHARTLSA-CHAR | yes | count=44.00 | yes=14c
Kalshi WS trade #8089: KXBTCD-26FEB1822-T66749.99 | no | count=13.00 | yes=10c
Kalshi WS trade #8090: KXMVESPORTSMULTIGAMEEXTENDED-S2026031AE3E0B91-D3A84BEEBE7 | yes | count=102.00 | yes=9c
Kalshi WS trade #8091: KXATPMATCH-26FEB18GIRRUU-GIR | yes | count=17.00 | yes=54c
Kalshi WS trade #8092: KXMVESPORTSMULTIGAMEEXTENDED-S2026349ECAF39A9-084C62EE366 | yes | count=31.00 | yes=14c
Kalshi WS trade #8093: KXMVESPORTSMULTIGAMEEXTENDED-S20263DD60B05C88-8D26952025A | yes | count=500.00 | yes=23c
Kalshi WS trade #8094: KXMVESPORTSMULTIGAMEEXTENDED-S202669B8B90D4A0-BF31526AEFE | yes | count=8.00 | yes=55c
Kalshi WS trade #8095: KXMVESPORTSMULTIGAMEEXTENDED-S202669B8B90D4A0-BF31526AEFE | yes | count=2.00 | yes=58c
Kalshi WS trade #8096: KXMVESPORTSMULTIGAMEEXTENDED-S2026F28C41CFDA0-6D1FF7D8A12 | yes | count=89.00 | yes=27c
Kalshi WS trade #8097: KXNCAAMBGAME-26FEB18CHARTLSA-CHAR | yes | count=6.00 | yes=14c
Kalshi WS trade #8098: KXNCAAMBGAME-26FEB18CHARTLSA-CHAR | yes | count=50.00 | yes=14c
Kalshi WS trade #8099: KXNCAAMBGAME-26FEB18CHARTLSA-CHAR | yes | count=5.00 | yes=15c
Kalshi WS trade #8100: KXNCAAMBGAME-26FEB18DEPHALL-DEP | yes | count=14.00 | yes=87c
Kalshi WS trade #8101: KXBTC15M-26FEB182200-00 | no | count=15.00 | yes=72c
Kalshi WS trade #8102: KXBTC15M-26FEB182200-00 | no | count=2.00 | yes=72c
Kalshi WS trade #8103: KXNCAAMBGAME-26FEB18UTAHWVU-UTAH | yes | count=50.00 | yes=58c
Kalshi WS trade #8104: KXNCAAMBGAME-26FEB18UTAHWVU-UTAH | yes | count=33.00 | yes=58c
Kalshi WS trade #8105: KXNCAAMBGAME-26FEB18DEPHALL-HALL | yes | count=19.00 | yes=15c
Kalshi WS trade #8106: KXNCAAMBGAME-26FEB18BYUARIZ-ARIZ | yes | count=73.00 | yes=85c
Kalshi WS trade #8107: KXNCAAMBGAME-26FEB18NDSUSDST-NDSU | yes | count=13.00 | yes=98c
Kalshi WS trade #8108: KXNCAAMBGAME-26FEB18NDSUSDST-NDSU | yes | count=101.00 | yes=98c
Kalshi WS trade #8109: KXNCAAMBGAME-26FEB18NDSUSDST-NDSU | yes | count=750.00 | yes=98c
Kalshi WS trade #8110: KXNCAAMBGAME-26FEB18NDSUSDST-NDSU | yes | count=750.00 | yes=98c
Kalshi WS trade #8111: KXNCAAMBGAME-26FEB18NDSUSDST-NDSU | yes | count=200.00 | yes=98c
Kalshi WS trade #8112: KXNCAAMBGAME-26FEB18NDSUSDST-NDSU | yes | count=101.00 | yes=98c
Kalshi WS trade #8113: KXNCAAMBGAME-26FEB18NDSUSDST-NDSU | yes | count=101.00 | yes=98c
Kalshi WS trade #8114: KXNCAAMBGAME-26FEB18NDSUSDST-NDSU | yes | count=101.00 | yes=98c
Poly WS trade #111: asset=11079000312144236512... | BUY | size=120 | price=0.31
Kalshi WS trade #8115: KXNCAAMBGAME-26FEB18UTAHWVU-UTAH | yes | count=21.00 | yes=58c
Kalshi WS trade #8116: KXNCAAMBGAME-26FEB18UTAHWVU-UTAH | yes | count=20.00 | yes=58c
Kalshi WS trade #8117: KXBTC15M-26FEB182200-00 | yes | count=4.00 | yes=74c
Kalshi WS trade #8118: KXBTC15M-26FEB182200-00 | yes | count=20.00 | yes=74c
Kalshi WS trade #8119: KXBTC15M-26FEB182200-00 | yes | count=67.00 | yes=75c
Kalshi WS trade #8120: KXNCAAMBGAME-26FEB18VANMIZZ-VAN | yes | count=30.00 | yes=48c
Kalshi WS trade #8121: KXBTC15M-26FEB182200-00 | no | count=3.00 | yes=72c
Kalshi WS trade #8122: KXBTC15M-26FEB182200-00 | no | count=1.00 | yes=72c
Kalshi WS trade #8123: KXBTC15M-26FEB182200-00 | no | count=1.00 | yes=71c
Kalshi WS trade #8124: KXNCAAMBGAME-26FEB18VANMIZZ-VAN | yes | count=20.00 | yes=48c
Kalshi WS trade #8125: KXNCAAMBGAME-26FEB18VANMIZZ-VAN | yes | count=80.00 | yes=48c
Kalshi WS trade #8126: KXATPMATCH-26FEB18GIRRUU-GIR | no | count=4.00 | yes=53c
Kalshi WS trade #8127: KXATPMATCH-26FEB18GIRRUU-GIR | yes | count=10.00 | yes=54c
Kalshi WS trade #8128: KXNCAAMBGAME-26FEB18NDSUSDST-SDST | no | count=10.00 | yes=2c
Kalshi WS trade #8129: KXATPMATCH-26FEB18GIRRUU-RUU | yes | count=60.00 | yes=47c
Poly WS trade #112: asset=69324317355037271422... | SELL | size=28 | price=0.034
Kalshi WS trade #8130: KXNCAAMBGAME-26FEB18BYUARIZ-BYU | yes | count=1049.00 | yes=17c
Kalshi WS trade #8131: KXETH15M-26FEB182200-00 | yes | count=50.00 | yes=61c
Kalshi WS trade #8132: KXNCAAMBGAME-26FEB18BYUARIZ-BYU | no | count=41.00 | yes=15c
Kalshi WS trade #8133: KXNCAAMBGAME-26FEB18DEPHALL-HALL | no | count=50.00 | yes=15c
Kalshi WS trade #8134: KXNCAAMBSPREAD-26FEB18DEPHALL-DEP1 | no | count=50.00 | yes=87c
Kalshi WS trade #8135: KXNCAAMBSPREAD-26FEB18FAUUTSA-FAU4 | no | count=62.00 | yes=99c
Kalshi WS trade #8136: KXNCAAMBSPREAD-26FEB18ILLUSC-ILL9 | yes | count=135.00 | yes=49c
Kalshi WS trade #8137: KXNCAAMBGAME-26FEB18VANMIZZ-VAN | yes | count=40.00 | yes=48c
Kalshi WS trade #8138: KXNCAAMBGAME-26FEB18SMCSEA-SMC | yes | count=58.00 | yes=91c
Poly WS trade #113: asset=20939351535690701474... | BUY | size=1.037343 | price=0.964
Kalshi WS trade #8139: KXNCAAMBGAME-26FEB18AUBMSST-AUB | yes | count=1000.00 | yes=19c
Kalshi WS trade #8140: KXNCAAMBGAME-26FEB18CHARTLSA-CHAR | yes | count=59.00 | yes=15c
Kalshi WS trade #8141: KXNCAAMBTOTAL-26FEB18DEPHALL-130 | yes | count=45.00 | yes=42c
Kalshi WS trade #8142: KXETH15M-26FEB182200-00 | yes | count=68.00 | yes=61c
Kalshi WS trade #8143: KXETH15M-26FEB182200-00 | yes | count=4.00 | yes=67c
Kalshi WS trade #8144: KXSAGAWARDENSEMBLE-26-SIN | no | count=10.00 | yes=60c
Kalshi WS trade #8145: KXNCAAMBGAME-26FEB18BYUARIZ-BYU | yes | count=27.00 | yes=17c
Kalshi WS trade #8146: KXNCAAMBGAME-26FEB18CHARTLSA-CHAR | yes | count=25.00 | yes=15c
Kalshi WS trade #8147: KXNCAAMBTOTAL-26FEB18NDSUSDST-144 | no | count=30.00 | yes=35c
Kalshi WS trade #8148: KXLOVEISBLINDENGAGEMENT-26-ELI | yes | count=20.00 | yes=14c
Kalshi WS trade #8149: KXNCAAMBGAME-26FEB18DEPHALL-DEP | yes | count=56.00 | yes=87c
Kalshi WS trade #8150: KXBTC15M-26FEB182200-00 | no | count=20.00 | yes=73c
Kalshi WS trade #8151: KXBTC15M-26FEB182200-00 | no | count=4.00 | yes=72c
Kalshi WS trade #8152: KXBTC15M-26FEB182200-00 | no | count=72.00 | yes=71c
Kalshi WS trade #8153: KXATPMATCH-26FEB18GIRRUU-RUU | yes | count=61.00 | yes=47c
Kalshi WS trade #8154: KXNCAAWBGAME-26FEB18UNMGC-GC | yes | count=5.00 | yes=34c
Kalshi WS trade #8155: KXNCAAWBGAME-26FEB18UNMGC-GC | yes | count=1.00 | yes=34c
Kalshi WS trade #8156: KXNCAAWBGAME-26FEB18UNMGC-GC | yes | count=18.00 | yes=34c
Kalshi WS trade #8157: KXMVESPORTSMULTIGAMEEXTENDED-S2026FF28414F195-47B5DAF7B5C | yes | count=26.00 | yes=36c
Kalshi WS trade #8158: KXNCAAMBGAME-26FEB18NDSUSDST-NDSU | no | count=50.00 | yes=98c
Kalshi WS trade #8159: KXNCAAMBGAME-26FEB18NDSUSDST-SDST | no | count=50.00 | yes=3c
Kalshi WS trade #8160: KXMVESPORTSMULTIGAMEEXTENDED-S2026BA32C372FC1-C33443024FA | yes | count=92.00 | yes=73c
Kalshi WS trade #8161: KXNCAAMBGAME-26FEB18BYUARIZ-BYU | yes | count=11.00 | yes=17c
Kalshi WS trade #8162: KXNCAAMBGAME-26FEB18MDNW-MD | yes | count=120.00 | yes=3c
Kalshi WS trade #8163: KXNCAAMBGAME-26FEB18MDNW-MD | yes | count=36.00 | yes=3c
Kalshi WS trade #8164: KXMVESPORTSMULTIGAMEEXTENDED-S20263C319546FFC-C4B163E90E0 | yes | count=69.00 | yes=27c
Kalshi WS trade #8165: KXNCAAWBGAME-26FEB18UNMGC-UNM | no | count=1.00 | yes=70c
Kalshi WS trade #8166: KXNCAAWBGAME-26FEB18UNMGC-UNM | no | count=4.00 | yes=69c
Kalshi WS trade #8167: KXETH15M-26FEB182200-00 | no | count=1.00 | yes=60c
Kalshi WS trade #8168: KXETH15M-26FEB182200-00 | no | count=22.00 | yes=60c
Kalshi WS trade #8169: KXMVESPORTSMULTIGAMEEXTENDED-S2026C87341A0919-30D774443D2 | yes | count=186.00 | yes=2c
Kalshi WS trade #8170: KXATPMATCH-26FEB18GIRRUU-GIR | yes | count=178.00 | yes=54c
Kalshi WS trade #8171: KXNCAAMBTOTAL-26FEB18VANMIZZ-154 | no | count=5.00 | yes=28c
Kalshi WS trade #8172: KXNCAAMBTOTAL-26FEB18VANMIZZ-142 | no | count=12.00 | yes=61c
Kalshi WS trade #8173: KXNCAAMBGAME-26FEB18UTAHWVU-UTAH | yes | count=5.00 | yes=58c
Kalshi WS trade #8174: KXATPMATCH-26FEB18GIRRUU-RUU | yes | count=2.00 | yes=47c
Kalshi WS trade #8175: KXNCAAMBTOTAL-26FEB18DEPHALL-127 | no | count=42.00 | yes=55c
Kalshi WS trade #8176: KXNBAGAME-26FEB19BKNCLE-BKN | no | count=42.00 | yes=11c
Kalshi WS trade #8177: KXNCAAMBGAME-26FEB18BYUARIZ-BYU | no | count=34.00 | yes=15c
Kalshi WS trade #8178: KXNCAAMBGAME-26FEB18BYUARIZ-BYU | no | count=13.00 | yes=15c
Kalshi WS trade #8179: KXNCAAMBGAME-26FEB18BYUARIZ-BYU | no | count=1381.00 | yes=15c
Kalshi WS trade #8180: KXNCAAWBGAME-26FEB18NEVCSU-CSU | yes | count=243.00 | yes=99c
Kalshi WS trade #8181: KXNCAAWBGAME-26FEB18NEVCSU-CSU | yes | count=2242.00 | yes=99c
Kalshi WS trade #8182: KXNCAAWBGAME-26FEB18NEVCSU-CSU | yes | count=1.00 | yes=99c
Kalshi WS trade #8183: KXNCAAWBGAME-26FEB18NEVCSU-CSU | yes | count=132.00 | yes=99c
Kalshi WS trade #8184: KXNCAAMBTOTAL-26FEB18UTAHWVU-136 | no | count=50.00 | yes=8c
Kalshi WS trade #8185: KXNCAAMBTOTAL-26FEB18UTAHWVU-136 | no | count=21.00 | yes=8c
Kalshi WS trade #8186: KXNCAAWBGAME-26FEB19NEOMSDAK-NEOM | yes | count=156.00 | yes=3c
Kalshi WS trade #8187: KXATPMATCH-26FEB18GIRRUU-RUU | yes | count=102.00 | yes=47c
Kalshi WS trade #8188: KXBTCMAX150-25-26MAR31-149999.99 | yes | count=49.00 | yes=3c
Kalshi WS trade #8189: KXNCAAMBSPREAD-26FEB18KUOKST-KU15 | no | count=405.00 | yes=41c
Kalshi WS trade #8190: KXNCAAMBSPREAD-26FEB18KUOKST-KU15 | no | count=50.00 | yes=41c
Kalshi WS trade #8191: KXNCAAMBSPREAD-26FEB18KUOKST-KU15 | no | count=10.00 | yes=41c
Kalshi WS trade #8192: KXNCAAMBGAME-26FEB18NDSUSDST-NDSU | yes | count=5.00 | yes=99c
Kalshi WS trade #8193: KXATPMATCH-26FEB18GIRRUU-RUU | yes | count=10.00 | yes=47c
Kalshi WS trade #8194: KXNCAAMBTOTAL-26FEB18PACWSU-156 | yes | count=29.00 | yes=50c
Kalshi WS trade #8195: KXNCAAMBTOTAL-26FEB18GONZSF-138 | yes | count=192.00 | yes=76c
Kalshi WS trade #8196: KXBTC15M-26FEB182200-00 | no | count=6.00 | yes=71c
Kalshi WS trade #8197: KXNCAAMBSPREAD-26FEB18DEPHALL-DEP4 | no | count=50.00 | yes=61c
Kalshi WS trade #8198: KXNCAAMBSPREAD-26FEB18DEPHALL-DEP4 | no | count=236.00 | yes=60c
Kalshi WS trade #8199: KXNCAAMBSPREAD-26FEB18DEPHALL-DEP4 | no | count=914.00 | yes=60c
Kalshi WS trade #8200: KXBTC-26FEB1822-B66875 | no | count=10.00 | yes=4c
Kalshi WS trade #8201: KXNCAAMBGAME-26FEB18VANMIZZ-MIZZ | yes | count=1.00 | yes=54c
Kalshi WS trade #8202: KXNCAAMBGAME-26FEB18VANMIZZ-MIZZ | yes | count=71.00 | yes=54c
Kalshi WS trade #8203: KXNCAAMBGAME-26FEB18VANMIZZ-MIZZ | yes | count=820.00 | yes=54c
Kalshi WS trade #8204: KXNCAAMBTOTAL-26FEB18KUOKST-167 | yes | count=10.00 | yes=19c
Kalshi WS trade #8205: KXNCAAMBTOTAL-26FEB18KUOKST-167 | yes | count=2.00 | yes=20c
Kalshi WS trade #8206: KXNCAAMBTOTAL-26FEB18KUOKST-167 | yes | count=28.00 | yes=22c
Kalshi WS trade #8207: KXNCAAMBGAME-26FEB18NDSUSDST-SDST | yes | count=50.00 | yes=4c
Kalshi WS trade #8208: KXNCAAMBGAME-26FEB18VANMIZZ-VAN | yes | count=1.00 | yes=47c
Kalshi WS trade #8209: KXNCAAMBGAME-26FEB18NDSUSDST-NDSU | no | count=50.00 | yes=98c
Kalshi WS trade #8210: KXNCAAMBGAME-26FEB18CHARTLSA-CHAR | no | count=252.00 | yes=14c
Kalshi WS trade #8211: KXUFCFIGHT-26FEB21LEADEL-DEL | no | count=8.00 | yes=78c
Kalshi WS trade #8212: KXATPMATCH-26FEB18GIRRUU-RUU | yes | count=206.00 | yes=47c
Kalshi WS trade #8213: KXUSDBRLMAX-26DEC31-T5.4999 | yes | count=9.00 | yes=95c
Kalshi WS trade #8214: KXUSDBRLMAX-26DEC31-T5.7499 | yes | count=32.00 | yes=38c
Kalshi WS trade #8215: KXUSDBRLMAX-26DEC31-T5.9999 | yes | count=100.00 | yes=39c
Kalshi WS trade #8216: KXUSDBRLMAX-26DEC31-T5.9999 | yes | count=50.00 | yes=40c
Kalshi WS trade #8217: KXUSDBRLMAX-26DEC31-T5.7499 | no | count=968.00 | yes=95c
Kalshi WS trade #8218: KXNCAAMBGAME-26FEB18DEPHALL-HALL | no | count=50.00 | yes=15c
Kalshi WS trade #8219: KXNCAAMBSPREAD-26FEB18DEPHALL-DEP1 | no | count=50.00 | yes=87c
Kalshi WS trade #8220: KXNCAAMBGAME-26FEB18BYUARIZ-ARIZ | yes | count=57.00 | yes=85c
Kalshi WS trade #8221: KXNCAAMBGAME-26FEB18DEPHALL-DEP | yes | count=38.00 | yes=87c
Kalshi WS trade #8222: KXATPMATCH-26FEB18GIRRUU-RUU | yes | count=53.00 | yes=47c
Kalshi WS trade #8223: KXATPMATCH-26FEB18GIRRUU-RUU | yes | count=104.00 | yes=47c
Kalshi WS trade #8224: KXWOHOCKEY-WOMEN26CGOLD-CAN | yes | count=498.00 | yes=19c
Kalshi WS trade #8225: KXNCAAMBGAME-26FEB18BYUARIZ-BYU | yes | count=30.00 | yes=17c
Kalshi WS trade #8226: KXNCAAMBGAME-26FEB18DEPHALL-DEP | yes | count=100.00 | yes=87c
Poly WS trade #114: asset=51797157743046504218... | SELL | size=36 | price=0.965
Kalshi WS trade #8227: KXNCAAMBGAME-26FEB18BYUARIZ-BYU | yes | count=83.00 | yes=17c
Kalshi WS trade #8228: KXMVESPORTSMULTIGAMEEXTENDED-S2026767950B134C-C24F9BFEBA4 | yes | count=13.00 | yes=5c
Kalshi WS trade #8229: KXMVESPORTSMULTIGAMEEXTENDED-S2026767950B134C-C24F9BFEBA4 | yes | count=143.00 | yes=6c
Kalshi WS trade #8230: KXMVESPORTSMULTIGAMEEXTENDED-S202693B887499E0-412B1ADAEDA | yes | count=672.00 | yes=42c
Kalshi WS trade #8231: KXNCAAMBGAME-26FEB18BYUARIZ-ARIZ | yes | count=17.00 | yes=85c
Kalshi WS trade #8232: KXMVESPORTSMULTIGAMEEXTENDED-S202620C821B633F-12D0D484C24 | yes | count=17.00 | yes=32c
Kalshi WS trade #8233: KXATPMATCH-26FEB18GIRRUU-RUU | yes | count=10.00 | yes=47c
Kalshi WS trade #8234: KXATPMATCH-26FEB18GIRRUU-RUU | yes | count=408.00 | yes=47c
Kalshi WS trade #8235: KXNCAAMBGAME-26FEB18BYUARIZ-BYU | yes | count=2.00 | yes=17c
Kalshi WS trade #8236: KXWOMHOCKEY-26FEB20USASVK-USA | yes | count=32.00 | yes=91c
Kalshi WS trade #8237: KXMVESPORTSMULTIGAMEEXTENDED-S2026F9818F080C1-22524B5512E | yes | count=1.00 | yes=32c
Kalshi WS trade #8238: KXBTC15M-26FEB182200-00 | yes | count=4.00 | yes=74c
Kalshi WS trade #8239: KXBTC15M-26FEB182200-00 | yes | count=2.00 | yes=75c
Kalshi WS trade #8240: KXMVESPORTSMULTIGAMEEXTENDED-S2026253CD2701A6-B090D006EC4 | yes | count=68.00 | yes=6c
Kalshi WS trade #8241: KXNCAAMBGAME-26FEB18BYUARIZ-BYU | yes | count=26.00 | yes=17c
Kalshi WS trade #8242: KXNCAAMBGAME-26FEB18NDSUSDST-SDST | yes | count=23.00 | yes=4c
Kalshi WS trade #8243: KXNCAAMBGAME-26FEB18AUBMSST-AUB | yes | count=14.00 | yes=19c
Kalshi WS trade #8244: KXNCAAMBGAME-26FEB18VANMIZZ-VAN | yes | count=49.00 | yes=47c
Kalshi WS trade #8245: KXNCAAMBGAME-26FEB18VANMIZZ-MIZZ | yes | count=794.00 | yes=54c
Kalshi WS trade #8246: KXNCAAMBGAME-26FEB18NDSUSDST-NDSU | no | count=23.00 | yes=98c
Kalshi WS trade #8247: KXNCAAMBTOTAL-26FEB18VANMIZZ-142 | yes | count=33.00 | yes=60c
Kalshi WS trade #8248: KXATPMATCH-26FEB18GIRRUU-RUU | yes | count=20.00 | yes=47c
Kalshi WS trade #8249: KXNCAAMBTOTAL-26FEB18VANMIZZ-139 | yes | count=36.00 | yes=69c
Kalshi WS trade #8250: KXBTC15M-26FEB182200-00 | yes | count=2.00 | yes=74c
Kalshi WS trade #8251: KXBTC15M-26FEB182200-00 | yes | count=3.00 | yes=75c
Kalshi WS trade #8252: KXATPMATCH-26FEB18GIRRUU-RUU | yes | count=2.00 | yes=47c
Kalshi WS trade #8253: KXBTCMAX150-25-26APR30-149999.99 | no | count=50.00 | yes=3c
Kalshi WS trade #8254: KXNCAAMBSPREAD-26FEB18MDNW-NW11 | yes | count=24.00 | yes=39c
Kalshi WS trade #8255: KXLLM1-26FEB21-GOOG | yes | count=5.00 | yes=24c
Kalshi WS trade #8256: KXLLM1-26FEB21-GOOG | yes | count=10.00 | yes=24c
Kalshi WS trade #8257: KXLLM1-26FEB21-GOOG | yes | count=175.00 | yes=24c
Kalshi WS trade #8258: KXBTC15M-26FEB182200-00 | yes | count=7.00 | yes=75c
Kalshi WS trade #8259: KXNCAAMBGAME-26FEB18UTAHWVU-WVU | yes | count=2.00 | yes=44c
Kalshi WS trade #8260: KXBOSSNOWM-26FEB-15.0 | no | count=3.00 | yes=40c
Kalshi WS trade #8261: KXBOSSNOWM-26FEB-15.0 | no | count=8.00 | yes=40c
Kalshi WS trade #8262: KXNCAAMBSPREAD-26FEB18BYUARIZ-ARIZ6 | yes | count=10.00 | yes=65c
Kalshi WS trade #8263: KXNCAAMBGAME-26FEB18CHARTLSA-CHAR | yes | count=6.00 | yes=14c
Kalshi WS trade #8264: KXNCAAMBGAME-26FEB18KENNMOSU-KENN | yes | count=7.00 | yes=67c
Poly WS trade #115: asset=20939351535690701474... | BUY | size=1.037343 | price=0.964
Kalshi WS trade #8265: KXNCAAMBGAME-26FEB18BYUARIZ-BYU | yes | count=11.00 | yes=17c
Kalshi WS trade #8266: KXETH15M-26FEB182200-00 | yes | count=15.00 | yes=62c
Poly WS trade #116: asset=51797157743046504218... | SELL | size=39.68 | price=0.965
Kalshi WS trade #8267: KXNCAAMBGAME-26FEB18BYUARIZ-BYU | yes | count=27.00 | yes=17c
Kalshi WS trade #8268: KXNCAAMBGAME-26FEB18AUBMSST-MSST | yes | count=23.00 | yes=84c
Kalshi WS trade #8269: KXMLSGAME-26FEB21SDMTL-SD | yes | count=28.00 | yes=67c
Kalshi WS trade #8270: KXMLSGAME-26FEB21SDMTL-SD | yes | count=44.00 | yes=68c
Kalshi WS trade #8271: KXNCAAMBTOTAL-26FEB18NCCUSCST-140 | no | count=6.00 | yes=47c
Kalshi WS trade #8272: KXATPMATCH-26FEB18GIRRUU-RUU | yes | count=3.00 | yes=48c
Kalshi WS trade #8273: KXNCAAMBGAME-26FEB18BYUARIZ-BYU | yes | count=27.00 | yes=17c
Kalshi WS trade #8274: KXNCAAMBGAME-26FEB18BYUARIZ-ARIZ | yes | count=71.00 | yes=85c
Poly WS trade #117: asset=18651141607057791214... | BUY | size=2044.43 | price=0.999
Kalshi WS trade #8275: KXNCAAMBGAME-26FEB18DEPHALL-HALL | no | count=4.00 | yes=15c
Kalshi WS trade #8276: KXWOMHOCKEY-26FEB20CANFIN-CAN | yes | count=6.00 | yes=80c
Kalshi WS trade #8277: KXNCAABMENTION-26FEB18VANMIZZ-ALLE | yes | count=3.00 | yes=25c
Kalshi WS trade #8278: KXNCAABMENTION-26FEB18VANMIZZ-ALLE | yes | count=6.00 | yes=34c
Kalshi WS trade #8279: KXNCAABMENTION-26FEB18VANMIZZ-ALLE | yes | count=5.00 | yes=39c
Kalshi WS trade #8280: KXSAGAWARDENSEMBLE-26-SIN | no | count=10.00 | yes=60c
Kalshi WS trade #8281: KXNCAAMBGAME-26FEB18DEPHALL-HALL | yes | count=3.00 | yes=15c
Kalshi WS trade #8282: KXNCAAMBGAME-26FEB18DEPHALL-HALL | yes | count=500.00 | yes=15c
Poly WS trade #118: asset=20939351535690701474... | BUY | size=1.037343 | price=0.964
Kalshi WS trade #8283: KXNCAAMBGAME-26FEB18MDNW-MD | no | count=22.00 | yes=2c
Kalshi WS trade #8284: KXATPMATCH-26FEB19LEHFIL-LEH | yes | count=63.00 | yes=57c
Kalshi WS trade #8285: KXNCAAMBTOTAL-26FEB18SJUMARQ-160 | no | count=3.00 | yes=51c
Kalshi WS trade #8286: KXPGATOP20-THGI26-MHOM | yes | count=17.00 | yes=27c
Kalshi WS trade #8287: KXNCAAMBGAME-26FEB18UTAHWVU-UTAH | yes | count=16.00 | yes=58c
Kalshi WS trade #8288: KXNCAAMBGAME-26FEB18DEPHALL-HALL | yes | count=17.00 | yes=15c
Kalshi WS trade #8289: KXNCAAMB1HTOTAL-26FEB18BYUARIZ-75 | yes | count=100.00 | yes=98c
Kalshi WS trade #8290: KXMAKEMARMAD-26-AUB | no | count=5.00 | yes=80c
Kalshi WS trade #8291: KXMVESPORTSMULTIGAMEEXTENDED-S202692DFF5BBE4B-B425BDDE903 | yes | count=38.00 | yes=42c
Kalshi WS trade #8292: KXMVESPORTSMULTIGAMEEXTENDED-S2026F5A51CCC296-92BC32D8C24 | yes | count=434.00 | yes=21c
Kalshi WS trade #8293: KXNCAAMBGAME-26FEB18BYUARIZ-BYU | no | count=125.00 | yes=15c
Kalshi WS trade #8294: KXPGATOUR-THGI26-WKIM | yes | count=40.00 | yes=3c
Kalshi WS trade #8295: KXNCAAMBSPREAD-26FEB18ILLUSC-ILL6 | no | count=20.00 | yes=60c
Kalshi WS trade #8296: KXNCAAMBSPREAD-26FEB18ILLUSC-ILL6 | no | count=1854.00 | yes=59c
Kalshi WS trade #8297: KXMVESPORTSMULTIGAMEEXTENDED-S202686C55A046E8-9E1F9BBDBE4 | yes | count=611.00 | yes=1c
Kalshi WS trade #8298: KXBTC15M-26FEB182200-00 | yes | count=1.00 | yes=73c
Kalshi WS trade #8299: KXBTC15M-26FEB182200-00 | yes | count=4.00 | yes=74c
Kalshi WS trade #8300: KXMVESPORTSMULTIGAMEEXTENDED-S2026F2D9873C448-5C062DD31A8 | yes | count=297.00 | yes=7c
Kalshi WS trade #8301: KXNCAAMBTOTAL-26FEB18UTAHWVU-124 | no | count=94.00 | yes=44c
Kalshi WS trade #8302: KXMVESPORTSMULTIGAMEEXTENDED-S2026AA15E0D60CA-6C52902BA7F | yes | count=37.00 | yes=33c
Kalshi WS trade #8303: KXMVESPORTSMULTIGAMEEXTENDED-S2026AA15E0D60CA-6C52902BA7F | yes | count=8.00 | yes=33c
Kalshi WS trade #8304: KXATPMATCH-26FEB18GIRRUU-RUU | yes | count=1.00 | yes=48c
Kalshi WS trade #8305: KXATPMATCH-26FEB18GIRRUU-RUU | yes | count=21.00 | yes=48c
Kalshi WS trade #8306: KXNCAAMBGAME-26FEB18MURRILST-ILST | yes | count=20.00 | yes=80c
Kalshi WS trade #8307: KXWOCURL-WOMEN26CGOLD-CAN | yes | count=53.00 | yes=25c
Kalshi WS trade #8308: KXNCAAWBGAME-26FEB18AFABSU-AFA | yes | count=2.00 | yes=47c
Kalshi WS trade #8309: KXNCAAWBGAME-26FEB18AFABSU-AFA | yes | count=6.00 | yes=48c
Kalshi WS trade #8310: KXNCAAMBGAME-26FEB18BYUARIZ-BYU | yes | count=5.00 | yes=17c
Kalshi WS trade #8311: KXNCAABBGAME-26FEB181830MGGFGE-FGE | yes | count=13.00 | yes=96c
Kalshi WS trade #8312: KXNCAABBGAME-26FEB181830MGGFGE-FGE | yes | count=48.00 | yes=97c
Kalshi WS trade #8313: KXNCAABBGAME-26FEB181830MGGFGE-FGE | yes | count=39.00 | yes=98c
Kalshi WS trade #8314: KXNCAAMBGAME-26FEB18UTAHWVU-WVU | yes | count=5.00 | yes=44c
Kalshi WS trade #8315: KXBTC15M-26FEB182200-00 | no | count=3.00 | yes=72c
Kalshi WS trade #8316: KXNCAAMBGAME-26FEB18BYUARIZ-BYU | yes | count=137.00 | yes=17c
Kalshi WS trade #8317: KXNCAAMBGAME-26FEB18DEPHALL-HALL | yes | count=12.00 | yes=15c
Kalshi WS trade #8318: KXNCAABMENTION-26FEB18ARKALA-AIRB | yes | count=45.00 | yes=1c
Kalshi WS trade #8319: KXNCAAMBGAME-26FEB18AUBMSST-AUB | no | count=15.00 | yes=18c
Kalshi WS trade #8320: KXNCAABMENTION-26FEB18BYUARIZ-MARC | yes | count=7.00 | yes=13c
Kalshi WS trade #8321: KXSAGAWARDENSEMBLE-26-SIN | no | count=10.00 | yes=60c
Kalshi WS trade #8322: KXBTCMAX150-25-26APR30-149999.99 | yes | count=25.00 | yes=4c
Kalshi WS trade #8323: KXNCAAMBGAME-26FEB18BYUARIZ-BYU | no | count=20.00 | yes=16c
Kalshi WS trade #8324: KXNCAAMBGAME-26FEB18BYUARIZ-BYU | no | count=10.00 | yes=16c
Poly WS trade #119: asset=46553455570564517989... | SELL | size=34 | price=0.007
Kalshi WS trade #8325: KXNCAAMBGAME-26FEB18NCCUSCST-NCCU | yes | count=24.00 | yes=52c
Kalshi WS trade #8326: KXBTC-26FEB1822-B66625 | no | count=13.00 | yes=87c
Kalshi WS trade #8327: KXNCAAMBGAME-26FEB18NDSUSDST-NDSU | no | count=20.00 | yes=98c
Kalshi WS trade #8328: KXNCAAMBGAME-26FEB18DEPHALL-HALL | yes | count=7.00 | yes=15c
Kalshi WS trade #8329: KXNCAAMBGAME-26FEB18DEPHALL-HALL | yes | count=2770.00 | yes=16c
Kalshi WS trade #8330: KXNCAAMBGAME-26FEB18BYUARIZ-BYU | yes | count=27.00 | yes=17c
Kalshi WS trade #8331: KXNYCMAYORDEBATEMENTION-26FEB20-FRAU | yes | count=1.00 | yes=47c
Kalshi WS trade #8332: KXNYCMAYORDEBATEMENTION-26FEB20-FRAU | yes | count=1.00 | yes=48c
Kalshi WS trade #8333: KXNCAAMBGAME-26FEB18PACWSU-WSU | yes | count=50.00 | yes=52c
Kalshi WS trade #8334: KXNCAAMBGAME-26FEB18CHARTLSA-CHAR | yes | count=44.00 | yes=14c
Kalshi WS trade #8335: KXNCAAMBGAME-26FEB18CHARTLSA-CHAR | yes | count=50.00 | yes=14c
Kalshi WS trade #8336: KXNCAAMBGAME-26FEB18CHARTLSA-CHAR | yes | count=50.00 | yes=14c
Kalshi WS trade #8337: KXNCAAMBGAME-26FEB18CHARTLSA-CHAR | yes | count=50.00 | yes=14c
Kalshi WS trade #8338: KXNCAAMBGAME-26FEB18CHARTLSA-CHAR | yes | count=50.00 | yes=14c
Kalshi WS trade #8339: KXNCAAMBGAME-26FEB18CHARTLSA-CHAR | yes | count=297.00 | yes=15c
Kalshi WS trade #8340: KXNCAAMBGAME-26FEB18CHARTLSA-CHAR | yes | count=50.00 | yes=15c
Kalshi WS trade #8341: KXNCAAMBGAME-26FEB18CHARTLSA-CHAR | yes | count=50.00 | yes=15c
Kalshi WS trade #8342: KXNCAAMBGAME-26FEB18CHARTLSA-CHAR | yes | count=75.00 | yes=16c
Kalshi WS trade #8343: KXNCAAMBGAME-26FEB18CHARTLSA-CHAR | yes | count=60.00 | yes=16c
Kalshi WS trade #8344: KXNCAAMBGAME-26FEB18CHARTLSA-CHAR | yes | count=125.00 | yes=16c
Kalshi WS trade #8345: KXNCAAMBGAME-26FEB18CHARTLSA-CHAR | yes | count=160.00 | yes=17c
Kalshi WS trade #8346: KXNCAAMBGAME-26FEB18CHARTLSA-CHAR | yes | count=410.00 | yes=20c
Kalshi WS trade #8347: KXNCAAMBGAME-26FEB18CHARTLSA-CHAR | yes | count=42.00 | yes=21c
Kalshi WS trade #8348: KXNCAAMBTOTAL-26FEB18VANMIZZ-142 | yes | count=3955.00 | yes=60c
Kalshi WS trade #8349: KXNCAAMBTOTAL-26FEB18VANMIZZ-142 | yes | count=2.00 | yes=60c
Kalshi WS trade #8350: KXNCAAMBGAME-26FEB18CHARTLSA-TLSA | no | count=10.00 | yes=86c
Kalshi WS trade #8351: KXNCAAMBGAME-26FEB18CHARTLSA-TLSA | no | count=150.00 | yes=85c
Kalshi WS trade #8352: KXNCAAMBGAME-26FEB18ILLUSC-USC | yes | count=473.00 | yes=20c
Kalshi WS trade #8353: KXNCAAMBGAME-26FEB18PACWSU-PAC | yes | count=9.00 | yes=50c
Kalshi WS trade #8354: KXNCAAMBGAME-26FEB18BYUARIZ-BYU | yes | count=33.00 | yes=17c
Kalshi WS trade #8355: KXNCAAMBGAME-26FEB18BYUARIZ-BYU | yes | count=27.00 | yes=17c
Kalshi WS trade #8356: KXNCAAMBGAME-26FEB18BYUARIZ-BYU | yes | count=78.00 | yes=17c
Kalshi WS trade #8357: KXNCAAMBTOTAL-26FEB18NDSUSDST-144 | no | count=5.00 | yes=35c
Kalshi WS trade #8358: KXNCAAMBTOTAL-26FEB18NDSUSDST-144 | no | count=28.00 | yes=31c
Kalshi WS trade #8359: KXNCAAMBTOTAL-26FEB18NDSUSDST-144 | no | count=3.00 | yes=30c
Kalshi WS trade #8360: KXNCAAWBGAME-26FEB18AFABSU-BSU | yes | count=16.00 | yes=60c
Kalshi WS trade #8361: KXBTC15M-26FEB182200-00 | no | count=1.00 | yes=71c
Kalshi WS trade #8362: KXNCAAMBSPREAD-26FEB18CHARTLSA-TLSA4 | yes | count=6.00 | yes=70c
Kalshi WS trade #8363: KXNCAAMBGAME-26FEB18BYUARIZ-BYU | yes | count=1389.00 | yes=17c
Kalshi WS trade #8364: KXNCAAMBGAME-26FEB18CSUUNLV-UNLV | no | count=2.00 | yes=58c
Kalshi WS trade #8365: KXNCAAMBTOTAL-26FEB18DEPHALL-127 | no | count=21.00 | yes=55c
Kalshi WS trade #8366: KXBTCD-26FEB1822-T66749.99 | no | count=3.00 | yes=10c
Kalshi WS trade #8367: KXNCAAWBGAME-26FEB18UNMGC-GC | no | count=3.00 | yes=30c
Kalshi WS trade #8368: KXNCAAWBGAME-26FEB18UNMGC-GC | no | count=1.00 | yes=29c
Kalshi WS trade #8369: KXNCAAMBGAME-26FEB18VANMIZZ-MIZZ | yes | count=617.00 | yes=54c
Kalshi WS trade #8370: KXNCAAMBSPREAD-26FEB18UTAHWVU-UTAH2 | no | count=50.00 | yes=46c
Kalshi WS trade #8371: KXNCAAMBSPREAD-26FEB18UTAHWVU-UTAH2 | no | count=83.00 | yes=46c
Kalshi WS trade #8372: KXNCAAMBGAME-26FEB18DEPHALL-HALL | yes | count=19.00 | yes=15c
Kalshi WS trade #8373: KXNCAAMBGAME-26FEB18DEPHALL-HALL | yes | count=35.00 | yes=16c
Kalshi WS trade #8374: KXNCAAMBGAME-26FEB18DEPHALL-HALL | no | count=50.00 | yes=14c
Kalshi WS trade #8375: KXNCAAMBSPREAD-26FEB18DEPHALL-DEP1 | no | count=50.00 | yes=87c
Kalshi WS trade #8376: KXNCAAMBGAME-26FEB18KENNMOSU-MOSU | yes | count=61.00 | yes=34c
Kalshi WS trade #8377: KXNCAAMBGAME-26FEB18UTAHWVU-UTAH | yes | count=33.00 | yes=58c
Kalshi WS trade #8378: KXNCAAMBGAME-26FEB18UTAHWVU-UTAH | yes | count=33.00 | yes=58c
Kalshi WS trade #8379: KXNCAAMBGAME-26FEB18BYUARIZ-ARIZ | yes | count=227.00 | yes=85c
Kalshi WS trade #8380: KXNCAAMBGAME-26FEB18DEPHALL-DEP | yes | count=19.00 | yes=87c
Kalshi WS trade #8381: KXNCAABMENTION-26FEB18ARKALA-SCHE | yes | count=166.00 | yes=1c
Kalshi WS trade #8382: KXNCAAMBGAME-26FEB18SJUMARQ-MARQ | yes | count=69.00 | yes=18c
Kalshi WS trade #8383: KXNCAAMBGAME-26FEB18SJUMARQ-MARQ | yes | count=177.00 | yes=18c
Kalshi WS trade #8384: KXNCAAMBGAME-26FEB18SJUMARQ-MARQ | yes | count=177.00 | yes=18c
Kalshi WS trade #8385: KXNCAAMBGAME-26FEB18SJUMARQ-MARQ | yes | count=1577.00 | yes=18c
Kalshi WS trade #8386: KXNCAAMBGAME-26FEB18BYUARIZ-ARIZ | yes | count=27.00 | yes=85c
Kalshi WS trade #8387: KXLOWTNYC-26FEB19-T37 | no | count=11.00 | yes=27c
Kalshi WS trade #8388: KXLOWTNYC-26FEB19-T37 | no | count=39.00 | yes=27c
Kalshi WS trade #8389: KXNCAAMBSPREAD-26FEB18ILLUSC-ILL9 | yes | count=29.00 | yes=49c
Kalshi WS trade #8390: KXBTC15M-26FEB182200-00 | yes | count=13.00 | yes=74c
Kalshi WS trade #8391: KXNCAAMBGAME-26FEB18BYUARIZ-BYU | yes | count=27.00 | yes=17c
Kalshi WS trade #8392: KXMVESPORTSMULTIGAMEEXTENDED-S2026A34322E796A-EC4F9777342 | yes | count=310.00 | yes=46c
Kalshi WS trade #8393: KXNCAAMBGAME-26FEB18VANMIZZ-VAN | yes | count=6.00 | yes=48c
Kalshi WS trade #8394: KXNCAAMBGAME-26FEB18VANMIZZ-VAN | yes | count=33.00 | yes=48c
Kalshi WS trade #8395: KXATPMATCH-26FEB18GIRRUU-RUU | yes | count=11.00 | yes=49c
Kalshi WS trade #8396: KXATPMATCH-26FEB18GIRRUU-RUU | yes | count=1.00 | yes=49c
Kalshi WS trade #8397: KXATPMATCH-26FEB18GIRRUU-RUU | yes | count=5.00 | yes=49c
Kalshi WS trade #8398: KXATPMATCH-26FEB18GIRRUU-RUU | yes | count=5.00 | yes=50c
Kalshi WS trade #8399: KXATPMATCH-26FEB18GIRRUU-RUU | yes | count=28.00 | yes=50c
Kalshi WS trade #8400: KXMVESPORTSMULTIGAMEEXTENDED-S202646A1FA69C83-96DBE02E9C7 | yes | count=116.00 | yes=1c
Kalshi WS trade #8401: KXMVESPORTSMULTIGAMEEXTENDED-S202658C2FABCD4E-BF48F316FDF | yes | count=56.00 | yes=27c
Kalshi WS trade #8402: KXNCAAMBGAME-26FEB18BSUUSU-BSU | yes | count=1.00 | yes=20c
Kalshi WS trade #8403: KXNCAAMBSPREAD-26FEB18AUBMSST-MSST9 | no | count=2.00 | yes=46c
Kalshi WS trade #8404: KXNCAAMBGAME-26FEB18NCCUSCST-SCST | yes | count=28.00 | yes=48c
Kalshi WS trade #8405: KXNCAAMBGAME-26FEB18NCCUSCST-SCST | yes | count=80.00 | yes=49c
Kalshi WS trade #8406: KXNCAAMBGAME-26FEB18VANMIZZ-MIZZ | yes | count=17.00 | yes=54c
Kalshi WS trade #8407: KXNCAAMBGAME-26FEB18BYUARIZ-BYU | yes | count=5.00 | yes=17c
Kalshi WS trade #8408: KXNCAAMBGAME-26FEB18SMCSEA-SEA | no | count=10.00 | yes=8c
Kalshi WS trade #8409: KXNCAAMBGAME-26FEB18SMCSEA-SMC | yes | count=100.00 | yes=92c
Kalshi WS trade #8410: KXNCAAMBTOTAL-26FEB18SMCSEA-133 | yes | count=12.00 | yes=53c
Kalshi WS trade #8411: KXNCAAMBGAME-26FEB18VANMIZZ-VAN | yes | count=2955.00 | yes=48c
Kalshi WS trade #8412: KXNFLXINCREASE-26 | yes | count=3.00 | yes=84c
Kalshi WS trade #8413: KXNFLXINCREASE-26 | yes | count=11.00 | yes=84c
Kalshi WS trade #8414: KXNFLXINCREASE-26 | yes | count=69.00 | yes=85c
Kalshi WS trade #8415: KXNCAAMBTOTAL-26FEB18SJUMARQ-157 | no | count=2.00 | yes=51c
Kalshi WS trade #8416: KXNCAAMBTOTAL-26FEB18SJUMARQ-157 | no | count=8.00 | yes=51c
Kalshi WS trade #8417: KXNCAAMBTOTAL-26FEB18SJUMARQ-157 | no | count=17.00 | yes=48c
Kalshi WS trade #8418: KXBTCD-26FEB1822-T66749.99 | yes | count=1.00 | yes=11c
Kalshi WS trade #8419: KXNCAAMBSPREAD-26FEB18VANMIZZ-MIZZ10 | yes | count=1.00 | yes=13c
Kalshi WS trade #8420: KXNCAAMBGAME-26FEB18UTAHWVU-WVU | yes | count=5.00 | yes=44c
Kalshi WS trade #8421: KXSAGAWARDENSEMBLE-26-SIN | no | count=10.00 | yes=60c
Kalshi WS trade #8422: KXNCAAMBGAME-26FEB18MURRILST-ILST | no | count=197.00 | yes=78c
Kalshi WS trade #8423: KXNCAAMBGAME-26FEB18VANMIZZ-VAN | yes | count=2000.00 | yes=48c
Kalshi WS trade #8424: KXNCAAMBGAME-26FEB18DEPHALL-HALL | yes | count=1.00 | yes=15c
Kalshi WS trade #8425: KXNCAAMBGAME-26FEB18PACWSU-WSU | yes | count=2.00 | yes=51c
Kalshi WS trade #8426: KXNCAAMBSPREAD-26FEB18DEPHALL-DEP4 | no | count=50.00 | yes=61c
Kalshi WS trade #8427: KXNCAAMBSPREAD-26FEB18DEPHALL-DEP4 | no | count=71.00 | yes=60c
Kalshi WS trade #8428: KXETH15M-26FEB182200-00 | yes | count=92.00 | yes=62c
Kalshi WS trade #8429: KXETH15M-26FEB182200-00 | yes | count=16.00 | yes=67c
Kalshi WS trade #8430: KXBTCD-26FEB1822-T66749.99 | no | count=6.00 | yes=10c
Poly WS trade #120: asset=51797157743046504218... | SELL | size=28 | price=0.965
Kalshi WS trade #8431: KXNCAAMBGAME-26FEB18UTAHWVU-UTAH | yes | count=21.00 | yes=58c
Kalshi WS trade #8432: KXNCAAMBGAME-26FEB18UTAHWVU-UTAH | yes | count=42.00 | yes=58c
Kalshi WS trade #8433: KXNCAAMBGAME-26FEB18CHARTLSA-CHAR | yes | count=75.00 | yes=16c
Kalshi WS trade #8434: KXNCAAMBGAME-26FEB18CHARTLSA-CHAR | yes | count=50.00 | yes=16c
Kalshi WS trade #8435: KXNCAAMBGAME-26FEB18CHARTLSA-CHAR | yes | count=50.00 | yes=16c
Kalshi WS trade #8436: KXNCAAMBGAME-26FEB18CHARTLSA-CHAR | yes | count=50.00 | yes=16c
Kalshi WS trade #8437: KXNCAAMBGAME-26FEB18CHARTLSA-CHAR | yes | count=50.00 | yes=16c
Kalshi WS trade #8438: KXNCAAMBGAME-26FEB18CHARTLSA-CHAR | yes | count=50.00 | yes=16c
Kalshi WS trade #8439: KXNCAAMBSPREAD-26FEB18VANMIZZ-MIZZ1 | no | count=4.00 | yes=51c
Kalshi WS trade #8440: KXNCAAMBSPREAD-26FEB18VANMIZZ-MIZZ1 | no | count=5.00 | yes=51c
Kalshi WS trade #8441: KXNCAAMBSPREAD-26FEB18VANMIZZ-MIZZ1 | no | count=29.00 | yes=51c
Kalshi WS trade #8442: KXNCAAMBGAME-26FEB18CHARTLSA-CHAR | no | count=50.00 | yes=16c
Kalshi WS trade #8443: KXNCAAMBGAME-26FEB18CHARTLSA-CHAR | no | count=50.00 | yes=16c
Kalshi WS trade #8444: KXNCAAMBGAME-26FEB18CHARTLSA-CHAR | no | count=50.00 | yes=16c
Kalshi WS trade #8445: KXNCAAMBGAME-26FEB18KENNMOSU-MOSU | yes | count=580.00 | yes=34c
Kalshi WS trade #8446: KXNCAAMBGAME-26FEB18CHARTLSA-CHAR | no | count=25.00 | yes=16c
Kalshi WS trade #8447: KXSOL15M-26FEB182200-00 | no | count=23.00 | yes=76c
Kalshi WS trade #8448: KXNCAAMBTOTAL-26FEB18SMCSEA-136 | yes | count=3.00 | yes=40c
Kalshi WS trade #8449: KXNCAAMBTOTAL-26FEB18SMCSEA-136 | yes | count=3.00 | yes=41c
Kalshi WS trade #8450: KXNCAAMBGAME-26FEB18VANMIZZ-MIZZ | yes | count=1151.00 | yes=54c
Kalshi WS trade #8451: KXNCAAMBGAME-26FEB18DEPHALL-HALL | no | count=31.00 | yes=14c
Kalshi WS trade #8452: KXNCAAMBGAME-26FEB18DEPHALL-HALL | no | count=19.00 | yes=14c
Kalshi WS trade #8453: KXNCAAMBSPREAD-26FEB18DEPHALL-DEP1 | no | count=50.00 | yes=87c
Kalshi WS trade #8454: KXNCAAWBGAME-26FEB18UNMGC-GC | no | count=29.00 | yes=29c
Kalshi WS trade #8455: KXNCAAWBGAME-26FEB18UNMGC-GC | no | count=286.00 | yes=29c
Kalshi WS trade #8456: KXNCAAWBGAME-26FEB18UNMGC-GC | no | count=286.00 | yes=29c
Kalshi WS trade #8457: KXNCAAMBGAME-26FEB18BYUARIZ-BYU | yes | count=55.00 | yes=17c
INFO:     35.145.33.17:0 - "GET /api/all-markets?limit=5 HTTP/1.1" 200 OK
INFO:     35.145.33.17:0 - "GET /api/stats HTTP/1.1" 200 OK
Kalshi WS trade #8458: KXMVESPORTSMULTIGAMEEXTENDED-S2026230024CA553-A5750AB5EAD | yes | count=58.00 | yes=24c
Kalshi WS trade #8459: KXMVESPORTSMULTIGAMEEXTENDED-S20269D1925C36CD-C0839641493 | yes | count=23.00 | yes=41c
Kalshi WS trade #8460: KXNCAAWBGAME-26FEB18UNMGC-GC | yes | count=4.00 | yes=29c
Kalshi WS trade #8461: KXATPMATCH-26FEB18GIRRUU-RUU | no | count=2.00 | yes=48c
Kalshi WS trade #8462: KXNCAAMBGAME-26FEB18NDSUSDST-NDSU | no | count=253.00 | yes=98c
Kalshi WS trade #8463: KXNCAAMBGAME-26FEB18SJUMARQ-MARQ | yes | count=52.00 | yes=18c
Kalshi WS trade #8464: KXNCAAMBGAME-26FEB18CHARTLSA-CHAR | yes | count=25.00 | yes=16c
Kalshi WS trade #8465: KXNCAAMBGAME-26FEB18CHARTLSA-CHAR | yes | count=2.00 | yes=16c
Kalshi WS trade #8466: KXNCAAMBGAME-26FEB18NCCUSCST-SCST | yes | count=56.00 | yes=49c
Kalshi WS trade #8467: KXTRUMPMENTION-26FEB28-BALL | yes | count=13.00 | yes=50c
Kalshi WS trade #8468: KXNCAAMBGAME-26FEB18DEPHALL-HALL | yes | count=18.00 | yes=15c
Kalshi WS trade #8469: KXNCAAMBGAME-26FEB18DEPHALL-HALL | yes | count=11.00 | yes=16c
Kalshi WS trade #8470: KXNCAAMBGAME-26FEB18UTAHWVU-WVU | yes | count=1086.00 | yes=44c
Kalshi WS trade #8471: KXNCAAMBGAME-26FEB18ILLUSC-USC | yes | count=473.00 | yes=20c
Kalshi WS trade #8472: KXSOL15M-26FEB182200-00 | yes | count=2.00 | yes=80c
Kalshi WS trade #8473: KXSOL15M-26FEB182200-00 | yes | count=28.00 | yes=80c
Kalshi WS trade #8474: KXNCAAMBGAME-26FEB18DEPHALL-HALL | yes | count=18.00 | yes=15c
Kalshi WS trade #8475: KXNCAAMBGAME-26FEB18BYUARIZ-BYU | yes | count=33.00 | yes=17c
Kalshi WS trade #8476: KXBTCMAX150-25-26APR30-149999.99 | yes | count=39.00 | yes=4c
Kalshi WS trade #8477: KXNCAAMBSPREAD-26FEB18CHARTLSA-TLSA7 | yes | count=19.00 | yes=48c
Kalshi WS trade #8478: KXNCAAMBGAME-26FEB18AUBMSST-AUB | yes | count=1.00 | yes=19c
Kalshi WS trade #8479: KXNCAAMBTOTAL-26FEB18BYUARIZ-161 | no | count=27.00 | yes=47c
Kalshi WS trade #8480: KXNCAAMBGAME-26FEB18AUBMSST-AUB | yes | count=15.00 | yes=19c
Poly WS trade #121: asset=54073086346734626735... | SELL | size=30 | price=0.005
Kalshi WS trade #8481: KXBTCD-26FEB1822-T66749.99 | yes | count=3.00 | yes=11c
Kalshi WS trade #8482: KXNCAAMBGAME-26FEB18DEPHALL-HALL | no | count=62.00 | yes=14c
Kalshi WS trade #8483: KXNCAAMBSPREAD-26FEB18AUBMSST-MSST6 | yes | count=1.00 | yes=62c
Kalshi WS trade #8484: KXNCAAMBTOTAL-26FEB18VANMIZZ-148 | no | count=5.00 | yes=43c
Kalshi WS trade #8485: KXNCAAMBTOTAL-26FEB18VANMIZZ-148 | no | count=200.00 | yes=43c
Kalshi WS trade #8486: KXNCAAMBTOTAL-26FEB18AUBMSST-168 | no | count=229.00 | yes=33c
Kalshi WS trade #8487: KXNCAAMBTOTAL-26FEB18AUBMSST-168 | no | count=50.00 | yes=33c
Kalshi WS trade #8488: KXNCAAMBGAME-26FEB18BYUARIZ-BYU | yes | count=60.00 | yes=17c
Kalshi WS trade #8489: KXNCAAWBGAME-26FEB18UNMGC-UNM | yes | count=60.00 | yes=72c
Kalshi WS trade #8490: KXNCAAWBGAME-26FEB18UNMGC-UNM | yes | count=83.00 | yes=72c
Kalshi WS trade #8491: KXNCAAMBGAME-26FEB18UTAHWVU-UTAH | yes | count=12.00 | yes=58c
Kalshi WS trade #8492: KXNCAAMBGAME-26FEB18UTAHWVU-UTAH | yes | count=13.00 | yes=58c
Kalshi WS trade #8493: KXMVESPORTSMULTIGAMEEXTENDED-S2026524F50F0BE3-8212632D219 | yes | count=104.00 | yes=46c
Kalshi WS trade #8494: KXMVESPORTSMULTIGAMEEXTENDED-S202658C694A54DD-0BB32ACE717 | yes | count=27.00 | yes=34c
Kalshi WS trade #8495: KXNCAAMBSPREAD-26FEB18DEPHALL-DEP4 | no | count=15.00 | yes=60c
Kalshi WS trade #8496: KXNCAAMBSPREAD-26FEB18DEPHALL-DEP4 | no | count=32.00 | yes=60c
Kalshi WS trade #8497: KXMVESPORTSMULTIGAMEEXTENDED-S2026E31B3C0582B-6222459A59E | yes | count=55.00 | yes=52c
Kalshi WS trade #8498: KXBERNIEMENTION-26FEB19-WORK | no | count=15.00 | yes=94c
Kalshi WS trade #8499: KXMVESPORTSMULTIGAMEEXTENDED-S2026689847FFBE9-A6C54028910 | yes | count=12.00 | yes=34c
Kalshi WS trade #8500: KXMVESPORTSMULTIGAMEEXTENDED-S2026689847FFBE9-A6C54028910 | yes | count=123.00 | yes=34c
Kalshi WS trade #8501: KXNCAAMBSPREAD-26FEB18GONZSF-GONZ14 | yes | count=127.00 | yes=55c
Kalshi WS trade #8502: KXNCAAMBSPREAD-26FEB18GONZSF-GONZ14 | yes | count=10.00 | yes=56c
Kalshi WS trade #8503: KXNCAAMBGAME-26FEB18CHARTLSA-CHAR | yes | count=31.00 | yes=16c
Kalshi WS trade #8504: KXNCAAMBGAME-26FEB18DEPHALL-HALL | no | count=50.00 | yes=14c
Kalshi WS trade #8505: KXNCAAMBSPREAD-26FEB18DEPHALL-DEP1 | no | count=50.00 | yes=87c
Kalshi WS trade #8506: KXNCAAMBGAME-26FEB18AUBMSST-MSST | yes | count=14.00 | yes=84c
Kalshi WS trade #8507: KXNCAAMBTOTAL-26FEB18SMCSEA-136 | yes | count=18.00 | yes=41c
Kalshi WS trade #8508: KXNCAAWBGAME-26FEB18UNMGC-UNM | yes | count=13.00 | yes=72c
Kalshi WS trade #8509: KXNCAAMBSPREAD-26FEB18BYUARIZ-ARIZ9 | no | count=3.00 | yes=49c
Kalshi WS trade #8510: KXNCAAMBSPREAD-26FEB18BYUARIZ-ARIZ9 | no | count=9.00 | yes=48c
Kalshi WS trade #8511: KXNCAAMBSPREAD-26FEB18BYUARIZ-ARIZ9 | no | count=10.00 | yes=47c
Kalshi WS trade #8512: KXNCAAMBGAME-26FEB18DEPHALL-DEP | yes | count=398.00 | yes=87c
Kalshi WS trade #8513: KXNCAAMBGAME-26FEB18DEPHALL-DEP | yes | count=709.00 | yes=87c
Kalshi WS trade #8514: KXNCAAMBGAME-26FEB18DEPHALL-DEP | yes | count=709.00 | yes=87c
Kalshi WS trade #8515: KXNCAAMBGAME-26FEB18DEPHALL-DEP | yes | count=709.00 | yes=87c
Kalshi WS trade #8516: KXNCAAMBGAME-26FEB18DEPHALL-DEP | yes | count=709.00 | yes=87c
Kalshi WS trade #8517: KXNCAAMBGAME-26FEB18DEPHALL-DEP | yes | count=361.00 | yes=87c
Kalshi WS trade #8518: KXNCAAMBGAME-26FEB18BYUARIZ-BYU | yes | count=381.00 | yes=17c
Kalshi WS trade #8519: KXNCAAMBGAME-26FEB18NCCUSCST-NCCU | yes | count=17.00 | yes=53c
Kalshi WS trade #8520: KXNCAAMBGAME-26FEB18VANMIZZ-VAN | yes | count=39.00 | yes=49c
Kalshi WS trade #8521: KXNCAAMBGAME-26FEB18CHARTLSA-CHAR | yes | count=19.00 | yes=16c
Kalshi WS trade #8522: KXSAGAWARDENSEMBLE-26-SIN | no | count=10.00 | yes=57c
Kalshi WS trade #8523: KXNCAAMBGAME-26FEB18UTAHWVU-WVU | yes | count=10.00 | yes=44c
Kalshi WS trade #8524: KXNCAAMBGAME-26FEB18VANMIZZ-MIZZ | yes | count=134.00 | yes=54c
Kalshi WS trade #8525: KXNCAAMBTOTAL-26FEB18NDSUSDST-144 | no | count=2.00 | yes=23c
Kalshi WS trade #8526: KXNCAAMBGAME-26FEB18FAUUTSA-FAU | no | count=10.00 | yes=99c
Kalshi WS trade #8527: KXNCAAMBGAME-26FEB18BYUARIZ-BYU | yes | count=38.00 | yes=17c
Kalshi WS trade #8528: KXCS2GAME-26FEB20PRVFAL-FAL | yes | count=8.00 | yes=70c
Kalshi WS trade #8529: KXNCAAMBTOTAL-26FEB18DEPHALL-118 | yes | count=50.00 | yes=95c
Kalshi WS trade #8530: KXNCAAMBTOTAL-26FEB18DEPHALL-118 | yes | count=158.00 | yes=96c
Kalshi WS trade #8531: KXATPMATCH-26FEB18GIRRUU-RUU | yes | count=72.00 | yes=50c
Kalshi WS trade #8532: KXATPMATCH-26FEB18GIRRUU-RUU | yes | count=61.00 | yes=50c
Kalshi WS trade #8533: KXBTC15M-26FEB182200-00 | yes | count=1.00 | yes=74c
Kalshi WS trade #8534: KXTRUMPMENTION-26FEB28-ETHE | yes | count=10.00 | yes=5c
Kalshi WS trade #8535: KXNCAAMBGAME-26FEB18NDSUSDST-SDST | yes | count=23.00 | yes=3c
Kalshi WS trade #8536: KXNCAAMBGAME-26FEB18BYUARIZ-BYU | yes | count=11.00 | yes=17c
Kalshi WS trade #8537: KXNCAAMBGAME-26FEB18CHARTLSA-TLSA | yes | count=351.00 | yes=86c
Kalshi WS trade #8538: KXNCAAMBGAME-26FEB18CHARTLSA-TLSA | yes | count=1000.00 | yes=86c
Kalshi WS trade #8539: KXNCAAMBGAME-26FEB18CHARTLSA-TLSA | yes | count=3000.00 | yes=86c
Kalshi WS trade #8540: KXNCAAMBGAME-26FEB18KENNMOSU-KENN | yes | count=20.00 | yes=67c
Kalshi WS trade #8541: KXNCAAMBGAME-26FEB18KENNMOSU-KENN | yes | count=35.00 | yes=67c
Kalshi WS trade #8542: KXNCAAMBGAME-26FEB18KENNMOSU-KENN | yes | count=35.00 | yes=67c
Kalshi WS trade #8543: KXNCAAMBGAME-26FEB18KENNMOSU-KENN | yes | count=35.00 | yes=67c
Kalshi WS trade #8544: KXNCAAMBGAME-26FEB18KENNMOSU-KENN | yes | count=35.00 | yes=67c
Kalshi WS trade #8545: KXETH15M-26FEB182200-00 | yes | count=3.00 | yes=63c
Kalshi WS trade #8546: KXATPMATCH-26FEB18GIRRUU-GIR | yes | count=55.00 | yes=52c
Kalshi WS trade #8547: KXNCAAMBGAME-26FEB18AUBMSST-MSST | yes | count=1.00 | yes=84c
Kalshi WS trade #8548: KXATPMATCH-26FEB18GIRRUU-RUU | yes | count=19.00 | yes=50c
Kalshi WS trade #8549: KXNCAAMBSPREAD-26FEB18UTAHWVU-UTAH2 | no | count=26.00 | yes=46c
Kalshi WS trade #8550: KXNCAAMBSPREAD-26FEB18UTAHWVU-UTAH2 | no | count=50.00 | yes=46c
Kalshi WS trade #8551: KXNCAAMBSPREAD-26FEB18UTAHWVU-UTAH2 | no | count=8.00 | yes=46c
Kalshi WS trade #8552: KXMVESPORTSMULTIGAMEEXTENDED-S2026E50E6E9E4E4-21ADBDC8B0A | yes | count=144.00 | yes=13c
Kalshi WS trade #8553: KXNCAAMBGAME-26FEB18BYUARIZ-BYU | yes | count=3.00 | yes=17c
Kalshi WS trade #8554: KXMVESPORTSMULTIGAMEEXTENDED-S2026A6522A0FA47-9804A4246D5 | yes | count=1130.00 | yes=5c
Kalshi WS trade #8555: KXMVESPORTSMULTIGAMEEXTENDED-S202629AF3A2F762-52199964A30 | yes | count=256.00 | yes=12c
Kalshi WS trade #8556: KXNCAAMBGAME-26FEB18BYUARIZ-BYU | yes | count=100.00 | yes=17c
Kalshi WS trade #8557: KXNCAAMBGAME-26FEB18AUBMSST-AUB | yes | count=34.00 | yes=19c
Kalshi WS trade #8558: KXMVESPORTSMULTIGAMEEXTENDED-S20263BEAAADA94A-C028061E7C0 | yes | count=16.00 | yes=11c
Kalshi WS trade #8559: KXNCAAMBSPREAD-26FEB18CSUUNLV-CSU2 | no | count=23.00 | yes=33c
Kalshi WS trade #8560: KXEPLGAME-26FEB22TOTARS-ARS | yes | count=4.00 | yes=64c
Kalshi WS trade #8561: KXNCAAMBGAME-26FEB18BYUARIZ-BYU | yes | count=143.00 | yes=17c
Kalshi WS trade #8562: KXNCAAMBGAME-26FEB18BYUARIZ-BYU | yes | count=33.00 | yes=17c
Kalshi WS trade #8563: KXNCAAMBGAME-26FEB18BYUARIZ-BYU | yes | count=27.00 | yes=17c
Kalshi WS trade #8564: KXNCAAMBGAME-26FEB18BYUARIZ-BYU | yes | count=13.00 | yes=17c
Kalshi WS trade #8565: KXNCAAMBGAME-26FEB18BYUARIZ-BYU | yes | count=61.00 | yes=17c
Kalshi WS trade #8566: KXNCAAMBGAME-26FEB18BYUARIZ-BYU | yes | count=11.00 | yes=17c
Kalshi WS trade #8567: KXETH15M-26FEB182200-00 | yes | count=2.00 | yes=63c
Kalshi WS trade #8568: KXETH15M-26FEB182200-00 | yes | count=6.00 | yes=66c
Kalshi WS trade #8569: KXETH15M-26FEB182200-00 | yes | count=8.00 | yes=66c
Kalshi WS trade #8570: KXNCAAMBSPREAD-26FEB18DEPHALL-DEP1 | no | count=50.00 | yes=87c
Kalshi WS trade #8571: KXNCAAMBGAME-26FEB18DEPHALL-HALL | no | count=50.00 | yes=14c
Poly WS trade #122: asset=25587456249932347125... | BUY | size=41.64 | price=0.98
Kalshi WS trade #8572: KXNCAAMBGAME-26FEB18NDSUSDST-SDST | yes | count=156.00 | yes=3c
Kalshi WS trade #8573: KXNCAAMBTOTAL-26FEB18SMCSEA-136 | yes | count=15.00 | yes=40c
Kalshi WS trade #8574: KXATPMATCH-26FEB18GIRRUU-RUU | no | count=224.00 | yes=51c
Kalshi WS trade #8575: KXNCAAMBGAME-26FEB18BYUARIZ-BYU | yes | count=6.00 | yes=16c
Kalshi WS trade #8576: KXNCAAMBGAME-26FEB18BYUARIZ-BYU | yes | count=27.00 | yes=17c
Kalshi WS trade #8577: KXNCAAWBGAME-26FEB18UNMGC-UNM | no | count=1.00 | yes=69c
Kalshi WS trade #8578: KXNCAAWBGAME-26FEB18UNMGC-UNM | no | count=66.00 | yes=68c
Kalshi WS trade #8579: KXNCAAMBGAME-26FEB18NDSUSDST-SDST | yes | count=120.00 | yes=3c
Kalshi WS trade #8580: KXBERNIEMENTION-26FEB19-BIDE | yes | count=11.00 | yes=8c
Kalshi WS trade #8581: KXNCAAMBGAME-26FEB18DEPHALL-HALL | yes | count=1.00 | yes=15c
Kalshi WS trade #8582: KXNCAAMBGAME-26FEB18DEPHALL-HALL | yes | count=28.00 | yes=16c
Kalshi WS trade #8583: KXNCAAMBGAME-26FEB18NDSUSDST-SDST | yes | count=93.00 | yes=3c
Kalshi WS trade #8584: KXNCAAMBTOTAL-26FEB18DEPHALL-127 | yes | count=108.00 | yes=57c
Kalshi WS trade #8585: KXNCAAMBTOTAL-26FEB18DEPHALL-127 | yes | count=50.00 | yes=57c
Kalshi WS trade #8586: KXNCAAMBGAME-26FEB18UTAHWVU-UTAH | yes | count=8.00 | yes=58c
Kalshi WS trade #8587: KXNCAAMBGAME-26FEB18UVAGT-GT | yes | count=93.00 | yes=1c
Kalshi WS trade #8588: KXNCAAMBGAME-26FEB18UTAHWVU-WVU | yes | count=2186.00 | yes=44c
Kalshi WS trade #8589: KXBTC15M-26FEB182200-00 | no | count=4.00 | yes=71c
Kalshi WS trade #8590: KXBTC15M-26FEB182200-00 | no | count=2.00 | yes=71c
Kalshi WS trade #8591: KXBTC15M-26FEB182200-00 | no | count=1.00 | yes=70c
Kalshi WS trade #8592: KXBTC15M-26FEB182200-00 | no | count=15.00 | yes=70c
Kalshi WS trade #8593: KXNCAAMBGAME-26FEB18KENNMOSU-KENN | yes | count=11.00 | yes=68c
Kalshi WS trade #8594: KXNCAAMBGAME-26FEB18BYUARIZ-ARIZ | yes | count=2.00 | yes=85c
Kalshi WS trade #8595: KXNCAAWBGAME-26FEB18UNMGC-UNM | yes | count=20.00 | yes=72c
Kalshi WS trade #8596: KXNCAAMBGAME-26FEB18CHARTLSA-CHAR | no | count=411.00 | yes=15c
Kalshi WS trade #8597: KXNCAAWBGAME-26FEB18UNMGC-GC | yes | count=6.00 | yes=32c
Kalshi WS trade #8598: KXNCAAWBGAME-26FEB18UNMGC-GC | yes | count=22.00 | yes=33c
Kalshi WS trade #8599: KXNCAAMBGAME-26FEB18CHARTLSA-CHAR | no | count=89.00 | yes=15c
Kalshi WS trade #8600: KXNCAAMBGAME-26FEB18VANMIZZ-VAN | yes | count=294.00 | yes=49c
Kalshi WS trade #8601: KXNCAAMBGAME-26FEB18AUBMSST-MSST | yes | count=29.00 | yes=84c
Kalshi WS trade #8602: KXNCAABMENTION-26FEB18VANMIZZ-ELBO | no | count=15.00 | yes=49c
Kalshi WS trade #8603: KXNCAABMENTION-26FEB18VANMIZZ-ELBO | no | count=2.00 | yes=48c
Kalshi WS trade #8604: KXNCAABMENTION-26FEB18VANMIZZ-ELBO | no | count=100.00 | yes=47c
Kalshi WS trade #8605: KXNCAAMBGAME-26FEB18VANMIZZ-VAN | yes | count=9.00 | yes=49c
Kalshi WS trade #8606: KXNCAAMBGAME-26FEB18SJUMARQ-MARQ | yes | count=50.00 | yes=18c
Kalshi WS trade #8607: KXNCAAMBGAME-26FEB18AUBMSST-MSST | yes | count=1.00 | yes=84c
Kalshi WS trade #8608: KXNCAAMBTOTAL-26FEB18UVAGT-149 | yes | count=19.00 | yes=89c
Kalshi WS trade #8609: KXNCAAMBGAME-26FEB18KUOKST-KU | yes | count=207.00 | yes=96c
Kalshi WS trade #8610: KXNCAAMBTOTAL-26FEB18DEPHALL-130 | no | count=15.00 | yes=38c
Kalshi WS trade #8611: KXMVESPORTSMULTIGAMEEXTENDED-S2026104B9BFE756-4A011C9A275 | yes | count=2.00 | yes=41c
Kalshi WS trade #8612: KXNCAAMBTOTAL-26FEB18KENNMOSU-170 | no | count=2.00 | yes=42c
Kalshi WS trade #8613: KXPGATOP20-THGI26-MLEE | yes | count=50.00 | yes=39c
Kalshi WS trade #8614: KXNCAAMBGAME-26FEB18PACWSU-WSU | yes | count=50.00 | yes=51c
Poly WS trade #123: asset=48458075019957098166... | SELL | size=34 | price=0.992
Kalshi WS trade #8615: KXNCAAMBGAME-26FEB18PACWSU-PAC | no | count=50.00 | yes=49c
Kalshi WS trade #8616: KXNCAAWBGAME-26FEB18UNMGC-GC | yes | count=28.00 | yes=33c
Kalshi WS trade #8617: KXATPMATCH-26FEB18GIRRUU-RUU | yes | count=1.00 | yes=52c
Kalshi WS trade #8618: KXATPMATCH-26FEB18GIRRUU-RUU | yes | count=51.00 | yes=53c
Kalshi WS trade #8619: KXNCAAMBGAME-26FEB18DEPHALL-DEP | no | count=18.00 | yes=86c
Kalshi WS trade #8620: KXATPMATCH-26FEB18GIRRUU-RUU | no | count=111.00 | yes=51c
Kalshi WS trade #8621: KXNCAAMBGAME-26FEB18UTAHWVU-UTAH | yes | count=8.00 | yes=58c
Kalshi WS trade #8622: KXNCAAMBGAME-26FEB18SJUMARQ-MARQ | no | count=40.00 | yes=16c
Kalshi WS trade #8623: KXNCAAMBGAME-26FEB18SJUMARQ-MARQ | no | count=91.00 | yes=16c
Kalshi WS trade #8624: KXATPMATCH-26FEB18SVATIA-TIA | yes | count=1.00 | yes=64c
Kalshi WS trade #8625: KXNCAAMBGAME-26FEB18VANMIZZ-MIZZ | yes | count=89.00 | yes=54c
Kalshi WS trade #8626: KXNCAAMBGAME-26FEB18UTAHWVU-WVU | yes | count=800.00 | yes=44c
Kalshi WS trade #8627: KXNCAAMBGAME-26FEB18MDNW-MD | no | count=2.00 | yes=2c
Kalshi WS trade #8628: KXBTC15M-26FEB182200-00 | yes | count=50.00 | yes=75c
Kalshi WS trade #8629: KXBTCD-26FEB1822-T66749.99 | yes | count=8.00 | yes=11c
Kalshi WS trade #8630: KXNBATOTAL-26FEB19BOSGSW-214 | yes | count=10.00 | yes=47c
Kalshi WS trade #8631: KXSAGAWARDENSEMBLE-26-SIN | no | count=10.00 | yes=57c
Kalshi WS trade #8632: KXNCAAMBGAME-26FEB18KENNMOSU-KENN | no | count=13.00 | yes=66c
Kalshi WS trade #8633: KXNCAAMBTOTAL-26FEB18SJUMARQ-160 | no | count=40.00 | yes=50c
Kalshi WS trade #8634: KXNCAAMBTOTAL-26FEB18SJUMARQ-160 | no | count=50.00 | yes=50c
Kalshi WS trade #8635: KXNCAAMBTOTAL-26FEB18SJUMARQ-160 | no | count=354.00 | yes=50c
Kalshi WS trade #8636: KXNCAAMBTOTAL-26FEB18SJUMARQ-160 | no | count=1000.00 | yes=49c
Kalshi WS trade #8637: KXNCAAMBTOTAL-26FEB18SJUMARQ-160 | no | count=418.00 | yes=48c
Kalshi WS trade #8638: KXNCAAMBTOTAL-26FEB18SJUMARQ-160 | no | count=5.00 | yes=32c
Kalshi WS trade #8639: KXNCAAMBSPREAD-26FEB18DEPHALL-DEP1 | no | count=50.00 | yes=87c
Kalshi WS trade #8640: KXNCAAMBGAME-26FEB18DEPHALL-HALL | no | count=50.00 | yes=14c
Kalshi WS trade #8641: KXATPMATCH-26FEB18GIRRUU-GIR | no | count=10.00 | yes=48c
Kalshi WS trade #8642: KXATPMATCH-26FEB18GIRRUU-GIR | no | count=440.00 | yes=47c
Kalshi WS trade #8643: KXNCAAMBTOTAL-26FEB18SMCSEA-136 | yes | count=11.00 | yes=40c
INFO:     35.145.33.17:0 - "GET /api/sectors/trending?limit=50 HTTP/1.1" 200 OK
Kalshi WS trade #8644: KXATPMATCH-26FEB18GIRRUU-RUU | yes | count=9.00 | yes=53c
Kalshi WS trade #8645: KXNCAAMBGAME-26FEB18BYUARIZ-BYU | yes | count=5.00 | yes=16c
Kalshi WS trade #8646: KXNCAAMBGAME-26FEB18BYUARIZ-BYU | yes | count=91.00 | yes=17c
Kalshi WS trade #8647: KXNCAAMBGAME-26FEB18DEPHALL-HALL | yes | count=19.00 | yes=15c
Kalshi WS trade #8648: KXNCAAMBGAME-26FEB18DEPHALL-HALL | yes | count=12.00 | yes=15c
Kalshi WS trade #8649: KXNCAAMBTOTAL-26FEB18NDSUSDST-159 | no | count=203.00 | yes=2c
Kalshi WS trade #8650: KXNCAAMBTOTAL-26FEB18NDSUSDST-159 | no | count=50.00 | yes=2c
Kalshi WS trade #8651: KXNCAABMENTION-26FEB18BYUARIZ-RECO | yes | count=10.00 | yes=46c
Kalshi WS trade #8652: KXNCAAMBSPREAD-26FEB18KUOKST-KU15 | no | count=50.00 | yes=41c
Kalshi WS trade #8653: KXNCAAMBSPREAD-26FEB18KUOKST-KU15 | no | count=277.00 | yes=41c
Kalshi WS trade #8654: KXNCAAMBGAME-26FEB18NDSUSDST-NDSU | no | count=29.00 | yes=98c
Kalshi WS trade #8655: KXPRESNOMD-28-JBP | yes | count=31.00 | yes=6c
Kalshi WS trade #8656: KXNCAAMBGAME-26FEB18KENNMOSU-MOSU | yes | count=555.00 | yes=34c
Kalshi WS trade #8657: KXNCAAMBTOTAL-26FEB18MDNW-145 | yes | count=3.00 | yes=61c
Kalshi WS trade #8658: KXNCAAMBTOTAL-26FEB18MDNW-145 | yes | count=12.00 | yes=62c
Kalshi WS trade #8659: KXNCAAWBGAME-26FEB18USUSJSU-USU | yes | count=129.00 | yes=60c
Kalshi WS trade #8660: KXNCAAWBGAME-26FEB18USUSJSU-USU | yes | count=2750.00 | yes=60c
Kalshi WS trade #8661: KXNCAAWBGAME-26FEB18USUSJSU-USU | yes | count=285.00 | yes=63c
Kalshi WS trade #8662: KXATPMATCH-26FEB18GIRRUU-RUU | yes | count=10.00 | yes=53c
Kalshi WS trade #8663: KXNCAAMBGAME-26FEB18NDSUSDST-NDSU | no | count=750.00 | yes=98c
Kalshi WS trade #8664: KXNCAAMBSPREAD-26FEB18BYUARIZ-ARIZ12 | yes | count=14.00 | yes=31c
Kalshi WS trade #8665: KXNCAAWBGAME-26FEB18UNLVSDSU-UNLV | yes | count=262.00 | yes=36c
Kalshi WS trade #8666: KXNCAAWBGAME-26FEB18UNLVSDSU-UNLV | yes | count=160.00 | yes=36c
Kalshi WS trade #8667: KXNCAAMBGAME-26FEB18CHARTLSA-TLSA | yes | count=125.00 | yes=86c
Kalshi WS trade #8668: KXNCAAMBGAME-26FEB18CHARTLSA-TLSA | yes | count=60.00 | yes=86c
Kalshi WS trade #8669: KXMVESPORTSMULTIGAMEEXTENDED-S202660176FD03FC-BF56C3C6727 | yes | count=3.00 | yes=3c
Kalshi WS trade #8670: KXNCAAMBTOTAL-26FEB18MDNW-145 | yes | count=12.00 | yes=63c
Kalshi WS trade #8671: KXNCAAMBTOTAL-26FEB18MDNW-145 | yes | count=15.00 | yes=74c
Kalshi WS trade #8672: KXNCAAMBTOTAL-26FEB18MDNW-145 | yes | count=9.00 | yes=75c
Kalshi WS trade #8673: KXNCAAMBGAME-26FEB18NDSUSDST-NDSU | no | count=750.00 | yes=98c
Kalshi WS trade #8674: KXNCAAMBSPREAD-26FEB18DEPHALL-DEP4 | no | count=48.00 | yes=60c
Kalshi WS trade #8675: KXATPMATCH-26FEB18GIRRUU-RUU | yes | count=18.00 | yes=53c
Kalshi WS trade #8676: KXNCAAMBGAME-26FEB18VANMIZZ-MIZZ | yes | count=17.00 | yes=54c
Kalshi WS trade #8677: KXNCAAMBGAME-26FEB18KENNMOSU-MOSU | yes | count=13.00 | yes=34c
Kalshi WS trade #8678: KXNCAAMBGAME-26FEB18BYUARIZ-BYU | yes | count=5.00 | yes=16c
Kalshi WS trade #8679: KXNCAAMBGAME-26FEB18BYUARIZ-BYU | yes | count=10.00 | yes=17c
Kalshi WS trade #8680: KXNCAAMBGAME-26FEB18BYUARIZ-BYU | yes | count=33.00 | yes=17c
Kalshi WS trade #8681: KXNCAAMBGAME-26FEB18BYUARIZ-BYU | yes | count=996.00 | yes=17c
Kalshi WS trade #8682: KXNCAAMBSPREAD-26FEB18UVAGT-UVA13 | yes | count=3.00 | yes=97c
Kalshi WS trade #8683: KXNCAAMBGAME-26FEB18NDSUSDST-NDSU | no | count=750.00 | yes=98c
Kalshi WS trade #8684: KXNCAAMBGAME-26FEB18VANMIZZ-MIZZ | yes | count=4821.00 | yes=54c
Kalshi WS trade #8685: KXBTC15M-26FEB182200-00 | yes | count=4.00 | yes=72c
Kalshi WS trade #8686: KXBTC15M-26FEB182200-00 | yes | count=2.00 | yes=74c
Kalshi WS trade #8687: KXBTC15M-26FEB182200-00 | yes | count=131.00 | yes=75c
Kalshi WS trade #8688: KXNCAAMBGAME-26FEB18NDSUSDST-NDSU | no | count=750.00 | yes=98c
Kalshi WS trade #8689: KXATPMATCH-26FEB18GIRRUU-RUU | yes | count=92.00 | yes=53c
Kalshi WS trade #8690: KXATPMATCH-26FEB18GIRRUU-RUU | yes | count=150.00 | yes=53c
Kalshi WS trade #8691: KXBTC-26FEB1822-B66625 | yes | count=21.00 | yes=91c
Kalshi WS trade #8692: KXNCAAMBGAME-26FEB18BYUARIZ-BYU | yes | count=4.00 | yes=16c
Kalshi WS trade #8693: KXNCAAMBGAME-26FEB18BYUARIZ-BYU | yes | count=1.00 | yes=17c
Kalshi WS trade #8694: CONTROLH-2026-D | yes | count=31.00 | yes=79c
Kalshi WS trade #8695: KXNCAAMBGAME-26FEB18PACWSU-WSU | yes | count=25.00 | yes=52c
Kalshi WS trade #8696: KXNCAAMBGAME-26FEB18PACWSU-PAC | no | count=25.00 | yes=48c
Kalshi WS trade #8697: KXNCAAMBSPREAD-26FEB18BYUARIZ-ARIZ12 | yes | count=16.00 | yes=31c
Kalshi WS trade #8698: KXNCAAMBSPREAD-26FEB18BYUARIZ-ARIZ12 | yes | count=157.00 | yes=32c
Kalshi WS trade #8699: KXNCAAMBTOTAL-26FEB18PACWSU-153 | yes | count=1.00 | yes=55c
Kalshi WS trade #8700: KXBERNIEMENTION-26FEB19-BILL | yes | count=27.00 | yes=98c
Kalshi WS trade #8701: KXBERNIEMENTION-26FEB19-BILL | yes | count=24.00 | yes=98c
Kalshi WS trade #8702: KXHIGHNY-26FEB19-T40 | yes | count=20.00 | yes=29c
Kalshi WS trade #8703: KXNCAAMBGAME-26FEB18BYUARIZ-BYU | yes | count=4.00 | yes=16c
Kalshi WS trade #8704: KXNCAAMBGAME-26FEB18BYUARIZ-BYU | yes | count=51.00 | yes=17c
Kalshi WS trade #8705: KXNCAAMBGAME-26FEB18DEPHALL-HALL | yes | count=15.00 | yes=15c
Kalshi WS trade #8706: KXATPMATCH-26FEB18GIRRUU-GIR | yes | count=47.00 | yes=48c
Kalshi WS trade #8707: KXBTC15M-26FEB182200-00 | yes | count=32.00 | yes=75c
Kalshi WS trade #8708: KXNCAAMBGAME-26FEB18VANMIZZ-MIZZ | yes | count=17.00 | yes=54c
Kalshi WS trade #8709: KXNCAAWBGAME-26FEB18UNMGC-GC | yes | count=236.00 | yes=33c
Kalshi WS trade #8710: KXNCAAWBGAME-26FEB18UNMGC-GC | yes | count=53.00 | yes=33c
Poly WS trade #124: asset=20939351535690701474... | SELL | size=35.42 | price=0.963
Kalshi WS trade #8711: KXNCAAMBSPREAD-26FEB18BYUARIZ-ARIZ12 | yes | count=25.00 | yes=32c
Kalshi WS trade #8712: KXNCAAMBGAME-26FEB18BYUARIZ-BYU | no | count=47.00 | yes=15c
Kalshi WS trade #8713: KXNCAAMBGAME-26FEB18DEPHALL-HALL | no | count=50.00 | yes=14c
Kalshi WS trade #8714: KXNCAAMBSPREAD-26FEB18DEPHALL-DEP1 | no | count=50.00 | yes=87c
Kalshi WS trade #8715: KXNCAAMBGAME-26FEB18MDNW-MD | yes | count=156.00 | yes=3c
Kalshi WS trade #8716: KXNCAAMBSPREAD-26FEB18BYUARIZ-ARIZ9 | yes | count=10.00 | yes=51c
Kalshi WS trade #8717: KXNCAAMBSPREAD-26FEB18BYUARIZ-ARIZ9 | yes | count=9.00 | yes=51c
Kalshi WS trade #8718: KXNCAAMBSPREAD-26FEB18BYUARIZ-ARIZ9 | yes | count=190.00 | yes=51c
Kalshi WS trade #8719: KXNCAAMBSPREAD-26FEB18BYUARIZ-ARIZ9 | yes | count=58.00 | yes=52c
Poly WS trade #125: asset=69324317355037271422... | SELL | size=36 | price=0.034
Kalshi WS trade #8720: KXBTC15M-26FEB182200-00 | yes | count=131.00 | yes=75c
Kalshi WS trade #8721: KXNCAAMBGAME-26FEB18CHARTLSA-CHAR | yes | count=31.00 | yes=16c
Kalshi WS trade #8722: KXNCAAMBGAME-26FEB18CHARTLSA-CHAR | yes | count=28.00 | yes=16c
Kalshi WS trade #8723: KXNCAAMBGAME-26FEB18PACWSU-WSU | yes | count=1.00 | yes=53c
Kalshi WS trade #8724: KXNCAAMBGAME-26FEB18KENNMOSU-MOSU | yes | count=100.00 | yes=34c
Kalshi WS trade #8725: KXATPMATCH-26FEB18GIRRUU-GIR | yes | count=2.00 | yes=48c
Kalshi WS trade #8726: KXMVESPORTSMULTIGAMEEXTENDED-S202620D38E0C85F-FA1B9F07186 | yes | count=48.00 | yes=17c
Kalshi WS trade #8727: KXNCAAMBGAME-26FEB18DEPHALL-HALL | yes | count=227.00 | yes=15c
Kalshi WS trade #8728: KXMVESPORTSMULTIGAMEEXTENDED-S202677755FEFED2-3E35AAC8E91 | yes | count=20.00 | yes=67c
Kalshi WS trade #8729: KXNCAAMBGAME-26FEB18KENNMOSU-MOSU | yes | count=55.00 | yes=34c
Kalshi WS trade #8730: KXNCAAMBGAME-26FEB18KENNMOSU-MOSU | yes | count=10.00 | yes=34c
Kalshi WS trade #8731: KXNCAAMBGAME-26FEB18DEPHALL-HALL | no | count=559.00 | yes=14c
Kalshi WS trade #8732: KXNCAAMBGAME-26FEB18DEPHALL-HALL | no | count=709.00 | yes=14c
Kalshi WS trade #8733: KXNCAAMBGAME-26FEB18DEPHALL-HALL | no | count=100.00 | yes=13c
Kalshi WS trade #8734: KXNCAAMBGAME-26FEB18DEPHALL-HALL | no | count=700.00 | yes=13c
Kalshi WS trade #8735: KXNCAAMBGAME-26FEB18DEPHALL-HALL | no | count=709.00 | yes=13c
Kalshi WS trade #8736: KXNCAAMBGAME-26FEB18DEPHALL-HALL | no | count=709.00 | yes=13c
Kalshi WS trade #8737: KXNCAAMBGAME-26FEB18DEPHALL-HALL | no | count=709.00 | yes=13c
Kalshi WS trade #8738: KXNCAAMBGAME-26FEB18DEPHALL-HALL | no | count=709.00 | yes=13c
Kalshi WS trade #8739: KXNCAAMBGAME-26FEB18DEPHALL-HALL | no | count=709.00 | yes=13c
Kalshi WS trade #8740: KXNCAAMBGAME-26FEB18DEPHALL-HALL | no | count=709.00 | yes=13c
Kalshi WS trade #8741: KXNCAAMBGAME-26FEB18DEPHALL-HALL | no | count=5.00 | yes=13c
Kalshi WS trade #8742: KXNCAAMBGAME-26FEB18DEPHALL-HALL | no | count=25.00 | yes=12c
Kalshi WS trade #8743: KXNCAAMBGAME-26FEB18DEPHALL-HALL | no | count=17200.00 | yes=12c
Kalshi WS trade #8744: KXNCAAMBGAME-26FEB18DEPHALL-HALL | no | count=10.00 | yes=12c
Kalshi WS trade #8745: KXNCAAMBGAME-26FEB18DEPHALL-HALL | no | count=100.00 | yes=12c
Kalshi WS trade #8746: KXNCAAMBGAME-26FEB18DEPHALL-HALL | no | count=100.00 | yes=11c
Kalshi WS trade #8747: KXNCAAMBGAME-26FEB18DEPHALL-HALL | no | count=206.00 | yes=11c
Kalshi WS trade #8748: KXNCAAMBGAME-26FEB18DEPHALL-HALL | no | count=1064.00 | yes=11c
Kalshi WS trade #8749: KXNCAAMBGAME-26FEB18DEPHALL-HALL | no | count=2600.00 | yes=10c
Kalshi WS trade #8750: KXNCAAMBGAME-26FEB18BYUARIZ-ARIZ | yes | count=1.00 | yes=85c
Kalshi WS trade #8751: KXATPMATCH-26FEB18GIRRUU-RUU | no | count=20.00 | yes=52c
Kalshi WS trade #8752: KXNCAAMBGAME-26FEB18CHARTLSA-CHAR | yes | count=100.00 | yes=15c
Kalshi WS trade #8753: KXNCAAMBGAME-26FEB18CHARTLSA-CHAR | yes | count=100.00 | yes=15c
Kalshi WS trade #8754: KXNCAAMBGAME-26FEB18CHARTLSA-CHAR | yes | count=296.00 | yes=16c
Kalshi WS trade #8755: KXNCAAMBGAME-26FEB18CHARTLSA-CHAR | yes | count=20.00 | yes=16c
Kalshi WS trade #8756: KXNCAAMBGAME-26FEB18CHARTLSA-CHAR | yes | count=75.00 | yes=16c
Kalshi WS trade #8757: KXNCAAMBGAME-26FEB18CHARTLSA-CHAR | yes | count=60.00 | yes=16c
Kalshi WS trade #8758: KXNCAAMBGAME-26FEB18CHARTLSA-CHAR | yes | count=460.00 | yes=16c
Kalshi WS trade #8759: KXNCAAMBGAME-26FEB18VANMIZZ-VAN | yes | count=194.00 | yes=49c
Poly WS trade #126: asset=73192081854889000285... | BUY | size=142.562 | price=0.999
Kalshi WS trade #8760: KXJOBLESSCLAIMS-26FEB19-225000 | no | count=10.00 | yes=55c
Kalshi WS trade #8761: KXNCAAMBSPREAD-26FEB18CHARTLSA-TLSA4 | no | count=1.00 | yes=57c
Kalshi WS trade #8762: KXNCAAMBSPREAD-26FEB18CHARTLSA-TLSA4 | no | count=5.00 | yes=56c
Kalshi WS trade #8763: KXNCAAMBSPREAD-26FEB18CHARTLSA-TLSA4 | no | count=290.00 | yes=51c
Kalshi WS trade #8764: KXNCAAMBTOTAL-26FEB18BYUARIZ-161 | no | count=367.00 | yes=47c
Kalshi WS trade #8765: KXNCAAMBGAME-26FEB18DEPHALL-DEP | yes | count=15144.00 | yes=88c
Kalshi WS trade #8766: KXNCAAMBGAME-26FEB18DEPHALL-DEP | yes | count=10.00 | yes=88c
Kalshi WS trade #8767: KXNCAAMBGAME-26FEB18DEPHALL-DEP | yes | count=50.00 | yes=88c
Kalshi WS trade #8768: KXNCAAMBTOTAL-26FEB18SMCSEA-133 | yes | count=50.00 | yes=50c
Kalshi WS trade #8769: KXNCAAMBTOTAL-26FEB18SMCSEA-133 | yes | count=34.00 | yes=50c
Kalshi WS trade #8770: KXNCAAMBSPREAD-26FEB18MDNW-MD4 | no | count=200.00 | yes=1c
Kalshi WS trade #8771: KXSOL15M-26FEB182200-00 | no | count=4.00 | yes=78c
Kalshi WS trade #8772: KXNCAAMBGAME-26FEB18BYUARIZ-BYU | yes | count=4.00 | yes=16c
Kalshi WS trade #8773: KXNCAAMBGAME-26FEB18BYUARIZ-BYU | yes | count=23.00 | yes=17c
Kalshi WS trade #8774: KXMARMADROUND-26F4-ARIZ | yes | count=21.00 | yes=44c
Kalshi WS trade #8775: KXNCAAMBGAME-26FEB18DEPHALL-HALL | no | count=10.00 | yes=12c
Kalshi WS trade #8776: KXWOCURLGAME-26FEB14CHEUSA-USA | yes | count=4.00 | yes=31c
Kalshi WS trade #8777: KXWOCURLGAME-26FEB14CHEUSA-USA | yes | count=11.00 | yes=32c
Kalshi WS trade #8778: KXNCAAMBTOTAL-26FEB18KUOKST-152 | yes | count=8.00 | yes=59c
Kalshi WS trade #8779: KXNCAAMBGAME-26FEB18BYUARIZ-BYU | no | count=629.00 | yes=15c
Kalshi WS trade #8780: KXNCAAMBGAME-26FEB18NCCUSCST-SCST | yes | count=13.00 | yes=49c
Kalshi WS trade #8781: KXNCAAMBGAME-26FEB18NCCUSCST-SCST | yes | count=91.00 | yes=49c
Kalshi WS trade #8782: KXATPMATCH-26FEB18GIRRUU-RUU | yes | count=30.00 | yes=53c
Kalshi WS trade #8783: KXATPMATCH-26FEB18GIRRUU-RUU | yes | count=180.00 | yes=53c
Kalshi WS trade #8784: KXATPMATCH-26FEB18GIRRUU-RUU | yes | count=180.00 | yes=53c
Kalshi WS trade #8785: KXATPMATCH-26FEB18GIRRUU-RUU | yes | count=180.00 | yes=53c
Kalshi WS trade #8786: KXATPMATCH-26FEB18GIRRUU-RUU | yes | count=180.00 | yes=53c
Kalshi WS trade #8787: KXATPMATCH-26FEB18GIRRUU-RUU | yes | count=528.00 | yes=53c
Kalshi WS trade #8788: KXNCAAMBTOTAL-26FEB18VANMIZZ-148 | yes | count=6.00 | yes=49c
Kalshi WS trade #8789: KXNCAAMBTOTAL-26FEB18VANMIZZ-148 | yes | count=30.00 | yes=49c
Kalshi WS trade #8790: KXNCAAMBTOTAL-26FEB18VANMIZZ-148 | yes | count=201.00 | yes=50c
Kalshi WS trade #8791: KXNCAAMBGAME-26FEB18DEPHALL-DEP | no | count=55.00 | yes=87c
Kalshi WS trade #8792: KXATPMATCH-26FEB18GIRRUU-GIR | no | count=145.00 | yes=47c
Kalshi WS trade #8793: KXNCAAMBGAME-26FEB18DEPHALL-HALL | yes | count=12.00 | yes=13c
Kalshi WS trade #8794: KXNCAAMBGAME-26FEB18CHARTLSA-CHAR | yes | count=11.00 | yes=16c
Kalshi WS trade #8795: KXNCAAMBTOTAL-26FEB18BYUARIZ-164 | yes | count=2.00 | yes=37c
Kalshi WS trade #8796: KXNCAAMBGAME-26FEB18BYUARIZ-BYU | yes | count=4.00 | yes=16c
Kalshi WS trade #8797: KXNCAAMBGAME-26FEB18BYUARIZ-BYU | yes | count=40.00 | yes=17c
Kalshi WS trade #8798: KXNCAAMBGAME-26FEB18BYUARIZ-BYU | yes | count=25.00 | yes=17c
Kalshi WS trade #8799: KXATPMATCH-26FEB18GIRRUU-RUU | yes | count=100.00 | yes=53c
Kalshi WS trade #8800: KXNCAAMBGAME-26FEB18DEPHALL-DEP | no | count=67.00 | yes=87c
Kalshi WS trade #8801: KXNCAAMBGAME-26FEB18DEPHALL-HALL | no | count=699.00 | yes=12c
Kalshi WS trade #8802: KXNCAAMBGAME-26FEB18DEPHALL-HALL | no | count=709.00 | yes=12c
Kalshi WS trade #8803: KXNCAAMBGAME-26FEB18DEPHALL-HALL | no | count=709.00 | yes=12c
Kalshi WS trade #8804: KXBTC15M-26FEB182200-00 | no | count=3.00 | yes=71c
Kalshi WS trade #8805: KXBTC15M-26FEB182200-00 | no | count=4.00 | yes=70c
Kalshi WS trade #8806: KXBTC15M-26FEB182200-00 | no | count=20.00 | yes=70c
Kalshi WS trade #8807: KXBTC15M-26FEB182200-00 | no | count=3.00 | yes=70c
Kalshi WS trade #8808: KXNCAAMBTOTAL-26FEB18GONZSF-156 | yes | count=100.00 | yes=32c
Kalshi WS trade #8809: KXATPMATCH-26FEB18GIRRUU-GIR | no | count=27.00 | yes=47c
Kalshi WS trade #8810: KXMAKEMARMAD-26-AUB | no | count=1.00 | yes=79c
Kalshi WS trade #8811: KXMAKEMARMAD-26-AUB | no | count=1.00 | yes=79c
Kalshi WS trade #8812: KXMAKEMARMAD-26-AUB | no | count=1.00 | yes=79c
Kalshi WS trade #8813: KXMVESPORTSMULTIGAMEEXTENDED-S2026D6E44EECB50-A69412B58F6 | yes | count=50.00 | yes=15c
Kalshi WS trade #8814: KXNCAAMBGAME-26FEB18PACWSU-PAC | no | count=200.00 | yes=45c
Kalshi WS trade #8815: KXNCAAMBGAME-26FEB18CHARTLSA-CHAR | yes | count=5.00 | yes=16c
Poly WS trade #127: asset=11108067103612610965... | SELL | size=30 | price=0.994
Kalshi WS trade #8816: KXNCAAMBGAME-26FEB18UTAHWVU-UTAH | yes | count=66.00 | yes=57c
Kalshi WS trade #8817: KXNCAAMBGAME-26FEB18BYUARIZ-ARIZ | yes | count=232.00 | yes=85c
Kalshi WS trade #8818: KXNASCARRACE-AUT26-RYBL | yes | count=46.00 | yes=8c
Kalshi WS trade #8819: KXNASCARRACE-AUT26-RYBL | yes | count=71.00 | yes=8c
Kalshi WS trade #8820: KXUFCFIGHT-26FEB21STRHER-STR | yes | count=63.00 | yes=30c
Kalshi WS trade #8821: KXNCAAMBGAME-26FEB18CHARTLSA-TLSA | yes | count=50.00 | yes=87c
Kalshi WS trade #8822: KXNCAAMBGAME-26FEB18CHARTLSA-CHAR | yes | count=59.00 | yes=16c
Kalshi WS trade #8823: KXNCAAMBGAME-26FEB18CHARTLSA-CHAR | yes | count=52.00 | yes=16c
Kalshi WS trade #8824: KXBTC15M-26FEB182200-00 | no | count=16.00 | yes=70c
Kalshi WS trade #8825: KXBTC15M-26FEB182200-00 | no | count=1.00 | yes=69c
Kalshi WS trade #8826: KXBTC15M-26FEB182200-00 | no | count=3.00 | yes=69c
Kalshi WS trade #8827: KXBTC15M-26FEB182200-00 | no | count=10.00 | yes=69c
Kalshi WS trade #8828: KXNCAAMBGAME-26FEB18CHARTLSA-TLSA | no | count=52.00 | yes=86c
Kalshi WS trade #8829: KXBTCD-26FEB1822-T66749.99 | no | count=8.00 | yes=10c
Kalshi WS trade #8830: KXBTCD-26FEB1822-T66749.99 | no | count=3.00 | yes=10c
Kalshi WS trade #8831: KXNCAAMBGAME-26FEB18KENNMOSU-KENN | yes | count=24.00 | yes=68c
Kalshi WS trade #8832: KXNCAAMBGAME-26FEB18KENNMOSU-KENN | yes | count=11.00 | yes=68c
Kalshi WS trade #8833: KXNCAAMBGAME-26FEB18VANMIZZ-MIZZ | yes | count=17.00 | yes=54c
Kalshi WS trade #8834: KXBTC15M-26FEB182200-00 | yes | count=4.00 | yes=72c
Kalshi WS trade #8835: KXBTC15M-26FEB182200-00 | yes | count=1.00 | yes=72c
Kalshi WS trade #8836: KXATPMATCH-26FEB18GIRRUU-GIR | yes | count=1395.00 | yes=48c
Kalshi WS trade #8837: KXATPMATCH-26FEB18GIRRUU-GIR | yes | count=180.00 | yes=48c
Kalshi WS trade #8838: KXATPMATCH-26FEB18GIRRUU-GIR | yes | count=180.00 | yes=48c
Kalshi WS trade #8839: KXATPMATCH-26FEB18GIRRUU-GIR | yes | count=180.00 | yes=48c
Kalshi WS trade #8840: KXATPMATCH-26FEB18GIRRUU-GIR | yes | count=180.00 | yes=48c
Kalshi WS trade #8841: KXATPMATCH-26FEB18GIRRUU-GIR | yes | count=180.00 | yes=49c
Kalshi WS trade #8842: KXATPMATCH-26FEB18GIRRUU-GIR | yes | count=180.00 | yes=49c
Kalshi WS trade #8843: KXATPMATCH-26FEB18GIRRUU-GIR | yes | count=706.00 | yes=49c
Kalshi WS trade #8844: KXNCAAMB1HTOTAL-26FEB18BYUARIZ-81 | yes | count=195.00 | yes=95c
Kalshi WS trade #8845: KXENGAGEMENTTIMOTHEEKYLIE-26 | yes | count=11.00 | yes=47c
Kalshi WS trade #8846: KXENGAGEMENTTIMOTHEEKYLIE-26 | yes | count=11.00 | yes=47c
Kalshi WS trade #8847: KXENGAGEMENTTIMOTHEEKYLIE-26 | yes | count=8.00 | yes=47c
Kalshi WS trade #8848: KXNCAAMBGAME-26FEB18PACWSU-WSU | yes | count=100.00 | yes=54c
Kalshi WS trade #8849: KXNCAAMBGAME-26FEB18PACWSU-WSU | yes | count=22.00 | yes=54c
Kalshi WS trade #8850: KXSAGAWARDENSEMBLE-26-SIN | no | count=10.00 | yes=57c
Kalshi WS trade #8851: KXNCAAWBGAME-26FEB18UNMGC-UNM | yes | count=1.00 | yes=72c
Kalshi WS trade #8852: KXATPMATCH-26FEB18GIRRUU-RUU | no | count=90.00 | yes=52c
Kalshi WS trade #8853: KXNCAAMBGAME-26FEB18MDNW-MD | yes | count=31.00 | yes=3c
Kalshi WS trade #8854: KXNCAAMBGAME-26FEB18CHARTLSA-CHAR | no | count=10.00 | yes=14c
Kalshi WS trade #8855: KXNCAAMBGAME-26FEB18CHARTLSA-CHAR | no | count=40.00 | yes=14c
Kalshi WS trade #8856: KXNCAAMBGAME-26FEB18CHARTLSA-CHAR | no | count=50.00 | yes=14c
Kalshi WS trade #8857: KXNCAAMBGAME-26FEB18CHARTLSA-CHAR | no | count=50.00 | yes=14c
Kalshi WS trade #8858: KXNCAAMBGAME-26FEB18CHARTLSA-CHAR | no | count=50.00 | yes=14c
Kalshi WS trade #8859: KXNCAAMBGAME-26FEB18DEPHALL-HALL | yes | count=500.00 | yes=12c
Kalshi WS trade #8860: KXNCAAMBGAME-26FEB18CHARTLSA-CHAR | no | count=50.00 | yes=14c
Kalshi WS trade #8861: KXNCAAMBGAME-26FEB18BYUARIZ-BYU | yes | count=5.00 | yes=16c
Kalshi WS trade #8862: KXNCAAMBGAME-26FEB18BYUARIZ-BYU | yes | count=22.00 | yes=17c
Kalshi WS trade #8863: KXPGATOUR-THGI26-SSCH | yes | count=16.00 | yes=23c
Kalshi WS trade #8864: KXNCAAMBGAME-26FEB18CHARTLSA-CHAR | no | count=50.00 | yes=14c
Kalshi WS trade #8865: KXATPMATCH-26FEB18GIRRUU-RUU | no | count=1298.00 | yes=52c
Kalshi WS trade #8866: KXATPMATCH-26FEB18GIRRUU-RUU | no | count=14.00 | yes=52c
Kalshi WS trade #8867: KXBOSSNOWM-26FEB-20.0 | no | count=11.00 | yes=15c
Kalshi WS trade #8868: KXNCAAMBGAME-26FEB18AUBMSST-MSST | yes | count=23.00 | yes=84c
Kalshi WS trade #8869: KXNCAAMBTOTAL-26FEB18BYUARIZ-167 | yes | count=143.00 | yes=30c
Kalshi WS trade #8870: KXNCAAMBGAME-26FEB18SMCSEA-SEA | yes | count=58.00 | yes=8c
Kalshi WS trade #8871: KXNCAAMBGAME-26FEB18DEPHALL-HALL | yes | count=1.00 | yes=12c
Kalshi WS trade #8872: KXNCAAMBGAME-26FEB18CHARTLSA-CHAR | no | count=50.00 | yes=14c
Kalshi WS trade #8873: KXATPMATCH-26FEB18GIRRUU-GIR | yes | count=200.00 | yes=48c
Kalshi WS trade #8874: KXNCAAMBTOTAL-26FEB18BYUARIZ-161 | yes | count=14.00 | yes=48c
Kalshi WS trade #8875: KXNCAAMBGAME-26FEB18UTAHWVU-WVU | yes | count=4.00 | yes=44c
Kalshi WS trade #8876: KXNCAAMBGAME-26FEB18CHARTLSA-CHAR | yes | count=50.00 | yes=15c
Kalshi WS trade #8877: KXNCAAMBGAME-26FEB18CHARTLSA-CHAR | yes | count=50.00 | yes=15c
Kalshi WS trade #8878: KXNCAAMBGAME-26FEB18CHARTLSA-CHAR | yes | count=11.00 | yes=15c
Kalshi WS trade #8879: KXNCAAMBGAME-26FEB18BYUARIZ-BYU | yes | count=5.00 | yes=16c
Kalshi WS trade #8880: KXNCAAMBSPREAD-26FEB18DEPHALL-DEP7 | yes | count=25.00 | yes=34c
Kalshi WS trade #8881: KXBTC15M-26FEB182200-00 | yes | count=19.00 | yes=72c
Kalshi WS trade #8882: KXBTC15M-26FEB182200-00 | yes | count=3.00 | yes=73c
Kalshi WS trade #8883: KXBTC15M-26FEB182200-00 | yes | count=3.00 | yes=73c
Kalshi WS trade #8884: KXNCAAMBGAME-26FEB18CHARTLSA-CHAR | no | count=50.00 | yes=14c
Kalshi WS trade #8885: KXDJTVOSTARIFFS | yes | count=3.00 | yes=28c
Kalshi WS trade #8886: KXNCAAMBGAME-26FEB18CHARTLSA-CHAR | yes | count=217.00 | yes=15c
Kalshi WS trade #8887: KXNCAAMBGAME-26FEB18CHARTLSA-CHAR | yes | count=338.00 | yes=15c
Kalshi WS trade #8888: KXNCAAWBGAME-26FEB18UNMGC-UNM | yes | count=20.00 | yes=72c
Kalshi WS trade #8889: KXNCAAMBTOTAL-26FEB18DEPHALL-127 | no | count=3.00 | yes=55c
Kalshi WS trade #8890: KXNCAAMBGAME-26FEB18CHARTLSA-CHAR | no | count=50.00 | yes=14c
Kalshi WS trade #8891: KXNCAAMBGAME-26FEB18UTAHWVU-UTAH | yes | count=8.00 | yes=57c
Kalshi WS trade #8892: KXNCAAMBTOTAL-26FEB18ILLUSC-150 | yes | count=69.00 | yes=54c
Kalshi WS trade #8893: KXATPMATCH-26FEB18GIRRUU-GIR | yes | count=40.00 | yes=48c
Kalshi WS trade #8894: KXNCAAMBGAME-26FEB18BYUARIZ-BYU | yes | count=1.00 | yes=16c
Kalshi WS trade #8895: KXNCAAMBGAME-26FEB18BYUARIZ-BYU | yes | count=4.00 | yes=16c
Kalshi WS trade #8896: KXMVESPORTSMULTIGAMEEXTENDED-S20262B89C0DEBC7-DC9F955A4FA | yes | count=39.00 | yes=23c
Kalshi WS trade #8897: KXNCAAMBGAME-26FEB18BYUARIZ-BYU | yes | count=1.00 | yes=16c
Kalshi WS trade #8898: KXNCAAMBGAME-26FEB18BYUARIZ-BYU | yes | count=10.00 | yes=17c
Kalshi WS trade #8899: KXNCAAMBGAME-26FEB18VANMIZZ-VAN | yes | count=200.00 | yes=49c
Kalshi WS trade #8900: KXMVESPORTSMULTIGAMEEXTENDED-S20261D5F0772FA9-B48B59ED630 | yes | count=607.00 | yes=2c
Kalshi WS trade #8901: KXNCAAMBGAME-26FEB18PACWSU-PAC | no | count=25.00 | yes=43c
Kalshi WS trade #8902: KXNCAAMBGAME-26FEB18PACWSU-PAC | no | count=25.00 | yes=43c
Kalshi WS trade #8903: KXFEDCHAIRNOM-29-KW | no | count=1.00 | yes=94c
Kalshi WS trade #8904: KXMVESPORTSMULTIGAMEEXTENDED-S2026656CC82B075-9D716AF53FC | yes | count=4.00 | yes=48c
Kalshi WS trade #8905: KXBTC15M-26FEB182200-00 | yes | count=2.00 | yes=73c
Kalshi WS trade #8906: KXBTC15M-26FEB182200-00 | yes | count=24.00 | yes=74c
Kalshi WS trade #8907: KXNCAAMBGAME-26FEB18KUOKST-OKST | yes | count=12.00 | yes=6c
Kalshi WS trade #8908: KXNCAAMBTOTAL-26FEB18BYUARIZ-158 | no | count=17.00 | yes=57c
Kalshi WS trade #8909: KXNCAAMBGAME-26FEB18VANMIZZ-VAN | yes | count=9303.00 | yes=49c
Kalshi WS trade #8910: KXNCAAMBGAME-26FEB18VANMIZZ-VAN | yes | count=19.00 | yes=49c
Kalshi WS trade #8911: KXNCAAMBGAME-26FEB18VANMIZZ-VAN | yes | count=60.00 | yes=49c
Kalshi WS trade #8912: KXNCAAMBGAME-26FEB18VANMIZZ-VAN | yes | count=125.00 | yes=49c
Kalshi WS trade #8913: KXNCAAMBGAME-26FEB18VANMIZZ-VAN | yes | count=69.00 | yes=49c
Kalshi WS trade #8914: KXNCAAMBGAME-26FEB18VANMIZZ-VAN | yes | count=227.00 | yes=49c
Kalshi WS trade #8915: KXNCAAMBGAME-26FEB18CHARTLSA-CHAR | no | count=57.00 | yes=14c
Kalshi WS trade #8916: KXOSCARPIC-26-TRA | yes | count=280.00 | yes=1c
Kalshi WS trade #8917: KXNCAAMBGAME-26FEB18UVAGT-GT | yes | count=33.00 | yes=1c
Kalshi WS trade #8918: KXNCAAMBGAME-26FEB18UTAHWVU-UTAH | yes | count=26.00 | yes=57c
Kalshi WS trade #8919: KXNCAAMBGAME-26FEB18UTAHWVU-UTAH | yes | count=24.00 | yes=57c
Kalshi WS trade #8920: KXNCAAMBTOTAL-26FEB18ILLUSC-150 | yes | count=44.00 | yes=54c
Kalshi WS trade #8921: KXSTARMERMENTIONB-26FEB19-HEAL | yes | count=280.00 | yes=1c
Kalshi WS trade #8922: KXWOHOCKEY-WOMEN26CGOLD-USA | yes | count=5.00 | yes=82c
Kalshi WS trade #8923: KXNCAAMBGAME-26FEB18DEPHALL-HALL | yes | count=1599.00 | yes=12c
Kalshi WS trade #8924: KXNCAAMBGAME-26FEB18CHARTLSA-CHAR | no | count=3.00 | yes=14c
Kalshi WS trade #8925: KXNCAAWBGAME-26FEB18DENUMKC-UMKC | yes | count=46.00 | yes=1c
Kalshi WS trade #8926: KXNCAAMBGAME-26FEB18DEPHALL-HALL | yes | count=134.00 | yes=12c
Kalshi WS trade #8927: KXNCAAMBGAME-26FEB18PACWSU-WSU | yes | count=1.00 | yes=54c
Kalshi WS trade #8928: KXBERNIEMENTION-26FEB19-BILL | yes | count=3.00 | yes=99c
Kalshi WS trade #8929: KXLOWTCHI-26FEB18-B42.5 | yes | count=90.00 | yes=5c
Kalshi WS trade #8930: KXLOWTCHI-26FEB18-B42.5 | yes | count=15.00 | yes=5c
Kalshi WS trade #8931: KXPGATOP10-THGI26-MFIT | yes | count=264.00 | yes=26c
Kalshi WS trade #8932: KXPGATOP10-THGI26-LABE | yes | count=1922.00 | yes=18c
Kalshi WS trade #8933: KXPGATOP10-THGI26-LABE | yes | count=1539.00 | yes=19c
Kalshi WS trade #8934: KXNCAAMBGAME-26FEB18BYUARIZ-BYU | no | count=141.00 | yes=15c
Kalshi WS trade #8935: KXNCAAMBGAME-26FEB18BYUARIZ-BYU | no | count=163.00 | yes=15c
Kalshi WS trade #8936: KXBTC15M-26FEB182200-00 | yes | count=14.00 | yes=74c
Kalshi WS trade #8937: KXATPMATCH-26FEB18GIRRUU-RUU | no | count=959.00 | yes=51c
Kalshi WS trade #8938: KXNCAAMBGAME-26FEB18NDSUSDST-SDST | yes | count=62.00 | yes=3c
Kalshi WS trade #8939: KXNCAAMBGAME-26FEB18NDSUSDST-SDST | yes | count=31.00 | yes=3c
Kalshi WS trade #8940: KXNCAAMBGAME-26FEB18CHARTLSA-CHAR | yes | count=50.00 | yes=14c
Kalshi WS trade #8941: KXNCAAMBGAME-26FEB18CHARTLSA-CHAR | yes | count=12.00 | yes=14c
Kalshi WS trade #8942: KXNCAAMBGAME-26FEB18VANMIZZ-MIZZ | yes | count=176.00 | yes=54c
Kalshi WS trade #8943: KXNCAAMBGAME-26FEB18VANMIZZ-VAN | yes | count=5.00 | yes=49c
Kalshi WS trade #8944: KXNCAAMBGAME-26FEB18NCCUSCST-NCCU | yes | count=45.00 | yes=53c
Kalshi WS trade #8945: KXNCAAMBGAME-26FEB18DEPHALL-HALL | no | count=20.00 | yes=11c
Kalshi WS trade #8946: KXNCAAMBGAME-26FEB18NCCUSCST-SCST | yes | count=9.00 | yes=49c
Kalshi WS trade #8947: KXXRP15M-26FEB182200-00 | no | count=23.00 | yes=89c
Kalshi WS trade #8948: KXXRP15M-26FEB182200-00 | no | count=62.00 | yes=89c
Kalshi WS trade #8949: KXNCAAMBGAME-26FEB18BYUARIZ-BYU | yes | count=5.00 | yes=16c
Kalshi WS trade #8950: KXNCAAMBGAME-26FEB18BYUARIZ-BYU | yes | count=273.00 | yes=17c
Kalshi WS trade #8951: KXNCAAMBGAME-26FEB18DEPHALL-DEP | yes | count=1.00 | yes=89c
Kalshi WS trade #8952: KXNCAAMBTOTAL-26FEB18SJUMARQ-160 | no | count=33.00 | yes=48c
Kalshi WS trade #8953: KXBTC15M-26FEB182200-00 | no | count=1.00 | yes=72c
Kalshi WS trade #8954: KXATPMATCH-26FEB18GIRRUU-GIR | yes | count=40.00 | yes=48c
Kalshi WS trade #8955: KXMVESPORTSMULTIGAMEEXTENDED-S2026B00D1282A86-F52499E640F | yes | count=138.00 | yes=10c
Kalshi WS trade #8956: KXNCAAMBGAME-26FEB18KENNMOSU-MOSU | yes | count=83.00 | yes=34c
Kalshi WS trade #8957: KXMVESPORTSMULTIGAMEEXTENDED-S2026D075136CBD6-A990D4EFC7A | yes | count=275.00 | yes=6c
Kalshi WS trade #8958: KXNCAAMBGAME-26FEB18BYUARIZ-BYU | yes | count=5.00 | yes=16c
Kalshi WS trade #8959: KXNCAAMBGAME-26FEB18NCCUSCST-NCCU | yes | count=87.00 | yes=53c
Kalshi WS trade #8960: KXNCAAMBGAME-26FEB18NCCUSCST-NCCU | yes | count=4.00 | yes=53c
Kalshi WS trade #8961: KXNCAAMBGAME-26FEB18SJUMARQ-MARQ | yes | count=78.00 | yes=18c
Kalshi WS trade #8962: KXNCAAMBGAME-26FEB18DEPHALL-HALL | yes | count=142.00 | yes=12c
Poly WS trade #128: asset=11108067103612610965... | SELL | size=8.04 | price=0.994
Kalshi WS trade #8963: KXNCAAMBGAME-26FEB18SJUMARQ-MARQ | yes | count=52.00 | yes=18c
Kalshi WS trade #8964: KXNCAAMBGAME-26FEB18BYUARIZ-BYU | yes | count=1.00 | yes=17c
Kalshi WS trade #8965: KXNCAAMBSPREAD-26FEB18SJUMARQ-SJU9 | yes | count=6.00 | yes=49c
Kalshi WS trade #8966: KXNCAAWBGAME-26FEB18UNMGC-GC | yes | count=20.00 | yes=33c
Kalshi WS trade #8967: KXNCAAMBGAME-26FEB18DEPHALL-HALL | yes | count=6.00 | yes=12c
Kalshi WS trade #8968: KXNCAAMBGAME-26FEB18UTAHWVU-WVU | yes | count=217.00 | yes=44c
Kalshi WS trade #8969: KXSOL15M-26FEB182200-00 | yes | count=6.00 | yes=81c
Kalshi WS trade #8970: KXATPMATCH-26FEB18GIRRUU-RUU | yes | count=180.00 | yes=52c
Kalshi WS trade #8971: KXNCAAMBGAME-26FEB18DEPHALL-HALL | yes | count=25.00 | yes=12c
Kalshi WS trade #8972: KXNCAAMBGAME-26FEB18PACWSU-WSU | yes | count=9.00 | yes=54c
Kalshi WS trade #8973: KXNCAAMBSPREAD-26FEB18KUOKST-KU21 | yes | count=1.00 | yes=19c
Kalshi WS trade #8974: KXNCAAMBSPREAD-26FEB18KUOKST-KU21 | yes | count=10.00 | yes=19c
Kalshi WS trade #8975: KXNCAAMBSPREAD-26FEB18KUOKST-KU21 | yes | count=16.00 | yes=20c
Kalshi WS trade #8976: KXATPMATCH-26FEB18GIRRUU-GIR | no | count=76.00 | yes=47c
Kalshi WS trade #8977: KXATPMATCH-26FEB18GIRRUU-RUU | yes | count=8.00 | yes=52c
Kalshi WS trade #8978: KXNCAAMBGAME-26FEB18BYUARIZ-BYU | yes | count=2.00 | yes=16c
Kalshi WS trade #8979: KXATPMATCH-26FEB18GIRRUU-RUU | yes | count=9.00 | yes=53c
Kalshi WS trade #8980: KXNCAAMBGAME-26FEB18BYUARIZ-BYU | yes | count=3.00 | yes=16c
Kalshi WS trade #8981: KXNCAAMBGAME-26FEB18BYUARIZ-BYU | yes | count=108.00 | yes=17c
Kalshi WS trade #8982: KXNCAAMBGAME-26FEB18CHARTLSA-CHAR | yes | count=29.00 | yes=14c
Kalshi WS trade #8983: KXNCAAMBTOTAL-26FEB18UTAHWVU-127 | no | count=50.00 | yes=34c
Kalshi WS trade #8984: KXNCAAMBGAME-26FEB18ORUNEOM-NEOM | yes | count=2.00 | yes=98c
Kalshi WS trade #8985: KXNCAAMBGAME-26FEB18CHARTLSA-CHAR | yes | count=9.00 | yes=14c
Kalshi WS trade #8986: KXNCAAMBGAME-26FEB18CHARTLSA-CHAR | yes | count=50.00 | yes=14c
Kalshi WS trade #8987: KXNCAAMBGAME-26FEB18CHARTLSA-CHAR | yes | count=50.00 | yes=14c
Kalshi WS trade #8988: KXNCAAMBGAME-26FEB18CHARTLSA-CHAR | yes | count=50.00 | yes=14c
Kalshi WS trade #8989: KXNCAAMBGAME-26FEB18CHARTLSA-CHAR | yes | count=155.00 | yes=14c
Kalshi WS trade #8990: KXATPMATCH-26FEB18GIRRUU-GIR | yes | count=140.00 | yes=48c
Kalshi WS trade #8991: KXATPMATCH-26FEB18GIRRUU-GIR | yes | count=180.00 | yes=48c
Kalshi WS trade #8992: KXATPMATCH-26FEB18GIRRUU-GIR | yes | count=101.00 | yes=49c
Kalshi WS trade #8993: KXSAGAWARDENSEMBLE-26-SIN | no | count=10.00 | yes=57c
Kalshi WS trade #8994: KXBTCMAX150-25-26APR30-149999.99 | yes | count=17.00 | yes=4c
Kalshi WS trade #8995: KXBTCMAX150-25-26APR30-149999.99 | yes | count=33.00 | yes=5c
Kalshi WS trade #8996: KXNCAAMBGAME-26FEB18CHARTLSA-CHAR | yes | count=668.00 | yes=14c
Kalshi WS trade #8997: KXNCAAWBGAME-26FEB18UNMGC-UNM | yes | count=286.00 | yes=70c
Kalshi WS trade #8998: KXNCAAWBGAME-26FEB18UNMGC-UNM | yes | count=250.00 | yes=71c
Kalshi WS trade #8999: KXNCAAWBGAME-26FEB18UNMGC-UNM | yes | count=286.00 | yes=71c
Kalshi WS trade #9000: KXNCAAWBGAME-26FEB18UNMGC-UNM | yes | count=286.00 | yes=71c
Kalshi WS trade #9001: KXNCAAWBGAME-26FEB18UNMGC-UNM | yes | count=149.00 | yes=72c
Kalshi WS trade #9002: KXNCAAWBGAME-26FEB18UNMGC-UNM | yes | count=170.00 | yes=72c
Kalshi WS trade #9003: KXNCAAWBGAME-26FEB18UNMGC-GC | no | count=30.00 | yes=31c
Kalshi WS trade #9004: KXNCAAWBGAME-26FEB18UNMGC-UNM | no | count=30.00 | yes=74c
Kalshi WS trade #9005: KXATPMATCH-26FEB19ALCKHA-KHA | yes | count=10.00 | yes=9c
Kalshi WS trade #9006: KXNCAAMBGAME-26FEB18VANMIZZ-MIZZ | yes | count=35.00 | yes=54c
Kalshi WS trade #9007: KXNCAAMBGAME-26FEB18FAUUTSA-UTSA | yes | count=187.00 | yes=1c
Kalshi WS trade #9008: KXBTC15M-26FEB182200-00 | no | count=4.00 | yes=71c
Kalshi WS trade #9009: KXBTC15M-26FEB182200-00 | no | count=44.00 | yes=70c
Kalshi WS trade #9010: KXNCAAMBGAME-26FEB18CHARTLSA-CHAR | yes | count=52.00 | yes=14c
Kalshi WS trade #9011: KXATPMATCH-26FEB18GIRRUU-RUU | no | count=153.00 | yes=51c
Poly WS trade #129: asset=69324317355037271422... | SELL | size=25 | price=0.034
Kalshi WS trade #9012: KXETH15M-26FEB182200-00 | yes | count=137.00 | yes=66c
Kalshi WS trade #9013: KXETH15M-26FEB182200-00 | yes | count=5.00 | yes=67c
Kalshi WS trade #9014: KXETH15M-26FEB182200-00 | yes | count=25.00 | yes=67c
Kalshi WS trade #9015: KXETH15M-26FEB182200-00 | yes | count=20.00 | yes=67c
Kalshi WS trade #9016: KXETH15M-26FEB182200-00 | yes | count=177.00 | yes=68c
Kalshi WS trade #9017: KXNCAAMBSPREAD-26FEB18BYUARIZ-ARIZ9 | no | count=30.00 | yes=49c
Kalshi WS trade #9018: KXNCAAMBSPREAD-26FEB18BYUARIZ-ARIZ9 | no | count=9.00 | yes=49c
Kalshi WS trade #9019: KXNCAAMBSPREAD-26FEB18BYUARIZ-ARIZ9 | no | count=10.00 | yes=49c
Kalshi WS trade #9020: KXNCAAMBGAME-26FEB18VANMIZZ-VAN | yes | count=120.00 | yes=49c
Kalshi WS trade #9021: KXNCAAMBGAME-26FEB18VANMIZZ-VAN | yes | count=60.00 | yes=49c
Kalshi WS trade #9022: KXNCAAMBGAME-26FEB18VANMIZZ-VAN | yes | count=20.00 | yes=49c
Kalshi WS trade #9023: KXNCAAMBTOTAL-26FEB18SMCSEA-139 | yes | count=30.00 | yes=31c
Kalshi WS trade #9024: KXNCAAMBSPREAD-26FEB18BYUARIZ-ARIZ9 | no | count=10.00 | yes=49c
Kalshi WS trade #9025: KXNCAAWBGAME-26FEB18UNMGC-UNM | yes | count=5.00 | yes=75c
Kalshi WS trade #9026: KXNCAAMBGAME-26FEB18VANMIZZ-VAN | yes | count=10.00 | yes=49c
Kalshi WS trade #9027: KXNCAAMBGAME-26FEB18VANMIZZ-VAN | yes | count=1.00 | yes=50c
Kalshi WS trade #9028: KXNCAAMBGAME-26FEB18VANMIZZ-MIZZ | yes | count=44.00 | yes=54c
Kalshi WS trade #9029: KXNCAAMBGAME-26FEB18DEPHALL-HALL | yes | count=39.00 | yes=12c
Kalshi WS trade #9030: KXNCAAMBSPREAD-26FEB18KUOKST-KU15 | yes | count=4.00 | yes=45c
Kalshi WS trade #9031: KXNCAAMBGAME-26FEB18CHARTLSA-TLSA | no | count=50.00 | yes=86c
Kalshi WS trade #9032: KXNCAAMBGAME-26FEB18VANMIZZ-VAN | yes | count=11.00 | yes=50c
Kalshi WS trade #9033: KXNCAAMBGAME-26FEB18KENNMOSU-KENN | yes | count=24.00 | yes=68c
Kalshi WS trade #9034: KXNCAAMBGAME-26FEB18KENNMOSU-KENN | yes | count=35.00 | yes=68c
Kalshi WS trade #9035: KXNCAAMBGAME-26FEB18KENNMOSU-KENN | yes | count=12.00 | yes=68c
Kalshi WS trade #9036: KXNCAAMBGAME-26FEB18BYUARIZ-ARIZ | yes | count=4.00 | yes=85c
Kalshi WS trade #9037: KXNCAAMBGAME-26FEB18NCCUSCST-SCST | yes | count=49.00 | yes=49c
Kalshi WS trade #9038: KXNCAAMBGAME-26FEB18KENNMOSU-KENN | yes | count=23.00 | yes=68c
Kalshi WS trade #9039: KXNCAAMBGAME-26FEB18KENNMOSU-KENN | yes | count=35.00 | yes=68c
Kalshi WS trade #9040: KXNCAAMBGAME-26FEB18KENNMOSU-KENN | yes | count=100.00 | yes=68c
Kalshi WS trade #9041: KXNCAAMBGAME-26FEB18KENNMOSU-KENN | yes | count=35.00 | yes=68c
Kalshi WS trade #9042: KXNCAAMBGAME-26FEB18KENNMOSU-KENN | yes | count=35.00 | yes=68c
Kalshi WS trade #9043: KXNCAAMBGAME-26FEB18KENNMOSU-KENN | yes | count=35.00 | yes=68c
Kalshi WS trade #9044: KXNCAAWBGAME-26FEB18TARLSUU-SUU | yes | count=30.00 | yes=96c
Kalshi WS trade #9045: KXNCAAWBGAME-26FEB18TARLSUU-SUU | yes | count=55.00 | yes=98c
Kalshi WS trade #9046: KXNCAAWBGAME-26FEB18TARLSUU-SUU | yes | count=170.00 | yes=98c
Kalshi WS trade #9047: KXNCAAMBGAME-26FEB18CHARTLSA-CHAR | yes | count=62.00 | yes=14c
Kalshi WS trade #9048: KXNCAAMBSPREAD-26FEB18VANMIZZ-MIZZ10 | yes | count=1000.00 | yes=18c
Kalshi WS trade #9049: KXNCAAMBSPREAD-26FEB18VANMIZZ-MIZZ10 | yes | count=116.00 | yes=18c
Kalshi WS trade #9050: KXHIGHAUS-26FEB19-B84.5 | yes | count=2.00 | yes=39c
Kalshi WS trade #9051: KXNCAAMBTOTAL-26FEB18MDNW-145 | yes | count=12.00 | yes=63c
Kalshi WS trade #9052: KXNCAAMBTOTAL-26FEB18MDNW-145 | yes | count=2.00 | yes=63c
Kalshi WS trade #9053: KXNCAAMBTOTAL-26FEB18MDNW-145 | yes | count=14.00 | yes=72c
Kalshi WS trade #9054: KXNCAAMBGAME-26FEB18SJUMARQ-MARQ | yes | count=78.00 | yes=18c
Kalshi WS trade #9055: KXNCAABMENTION-26FEB18VANMIZZ-MARC | yes | count=21.00 | yes=22c
Kalshi WS trade #9056: KXNCAAMBGAME-26FEB18BYUARIZ-BYU | no | count=9.00 | yes=15c
Kalshi WS trade #9057: KXNCAAMBGAME-26FEB18BYUARIZ-BYU | yes | count=10.00 | yes=16c
Kalshi WS trade #9058: KXNCAAMBSPREAD-26FEB18BYUARIZ-ARIZ12 | yes | count=1658.00 | yes=32c
Kalshi WS trade #9059: KXXRPD-26FEB1822-T1.4399 | yes | count=3.00 | yes=8c
Kalshi WS trade #9060: KXATPMATCH-26FEB18GIRRUU-RUU | yes | count=218.00 | yes=53c
Kalshi WS trade #9061: KXNCAAMBTOTAL-26FEB18BYUARIZ-158 | yes | count=15.00 | yes=58c
Kalshi WS trade #9062: KXNCAAMBTOTAL-26FEB18BYUARIZ-161 | yes | count=537.00 | yes=48c
Kalshi WS trade #9063: KXNCAAMBTOTAL-26FEB18BYUARIZ-164 | yes | count=98.00 | yes=38c
Kalshi WS trade #9064: KXNCAAMBTOTAL-26FEB18BYUARIZ-167 | yes | count=207.00 | yes=30c
Kalshi WS trade #9065: KXNCAAMBTOTAL-26FEB18DEPHALL-127 | yes | count=236.00 | yes=56c
Kalshi WS trade #9066: KXNCAAMBTOTAL-26FEB18DEPHALL-127 | yes | count=236.00 | yes=56c
Kalshi WS trade #9067: KXNCAAMBTOTAL-26FEB18DEPHALL-127 | yes | count=236.00 | yes=56c
Kalshi WS trade #9068: KXNCAAMBTOTAL-26FEB18DEPHALL-127 | yes | count=142.00 | yes=56c
Kalshi WS trade #9069: KXNCAAMBGAME-26FEB18BYUARIZ-BYU | yes | count=55.00 | yes=16c
Kalshi WS trade #9070: KXNCAAMBGAME-26FEB18SJUMARQ-MARQ | yes | count=42.00 | yes=18c
Kalshi WS trade #9071: KXNCAABMENTION-26FEB18VANMIZZ-NIL | yes | count=3.00 | yes=16c
Kalshi WS trade #9072: KXNCAAMBGAME-26FEB18VANMIZZ-MIZZ | yes | count=358.00 | yes=54c
Poly WS trade #130: asset=51797157743046504218... | SELL | size=36 | price=0.965
Kalshi WS trade #9073: KXNCAAMBGAME-26FEB18NDSUSDST-SDST | no | count=12.00 | yes=1c
Kalshi WS trade #9074: KXNCAAMBGAME-26FEB18BYUARIZ-BYU | yes | count=55.00 | yes=16c
Kalshi WS trade #9075: KXNCAAMBSPREAD-26FEB18PACWSU-WSU7 | yes | count=107.00 | yes=28c
Kalshi WS trade #9076: KXNCAAMBGAME-26FEB18VANMIZZ-VAN | yes | count=9.00 | yes=50c
Kalshi WS trade #9077: KXNCAAMBGAME-26FEB18CHARTLSA-CHAR | yes | count=62.00 | yes=14c
Kalshi WS trade #9078: KXNCAAMBGAME-26FEB18DEPHALL-HALL | yes | count=156.00 | yes=11c
Kalshi WS trade #9079: KXNCAAMBGAME-26FEB18MDNW-NW | yes | count=509.00 | yes=98c
Kalshi WS trade #9080: KXNCAAMBGAME-26FEB18PACWSU-WSU | yes | count=64.00 | yes=55c
Poly WS trade #131: asset=20939351535690701474... | BUY | size=1.037343 | price=0.964
Kalshi WS trade #9081: KXNCAAMBGAME-26FEB18DEPHALL-HALL | yes | count=39.00 | yes=10c
Kalshi WS trade #9082: KXNCAAMBGAME-26FEB18BYUARIZ-BYU | yes | count=278.00 | yes=16c
Kalshi WS trade #9083: KXNCAAMBGAME-26FEB18VANMIZZ-MIZZ | yes | count=178.00 | yes=54c
Kalshi WS trade #9084: KXMVESPORTSMULTIGAMEEXTENDED-S20268DDAC02FFD4-5646DA62C46 | yes | count=9.00 | yes=29c
Kalshi WS trade #9085: KXNCAAMBGAME-26FEB18VANMIZZ-VAN | yes | count=25.00 | yes=50c
Kalshi WS trade #9086: KXMVESPORTSMULTIGAMEEXTENDED-S2026F5D4351050A-67E9D36A039 | yes | count=3.00 | yes=26c
Kalshi WS trade #9087: KXMVESPORTSMULTIGAMEEXTENDED-S2026D3743941F54-0F2AF296E49 | yes | count=60.00 | yes=15c
Kalshi WS trade #9088: KXXRP15M-26FEB182200-00 | yes | count=2.00 | yes=91c
Kalshi WS trade #9089: KXXRP15M-26FEB182200-00 | yes | count=3.00 | yes=92c
Kalshi WS trade #9090: KXATPMATCH-26FEB18GIRRUU-RUU | yes | count=182.00 | yes=53c
Poly WS trade #132: asset=20939351535690701474... | BUY | size=1.037343 | price=0.964
Kalshi WS trade #9091: KXNCAAWBGAME-26FEB18AFABSU-AFA | yes | count=5.00 | yes=38c
Kalshi WS trade #9092: KXNCAAWBGAME-26FEB18AFABSU-AFA | yes | count=46.00 | yes=39c
Kalshi WS trade #9093: KXNCAAWBGAME-26FEB18AFABSU-AFA | yes | count=2.00 | yes=40c
Kalshi WS trade #9094: KXNCAAWBGAME-26FEB18AFABSU-AFA | yes | count=23.00 | yes=40c
Kalshi WS trade #9095: KXNCAAMBTOTAL-26FEB18BSUUSU-153 | yes | count=5.00 | yes=45c
Kalshi WS trade #9096: KXNCAAMBGAME-26FEB18KENNMOSU-MOSU | yes | count=11.00 | yes=34c
Kalshi WS trade #9097: KXNCAAMBSPREAD-26FEB18BYUARIZ-ARIZ9 | no | count=9.00 | yes=52c
Kalshi WS trade #9098: KXNCAAMBGAME-26FEB18NDSUSDST-SDST | no | count=3.00 | yes=1c
Kalshi WS trade #9099: KXBERNIEMENTION-26FEB19-MIDD | yes | count=5.00 | yes=33c
Kalshi WS trade #9100: KXNCAAMBGAME-26FEB18BYUARIZ-BYU | yes | count=28.00 | yes=16c
Kalshi WS trade #9101: KXNCAAMBGAME-26FEB20VCUSLU-SLU | yes | count=8.00 | yes=72c
Kalshi WS trade #9102: KXNCAAMBTOTAL-26FEB18MDNW-151 | yes | count=30.00 | yes=18c
Kalshi WS trade #9103: KXNCAAMBGAME-26FEB18ORUNEOM-ORU | yes | count=38.00 | yes=3c
Kalshi WS trade #9104: KXNCAAMBGAME-26FEB18ORUNEOM-ORU | yes | count=38.00 | yes=3c
Kalshi WS trade #9105: KXNCAAMBGAME-26FEB18ORUNEOM-ORU | yes | count=38.00 | yes=3c
Kalshi WS trade #9106: KXNCAAMBGAME-26FEB18ORUNEOM-ORU | yes | count=53.00 | yes=3c
Kalshi WS trade #9107: KXNCAAMBGAME-26FEB18ORUNEOM-ORU | yes | count=53.00 | yes=3c
Kalshi WS trade #9108: KXNCAAMBGAME-26FEB18ORUNEOM-ORU | yes | count=53.00 | yes=3c
Kalshi WS trade #9109: KXNCAAMBGAME-26FEB18ORUNEOM-ORU | yes | count=53.00 | yes=3c
Kalshi WS trade #9110: KXNCAAMBGAME-26FEB18ORUNEOM-ORU | yes | count=53.00 | yes=3c
Kalshi WS trade #9111: KXNCAAMBGAME-26FEB18ORUNEOM-ORU | yes | count=38.00 | yes=3c
Kalshi WS trade #9112: KXNCAAMBGAME-26FEB18ORUNEOM-ORU | yes | count=38.00 | yes=3c
Kalshi WS trade #9113: KXNCAAMBGAME-26FEB18ORUNEOM-ORU | yes | count=45.00 | yes=4c
Kalshi WS trade #9114: KXNCAAMBGAME-26FEB18ORUNEOM-ORU | yes | count=81.00 | yes=4c
Kalshi WS trade #9115: KXUECLGAME-26FEB19ZRICRY-TIE | yes | count=2.00 | yes=19c
Kalshi WS trade #9116: KXUECLGAME-26FEB19ZRICRY-TIE | yes | count=7.00 | yes=20c
Kalshi WS trade #9117: KXATPMATCH-26FEB18GIRRUU-RUU | yes | count=371.00 | yes=53c
Kalshi WS trade #9118: KXATPMATCH-26FEB18GIRRUU-RUU | yes | count=180.00 | yes=53c
Kalshi WS trade #9119: KXATPMATCH-26FEB18GIRRUU-RUU | yes | count=180.00 | yes=53c
Kalshi WS trade #9120: KXATPMATCH-26FEB18GIRRUU-RUU | yes | count=180.00 | yes=53c
Kalshi WS trade #9121: KXATPMATCH-26FEB18GIRRUU-RUU | yes | count=2.00 | yes=53c
Kalshi WS trade #9122: KXNCAAMBSPREAD-26FEB18DEPHALL-DEP4 | yes | count=10.00 | yes=70c
Kalshi WS trade #9123: KXNCAAMBSPREAD-26FEB18DEPHALL-DEP4 | yes | count=45.00 | yes=71c
Kalshi WS trade #9124: KXNCAAMBGAME-26FEB18VANMIZZ-MIZZ | yes | count=17.00 | yes=54c
Kalshi WS trade #9125: KXBTC15M-26FEB182200-00 | yes | count=4.00 | yes=73c
Kalshi WS trade #9126: KXBTC15M-26FEB182200-00 | yes | count=6.00 | yes=74c
Kalshi WS trade #9127: KXBTCD-26FEB1822-T66499.99 | no | count=43.00 | yes=99c
Kalshi WS trade #9128: KXNCAAMBTOTAL-26FEB18BYUARIZ-167 | no | count=774.00 | yes=31c
Kalshi WS trade #9129: KXNCAAMBTOTAL-26FEB18BYUARIZ-167 | no | count=50.00 | yes=31c
Kalshi WS trade #9130: KXNCAAMBTOTAL-26FEB18BYUARIZ-167 | no | count=47.00 | yes=30c
Kalshi WS trade #9131: KXATPMATCH-26FEB18GIRRUU-RUU | yes | count=178.00 | yes=53c
Kalshi WS trade #9132: KXATPMATCH-26FEB18GIRRUU-RUU | yes | count=180.00 | yes=53c
Kalshi WS trade #9133: KXATPMATCH-26FEB18GIRRUU-RUU | yes | count=653.00 | yes=53c
Kalshi WS trade #9134: KXATPMATCH-26FEB18GIRRUU-RUU | yes | count=180.00 | yes=53c
Kalshi WS trade #9135: KXATPMATCH-26FEB18GIRRUU-RUU | yes | count=328.00 | yes=53c
Kalshi WS trade #9136: KXATPMATCH-26FEB18GIRRUU-RUU | yes | count=1216.00 | yes=53c
Kalshi WS trade #9137: KXNCAAMBGAME-26FEB18BYUARIZ-ARIZ | yes | count=100.00 | yes=85c
Kalshi WS trade #9138: KXNCAAMBSPREAD-26FEB18CHARTLSA-TLSA7 | yes | count=4.00 | yes=49c
Kalshi WS trade #9139: KXNCAAMBGAME-26FEB18VANMIZZ-VAN | yes | count=19.00 | yes=50c
Kalshi WS trade #9140: KXNCAAMBTOTAL-26FEB18ILLUSC-153 | yes | count=20.00 | yes=45c
Kalshi WS trade #9141: KXNCAAMBGAME-26FEB18UTAHWVU-UTAH | yes | count=34.00 | yes=57c
Kalshi WS trade #9142: KXNCAAMBGAME-26FEB18NDSUSDST-NDSU | yes | count=1093.00 | yes=99c
Kalshi WS trade #9143: KXNCAAMBGAME-26FEB18NDSUSDST-NDSU | yes | count=11.00 | yes=99c
Kalshi WS trade #9144: KXNCAAMBGAME-26FEB18NDSUSDST-NDSU | yes | count=261.00 | yes=99c
Kalshi WS trade #9145: KXNCAAMBGAME-26FEB18NDSUSDST-NDSU | yes | count=8.00 | yes=99c
Kalshi WS trade #9146: KXNCAAMBGAME-26FEB18NDSUSDST-NDSU | yes | count=750.00 | yes=99c
Kalshi WS trade #9147: KXNCAAMBGAME-26FEB18NDSUSDST-NDSU | yes | count=750.00 | yes=99c
Kalshi WS trade #9148: KXNCAAMBGAME-26FEB18NDSUSDST-NDSU | yes | count=10.00 | yes=99c
Kalshi WS trade #9149: KXNCAAMBGAME-26FEB18NDSUSDST-NDSU | yes | count=4000.00 | yes=99c
Kalshi WS trade #9150: KXNCAAMBGAME-26FEB18NDSUSDST-SDST | no | count=985.00 | yes=1c
Kalshi WS trade #9151: KXNCAAMBGAME-26FEB18BYUARIZ-BYU | yes | count=5.00 | yes=16c
Kalshi WS trade #9152: KXNCAAMBTOTAL-26FEB18PACWSU-153 | no | count=299.00 | yes=55c
Kalshi WS trade #9153: KXNCAAMBTOTAL-26FEB18PACWSU-153 | no | count=195.00 | yes=55c
Kalshi WS trade #9154: KXNCAAMBGAME-26FEB18BYUARIZ-BYU | yes | count=11.00 | yes=16c
Kalshi WS trade #9155: KXNCAAMBGAME-26FEB18CHARTLSA-CHAR | yes | count=1.00 | yes=14c
Kalshi WS trade #9156: KXNCAAMBGAME-26FEB18CHARTLSA-CHAR | yes | count=9.00 | yes=14c
Kalshi WS trade #9157: KXNCAAMBGAME-26FEB18BYUARIZ-ARIZ | yes | count=17.00 | yes=85c
Kalshi WS trade #9158: KXNCAAMBGAME-26FEB18PACWSU-WSU | yes | count=58.00 | yes=55c
Kalshi WS trade #9159: KXNCAAMBGAME-26FEB18PACWSU-WSU | yes | count=102.00 | yes=55c
Kalshi WS trade #9160: KXNCAAMBGAME-26FEB18BYUARIZ-BYU | yes | count=1052.00 | yes=16c
Kalshi WS trade #9161: KXNCAAMBGAME-26FEB18CHARTLSA-CHAR | yes | count=31.00 | yes=14c
Kalshi WS trade #9162: KXNCAAMBGAME-26FEB18PACWSU-WSU | yes | count=20.00 | yes=55c
Kalshi WS trade #9163: KXNCAAMBGAME-26FEB18PACWSU-WSU | yes | count=122.00 | yes=55c
Kalshi WS trade #9164: KXNCAAMBGAME-26FEB18PACWSU-WSU | yes | count=58.00 | yes=55c
Kalshi WS trade #9165: KXNCAAMBGAME-26FEB18KUOKST-KU | yes | count=8.00 | yes=96c
Kalshi WS trade #9166: KXATPMATCH-26FEB18GIRRUU-GIR | no | count=96.00 | yes=47c
Kalshi WS trade #9167: KXMVESPORTSMULTIGAMEEXTENDED-S2026547EB53AA5F-D11B841CED1 | yes | count=10.00 | yes=46c
Kalshi WS trade #9168: KXMVESPORTSMULTIGAMEEXTENDED-S2026C3821164A1C-AA46F88C347 | yes | count=359.00 | yes=2c
Kalshi WS trade #9169: KXNCAAMBGAME-26FEB18UTAHWVU-UTAH | yes | count=16.00 | yes=57c
Kalshi WS trade #9170: KXNCAAWBGAME-26FEB18UNLVSDSU-UNLV | yes | count=26.00 | yes=36c
Kalshi WS trade #9171: KXNCAAMBGAME-26FEB18NDSUSDST-SDST | yes | count=10.00 | yes=1c
Kalshi WS trade #9172: KXNCAAMBTOTAL-26FEB18BYUARIZ-167 | no | count=740.00 | yes=32c
Kalshi WS trade #9173: KXNCAAMBSPREAD-26FEB18BYUARIZ-ARIZ9 | no | count=36.00 | yes=52c
Kalshi WS trade #9174: KXNCAAMBSPREAD-26FEB18BYUARIZ-ARIZ6 | yes | count=10.00 | yes=65c
Kalshi WS trade #9175: KXNCAAMBSPREAD-26FEB18BYUARIZ-ARIZ6 | yes | count=20.00 | yes=70c
Kalshi WS trade #9176: KXNCAAMBSPREAD-26FEB18BYUARIZ-ARIZ6 | yes | count=53.00 | yes=71c
Kalshi WS trade #9177: KXBERNIEMENTION-26FEB19-TRIL | no | count=50.00 | yes=84c
Kalshi WS trade #9178: KXNCAAMBGAME-26FEB18DEPHALL-HALL | yes | count=11.00 | yes=10c
Kalshi WS trade #9179: KXNCAAMBGAME-26FEB18DEPHALL-HALL | yes | count=74.00 | yes=11c
Kalshi WS trade #9180: KXKHAMENEIOUT-AKHA-26APR01 | no | count=800.00 | yes=27c
Kalshi WS trade #9181: KXKHAMENEIOUT-AKHA-26APR01 | no | count=311.00 | yes=27c
Kalshi WS trade #9182: KXNCAAMBGAME-26FEB18MDNW-NW | yes | count=3.00 | yes=98c
Kalshi WS trade #9183: KXNBAGAME-26FEB20CLECHA-CLE | yes | count=1.00 | yes=62c
Poly WS trade #133: asset=20939351535690701474... | BUY | size=1.037343 | price=0.964
Kalshi WS trade #9184: KXNCAAMBGAME-26FEB18VANMIZZ-VAN | yes | count=1.00 | yes=50c
Kalshi WS trade #9185: KXATPMATCH-26FEB18GIRRUU-GIR | yes | count=63.00 | yes=48c
Kalshi WS trade #9186: KXNCAAMBSPREAD-26FEB18SJUMARQ-SJU9 | yes | count=6.00 | yes=52c
Kalshi WS trade #9187: KXNCAAMBSPREAD-26FEB18SJUMARQ-SJU9 | yes | count=6.00 | yes=52c
Kalshi WS trade #9188: KXNCAAMBGAME-26FEB18UTAHWVU-UTAH | yes | count=25.00 | yes=57c
Kalshi WS trade #9189: KXNCAAMBGAME-26FEB18VANMIZZ-VAN | no | count=20.00 | yes=49c
Kalshi WS trade #9190: KXNCAAMBGAME-26FEB18VANMIZZ-VAN | no | count=25.00 | yes=49c
Kalshi WS trade #9191: KXNCAAMBSPREAD-26FEB18BYUARIZ-ARIZ9 | yes | count=182.00 | yes=53c
Kalshi WS trade #9192: KXNCAAMBGAME-26FEB18NDSUSDST-NDSU | no | count=20.00 | yes=99c
Kalshi WS trade #9193: KXNCAAMBGAME-26FEB18CHARTLSA-CHAR | yes | count=10.00 | yes=14c
Kalshi WS trade #9194: KXNCAAMBGAME-26FEB18CHARTLSA-CHAR | yes | count=86.00 | yes=14c
Kalshi WS trade #9195: KXNCAAMBGAME-26FEB18CHARTLSA-CHAR | yes | count=510.00 | yes=14c
Kalshi WS trade #9196: KXNCAAMBGAME-26FEB18CHARTLSA-CHAR | yes | count=50.00 | yes=14c
Kalshi WS trade #9197: KXNCAAMBGAME-26FEB18CHARTLSA-CHAR | yes | count=50.00 | yes=14c
Kalshi WS trade #9198: KXNCAAMBGAME-26FEB18CHARTLSA-CHAR | yes | count=50.00 | yes=14c
Kalshi WS trade #9199: KXNCAAMBGAME-26FEB18CHARTLSA-CHAR | yes | count=518.00 | yes=14c
Kalshi WS trade #9200: KXNCAAMBGAME-26FEB18BYUARIZ-BYU | yes | count=11.00 | yes=16c
Kalshi WS trade #9201: KXNCAAMBGAME-26FEB18VANMIZZ-MIZZ | yes | count=121.00 | yes=54c
Kalshi WS trade #9202: KXBTC15M-26FEB182200-00 | no | count=2.00 | yes=71c
Kalshi WS trade #9203: KXNCAAMBTOTAL-26FEB18BYUARIZ-149 | yes | count=50.00 | yes=84c
Kalshi WS trade #9204: KXNCAAMBTOTAL-26FEB18BYUARIZ-149 | yes | count=346.00 | yes=84c
Kalshi WS trade #9205: KXNCAAMBGAME-26FEB18SMCSEA-SEA | yes | count=399.00 | yes=7c
Kalshi WS trade #9206: KXNCAAMBGAME-26FEB18SMCSEA-SEA | yes | count=6.00 | yes=7c
Kalshi WS trade #9207: KXNCAAMBGAME-26FEB18VANMIZZ-VAN | no | count=10.00 | yes=48c
Kalshi WS trade #9208: KXATPMATCH-26FEB18GIRRUU-RUU | yes | count=182.00 | yes=53c
Kalshi WS trade #9209: KXBTCD-26FEB1822-T66749.99 | no | count=107.00 | yes=10c
Kalshi WS trade #9210: KXNCAAMBGAME-26FEB18KUOKST-KU | no | count=2.00 | yes=95c
Kalshi WS trade #9211: KXNCAAMBGAME-26FEB18KUOKST-KU | no | count=10.00 | yes=95c
Kalshi WS trade #9212: KXNCAAMBGAME-26FEB18KUOKST-KU | no | count=988.00 | yes=95c
Kalshi WS trade #9213: KXATPMATCH-26FEB18GIRRUU-RUU | yes | count=97.00 | yes=53c
Kalshi WS trade #9214: KXATPMATCH-26FEB18GIRRUU-RUU | yes | count=180.00 | yes=53c
Kalshi WS trade #9215: KXATPMATCH-26FEB18GIRRUU-RUU | yes | count=88.00 | yes=53c
Kalshi WS trade #9216: KXSURVIVOR-26DEC31-AUB | no | count=3.00 | yes=82c
Kalshi WS trade #9217: KXSURVIVOR-26DEC31-AUB | no | count=161.00 | yes=82c
Kalshi WS trade #9218: KXSURVIVOR-26DEC31-AUB | no | count=53.00 | yes=82c
Kalshi WS trade #9219: KXSURVIVOR-26DEC31-AUB | no | count=23.00 | yes=82c
Kalshi WS trade #9220: KXNCAAMBGAME-26FEB18VANMIZZ-VAN | no | count=50.00 | yes=47c
Kalshi WS trade #9221: KXNCAAMBGAME-26FEB18VANMIZZ-VAN | no | count=20.00 | yes=46c
Kalshi WS trade #9222: KXNCAAMBGAME-26FEB18VANMIZZ-VAN | no | count=163.00 | yes=46c
Kalshi WS trade #9223: KXNCAAMBTOTAL-26FEB18KENNMOSU-158 | yes | count=3.00 | yes=90c
Kalshi WS trade #9224: KXNBAGAME-26FEB19BKNCLE-BKN | yes | count=11.00 | yes=12c
Kalshi WS trade #9225: KXNBAGAME-26FEB19BKNCLE-BKN | yes | count=22.00 | yes=12c
Kalshi WS trade #9226: KXNBAGAME-26FEB19BKNCLE-BKN | yes | count=6.00 | yes=12c
Kalshi WS trade #9227: KXNBAGAME-26FEB19BKNCLE-CLE | no | count=11.00 | yes=89c
Kalshi WS trade #9228: KXATPMATCH-26FEB18GIRRUU-GIR | no | count=40.00 | yes=47c
Kalshi WS trade #9229: KXPGATOUR-THGI26-SSCH | yes | count=206.00 | yes=23c
Kalshi WS trade #9230: KXNCAAMBGAME-26FEB18BYUARIZ-BYU | yes | count=27.00 | yes=16c
Kalshi WS trade #9231: KXNCAAMBGAME-26FEB18SMCSEA-SEA | yes | count=80.00 | yes=7c
Kalshi WS trade #9232: KXNCAAMBGAME-26FEB18PACWSU-WSU | yes | count=122.00 | yes=55c
Kalshi WS trade #9233: KXNCAAMBGAME-26FEB18PACWSU-WSU | yes | count=11.00 | yes=55c
Kalshi WS trade #9234: KXPGATOUR-THGI26-MFIT | yes | count=60.00 | yes=3c
Kalshi WS trade #9235: KXNCAAMBTOTAL-26FEB18BYUARIZ-164 | no | count=38.00 | yes=39c
Kalshi WS trade #9236: KXATPMATCH-26FEB18GIRRUU-RUU | yes | count=92.00 | yes=53c
Kalshi WS trade #9237: KXATPMATCH-26FEB18GIRRUU-RUU | yes | count=8.00 | yes=53c
Kalshi WS trade #9238: KXNCAAMBGAME-26FEB18AUBMSST-AUB | yes | count=273.00 | yes=19c
Kalshi WS trade #9239: KXNCAAMBGAME-26FEB18CHARTLSA-CHAR | no | count=43.00 | yes=13c
Kalshi WS trade #9240: KXATPMATCH-26FEB18GIRRUU-RUU | yes | count=36.00 | yes=53c
Kalshi WS trade #9241: KXNCAAMBGAME-26FEB18CHARTLSA-CHAR | yes | count=1.00 | yes=14c
Kalshi WS trade #9242: KXNCAAMBGAME-26FEB18BYUARIZ-BYU | yes | count=118.00 | yes=16c
Kalshi WS trade #9243: KXNCAAMBSPREAD-26FEB18BYUARIZ-ARIZ9 | no | count=40.00 | yes=52c
Kalshi WS trade #9244: KXNCAAMBGAME-26FEB18BYUARIZ-ARIZ | yes | count=141.00 | yes=85c
Kalshi WS trade #9245: KXNCAAMBSPREAD-26FEB18CSUUNLV-UNLV4 | no | count=11.00 | yes=41c
Kalshi WS trade #9246: KXBTC15M-26FEB182200-00 | no | count=2.00 | yes=71c
Kalshi WS trade #9247: KXSOL15M-26FEB182200-00 | no | count=40.00 | yes=79c
Kalshi WS trade #9248: KXATPMATCH-26FEB18GIRRUU-RUU | yes | count=91.00 | yes=53c
Kalshi WS trade #9249: KXNCAAMBGAME-26FEB18DEPHALL-HALL | no | count=350.00 | yes=9c
Kalshi WS trade #9250: KXNCAAMBGAME-26FEB18DEPHALL-HALL | no | count=708.00 | yes=9c
Kalshi WS trade #9251: KXNCAAMBGAME-26FEB18DEPHALL-HALL | no | count=300.00 | yes=9c
Kalshi WS trade #9252: KXNCAAMBGAME-26FEB18DEPHALL-HALL | no | count=702.00 | yes=9c
Kalshi WS trade #9253: KXNCAAMBGAME-26FEB18DEPHALL-DEP | yes | count=350.00 | yes=91c
Kalshi WS trade #9254: KXNCAAMBGAME-26FEB18DEPHALL-DEP | yes | count=708.00 | yes=91c
Kalshi WS trade #9255: KXNCAAMBGAME-26FEB18DEPHALL-DEP | yes | count=100.00 | yes=91c
Kalshi WS trade #9256: KXNCAAMBGAME-26FEB18DEPHALL-DEP | yes | count=100.00 | yes=91c
Kalshi WS trade #9257: KXNCAAMBGAME-26FEB18DEPHALL-DEP | yes | count=708.00 | yes=91c
Kalshi WS trade #9258: KXNCAAMBGAME-26FEB18DEPHALL-DEP | yes | count=94.00 | yes=91c
Kalshi WS trade #9259: KXNCAAMBGAME-26FEB18BYUARIZ-BYU | no | count=71.00 | yes=15c
Kalshi WS trade #9260: KXNCAAWBGAME-26FEB18AFABSU-BSU | no | count=1.00 | yes=63c
Kalshi WS trade #9261: KXNCAAMBGAME-26FEB18NDSUSDST-SDST | yes | count=666.00 | yes=1c
Kalshi WS trade #9262: KXNCAABMENTION-26FEB18BYUARIZ-MCKA | no | count=2.00 | yes=12c
Kalshi WS trade #9263: KXNCAABMENTION-26FEB18BYUARIZ-MCKA | no | count=4.00 | yes=12c
Kalshi WS trade #9264: KXNCAABMENTION-26FEB18BYUARIZ-MCKA | no | count=23.00 | yes=11c
Kalshi WS trade #9265: KXNCAABMENTION-26FEB18BYUARIZ-MCKA | no | count=1.00 | yes=11c
Kalshi WS trade #9266: KXATPMATCH-26FEB18GIRRUU-GIR | no | count=190.00 | yes=47c
Kalshi WS trade #9267: KXNCAAMBGAME-26FEB18BYUARIZ-BYU | yes | count=27.00 | yes=16c
Kalshi WS trade #9268: KXNCAAMBGAME-26FEB18BYUARIZ-ARIZ | yes | count=58.00 | yes=85c
Kalshi WS trade #9269: KXNCAAMBTOTAL-26FEB18MDNW-145 | no | count=13.00 | yes=62c
Kalshi WS trade #9270: KXNCAAMBSPREAD-26FEB18UTAHWVU-UTAH2 | no | count=8.00 | yes=46c
Kalshi WS trade #9271: KXNCAAMBGAME-26FEB18CHARTLSA-TLSA | yes | count=11.00 | yes=87c
Kalshi WS trade #9272: KXNCAAMBGAME-26FEB18BYUARIZ-BYU | yes | count=88.00 | yes=16c
Kalshi WS trade #9273: KXNCAAMBGAME-26FEB18VANMIZZ-VAN | yes | count=1177.00 | yes=48c
Kalshi WS trade #9274: KXNCAAMBGAME-26FEB18VANMIZZ-VAN | yes | count=125.00 | yes=49c
Kalshi WS trade #9275: KXNCAAMBGAME-26FEB18VANMIZZ-VAN | yes | count=60.00 | yes=49c
Kalshi WS trade #9276: KXNCAAMBGAME-26FEB18VANMIZZ-VAN | yes | count=1177.00 | yes=49c
Kalshi WS trade #9277: KXNCAAMBGAME-26FEB18VANMIZZ-VAN | yes | count=1765.00 | yes=49c
Kalshi WS trade #9278: KXNCAAMBGAME-26FEB18VANMIZZ-VAN | yes | count=244.00 | yes=49c
Kalshi WS trade #9279: KXNCAAMBGAME-26FEB18VANMIZZ-VAN | yes | count=10.00 | yes=49c
Kalshi WS trade #9280: KXETH15M-26FEB182200-00 | yes | count=1.00 | yes=67c
Kalshi WS trade #9281: KXNCAAMBGAME-26FEB18NCCUSCST-NCCU | yes | count=3.00 | yes=53c
Kalshi WS trade #9282: KXMVESPORTSMULTIGAMEEXTENDED-S2026C3C95F96463-17B4089E850 | yes | count=36.00 | yes=13c
Kalshi WS trade #9283: KXETH15M-26FEB182200-00 | no | count=3.00 | yes=66c
Kalshi WS trade #9284: KXMVESPORTSMULTIGAMEEXTENDED-S20267A77DAFEEF7-A5E74FB17F4 | yes | count=64.00 | yes=6c
Kalshi WS trade #9285: KXMVESPORTSMULTIGAMEEXTENDED-S20267A77DAFEEF7-A5E74FB17F4 | yes | count=3.00 | yes=7c
Kalshi WS trade #9286: KXMVESPORTSMULTIGAMEEXTENDED-S2026D574FF44ADE-5FE7457B678 | yes | count=305.00 | yes=45c
Kalshi WS trade #9287: KXNCAAMBGAME-26FEB18NCCUSCST-SCST | yes | count=19.00 | yes=49c
Kalshi WS trade #9288: KXNCAAMBGAME-26FEB18VANMIZZ-MIZZ | yes | count=43.00 | yes=54c
Kalshi WS trade #9289: KXNCAAMBGAME-26FEB18BYUARIZ-BYU | yes | count=58.00 | yes=16c
Kalshi WS trade #9290: KXBTC15M-26FEB182200-00 | no | count=1.00 | yes=72c
Kalshi WS trade #9291: KXBTC15M-26FEB182200-00 | no | count=2.00 | yes=72c
Kalshi WS trade #9292: KXBTC15M-26FEB182200-00 | no | count=62.00 | yes=71c
Kalshi WS trade #9293: KXNCAAMBGAME-26FEB18NCCUSCST-SCST | yes | count=9.00 | yes=49c
Kalshi WS trade #9294: KXNCAAMBGAME-26FEB18DEPHALL-HALL | yes | count=18.00 | yes=10c
Kalshi WS trade #9295: KXPGATOP20-THGI26-MLEE | yes | count=24.00 | yes=39c
Kalshi WS trade #9296: KXNCAAMBGAME-26FEB18VANMIZZ-VAN | yes | count=77.00 | yes=48c
Kalshi WS trade #9297: KXNCAAMBGAME-26FEB18CHARTLSA-CHAR | yes | count=6.00 | yes=14c
Kalshi WS trade #9298: KXBTCD-26FEB1822-T66749.99 | yes | count=1.00 | yes=10c
Kalshi WS trade #9299: KXNCAAMBTOTAL-26FEB18BYUARIZ-161 | yes | count=436.00 | yes=50c
Kalshi WS trade #9300: KXNCAAMBGAME-26FEB18KUOKST-OKST | yes | count=31.00 | yes=6c
Kalshi WS trade #9301: KXATPMATCH-26FEB18GIRRUU-RUU | no | count=124.00 | yes=51c
Kalshi WS trade #9302: KXATPMATCH-26FEB18GIRRUU-RUU | no | count=126.00 | yes=51c
Kalshi WS trade #9303: KXBTC15M-26FEB182200-00 | yes | count=18.00 | yes=74c
Kalshi WS trade #9304: KXNCAAMBSPREAD-26FEB18DEPHALL-DEP7 | yes | count=48.00 | yes=41c
Kalshi WS trade #9305: KXNCAAMBTOTAL-26FEB18UTAHWVU-124 | no | count=15.00 | yes=44c
Kalshi WS trade #9306: KXNCAAMBTOTAL-26FEB18UTAHWVU-124 | no | count=5.00 | yes=44c
Kalshi WS trade #9307: KXNCAAMBGAME-26FEB18DEPHALL-HALL | yes | count=32.00 | yes=10c
