INFO:     Started server process [16061]
INFO:     Waiting for application startup.
INFO:     Application startup complete.
INFO:     Uvicorn running on http://0.0.0.0:8000 (Press CTRL+C to quit)
✅ Kalshi API key loaded — authenticated access enabled
✅ Kalshi private key loaded — signed requests enabled
⚠️  No Polymarket private key — Polymarket client will be read-only
Kalshi WS: connecting to wss://api.elections.kalshi.com/trade-api/ws/v2 (auth)...
Kalshi WS: connected!
Kalshi WS: subscribed -> {'type': 'subscribed', 'id': 1, 'msg': {'channel': 'trade', 'sid': 1}}
Poly WS: connecting to wss://ws-subscriptions-clob.polymarket.com/ws/market (200 tokens)...
Kalshi WS trade #1: KXBTC-26FEB1310-B67625 | yes | count=1.00 | yes=33c
Kalshi WS trade #2: KXBTC-26FEB1310-B67625 | yes | count=8.00 | yes=35c
Kalshi WS trade #3: KXBTCD-26FEB1310-T67499.99 | yes | count=26.00 | yes=73c
Kalshi WS trade #4: KXATPCHALLENGERMATCH-26FEB13LLAMIK-LLA | yes | count=58.00 | yes=77c
Kalshi WS trade #5: KXNCAAMBGAME-26FEB13YALEDART-YALE | yes | count=35.00 | yes=82c
Kalshi WS trade #6: KXATPCHALLENGERMATCH-26FEB13LLAMIK-LLA | yes | count=11.00 | yes=77c
Kalshi WS trade #7: KXPGATOUR-ATPBP26-PCAN | yes | count=15.00 | yes=3c
Poly WS: connected!
Poly WS: subscribed to 200 token IDs in 4 batches
Kalshi WS trade #8: KXBERNIEMENTION-26FEB14-IMMI | yes | count=3.00 | yes=48c
Kalshi WS trade #9: KXATPMATCH-26FEB13DEVAN-DE | yes | count=31.00 | yes=39c
Kalshi WS trade #10: KXWTAMATCH-26FEB13COCVEK-COC | no | count=2.00 | yes=57c
Kalshi WS trade #11: KXWTAMATCH-26FEB13COCVEK-COC | no | count=18.00 | yes=57c
Kalshi WS trade #12: KXWTAMATCH-26FEB13COCVEK-COC | no | count=20.00 | yes=56c
Kalshi WS trade #13: KXWTAMATCH-26FEB13COCVEK-COC | no | count=2.00 | yes=56c
Kalshi WS trade #14: KXBTC15M-26FEB131000-00 | no | count=1.00 | yes=93c
Kalshi WS trade #15: KXBTCD-26FEB1310-T68499.99 | no | count=18.00 | yes=2c
Kalshi WS trade #16: KXBTCD-26FEB1310-T67749.99 | no | count=229.00 | yes=43c
Kalshi WS trade #17: KXNASDAQ100U-26FEB13H1000-T24459.99 | yes | count=100.00 | yes=99c
Kalshi WS trade #18: KXBTCD-26FEB1310-T66749.99 | no | count=200.00 | yes=99c
Kalshi WS trade #19: KXATPMATCH-26FEB13DEVAN-DE | yes | count=16.00 | yes=39c
Kalshi WS trade #20: KXSAUDIPLGAME-26FEB13SHAAAS-AAS | no | count=357.00 | yes=93c
Kalshi WS trade #21: KXATPMATCH-26FEB13DEVAN-DE | no | count=1431.00 | yes=38c
Poly WS trade #1: asset=43946269812975261940... | BUY | size=2.6178 | price=0.764
Kalshi WS trade #22: KXWOCURLGAME-26FEB13DNKSWE-DNK | yes | count=5.00 | yes=22c
Kalshi WS trade #23: KXWOCURLGAME-26FEB13DNKSWE-SWE | no | count=4.00 | yes=81c
Kalshi WS trade #24: KXWOCURLGAME-26FEB13DNKSWE-SWE | no | count=1.00 | yes=81c
Kalshi WS trade #25: KXWOCURLGAME-26FEB13DNKSWE-SWE | no | count=3.00 | yes=81c
Kalshi WS trade #26: KXWOCURLGAME-26FEB13DNKSWE-DNK | no | count=8.00 | yes=22c
Kalshi WS trade #27: KXSENATETXR-26-JC | no | count=3.00 | yes=22c
Kalshi WS trade #28: KXUSDJPY-26FEB1310-B152.875 | yes | count=4.00 | yes=49c
Kalshi WS trade #29: KXUSDJPY-26FEB1310-B152.875 | yes | count=2.00 | yes=49c
Kalshi WS trade #30: KXUSDJPY-26FEB1310-B152.875 | yes | count=9.00 | yes=73c
Kalshi WS trade #31: KXETH15M-26FEB131000-00 | yes | count=1.00 | yes=90c
Kalshi WS trade #32: KXFACUPGAME-26FEB14MCISAL-TIE | yes | count=11.00 | yes=4c
Kalshi WS trade #33: KXWOCURLGAME-26FEB11USAGBR-USA | yes | count=2.00 | yes=43c
Kalshi WS trade #34: KXWTACHALLENGERMATCH-26FEB13CHWLAM-CHW | yes | count=33.00 | yes=89c
Kalshi WS trade #35: KXT20MATCH-26FEB13NEDUSA-NED | yes | count=9.00 | yes=24c
Kalshi WS trade #36: KXT20MATCH-26FEB13NEDUSA-NED | yes | count=1.00 | yes=24c
Kalshi WS trade #37: KXWTAMATCH-26FEB13COCVEK-COC | yes | count=15.00 | yes=61c
Kalshi WS trade #38: KXNASDAQ100U-26FEB13H1000-T24749.99 | no | count=200.00 | yes=4c
Kalshi WS trade #39: KXBTCD-26FEB1310-T67749.99 | no | count=26.00 | yes=43c
Kalshi WS trade #40: KXWTAMATCH-26FEB13COCVEK-COC | yes | count=3.00 | yes=61c
Kalshi WS trade #41: KXWTAMATCH-26FEB13COCVEK-COC | yes | count=27.00 | yes=61c
Kalshi WS trade #42: KXBTCD-26FEB1317-T68999.99 | yes | count=3.00 | yes=16c
Kalshi WS trade #43: KXATPMATCH-26FEB13DEVAN-DE | yes | count=60.00 | yes=39c
Kalshi WS trade #44: KXGOVTSHUTDOWN-26FEB14 | no | count=33.00 | yes=87c
Kalshi WS trade #45: KXATPMATCH-26FEB13DEVAN-VAN | yes | count=62.00 | yes=62c
Kalshi WS trade #46: KXATTENDSOTU-BTRU | yes | count=1.00 | yes=53c
Kalshi WS trade #47: KXBTC15M-26FEB131000-00 | yes | count=82.00 | yes=95c
Kalshi WS trade #48: KXBTCD-26FEB1310-T67499.99 | yes | count=4.00 | yes=72c
Kalshi WS trade #49: KXBTCD-26FEB1310-T67749.99 | yes | count=43.00 | yes=44c
Kalshi WS trade #50: KXATPMATCH-26FEB13DEVAN-VAN | yes | count=102.00 | yes=62c
Poly WS trade #2: asset=43946269812975261940... | BUY | size=2.614378 | price=0.765
Kalshi WS trade #51: KXBTCD-26FEB1310-T67749.99 | no | count=978.00 | yes=43c
Kalshi WS trade #52: KXBTCD-26FEB1310-T67749.99 | no | count=307.00 | yes=43c
Kalshi WS trade #53: KXBTCD-26FEB1310-T67749.99 | no | count=100.00 | yes=41c
Kalshi WS trade #54: KXWTACHALLENGERMATCH-26FEB13STEJOR-JOR | yes | count=13.00 | yes=34c
Kalshi WS trade #55: KXWTACHALLENGERMATCH-26FEB13STEJOR-JOR | yes | count=4.00 | yes=35c
Kalshi WS trade #56: KXWTACHALLENGERMATCH-26FEB13STEJOR-JOR | yes | count=10.00 | yes=35c
Kalshi WS trade #57: KXWTAMATCH-26FEB13COCVEK-COC | yes | count=3.00 | yes=61c
Kalshi WS trade #58: KXNCAAMBSPREAD-26FEB13YALEDART-YALE9 | no | count=50.00 | yes=49c
Poly WS trade #3: asset=20939351535690701474... | SELL | size=13.09 | price=0.966
Kalshi WS trade #59: KXATPCHALLENGERMATCH-26FEB13LLAMIK-MIK | yes | count=3.00 | yes=24c
Kalshi WS trade #60: KXBTCD-26FEB1310-T67999.99 | no | count=50.00 | yes=13c
Poly WS trade #4: asset=85285091029101061598... | SELL | size=167 | price=0.997
Kalshi WS trade #61: KXBTCD-26FEB1310-T67499.99 | no | count=25.00 | yes=70c
Kalshi WS trade #62: KXATPCHALLENGERMATCH-26FEB13TABECH-TAB | yes | count=16.00 | yes=60c
Kalshi WS trade #63: KXATPMATCH-26FEB13DEVAN-DE | yes | count=50.00 | yes=39c
Kalshi WS trade #64: KXMVESPORTSMULTIGAMEEXTENDED-S2026F601A6E6061-B3DF9CFB316 | yes | count=14.00 | yes=65c
Kalshi WS trade #65: KXPRESNOMD-28-JOSS | no | count=1.00 | yes=6c
Kalshi WS trade #66: KXATPMATCH-26FEB13DEVAN-DE | no | count=223.00 | yes=38c
Kalshi WS trade #67: KXWTAMATCH-26FEB13COCVEK-COC | yes | count=170.00 | yes=61c
Kalshi WS trade #68: KXWTAMATCH-26FEB13COCVEK-COC | yes | count=20.00 | yes=61c
Kalshi WS trade #69: KXWTAMATCH-26FEB13COCVEK-COC | yes | count=191.00 | yes=64c
Kalshi WS trade #70: KXWTAMATCH-26FEB13COCVEK-COC | yes | count=83.00 | yes=65c
Kalshi WS trade #71: KXATPCHALLENGERMATCH-26FEB13LLAMIK-LLA | no | count=9.00 | yes=76c
Kalshi WS trade #72: KXATPCHALLENGERMATCH-26FEB13LLAMIK-LLA | no | count=16.00 | yes=76c
Kalshi WS trade #73: KXBTCD-26FEB1310-T67499.99 | yes | count=50.00 | yes=71c
Kalshi WS trade #74: KXBTCD-26FEB1310-T67499.99 | yes | count=10.00 | yes=71c
Kalshi WS trade #75: KXBTCD-26FEB1310-T67499.99 | yes | count=539.00 | yes=71c
Kalshi WS trade #76: KXBTCD-26FEB1310-T67499.99 | yes | count=196.00 | yes=72c
Kalshi WS trade #77: KXBTCD-26FEB1310-T67499.99 | yes | count=600.00 | yes=72c
Kalshi WS trade #78: KXBTCD-26FEB1310-T67499.99 | yes | count=200.00 | yes=72c
Kalshi WS trade #79: KXBTCD-26FEB1310-T67499.99 | yes | count=200.00 | yes=72c
Kalshi WS trade #80: KXBTCD-26FEB1310-T67499.99 | yes | count=2000.00 | yes=73c
Kalshi WS trade #81: KXBTCD-26FEB1310-T67499.99 | yes | count=200.00 | yes=73c
Kalshi WS trade #82: KXBTCD-26FEB1310-T67499.99 | yes | count=100.00 | yes=73c
Kalshi WS trade #83: KXBTCD-26FEB1310-T67499.99 | yes | count=200.00 | yes=73c
Kalshi WS trade #84: KXBTCD-26FEB1310-T67499.99 | yes | count=5000.00 | yes=73c
Kalshi WS trade #85: KXBTCD-26FEB1310-T68249.99 | yes | count=54.00 | yes=5c
Kalshi WS trade #86: KXWTAMATCH-26FEB13SAKMUC-SAK | yes | count=1500.00 | yes=30c
Kalshi WS trade #87: KXATPCHALLENGERMATCH-26FEB13TRAMOR-MOR | yes | count=95.00 | yes=93c
Kalshi WS trade #88: KXATPCHALLENGERMATCH-26FEB13TABECH-ECH | no | count=4.00 | yes=42c
Kalshi WS trade #89: KXATPCHALLENGERMATCH-26FEB13TABECH-ECH | no | count=16.00 | yes=41c
Kalshi WS trade #90: KXWTAMATCH-26FEB13COCVEK-VEK | yes | count=20.00 | yes=42c
Kalshi WS trade #91: KXWTAMATCH-26FEB13COCVEK-VEK | yes | count=13.00 | yes=43c
Kalshi WS trade #92: KXXRP15M-26FEB131000-00 | yes | count=5.00 | yes=84c
Kalshi WS trade #93: KXBTCD-26FEB1310-T67749.99 | yes | count=50.00 | yes=40c
Kalshi WS trade #94: KXBTCD-26FEB1310-T67749.99 | yes | count=10.00 | yes=40c
Kalshi WS trade #95: KXBTCD-26FEB1310-T67749.99 | yes | count=539.00 | yes=40c
Kalshi WS trade #96: KXBTCD-26FEB1310-T67749.99 | yes | count=200.00 | yes=41c
Kalshi WS trade #97: KXBTCD-26FEB1310-T67749.99 | yes | count=200.00 | yes=41c
Kalshi WS trade #98: KXBTCD-26FEB1310-T67749.99 | yes | count=1.00 | yes=41c
Kalshi WS trade #99: KXATPMATCH-26FEB13DEVAN-VAN | yes | count=50.00 | yes=62c
Kalshi WS trade #100: KXATPCHALLENGERMATCH-26FEB13LLAMIK-LLA | yes | count=200.00 | yes=77c
Kalshi WS trade #101: KXBTCD-26FEB1310-T67749.99 | yes | count=1.00 | yes=41c
Kalshi WS trade #102: KXSAUDIPLGAME-26FEB13SHAAAS-AAS | yes | count=25.00 | yes=95c
Kalshi WS trade #103: KXBTCD-26FEB1310-T67749.99 | yes | count=200.00 | yes=41c
Kalshi WS trade #104: KXATPCHALLENGERMATCH-26FEB13LLAMIK-MIK | yes | count=39.00 | yes=24c
Kalshi WS trade #105: KXLOWTLAX-26FEB13-B49.5 | yes | count=1.00 | yes=61c
Kalshi WS trade #106: KXBTCD-26FEB1310-T66749.99 | yes | count=141.00 | yes=99c
Kalshi WS trade #107: KXNCAAMBGAME-26FEB13BRWNHARV-HARV | yes | count=6.00 | yes=79c
Kalshi WS trade #108: KXWTAMATCH-26FEB13COCVEK-VEK | no | count=16.00 | yes=37c
Kalshi WS trade #109: KXWTAMATCH-26FEB13COCVEK-VEK | no | count=160.00 | yes=36c
Kalshi WS trade #110: KXWTAMATCH-26FEB13COCVEK-VEK | no | count=20.00 | yes=36c
Kalshi WS trade #111: KXWTAMATCH-26FEB13COCVEK-VEK | no | count=26.00 | yes=36c
Kalshi WS trade #112: KXBERNIEMENTION-26FEB14-EPST | yes | count=2.00 | yes=25c
Kalshi WS trade #113: KXBERNIEMENTION-26FEB14-EPST | yes | count=16.00 | yes=26c
Kalshi WS trade #114: KXVALORANTGAME-26FEB13BBLGM-BBL | yes | count=47.00 | yes=51c
Kalshi WS trade #115: KXATPCHALLENGERMATCH-26FEB13TRAMOR-MOR | no | count=123.00 | yes=92c
Kalshi WS trade #116: KXWTAMATCH-26FEB13COCVEK-COC | yes | count=13.00 | yes=64c
Kalshi WS trade #117: KXWTAMATCH-26FEB13COCVEK-COC | yes | count=2.00 | yes=64c
Kalshi WS trade #118: KXWOCURL-WOMEN26CGOLD-USA | yes | count=20.00 | yes=14c
Kalshi WS trade #119: KXBTCD-26FEB1310-T67999.99 | yes | count=90.00 | yes=15c
Kalshi WS trade #120: KXBTCD-26FEB1310-T67999.99 | yes | count=27.00 | yes=15c
Kalshi WS trade #121: KXT20MATCH-26FEB13NEDUSA-NED | yes | count=2568.00 | yes=24c
Kalshi WS trade #122: KXT20MATCH-26FEB13NEDUSA-NED | yes | count=8.00 | yes=24c
Kalshi WS trade #123: KXBTCD-26FEB1310-T67749.99 | yes | count=30.00 | yes=42c
Kalshi WS trade #124: KXBTCD-26FEB1310-T67749.99 | no | count=100.00 | yes=41c
Kalshi WS trade #125: KXNCAAMBGAME-26FEB14CLEMDUKE-DUKE | yes | count=1.00 | yes=88c
Kalshi WS trade #126: KXATPCHALLENGERMATCH-26FEB13LLAMIK-MIK | yes | count=1.00 | yes=24c
Kalshi WS trade #127: KXBTCD-26FEB1317-T64999.99 | no | count=2.00 | yes=95c
Kalshi WS trade #128: KXT20MATCH-26FEB13NEDUSA-USA | yes | count=37.00 | yes=77c
Kalshi WS trade #129: KXHIGHMIA-26FEB13-B75.5 | yes | count=16.00 | yes=4c
Kalshi WS trade #130: KXSAUDIPLGAME-26FEB13SHAAAS-SHA | yes | count=93.00 | yes=2c
Kalshi WS trade #131: KXRT-CRI-87 | no | count=1.00 | yes=29c
Kalshi WS trade #132: KXRT-CRI-87 | no | count=26.00 | yes=27c
Kalshi WS trade #133: KXRT-CRI-87 | no | count=60.00 | yes=26c
Kalshi WS trade #134: KXRT-CRI-87 | no | count=3.00 | yes=19c
Kalshi WS trade #135: KXBTCD-26FEB1310-T67499.99 | yes | count=10.00 | yes=74c
Kalshi WS trade #136: KXNCAAMBGAME-26FEB13OHIOMOH-MOH | yes | count=294.00 | yes=84c
Kalshi WS trade #137: KXATPCHALLENGERMATCH-26FEB13LLAMIK-LLA | no | count=7.00 | yes=76c
Kalshi WS trade #138: KXATPCHALLENGERMATCH-26FEB13LLAMIK-LLA | no | count=425.00 | yes=76c
Kalshi WS trade #139: KXWTACHALLENGERMATCH-26FEB13CHWLAM-LAM | yes | count=36.00 | yes=12c
Kalshi WS trade #140: KXWTACHALLENGERMATCH-26FEB13CHWLAM-LAM | yes | count=36.00 | yes=12c
Kalshi WS trade #141: KXSERIEAGAME-26FEB13PISACM-ACM | yes | count=76.00 | yes=62c
Kalshi WS trade #142: KXWTAMATCH-26FEB13COCVEK-VEK | no | count=50.00 | yes=40c
Kalshi WS trade #143: KXWTAMATCH-26FEB13COCVEK-VEK | no | count=129.00 | yes=38c
Kalshi WS trade #144: KXBTCD-26FEB1310-T67749.99 | yes | count=43.00 | yes=42c
Kalshi WS trade #145: KXATPCHALLENGERMATCH-26FEB13TABECH-TAB | yes | count=77.00 | yes=60c
Kalshi WS trade #146: KXHNLGAME-26FEB13SLALOK-TIE | yes | count=1.00 | yes=30c
Kalshi WS trade #147: KXATPMATCH-26FEB13DEVAN-VAN | yes | count=261.00 | yes=66c
Kalshi WS trade #148: KXMVESPORTSMULTIGAMEEXTENDED-S202675AD53D6207-12C3DCA004B | yes | count=72.00 | yes=33c
Kalshi WS trade #149: KXMVESPORTSMULTIGAMEEXTENDED-S20263993D4CC424-317C621CD0E | yes | count=127.00 | yes=2c
Kalshi WS trade #150: KXBTCD-26FEB1310-T67499.99 | no | count=20.00 | yes=73c
Kalshi WS trade #151: KXETHD-26FEB1310-T1989.99 | no | count=4.00 | yes=55c
Kalshi WS trade #152: KXBTCD-26FEB1317-T69999.99 | yes | count=2.00 | yes=7c
Kalshi WS trade #153: KXWTACHALLENGERMATCH-26FEB13STEJOR-JOR | yes | count=59.00 | yes=35c
Kalshi WS trade #154: KXWTACHALLENGERMATCH-26FEB13STEJOR-JOR | yes | count=211.00 | yes=35c
Poly WS trade #5: asset=21431572216384228534... | BUY | size=9.51374 | price=0.946
Kalshi WS trade #155: KXBTCD-26FEB1310-T67249.99 | yes | count=538.00 | yes=93c
Kalshi WS trade #156: KXBTCD-26FEB1310-T67749.99 | yes | count=22.00 | yes=41c
Kalshi WS trade #157: KXETH15M-26FEB131000-00 | no | count=25.00 | yes=87c
Kalshi WS trade #158: KXATPCHALLENGERMATCH-26FEB13TRAMOR-MOR | no | count=3.00 | yes=89c
Kalshi WS trade #159: KXBTCD-26FEB1310-T67249.99 | no | count=413.00 | yes=93c
Kalshi WS trade #160: KXBTCD-26FEB1317-T67499.99 | yes | count=100.00 | yes=57c
Kalshi WS trade #161: KXGOVTSHUTDOWN-26FEB14 | yes | count=6.00 | yes=88c
Kalshi WS trade #162: KXTRUMPMENTION-26FEB14-VENE | no | count=8.00 | yes=86c
Kalshi WS trade #163: KXTRUMPMENTION-26FEB14-VENE | no | count=11.00 | yes=85c
Kalshi WS trade #164: KXBTCD-26FEB1317-T67499.99 | yes | count=4.00 | yes=58c
Kalshi WS trade #165: KXBTCD-26FEB1310-T68249.99 | no | count=8.00 | yes=4c
Kalshi WS trade #166: KXBTCD-26FEB1310-T67499.99 | yes | count=50.00 | yes=74c
Kalshi WS trade #167: KXBTCD-26FEB1310-T67499.99 | yes | count=1.00 | yes=74c
Kalshi WS trade #168: KXBTCD-26FEB1310-T67499.99 | no | count=648.00 | yes=73c
Kalshi WS trade #169: KXBTCD-26FEB1310-T67499.99 | no | count=37.00 | yes=73c
Kalshi WS trade #170: KXATPMATCH-26FEB13DEVAN-VAN | no | count=20.00 | yes=63c
Kalshi WS trade #171: KXATPMATCH-26FEB13DEVAN-DE | yes | count=500.00 | yes=39c
Kalshi WS trade #172: KXATPMATCH-26FEB13DEVAN-DE | yes | count=117.00 | yes=39c
Kalshi WS trade #173: KXWTACHALLENGERMATCH-26FEB13STEJOR-STE | yes | count=32.00 | yes=66c
Kalshi WS trade #174: KXBTCMAXMON-BTC-26FEB28-8250000 | yes | count=10.00 | yes=11c
Kalshi WS trade #175: KXBTCD-26FEB1310-T67499.99 | yes | count=33.00 | yes=73c
Kalshi WS trade #176: KXBTCD-26FEB1310-T66999.99 | yes | count=327.00 | yes=98c
Kalshi WS trade #177: KXBTCD-26FEB1310-T66999.99 | yes | count=100.00 | yes=98c
Kalshi WS trade #178: KXBTCD-26FEB1310-T66999.99 | yes | count=10.00 | yes=99c
Kalshi WS trade #179: KXBTCD-26FEB1310-T66999.99 | yes | count=68.00 | yes=99c
Kalshi WS trade #180: KXWOSBOARD-WSX26MEDAL-NWIE | yes | count=187.00 | yes=1c
Kalshi WS trade #181: KXATPCHALLENGERMATCH-26FEB13TRAMOR-TRA | yes | count=15.00 | yes=10c
Kalshi WS trade #182: KXATPMATCH-26FEB13DEVAN-VAN | no | count=1.00 | yes=62c
Kalshi WS trade #183: KXATPMATCH-26FEB13DEVAN-VAN | no | count=99.00 | yes=60c
Kalshi WS trade #184: KXBTCD-26FEB1310-T67499.99 | no | count=100.00 | yes=71c
Kalshi WS trade #185: KXBTCD-26FEB1310-T67749.99 | yes | count=58.00 | yes=37c
Kalshi WS trade #186: KXATPMATCH-26FEB13DEVAN-DE | yes | count=383.00 | yes=39c
Kalshi WS trade #187: KXATPMATCH-26FEB13DEVAN-DE | yes | count=50.00 | yes=39c
Kalshi WS trade #188: KXATPMATCH-26FEB13DEVAN-DE | yes | count=122.00 | yes=41c
Kalshi WS trade #189: KXATPMATCH-26FEB13DEVAN-VAN | no | count=1.00 | yes=60c
Kalshi WS trade #190: KXATPMATCH-26FEB13DEVAN-VAN | no | count=198.00 | yes=59c
Kalshi WS trade #191: KXATPMATCH-26FEB13DEVAN-VAN | no | count=50.00 | yes=59c
Kalshi WS trade #192: KXWOSBOARD-WSX26MEDAL-MMOI | no | count=141.00 | yes=99c
Kalshi WS trade #193: KXDJTVOSTARIFFS | no | count=2.00 | yes=28c
Kalshi WS trade #194: KXATPMATCH-26FEB13DEVAN-VAN | yes | count=157.00 | yes=59c
Kalshi WS trade #195: KXATPMATCH-26FEB13DEVAN-VAN | yes | count=1099.00 | yes=59c
Kalshi WS trade #196: KXWOCURLGAME-26FEB13DNKSWE-DNK | yes | count=15.00 | yes=23c
Kalshi WS trade #197: KXWOCURLGAME-26FEB13DNKSWE-DNK | yes | count=7.00 | yes=23c
Kalshi WS trade #198: KXBTCD-26FEB1310-T67999.99 | yes | count=250.00 | yes=12c
Kalshi WS trade #199: KXWOCURLGAME-26FEB11USAGBR-USA | yes | count=2.00 | yes=43c
Kalshi WS trade #200: KXBTCD-26FEB1310-T67999.99 | no | count=1.00 | yes=12c
Kalshi WS trade #201: KXWTACHALLENGERMATCH-26FEB13STEJOR-STE | no | count=18.00 | yes=65c
Kalshi WS trade #202: KXWTACHALLENGERMATCH-26FEB13STEJOR-STE | no | count=110.00 | yes=65c
Kalshi WS trade #203: KXWTACHALLENGERMATCH-26FEB13STEJOR-STE | no | count=12.00 | yes=65c
Kalshi WS trade #204: KXMVESPORTSMULTIGAMEEXTENDED-S20269548BBE183A-39EEAA509E9 | yes | count=50.00 | yes=24c
Kalshi WS trade #205: KXMVESPORTSMULTIGAMEEXTENDED-S20263F11C012E79-DBEE0D48CBF | yes | count=312.00 | yes=50c
Kalshi WS trade #206: KXWTACHALLENGERMATCH-26FEB13STEJOR-JOR | yes | count=136.00 | yes=35c
Kalshi WS trade #207: KXATPCHALLENGERMATCH-26FEB13LLAMIK-LLA | no | count=28.00 | yes=76c
Kalshi WS trade #208: KXATPCHALLENGERMATCH-26FEB13LLAMIK-MIK | yes | count=7.00 | yes=24c
Kalshi WS trade #209: KXBTCD-26FEB1310-T67749.99 | yes | count=10.00 | yes=39c
Kalshi WS trade #210: KXBTCD-26FEB1310-T67749.99 | yes | count=13.00 | yes=40c
Kalshi WS trade #211: KXWTAMATCH-26FEB13COCVEK-COC | yes | count=550.00 | yes=61c
Kalshi WS trade #212: KXBTC15M-26FEB131000-00 | yes | count=5.00 | yes=95c
Kalshi WS trade #213: KXATPMATCH-26FEB13DEVAN-DE | no | count=60.00 | yes=41c
Kalshi WS trade #214: KXBTCD-26FEB1310-T67999.99 | yes | count=200.00 | yes=13c
Kalshi WS trade #215: KXBTCD-26FEB1310-T67999.99 | yes | count=250.00 | yes=13c
Kalshi WS trade #216: KXBTCD-26FEB1310-T67999.99 | yes | count=1150.00 | yes=13c
Kalshi WS trade #217: KXBTCD-26FEB1310-T67499.99 | yes | count=10.00 | yes=72c
Kalshi WS trade #218: KXBTCD-26FEB1310-T67499.99 | yes | count=3.00 | yes=72c
Kalshi WS trade #219: KXCABOUT-29JAN-KNOE | no | count=1.00 | yes=17c
Kalshi WS trade #220: KXWOMHOCKEY-26FEB13FRACZE-FRA | no | count=250.00 | yes=5c
Kalshi WS trade #221: KXWOMHOCKEY-26FEB13FRACZE-FRA | no | count=798.00 | yes=5c
Kalshi WS trade #222: KXBTCD-26FEB1317-T66499.99 | no | count=2.00 | yes=84c
Kalshi WS trade #223: KXNCAAWBGAME-26FEB13VALPMURR-VALP | yes | count=31.00 | yes=3c
Poly WS trade #6: asset=76489251550443972870... | BUY | size=100 | price=0.24
Poly WS trade #7: asset=21431572216384228534... | BUY | size=8.456648 | price=0.946
Kalshi WS trade #224: KXBTCD-26FEB1317-T66499.99 | no | count=88.00 | yes=84c
Kalshi WS trade #225: KXBTCD-26FEB1317-T66499.99 | no | count=325.00 | yes=83c
Kalshi WS trade #226: KXINXU-26FEB13H1000-T6834.9999 | yes | count=647.00 | yes=13c
Kalshi WS trade #227: KXMVESPORTSMULTIGAMEEXTENDED-S202675AD53D6207-B2E8386B71B | yes | count=71.00 | yes=11c
Kalshi WS trade #228: KXBTCD-26FEB1317-T69499.99 | yes | count=3.00 | yes=11c
Kalshi WS trade #229: KXBTCD-26FEB1310-T67749.99 | yes | count=119.00 | yes=40c
Kalshi WS trade #230: KXNCAAMBTOTAL-26FEB13CLMBPENN-139 | yes | count=1.00 | yes=70c
Kalshi WS trade #231: KXNCAAMBGAME-26FEB13GMUGW-GMU | yes | count=2.00 | yes=46c
Kalshi WS trade #232: KXFEDDECISION-26MAR-H0 | yes | count=8198.00 | yes=93c
Kalshi WS trade #233: KXFEDDECISION-26MAR-H0 | yes | count=1250.00 | yes=93c
Kalshi WS trade #234: KXFEDDECISION-26MAR-H0 | yes | count=1078.00 | yes=93c
Kalshi WS trade #235: KXINXU-26FEB13H1000-T6839.9999 | yes | count=450.00 | yes=8c
Kalshi WS trade #236: KXLOWTLAX-26FEB13-B47.5 | no | count=1.00 | yes=59c
Kalshi WS trade #237: KXGOVTSHUTDOWN-26FEB14 | no | count=336.00 | yes=86c
Kalshi WS trade #238: KXLALIGAGAME-26FEB16GIRBAR-BAR | yes | count=31.00 | yes=72c
Kalshi WS trade #239: KXBTCD-26FEB1317-T68499.99 | yes | count=90.00 | yes=28c
Kalshi WS trade #240: KXBTCD-26FEB1310-T67749.99 | yes | count=12.00 | yes=39c
Kalshi WS trade #241: KXETHD-26FEB1310-T1989.99 | no | count=50.00 | yes=47c
Kalshi WS trade #242: KXTOPMODEL-26FEB28-CLAU | yes | count=233.00 | yes=2c
Poly WS trade #8: asset=85285091029101061598... | BUY | size=167 | price=0.998
Kalshi WS trade #243: KXWTACHALLENGERMATCH-26FEB13CHWLAM-LAM | yes | count=8.00 | yes=11c
Kalshi WS trade #244: KXATPMATCH-26FEB13DEVAN-VAN | yes | count=36.00 | yes=58c
Kalshi WS trade #245: KXETHD-26FEB1310-T1989.99 | yes | count=18.00 | yes=49c
Kalshi WS trade #246: KXBERNIEMENTION-26FEB14-BIDE | yes | count=3.00 | yes=16c
Poly WS trade #9: asset=21431572216384228534... | SELL | size=10.57 | price=0.945
Kalshi WS trade #247: KXBTCD-26FEB1310-T67499.99 | yes | count=2.00 | yes=70c
Kalshi WS trade #248: KXBTC-26FEB1310-B67875 | yes | count=1.00 | yes=24c
Kalshi WS trade #249: KXBTC-26FEB1310-B67875 | yes | count=18.00 | yes=24c
Kalshi WS trade #250: KXALBUMSALES-CAS-50000 | no | count=30.00 | yes=35c
Kalshi WS trade #251: KXATPMATCH-26FEB13DEVAN-DE | yes | count=11.00 | yes=44c
Kalshi WS trade #252: KXATPMATCH-26FEB13DEVAN-DE | yes | count=101.00 | yes=45c
Kalshi WS trade #253: KXT20MATCH-26FEB13NEDUSA-USA | yes | count=23.00 | yes=77c
Kalshi WS trade #254: KXT20MATCH-26FEB13NEDUSA-USA | yes | count=61.00 | yes=77c
Kalshi WS trade #255: KXT20MATCH-26FEB13NEDUSA-USA | yes | count=72.00 | yes=77c
Kalshi WS trade #256: KXT20MATCH-26FEB13NEDUSA-USA | yes | count=30.00 | yes=77c
Kalshi WS trade #257: KXT20MATCH-26FEB13NEDUSA-USA | yes | count=464.00 | yes=77c
Kalshi WS trade #258: KXBTC-26FEB1317-B67750 | yes | count=90.00 | yes=21c
Kalshi WS trade #259: KXBTCD-26FEB1310-T67749.99 | yes | count=2.00 | yes=38c
Kalshi WS trade #260: KXNCAAMBGAME-26FEB13MANNIAG-MAN | yes | count=300.00 | yes=48c
Kalshi WS trade #261: KXWTAMATCH-26FEB13COCVEK-VEK | no | count=30.00 | yes=33c
Kalshi WS trade #262: KXWTAMATCH-26FEB13COCVEK-VEK | no | count=20.00 | yes=33c
Kalshi WS trade #263: KXWTAMATCH-26FEB13COCVEK-VEK | no | count=112.00 | yes=32c
Kalshi WS trade #264: KXETHD-26FEB1310-T1989.99 | yes | count=4.00 | yes=50c
Kalshi WS trade #265: KXSB-27-CHI | yes | count=1.00 | yes=4c
Kalshi WS trade #266: KXBTCD-26FEB1310-T67749.99 | yes | count=1.00 | yes=37c
Kalshi WS trade #267: KXBTCD-26FEB1310-T67999.99 | yes | count=1.00 | yes=12c
Kalshi WS trade #268: KXATPCHALLENGERMATCH-26FEB13LLAMIK-MIK | yes | count=15.00 | yes=24c
Kalshi WS trade #269: KXNASDAQ100U-26FEB13H1000-T24459.99 | yes | count=100.00 | yes=99c
Kalshi WS trade #270: KXWTAMATCH-26FEB13COCVEK-COC | no | count=13.00 | yes=63c
Kalshi WS trade #271: KXWTAMATCH-26FEB13COCVEK-COC | no | count=20.00 | yes=62c
Kalshi WS trade #272: KXWTAMATCH-26FEB13COCVEK-COC | no | count=26.00 | yes=59c
Kalshi WS trade #273: KXWTACHALLENGERMATCH-26FEB13STEJOR-JOR | yes | count=153.00 | yes=35c
Kalshi WS trade #274: KXWTACHALLENGERMATCH-26FEB13STEJOR-JOR | yes | count=243.00 | yes=35c
Kalshi WS trade #275: KXBTC15M-26FEB131000-00 | yes | count=5.00 | yes=96c
Kalshi WS trade #276: KXATPCHALLENGERMATCH-26FEB13TABECH-TAB | yes | count=12.00 | yes=65c
Kalshi WS trade #277: KXATPMATCH-26FEB13DEVAN-VAN | yes | count=41.00 | yes=57c
Kalshi WS trade #278: KXHIGHTLV-26FEB13-B68.5 | yes | count=55.00 | yes=64c
Kalshi WS trade #279: KXATPCHALLENGERMATCH-26FEB13LLAMIK-MIK | no | count=79.00 | yes=22c
Kalshi WS trade #280: KXBTC-26FEB1310-B67875 | yes | count=50.00 | yes=27c
Kalshi WS trade #281: KXBTC-26FEB1310-B67875 | yes | count=132.00 | yes=27c
Kalshi WS trade #282: KXBTC-26FEB1310-B67875 | yes | count=1.00 | yes=27c
Kalshi WS trade #283: KXBTCD-26FEB1310-T67749.99 | yes | count=4.00 | yes=43c
Kalshi WS trade #284: KXBTCD-26FEB1310-T67749.99 | no | count=56.00 | yes=41c
Kalshi WS trade #285: KXOSCARCASTING-26-MAR | no | count=5.00 | yes=7c
Kalshi WS trade #286: KXWOCURLGAME-26FEB13DNKSWE-DNK | yes | count=65.00 | yes=24c
Kalshi WS trade #287: KXATPMATCH-26FEB13DEVAN-VAN | yes | count=125.00 | yes=57c
Kalshi WS trade #288: KXATPCHALLENGERMATCH-26FEB13LLAMIK-MIK | no | count=26.00 | yes=22c
Kalshi WS trade #289: KXMVESPORTSMULTIGAMEEXTENDED-S2026490F2EC8697-6AC09F14488 | yes | count=41.00 | yes=27c
Kalshi WS trade #290: KXWOMHOCKEY-26FEB14USADNK-USA | yes | count=2.00 | yes=96c
Kalshi WS trade #291: KXBTC15M-26FEB131000-00 | no | count=25.00 | yes=94c
Kalshi WS trade #292: KXSENATETXR-26-KP | no | count=3.00 | yes=70c
Kalshi WS trade #293: KXSENATETXR-26-WHUN | no | count=1.00 | yes=8c
Kalshi WS trade #294: KXSUPERLIGGAME-26FEB13ANTSAM-ANT | yes | count=5.00 | yes=24c
Kalshi WS trade #295: KXSUPERLIGGAME-26FEB13ANTSAM-ANT | yes | count=19.00 | yes=24c
Kalshi WS trade #296: KXSUPERLIGGAME-26FEB13ANTSAM-ANT | yes | count=33.00 | yes=25c
Kalshi WS trade #297: KXBTCD-26FEB1310-T67499.99 | no | count=2.00 | yes=73c
Kalshi WS trade #298: KXBTC15M-26FEB131000-00 | no | count=2.00 | yes=94c
Kalshi WS trade #299: KXT20MATCH-26FEB13NEDUSA-NED | yes | count=10.00 | yes=24c
Kalshi WS trade #300: KXT20MATCH-26FEB13NEDUSA-NED | yes | count=8.00 | yes=24c
Kalshi WS trade #301: KXT20MATCH-26FEB13NEDUSA-NED | yes | count=21.00 | yes=25c
Kalshi WS trade #302: KXT20MATCH-26FEB13NEDUSA-NED | yes | count=50.00 | yes=25c
Kalshi WS trade #303: KXT20MATCH-26FEB13NEDUSA-NED | yes | count=15.00 | yes=25c
Kalshi WS trade #304: KXT20MATCH-26FEB13NEDUSA-NED | yes | count=2.00 | yes=25c
Kalshi WS trade #305: KXT20MATCH-26FEB13NEDUSA-NED | yes | count=79.00 | yes=25c
Kalshi WS trade #306: KXBTCD-26FEB1310-T67999.99 | yes | count=100.00 | yes=14c
Kalshi WS trade #307: KXVALORANTGAME-26FEB13BBLGM-BBL | yes | count=73.00 | yes=51c
Kalshi WS trade #308: KXRT-WUT-65 | yes | count=11.00 | yes=24c
Kalshi WS trade #309: KXRT-WUT-65 | yes | count=7.00 | yes=25c
Kalshi WS trade #310: KXWTAMATCH-26FEB13COCVEK-VEK | yes | count=43.00 | yes=38c
Kalshi WS trade #311: KXWTAMATCH-26FEB13COCVEK-VEK | yes | count=11.00 | yes=38c
Kalshi WS trade #312: KXBTC15M-26FEB131000-00 | yes | count=10.00 | yes=96c
Kalshi WS trade #313: KXBTCD-26FEB1310-T66749.99 | yes | count=187.00 | yes=99c
Kalshi WS trade #314: KXBTCD-26FEB1310-T67499.99 | yes | count=527.00 | yes=75c
Kalshi WS trade #315: KXETHD-26FEB1310-T1989.99 | yes | count=800.00 | yes=56c
Kalshi WS trade #316: KXBTCD-26FEB1310-T67499.99 | yes | count=100.00 | yes=76c
Kalshi WS trade #317: KXBTCD-26FEB1310-T66999.99 | yes | count=13.00 | yes=99c
Kalshi WS trade #318: KXBTCD-26FEB1317-T66999.99 | yes | count=10.00 | yes=71c
Kalshi WS trade #319: KXWTACHALLENGERMATCH-26FEB13STEJOR-STE | yes | count=1.00 | yes=67c
Kalshi WS trade #320: KXGOVTSHUTDOWN-26FEB14 | yes | count=83.00 | yes=88c
Kalshi WS trade #321: KXGOVTSHUTDOWN-26FEB14 | yes | count=129.00 | yes=88c
Kalshi WS trade #322: KXATPMATCH-26FEB13DEVAN-DE | yes | count=236.00 | yes=44c
Kalshi WS trade #323: KXBTCD-26FEB1310-T68499.99 | yes | count=156.00 | yes=3c
Kalshi WS trade #324: KXATPMATCH-26FEB13DEVAN-VAN | yes | count=500.00 | yes=57c
Kalshi WS trade #325: KXWTAMATCH-26FEB13COCVEK-COC | yes | count=3.00 | yes=67c
Kalshi WS trade #326: KXXRP15M-26FEB131000-00 | yes | count=22.00 | yes=86c
Kalshi WS trade #327: KXNCAAMBTOTAL-26FEB13MSUWIS-145 | yes | count=89.00 | yes=54c
Kalshi WS trade #328: KXBTC15M-26FEB131000-00 | no | count=156.00 | yes=95c
Kalshi WS trade #329: KXATPMATCH-26FEB13DEVAN-VAN | yes | count=10.00 | yes=57c
Kalshi WS trade #330: KXBTCD-26FEB1310-T67999.99 | yes | count=50.00 | yes=16c
Kalshi WS trade #331: KXCABOUT-29JAN-HLUT | yes | count=5.00 | yes=18c
Kalshi WS trade #332: KXINXU-26FEB13H1000-T6819.9999 | yes | count=2.00 | yes=51c
Kalshi WS trade #333: KXINXU-26FEB13H1000-T6819.9999 | yes | count=50.00 | yes=52c
Kalshi WS trade #334: KXBUNDESLIGAGAME-26FEB13BVBM05-BVB | yes | count=319.00 | yes=61c
Kalshi WS trade #335: KXNASDAQ100U-26FEB13H1000-T24799.99 | yes | count=200.00 | yes=1c
Kalshi WS trade #336: KXBTC15M-26FEB131000-00 | yes | count=3.00 | yes=96c
Kalshi WS trade #337: KXBTCD-26FEB1310-T67749.99 | no | count=250.00 | yes=46c
Kalshi WS trade #338: KXBTCD-26FEB1310-T67749.99 | no | count=50.00 | yes=45c
Kalshi WS trade #339: KXBTCD-26FEB1310-T67749.99 | no | count=90.00 | yes=45c
Kalshi WS trade #340: KXBTCD-26FEB1310-T67749.99 | no | count=21.00 | yes=44c
Kalshi WS trade #341: KXNCAAMBGAME-26FEB13MSMRID-MSM | yes | count=34.00 | yes=71c
Kalshi WS trade #342: KXBTC-26FEB1310-B67375 | no | count=20.00 | yes=17c
Kalshi WS trade #343: KXBUNDESLIGA2GAME-26FEB13FCNKSC-FCN | yes | count=17.00 | yes=57c
Kalshi WS trade #344: KXBTCD-26FEB1310-T67749.99 | no | count=87.00 | yes=45c
Kalshi WS trade #345: KXBTCD-26FEB1310-T67749.99 | no | count=24.00 | yes=45c
Kalshi WS trade #346: KXBTCD-26FEB1310-T67749.99 | no | count=164.00 | yes=45c
Kalshi WS trade #347: KXBTCD-26FEB1310-T68249.99 | yes | count=15.00 | yes=5c
Kalshi WS trade #348: KXWTACHALLENGERMATCH-26FEB13CHWLAM-LAM | yes | count=27.00 | yes=11c
Kalshi WS trade #349: KXWTACHALLENGERMATCH-26FEB13CHWLAM-LAM | yes | count=164.00 | yes=12c
Kalshi WS trade #350: KXWTACHALLENGERMATCH-26FEB13CHWLAM-LAM | yes | count=1000.00 | yes=13c
Kalshi WS trade #351: KXWTAMATCH-26FEB13COCVEK-COC | yes | count=14.00 | yes=67c
Kalshi WS trade #352: KXBTCD-26FEB1310-T67249.99 | yes | count=107.00 | yes=93c
Kalshi WS trade #353: KXWOWHOCKEY-26FEB13CZESWE-SWE | yes | count=10.00 | yes=46c
Kalshi WS trade #354: KXWTACHALLENGERMATCH-26FEB13STEJOR-JOR | yes | count=54.00 | yes=35c
Kalshi WS trade #355: KXMVESPORTSMULTIGAMEEXTENDED-S20261D2E9A8EF35-76DD76DB46C | yes | count=101.00 | yes=24c
Kalshi WS trade #356: KXWTACHALLENGERMATCH-26FEB13CHWLAM-LAM | yes | count=823.00 | yes=13c
Kalshi WS trade #357: KXMVESPORTSMULTIGAMEEXTENDED-S20261AE67F2DE0D-AAA825C6DB7 | yes | count=981.00 | yes=39c
Kalshi WS trade #358: KXMVESPORTSMULTIGAMEEXTENDED-S2026BB844588974-C32BD41D3ED | yes | count=40.00 | yes=6c
Kalshi WS trade #359: KXEPLGAME-26FEB21MCINEW-NEW | yes | count=5.00 | yes=17c
Kalshi WS trade #360: KXATPMATCH-26FEB13DEVAN-VAN | yes | count=39.00 | yes=57c
Kalshi WS trade #361: KXNCAAMBSPREAD-26FEB13MANNIAG-NIAG2 | yes | count=176.00 | yes=48c
Kalshi WS trade #362: KXATPMATCH-26FEB13DEVAN-DE | no | count=61.00 | yes=43c
Kalshi WS trade #363: KXHIGHCHI-26FEB13-B52.5 | no | count=11.00 | yes=44c
Kalshi WS trade #364: KXHIGHCHI-26FEB13-B52.5 | no | count=15.00 | yes=44c
Kalshi WS trade #365: KXBERNIEMENTION-26FEB14-IMMI | yes | count=60.00 | yes=48c
Kalshi WS trade #366: KXBTC15M-26FEB131000-00 | yes | count=40.00 | yes=97c
Kalshi WS trade #367: KXBTC15M-26FEB131000-00 | yes | count=164.00 | yes=97c
Kalshi WS trade #368: KXRANKLIST1SONG-26FEB28B-OPA | yes | count=24.00 | yes=48c
Kalshi WS trade #369: KXRANKLIST1SONG-26FEB28B-OPA | yes | count=8.00 | yes=49c
Kalshi WS trade #370: KXRANKLIST1SONG-26FEB28B-OPA | yes | count=14.00 | yes=49c
Kalshi WS trade #371: KXRANKLIST1SONG-26FEB28B-OPA | yes | count=9.00 | yes=49c
Kalshi WS trade #372: KXBTC15M-26FEB131000-00 | no | count=11.00 | yes=95c
Kalshi WS trade #373: KXLALIGAGAME-26FEB13ELCOSA-OSA | yes | count=25.00 | yes=38c
Kalshi WS trade #374: KXWOMHOCKEY-26FEB13FRACZE-FRA | yes | count=78.00 | yes=6c
Kalshi WS trade #375: KXETH15M-26FEB131000-00 | yes | count=53.00 | yes=93c
Kalshi WS trade #376: KXPGATOP5-ATPBP26-TFIN | yes | count=2.00 | yes=17c
Kalshi WS trade #377: KXPGATOP5-ATPBP26-TFIN | yes | count=76.00 | yes=18c
Kalshi WS trade #378: KXATPCHALLENGERMATCH-26FEB13TRAMOR-TRA | yes | count=9.00 | yes=10c
Kalshi WS trade #379: KXBTCD-26FEB1310-T67749.99 | yes | count=40.00 | yes=46c
Kalshi WS trade #380: KXMVESPORTSMULTIGAMEEXTENDED-S2026FD20B802FFD-762B434FBF7 | yes | count=50.00 | yes=18c
Kalshi WS trade #381: KXBTCD-26FEB1310-T67249.99 | yes | count=26.00 | yes=93c
Kalshi WS trade #382: KXGOVTSHUTDOWN-26FEB14 | no | count=93.00 | yes=86c
Kalshi WS trade #383: KXNYCSNOWM-26FEB-3.0 | no | count=147.00 | yes=33c
Kalshi WS trade #384: KXATPMATCH-26FEB13DEVAN-VAN | yes | count=22.00 | yes=57c
Kalshi WS trade #385: KXLIGAPORTUGALGAME-26FEB13SCLBEN-BEN | yes | count=30.00 | yes=67c
Kalshi WS trade #386: KXGOVTSHUTDOWN-26FEB14 | yes | count=540.00 | yes=88c
Poly WS trade #10: asset=76489251550443972870... | SELL | size=60.35 | price=0.235
Kalshi WS trade #387: KXBTCD-26FEB1310-T67749.99 | yes | count=3.00 | yes=45c
Kalshi WS trade #388: KXWTAMATCH-26FEB13COCVEK-COC | no | count=70.00 | yes=64c
Kalshi WS trade #389: KXT20MATCH-26FEB13NEDUSA-USA | yes | count=1.00 | yes=77c
Kalshi WS trade #390: KXBTCD-26FEB1317-T65999.99 | yes | count=1000.00 | yes=88c
Kalshi WS trade #391: KXSOL15M-26FEB131000-00 | no | count=10.00 | yes=92c
Kalshi WS trade #392: KXLOWTLAX-26FEB13-B47.5 | yes | count=6.00 | yes=65c
Kalshi WS trade #393: KXLOWTLAX-26FEB13-B47.5 | yes | count=1.00 | yes=66c
Kalshi WS trade #394: KXWOMHOCKEY-26FEB13FRACZE-FRA | no | count=2.00 | yes=5c
Kalshi WS trade #395: KXWOMHOCKEY-26FEB13FRACZE-FRA | no | count=8.00 | yes=4c
Kalshi WS trade #396: KXBTCD-26FEB1310-T67499.99 | no | count=19.00 | yes=77c
Kalshi WS trade #397: KXBTCD-26FEB1310-T67749.99 | yes | count=100.00 | yes=46c
Kalshi WS trade #398: KXLIGAMXGAME-26FEB13TOLTIJ-TIJ | yes | count=10.00 | yes=12c
Kalshi WS trade #399: KXBTCD-26FEB1310-T67249.99 | yes | count=396.00 | yes=93c
Kalshi WS trade #400: KXBTCD-26FEB1310-T67249.99 | yes | count=15.00 | yes=93c
Kalshi WS trade #401: KXFACUPTOTAL-26FEB13WREIPS-2 | yes | count=7.00 | yes=51c
Kalshi WS trade #402: KXFACUPTOTAL-26FEB13WREIPS-2 | yes | count=89.00 | yes=51c
Kalshi WS trade #403: KXNCAAMBSPREAD-26FEB13SLULCHI-SLU19 | yes | count=350.00 | yes=50c
Kalshi WS trade #404: KXATPMATCH-26FEB13DEVAN-VAN | no | count=37.00 | yes=56c
Kalshi WS trade #405: KXATPCHALLENGERMATCH-26FEB13TRAMOR-TRA | yes | count=28.00 | yes=10c
Kalshi WS trade #406: KXLIVTOUR-LIGA26-BDEC | no | count=36.00 | yes=19c
Kalshi WS trade #407: KXWOCURLGAME-26FEB11USAGBR-USA | yes | count=19.00 | yes=44c
Kalshi WS trade #408: KXBTC15M-26FEB131000-00 | no | count=2.00 | yes=95c
Kalshi WS trade #409: KXWTACHALLENGERMATCH-26FEB13STEJOR-STE | yes | count=14.00 | yes=65c
Kalshi WS trade #410: KXBTCD-26FEB1310-T67749.99 | no | count=15.00 | yes=45c
Kalshi WS trade #411: KXNCAAMBGAME-26FEB13UNLVBSU-UNLV | yes | count=150.00 | yes=18c
Kalshi WS trade #412: KXWOMHOCKEYTOTAL-26FEB13CANCHE-5 | no | count=2.00 | yes=57c
Kalshi WS trade #413: KXWOMHOCKEYTOTAL-26FEB13CANCHE-5 | no | count=26.00 | yes=56c
Kalshi WS trade #414: KXWOMHOCKEYTOTAL-26FEB13CANCHE-5 | no | count=15.00 | yes=56c
Kalshi WS trade #415: KXATPCHALLENGERMATCH-26FEB13LLAMIK-LLA | no | count=9.00 | yes=78c
Kalshi WS trade #416: KXATPCHALLENGERMATCH-26FEB13LLAMIK-LLA | no | count=25.00 | yes=78c
Kalshi WS trade #417: KXATPCHALLENGERMATCH-26FEB13LLAMIK-LLA | no | count=16.00 | yes=76c
Kalshi WS trade #418: KXATPCHALLENGERMATCH-26FEB13LLAMIK-MIK | yes | count=50.00 | yes=25c
Kalshi WS trade #419: KXWOHOCKEY-WOMEN26CGOLD-SWE | yes | count=301.00 | yes=1c
Kalshi WS trade #420: KXWOHOCKEY-WOMEN26CGOLD-SWE | yes | count=32.00 | yes=1c
Kalshi WS trade #421: KXATPCHALLENGERMATCH-26FEB13LLAMIK-MIK | yes | count=450.00 | yes=25c
Kalshi WS trade #422: KXATPCHALLENGERMATCH-26FEB13LLAMIK-LLA | no | count=6.00 | yes=76c
Kalshi WS trade #423: KXATPCHALLENGERMATCH-26FEB13LLAMIK-MIK | yes | count=106.00 | yes=27c
Kalshi WS trade #424: KXATPCHALLENGERMATCH-26FEB13LLAMIK-MIK | yes | count=6.00 | yes=27c
Kalshi WS trade #425: KXATPCHALLENGERMATCH-26FEB13LLAMIK-LLA | no | count=71.00 | yes=75c
Kalshi WS trade #426: KXATPCHALLENGERMATCH-26FEB13LLAMIK-LLA | no | count=100.00 | yes=75c
Kalshi WS trade #427: KXWTAMATCH-26FEB13COCVEK-COC | yes | count=74.00 | yes=66c
Kalshi WS trade #428: KXBTCD-26FEB1317-T64999.99 | no | count=1.00 | yes=95c
Kalshi WS trade #429: KXATPCHALLENGERMATCH-26FEB13LLAMIK-LLA | no | count=100.00 | yes=73c
Kalshi WS trade #430: KXGOVTSHUTDOWN-26FEB14 | no | count=55.00 | yes=87c
Kalshi WS trade #431: KXGOVTSHUTDOWN-26FEB14 | no | count=113.00 | yes=87c
Kalshi WS trade #432: KXBTC-26FEB1310-B67625 | no | count=1.00 | yes=33c
Kalshi WS trade #433: KXBTC-26FEB1310-B67625 | no | count=200.00 | yes=32c
Kalshi WS trade #434: KXBTC-26FEB1310-B67625 | no | count=50.00 | yes=32c
Kalshi WS trade #435: KXATPMATCH-26FEB13DEVAN-VAN | yes | count=33.00 | yes=57c
Kalshi WS trade #436: KXWTAMATCH-26FEB13COCVEK-VEK | yes | count=23.00 | yes=36c
Kalshi WS trade #437: KXBTCD-26FEB1310-T67999.99 | no | count=26.00 | yes=18c
Kalshi WS trade #438: KXNCAAMBGAME-26FEB13UNLVBSU-UNLV | yes | count=69.00 | yes=18c
Kalshi WS trade #439: KXNCAAMBGAME-26FEB13UNLVBSU-UNLV | yes | count=131.00 | yes=18c
Poly WS trade #11: asset=10150694304905327693... | BUY | size=12.23 | price=0.949
Kalshi WS trade #440: KXBTC15M-26FEB131000-00 | no | count=187.00 | yes=95c
Kalshi WS trade #441: KXATPCHALLENGERMATCH-26FEB13TRAMOR-MOR | no | count=2.00 | yes=89c
Kalshi WS trade #442: KXATPCHALLENGERMATCH-26FEB13TRAMOR-MOR | no | count=100.00 | yes=88c
Kalshi WS trade #443: KXATPCHALLENGERMATCH-26FEB13TRAMOR-MOR | no | count=991.00 | yes=88c
Kalshi WS trade #444: KXBTCD-26FEB1310-T67999.99 | no | count=11.00 | yes=18c
Kalshi WS trade #445: KXT20MATCH-26FEB13NEDUSA-NED | yes | count=152.00 | yes=25c
Poly WS trade #12: asset=85285091029101061598... | SELL | size=167 | price=0.997
Kalshi WS trade #446: KXBTCD-26FEB1310-T67999.99 | no | count=52.00 | yes=18c
Kalshi WS trade #447: KXTRUMPMENTION-26FEB28-CRYP | yes | count=27.00 | yes=35c
Kalshi WS trade #448: KXNCAAMBGAME-26FEB13OHIOMOH-MOH | yes | count=82.00 | yes=84c
Kalshi WS trade #449: KXNOEMOUT-26JUL01 | no | count=1.00 | yes=30c
Kalshi WS trade #450: KXNOEMOUT-26JUL01 | no | count=24.00 | yes=30c
Kalshi WS trade #451: KXBTCD-26FEB1310-T67749.99 | no | count=38.00 | yes=45c
Kalshi WS trade #452: KXNCAAMBGAME-26FEB13MANNIAG-MAN | yes | count=2.00 | yes=48c
Kalshi WS trade #453: KXNCAAMBGAME-26FEB14TXAMVAN-VAN | yes | count=1.00 | yes=81c
Kalshi WS trade #454: KXHIGHTPHX-26FEB13-T75 | no | count=25.00 | yes=17c
Kalshi WS trade #455: KXOSCARSUPACTO-26-SEAN | yes | count=27.00 | yes=17c
Kalshi WS trade #456: KXHIGHNY-26FEB13-B35.5 | yes | count=30.00 | yes=8c
Kalshi WS trade #457: KXATPMATCH-26FEB13DEVAN-VAN | no | count=1.00 | yes=56c
Kalshi WS trade #458: KXBTCD-26FEB1310-T67999.99 | no | count=2.00 | yes=15c
Kalshi WS trade #459: KXBTC15M-26FEB131000-00 | yes | count=23.00 | yes=97c
Kalshi WS trade #460: KXBTCD-26FEB1310-T67499.99 | yes | count=22.00 | yes=78c
Kalshi WS trade #461: KXHIGHTBOS-26FEB13-B35.5 | yes | count=3.00 | yes=38c
Kalshi WS trade #462: KXHIGHTBOS-26FEB13-B35.5 | yes | count=100.00 | yes=39c
Kalshi WS trade #463: KXHIGHTBOS-26FEB13-B35.5 | yes | count=26.00 | yes=40c
Kalshi WS trade #464: KXHIGHTBOS-26FEB13-B35.5 | yes | count=57.00 | yes=40c
Kalshi WS trade #465: KXWO-GOLD-26-NOR | yes | count=75.00 | yes=86c
Kalshi WS trade #466: KXWTACHALLENGERMATCH-26FEB13CHWLAM-LAM | yes | count=20.00 | yes=15c
Kalshi WS trade #467: KXWTACHALLENGERMATCH-26FEB13CHWLAM-LAM | yes | count=43.00 | yes=16c
Kalshi WS trade #468: KXSAUDIPLGAME-26FEB13HILITT-TIE | yes | count=50.00 | yes=12c
Kalshi WS trade #469: KXATPMATCH-26FEB13DEVAN-DE | yes | count=100.00 | yes=44c
Kalshi WS trade #470: KXNCAAMBSPREAD-26FEB13MSUWIS-MSU1 | yes | count=33.00 | yes=54c
Kalshi WS trade #471: KXATPCHALLENGERMATCH-26FEB13LLAMIK-MIK | yes | count=6.00 | yes=30c
Poly WS trade #13: asset=20939351535690701474... | BUY | size=7.238882 | price=0.967
Kalshi WS trade #472: KXBTCD-26FEB1310-T67249.99 | yes | count=108.00 | yes=95c
Poly WS trade #14: asset=76489251550443972870... | SELL | size=101 | price=0.235
Kalshi WS trade #473: KXBTCD-26FEB1317-T69999.99 | yes | count=10.00 | yes=7c
Kalshi WS trade #474: KXBTC-26FEB1310-B67875 | no | count=1.00 | yes=30c
Kalshi WS trade #475: KXATPMATCH-26FEB13DEVAN-VAN | yes | count=1600.00 | yes=57c
Kalshi WS trade #476: KXATPMATCH-26FEB13DEVAN-VAN | yes | count=8.00 | yes=57c
Kalshi WS trade #477: KXSAUDIPLGAME-26FEB13SHAAAS-SHA | yes | count=233.00 | yes=2c
Poly WS trade #15: asset=10249390055164570152... | BUY | size=12.676055 | price=0.71
Kalshi WS trade #478: KXINXU-26FEB13H1000-T6814.9999 | yes | count=2.00 | yes=70c
Kalshi WS trade #479: KXR6GAME-26FEB13SECRETWCG-SECRET | yes | count=47.00 | yes=72c
Kalshi WS trade #480: KXR6GAME-26FEB13SECRETWCG-SECRET | yes | count=37.00 | yes=72c
Kalshi WS trade #481: KXNASDAQ100U-26FEB13H1000-T24729.99 | no | count=1.00 | yes=13c
Kalshi WS trade #482: KXETHD-26FEB1310-T1989.99 | no | count=50.00 | yes=59c
Kalshi WS trade #483: KXETHD-26FEB1310-T1989.99 | no | count=100.00 | yes=58c
Kalshi WS trade #484: KXBTC15M-26FEB131000-00 | no | count=14.00 | yes=96c
Kalshi WS trade #485: KXBTC15M-26FEB131000-00 | no | count=1.00 | yes=95c
Kalshi WS trade #486: KXINXU-26FEB13H1000-T6834.9999 | no | count=1.00 | yes=19c
Poly WS trade #16: asset=43946269812975261940... | SELL | size=4 | price=0.76
Kalshi WS trade #487: KXATPMATCH-26FEB13DEVAN-DE | yes | count=89.00 | yes=44c
Kalshi WS trade #488: KXPGATOUR-ATPBP26-TFLE | yes | count=117.00 | yes=4c
Poly WS trade #17: asset=21431572216384228534... | BUY | size=9.51374 | price=0.946
Kalshi WS trade #489: KXBESSENTMTPMENTION-26FEB14-DEMO | no | count=15.00 | yes=99c
Kalshi WS trade #490: KXATPCHALLENGERMATCH-26FEB13LLAMIK-LLA | yes | count=12.00 | yes=70c
Kalshi WS trade #491: KXATPMATCH-26FEB13DEVAN-DE | yes | count=218.00 | yes=44c
Kalshi WS trade #492: KXATPMATCH-26FEB13DEVAN-DE | yes | count=10.00 | yes=44c
Kalshi WS trade #493: KXT20MATCH-26FEB13NEDUSA-USA | yes | count=529.00 | yes=77c
Kalshi WS trade #494: KXATPMATCH-26FEB13DEVAN-DE | yes | count=2.00 | yes=44c
Kalshi WS trade #495: KXGOVTSHUTDOWN-26FEB14 | yes | count=95.00 | yes=88c
Kalshi WS trade #496: KXLEAVELISACOOK-26JAN-27JAN01 | yes | count=44.00 | yes=18c
Kalshi WS trade #497: KXT20MATCH-26FEB13NEDUSA-USA | no | count=184.00 | yes=76c
Kalshi WS trade #498: KXT20MATCH-26FEB13NEDUSA-USA | no | count=50.00 | yes=76c
Kalshi WS trade #499: KXT20MATCH-26FEB13NEDUSA-USA | no | count=50.00 | yes=76c
Kalshi WS trade #500: KXT20MATCH-26FEB13NEDUSA-USA | no | count=50.00 | yes=76c
Kalshi WS trade #501: KXT20MATCH-26FEB13NEDUSA-USA | no | count=50.00 | yes=76c
Kalshi WS trade #502: KXT20MATCH-26FEB13NEDUSA-NED | yes | count=19.00 | yes=24c
Kalshi WS trade #503: KXATPCHALLENGERMATCH-26FEB13TABECH-TAB | no | count=1.00 | yes=57c
Kalshi WS trade #504: KXBTC15M-26FEB131000-00 | no | count=499.00 | yes=95c
Kalshi WS trade #505: KXBTC15M-26FEB131000-00 | no | count=200.00 | yes=95c
Kalshi WS trade #506: KXBTC15M-26FEB131000-00 | no | count=200.00 | yes=95c
Kalshi WS trade #507: KXBTC15M-26FEB131000-00 | no | count=745.00 | yes=95c
Kalshi WS trade #508: KXATPCHALLENGERMATCH-26FEB13TRAMOR-TRA | yes | count=81.00 | yes=10c
Kalshi WS trade #509: KXATPCHALLENGERMATCH-26FEB13TRAMOR-TRA | yes | count=12.00 | yes=11c
Kalshi WS trade #510: KXSENATETXR-26-JC | no | count=4.00 | yes=22c
Kalshi WS trade #511: KXATPCHALLENGERMATCH-26FEB13TRAMOR-TRA | no | count=435.00 | yes=9c
Kalshi WS trade #512: KXATPMATCH-26FEB13DEVAN-VAN | yes | count=169.00 | yes=58c
Kalshi WS trade #513: KXINXU-26FEB13H1000-T6824.9999 | no | count=3.00 | yes=46c
Kalshi WS trade #514: KXBTCD-26FEB1310-T67749.99 | yes | count=6.00 | yes=49c
Kalshi WS trade #515: KXWOHOCKEY-MEN26CGOLD-CAN | yes | count=1.00 | yes=51c
Kalshi WS trade #516: KXWTACHALLENGERMATCH-26FEB13STEJOR-STE | yes | count=14.00 | yes=66c
Kalshi WS trade #517: KXGOVTSHUTDOWN-26FEB14 | no | count=20.00 | yes=86c
Kalshi WS trade #518: KXETHD-26FEB1310-T1969.99 | yes | count=13.00 | yes=99c
Kalshi WS trade #519: KXWOCURLGAME-26FEB13DNKSWE-SWE | yes | count=1.00 | yes=81c
Kalshi WS trade #520: KXBTCD-26FEB1310-T67999.99 | no | count=17.00 | yes=17c
Kalshi WS trade #521: KXINXU-26FEB13H1000-T6839.9999 | no | count=20.00 | yes=12c
Kalshi WS trade #522: KXMVESPORTSMULTIGAMEEXTENDED-S20265A9FD1C5C95-C2C57C7461A | no | count=36.00 | yes=5c
Kalshi WS trade #523: KXBTCD-26FEB1310-T67749.99 | no | count=3.00 | yes=47c
Kalshi WS trade #524: KXWOSSKATE-M10K26GOLD-DGHI | yes | count=500.00 | yes=54c
Kalshi WS trade #525: KXWOSSKATE-M10K26GOLD-DGHI | yes | count=20.00 | yes=54c
Kalshi WS trade #526: KXETH15M-26FEB131000-00 | no | count=427.00 | yes=91c
Kalshi WS trade #527: KXATPCHALLENGERMATCH-26FEB13TABECH-ECH | yes | count=4.00 | yes=45c
Kalshi WS trade #528: KXATPCHALLENGERMATCH-26FEB13TABECH-ECH | yes | count=17.00 | yes=45c
Kalshi WS trade #529: KXHIGHCHI-26FEB13-B52.5 | yes | count=2.00 | yes=45c
Kalshi WS trade #530: KXWTAMATCH-26FEB13COCVEK-VEK | no | count=10.00 | yes=34c
Kalshi WS trade #531: KXWTAMATCH-26FEB13COCVEK-VEK | no | count=158.00 | yes=34c
Kalshi WS trade #532: KXBTCD-26FEB1310-T66999.99 | no | count=14.00 | yes=98c
Kalshi WS trade #533: KXATPCHALLENGERMATCH-26FEB13LLAMIK-LLA | yes | count=22.00 | yes=70c
Kalshi WS trade #534: KXWOCURLGAME-26FEB11USAGBR-USA | yes | count=20.00 | yes=44c
Kalshi WS trade #535: KXATPMATCH-26FEB13DEVAN-DE | yes | count=12.00 | yes=44c
Kalshi WS trade #536: KXATPMATCH-26FEB13DEVAN-DE | yes | count=211.00 | yes=44c
Kalshi WS trade #537: KXWTAMATCH-26FEB13COCVEK-COC | yes | count=341.00 | yes=66c
Kalshi WS trade #538: KXBTCD-26FEB1310-T67749.99 | yes | count=100.00 | yes=48c
Kalshi WS trade #539: KXBTCD-26FEB1310-T67749.99 | yes | count=84.00 | yes=49c
Kalshi WS trade #540: KXBTCD-26FEB1310-T67749.99 | yes | count=116.00 | yes=50c
Kalshi WS trade #541: KXBTCD-26FEB1310-T67749.99 | no | count=400.00 | yes=48c
Kalshi WS trade #542: KXBTCD-26FEB1310-T67749.99 | no | count=909.00 | yes=48c
Kalshi WS trade #543: KXBTC-26FEB1310-B68125 | yes | count=20.00 | yes=14c
Kalshi WS trade #544: KXBTC-26FEB1310-B68125 | yes | count=47.00 | yes=14c
Kalshi WS trade #545: KXWTACHALLENGERMATCH-26FEB13STEJOR-STE | yes | count=147.00 | yes=66c
Kalshi WS trade #546: KXNCAAMBGAME-26FEB13GMUGW-GMU | yes | count=20.00 | yes=46c
Kalshi WS trade #547: KXMVESPORTSMULTIGAMEEXTENDED-S2026160427F7AE6-D9AA44B7DFB | yes | count=1059.00 | yes=1c
Kalshi WS trade #548: KXSOLD-26FEB1310-T81.9999 | no | count=2.00 | yes=2c
Kalshi WS trade #549: KXWOCURLGAME-26FEB13DNKSWE-SWE | yes | count=4.00 | yes=81c
Kalshi WS trade #550: KXWOCURLGAME-26FEB13DNKSWE-SWE | yes | count=16.00 | yes=81c
Kalshi WS trade #551: KXBTCD-26FEB1310-T68499.99 | yes | count=31.00 | yes=3c
Kalshi WS trade #552: KXFACUPGAME-26FEB15ARSWIG-WIG | yes | count=11.00 | yes=4c
Poly WS trade #18: asset=21431572216384228534... | BUY | size=10.570814 | price=0.946
Kalshi WS trade #553: KXATPMATCH-26FEB13DEVAN-DE | yes | count=9.00 | yes=44c
Kalshi WS trade #554: KXATPMATCH-26FEB13DEVAN-DE | yes | count=486.00 | yes=45c
Kalshi WS trade #555: KXATPMATCH-26FEB13DEVAN-DE | yes | count=111.00 | yes=45c
Kalshi WS trade #556: KXBTCD-26FEB1310-T67749.99 | no | count=91.00 | yes=48c
Kalshi WS trade #557: KXBTCD-26FEB1310-T67749.99 | no | count=7.00 | yes=48c
Kalshi WS trade #558: KXBTC-26FEB1310-B68125 | no | count=12.00 | yes=11c
Kalshi WS trade #559: KXPGATOP10-ATPBP26-RHEN | yes | count=200.00 | yes=36c
Kalshi WS trade #560: KXPGATOP10-ATPBP26-RHEN | yes | count=12.00 | yes=37c
Kalshi WS trade #561: KXBTCD-26FEB1310-T67999.99 | no | count=200.00 | yes=17c
Kalshi WS trade #562: KXBTCD-26FEB1310-T67999.99 | no | count=250.00 | yes=17c
Kalshi WS trade #563: KXBTCD-26FEB1310-T67999.99 | no | count=73.00 | yes=17c
Kalshi WS trade #564: KXBTCD-26FEB1310-T67999.99 | no | count=477.00 | yes=17c
Kalshi WS trade #565: KXWTACHALLENGERMATCH-26FEB13STEJOR-STE | yes | count=110.00 | yes=66c
Kalshi WS trade #566: KXWTAMATCH-26FEB13COCVEK-VEK | yes | count=4.00 | yes=35c
Poly WS trade #19: asset=43946269812975261940... | BUY | size=109 | price=0.765
Kalshi WS trade #567: KXBTCD-26FEB1310-T67499.99 | no | count=43.00 | yes=80c
Kalshi WS trade #568: KXBTCD-26FEB1310-T67999.99 | yes | count=50.00 | yes=18c
Kalshi WS trade #569: KXBTCD-26FEB1310-T67999.99 | yes | count=100.00 | yes=18c
Kalshi WS trade #570: KXGOVTSHUTDOWN-26FEB14 | no | count=6.00 | yes=86c
Kalshi WS trade #571: KXBTCD-26FEB1310-T67749.99 | no | count=2.00 | yes=48c
Kalshi WS trade #572: KXSAUDIPLGAME-26FEB13HILITT-ITT | no | count=10.00 | yes=4c
Kalshi WS trade #573: KXETH-26FEB1310-B1980 | yes | count=50.00 | yes=37c
Kalshi WS trade #574: KXATPCHALLENGERMATCH-26FEB13LLAMIK-LLA | yes | count=139.00 | yes=70c
Kalshi WS trade #575: KXGOVTSHUTDOWN-26FEB14 | yes | count=435.00 | yes=88c
Kalshi WS trade #576: KXGOVTSHUTDOWN-26FEB14 | yes | count=50.00 | yes=88c
Kalshi WS trade #577: KXGOVTSHUTDOWN-26FEB14 | yes | count=87.00 | yes=88c
Kalshi WS trade #578: KXHIGHNY-26FEB13-B35.5 | no | count=5.00 | yes=8c
Poly WS trade #20: asset=85285091029101061598... | BUY | size=167 | price=0.998
Kalshi WS trade #579: KXETHD-26FEB1310-T1989.99 | yes | count=50.00 | yes=63c
Kalshi WS trade #580: KXVALORANTGAME-26FEB13BBLGM-GM | yes | count=96.00 | yes=52c
Kalshi WS trade #581: KXATPCHALLENGERMATCH-26FEB13LLAMIK-LLA | yes | count=2.00 | yes=70c
Kalshi WS trade #582: KXATPMATCH-26FEB13DEVAN-DE | yes | count=4.00 | yes=44c
Kalshi WS trade #583: KXATPMATCH-26FEB13DEVAN-DE | yes | count=79.00 | yes=45c
Kalshi WS trade #584: KXHIGHNY-26FEB13-B35.5 | yes | count=12.00 | yes=8c
Kalshi WS trade #585: KXBTCD-26FEB1310-T67499.99 | no | count=100.00 | yes=80c
Kalshi WS trade #586: KXBTCD-26FEB1310-T67499.99 | no | count=73.00 | yes=80c
Kalshi WS trade #587: KXBTCD-26FEB1310-T67749.99 | yes | count=84.00 | yes=50c
Kalshi WS trade #588: KXGOVTSHUTDOWN-26FEB14 | no | count=13.00 | yes=86c
Kalshi WS trade #589: KXATPCHALLENGERMATCH-26FEB13TRAMOR-MOR | no | count=14.00 | yes=87c
Kalshi WS trade #590: KXBERNIEMENTION-26FEB14-EPST | yes | count=36.00 | yes=26c
Kalshi WS trade #591: KXATPCHALLENGERMATCH-26FEB13TRAMOR-TRA | yes | count=14.00 | yes=11c
Kalshi WS trade #592: KXBTCD-26FEB1310-T67749.99 | no | count=90.00 | yes=51c
Kalshi WS trade #593: KXBTCD-26FEB1310-T67749.99 | no | count=96.00 | yes=51c
Kalshi WS trade #594: KXATPCHALLENGERMATCH-26FEB13TRAMOR-TRA | yes | count=236.00 | yes=11c
Kalshi WS trade #595: KXATPCHALLENGERMATCH-26FEB13LLAMIK-MIK | no | count=560.00 | yes=29c
Kalshi WS trade #596: KXWOSBOARD-WSX26MEDAL-MMOI | no | count=35.00 | yes=99c
Kalshi WS trade #597: KXHIGHMIA-26FEB13-B79.5 | yes | count=13.00 | yes=40c
Kalshi WS trade #598: KXEARNINGSMENTIONDKNG-26JUN30-OLYM | yes | count=187.00 | yes=1c
Kalshi WS trade #599: KXBTCD-26FEB1310-T67749.99 | no | count=90.00 | yes=50c
Kalshi WS trade #600: KXBTCD-26FEB1310-T67749.99 | no | count=200.00 | yes=50c
Kalshi WS trade #601: KXBTCD-26FEB1310-T67749.99 | no | count=250.00 | yes=50c
Kalshi WS trade #602: KXBTCD-26FEB1310-T67749.99 | no | count=18.00 | yes=49c
Kalshi WS trade #603: KXRT-CRI-87 | no | count=2.00 | yes=31c
Kalshi WS trade #604: KXRT-CRI-87 | no | count=4.00 | yes=31c
Kalshi WS trade #605: KXBTCD-26FEB1310-T68249.99 | yes | count=100.00 | yes=6c
Kalshi WS trade #606: KXBTCD-26FEB1310-T67249.99 | no | count=100.00 | yes=95c
Kalshi WS trade #607: KXBTCD-26FEB1310-T67749.99 | yes | count=50.00 | yes=52c
Kalshi WS trade #608: KXBTC15M-26FEB131000-00 | yes | count=134.00 | yes=96c
Poly WS trade #21: asset=20939351535690701474... | SELL | size=6.2 | price=0.966
Poly WS trade #22: asset=20939351535690701474... | SELL | size=10.34 | price=0.966
Kalshi WS trade #609: KXBTCD-26FEB1310-T67999.99 | yes | count=100.00 | yes=20c
Kalshi WS trade #610: KXBTCD-26FEB1310-T67749.99 | no | count=179.00 | yes=51c
Kalshi WS trade #611: KXBTCD-26FEB1310-T68249.99 | no | count=100.00 | yes=6c
Kalshi WS trade #612: KXBTCD-26FEB1310-T68249.99 | no | count=90.00 | yes=5c
Kalshi WS trade #613: KXBTCD-26FEB1310-T68249.99 | no | count=19.00 | yes=5c
Kalshi WS trade #614: KXBTC-26FEB1310-B67625 | no | count=200.00 | yes=31c
Kalshi WS trade #615: KXATPMATCH-26FEB13DEVAN-DE | yes | count=1.00 | yes=44c
Kalshi WS trade #616: KXBTCD-26FEB1317-T69999.99 | yes | count=1.00 | yes=4c
Kalshi WS trade #617: KXNCAAMBGAME-26FEB13CLMBPENN-CLMB | yes | count=55.00 | yes=43c
Kalshi WS trade #618: KXATPCHALLENGERMATCH-26FEB13TRAMOR-MOR | yes | count=120.00 | yes=90c
Kalshi WS trade #619: KXATPCHALLENGERMATCH-26FEB13TRAMOR-MOR | yes | count=174.00 | yes=90c
Kalshi WS trade #620: KXSAUDIPLSPREAD-26FEB13SHAAAS-AAS2 | no | count=32.00 | yes=41c
Kalshi WS trade #621: KXSAUDIPLSPREAD-26FEB13SHAAAS-AAS2 | no | count=9.00 | yes=40c
Kalshi WS trade #622: KXBTCD-26FEB1317-T68999.99 | yes | count=3.00 | yes=17c
Kalshi WS trade #623: KXBTC15M-26FEB131000-00 | no | count=47.00 | yes=95c
Kalshi WS trade #624: KXBTC15M-26FEB131000-00 | no | count=147.00 | yes=95c
Kalshi WS trade #625: KXATPCHALLENGERMATCH-26FEB13LLAMIK-MIK | no | count=47.00 | yes=29c
Kalshi WS trade #626: KXATPMATCH-26FEB13DEVAN-DE | yes | count=42.00 | yes=45c
Kalshi WS trade #627: KXLIGAMXGAME-26FEB13PUEPUM-TIE | yes | count=5.00 | yes=29c
Kalshi WS trade #628: KXLIGAMXGAME-26FEB13PUEPUM-TIE | yes | count=5.00 | yes=30c
Kalshi WS trade #629: KXT20MATCH-26FEB13NEDUSA-NED | no | count=4.00 | yes=23c
Kalshi WS trade #630: KXT20MATCH-26FEB13NEDUSA-NED | no | count=300.00 | yes=23c
Kalshi WS trade #631: KXATPCHALLENGERMATCH-26FEB13TRAMOR-MOR | yes | count=22.00 | yes=90c
Kalshi WS trade #632: KXWO-MEDALS-26-USA | yes | count=43.00 | yes=21c
Kalshi WS trade #633: KXBTCD-26FEB1310-T67749.99 | yes | count=90.00 | yes=52c
Kalshi WS trade #634: KXATPMATCH-26FEB13DEVAN-DE | yes | count=1.00 | yes=44c
Poly WS trade #23: asset=10249390055164570152... | BUY | size=7.042251 | price=0.71
Kalshi WS trade #635: KXBTC-26FEB1310-B67625 | yes | count=289.00 | yes=32c
INFO:     35.145.33.17:0 - "GET /api/insiders?max_days_ago=7&include_bots=false&limit=80 HTTP/1.1" 200 OK
Kalshi WS trade #636: KXWTAMATCH-26FEB13COCVEK-VEK | no | count=359.00 | yes=34c
Kalshi WS trade #637: KXBTC15M-26FEB131000-00 | no | count=2.00 | yes=96c
Kalshi WS trade #638: KXMVESPORTSMULTIGAMEEXTENDED-S20269D1FD3333D2-928B6F2563F | yes | count=27.00 | yes=35c
Kalshi WS trade #639: KXSURVIVOR-26DEC31-CHA | no | count=100.00 | yes=1c
Kalshi WS trade #640: KXBTC-26FEB1317-B69750 | yes | count=5.00 | yes=4c
Kalshi WS trade #641: KXBTC-26FEB1317-B69750 | yes | count=38.00 | yes=4c
Kalshi WS trade #642: KXBTCD-26FEB1317-T69499.99 | no | count=43.00 | yes=9c
Kalshi WS trade #643: KXSURVIVOR-26DEC31-CHR | no | count=100.00 | yes=1c
Kalshi WS trade #644: KXWTAMATCH-26FEB13COCVEK-VEK | no | count=132.00 | yes=34c
Kalshi WS trade #645: KXBTC-26FEB1310-B67875 | no | count=50.00 | yes=33c
Kalshi WS trade #646: KXWTAMATCH-26FEB13SAKMUC-SAK | yes | count=22.00 | yes=30c
Kalshi WS trade #647: KXATPMATCH-26FEB13DEVAN-DE | no | count=9.00 | yes=41c
Kalshi WS trade #648: KXATPMATCH-26FEB13DEVAN-DE | no | count=45.00 | yes=39c
Kalshi WS trade #649: KXATPMATCH-26FEB13DEVAN-DE | no | count=100.00 | yes=39c
Kalshi WS trade #650: KXATPMATCH-26FEB13DEVAN-DE | no | count=100.00 | yes=39c
Kalshi WS trade #651: KXATPMATCH-26FEB13DEVAN-DE | no | count=60.00 | yes=38c
Kalshi WS trade #652: KXATPMATCH-26FEB13DEVAN-DE | no | count=7.00 | yes=38c
Kalshi WS trade #653: KXBTCD-26FEB1310-T67999.99 | no | count=60.00 | yes=19c
Kalshi WS trade #654: KXWTAMATCH-26FEB13COCVEK-COC | yes | count=116.00 | yes=66c
Kalshi WS trade #655: KXWTAMATCH-26FEB14BAPSRA-SRA | no | count=61.00 | yes=38c
Kalshi WS trade #656: KXSURVIVOR-26DEC31-CHRI | no | count=100.00 | yes=1c
Kalshi WS trade #657: KXBTCD-26FEB1317-T66499.99 | no | count=100.00 | yes=84c
Kalshi WS trade #658: KXBTCD-26FEB1317-T66499.99 | no | count=90.00 | yes=84c
Kalshi WS trade #659: KXATPMATCH-26FEB13DEVAN-VAN | no | count=9.00 | yes=57c
Kalshi WS trade #660: KXATPMATCH-26FEB13DEVAN-VAN | no | count=54.00 | yes=57c
Kalshi WS trade #661: KXATPMATCH-26FEB13DEVAN-VAN | no | count=200.00 | yes=56c
Kalshi WS trade #662: KXATPMATCH-26FEB13DEVAN-DE | yes | count=9.00 | yes=44c
Kalshi WS trade #663: KXATPMATCH-26FEB13DEVAN-DE | yes | count=268.00 | yes=45c
Kalshi WS trade #664: KXATPMATCH-26FEB13DEVAN-DE | yes | count=11.00 | yes=45c
Kalshi WS trade #665: KXATPMATCH-26FEB13DEVAN-DE | yes | count=1.00 | yes=45c
Kalshi WS trade #666: KXATPMATCH-26FEB13DEVAN-VAN | no | count=50.00 | yes=55c
Kalshi WS trade #667: KXATPMATCH-26FEB13DEVAN-VAN | no | count=18.00 | yes=55c
Kalshi WS trade #668: KXBTCD-26FEB1310-T67999.99 | yes | count=100.00 | yes=21c
Kalshi WS trade #669: KXBTCD-26FEB1310-T67999.99 | yes | count=50.00 | yes=22c
Kalshi WS trade #670: KXBTC-26FEB1310-B67625 | no | count=200.00 | yes=30c
Kalshi WS trade #671: KXSURVIVOR-26DEC31-BEN | no | count=100.00 | yes=2c
Kalshi WS trade #672: KXNCAAMBSPREAD-26FEB13MSUWIS-MSU1 | yes | count=86.00 | yes=56c
Kalshi WS trade #673: KXBTCD-26FEB1310-T67249.99 | yes | count=100.00 | yes=95c
Kalshi WS trade #674: KXGOVTSHUTDOWN-26FEB14 | yes | count=5.00 | yes=88c
Kalshi WS trade #675: KXGOVTSHUTDOWN-26FEB14 | no | count=33.00 | yes=86c
Kalshi WS trade #676: KXBTCD-26FEB1310-T67749.99 | no | count=2.00 | yes=56c
Kalshi WS trade #677: KXSURVIVOR-26DEC31-DEE | no | count=67.00 | yes=1c
Kalshi WS trade #678: KXSURVIVOR-26DEC31-DEE | no | count=5.00 | yes=1c
Kalshi WS trade #679: KXSURVIVOR-26DEC31-DEE | no | count=28.00 | yes=1c
Kalshi WS trade #680: KXATPCHALLENGERMATCH-26FEB13LLAMIK-LLA | yes | count=27.00 | yes=70c
Kalshi WS trade #681: KXWOCURLGAME-26FEB11USAGBR-USA | yes | count=20.00 | yes=44c
Kalshi WS trade #682: KXMVESPORTSMULTIGAMEEXTENDED-S2026B0D34146945-B9DFD9B639E | yes | count=198.00 | yes=4c
Kalshi WS trade #683: KXPGATOUR-ATPBP26-CGOT | yes | count=42.00 | yes=11c
Kalshi WS trade #684: KXSURVIVOR-26DEC31-EMI | no | count=8.00 | yes=1c
Kalshi WS trade #685: KXSURVIVOR-26DEC31-EMI | no | count=92.00 | yes=1c
Kalshi WS trade #686: KXGOVTSHUTLENGTH-26FEB07-G20 | yes | count=4.00 | yes=40c
Kalshi WS trade #687: KXWTAMATCH-26FEB13COCVEK-COC | yes | count=905.00 | yes=66c
Kalshi WS trade #688: KXATPMATCH-26FEB13DEVAN-DE | yes | count=302.00 | yes=48c
Kalshi WS trade #689: KXBTCD-26FEB1317-T68999.99 | yes | count=100.00 | yes=17c
Kalshi WS trade #690: KXBTC-26FEB1310-B67625 | no | count=200.00 | yes=30c
Kalshi WS trade #691: KXSURVIVOR-26DEC31-GEN | no | count=100.00 | yes=1c
Kalshi WS trade #692: KXBTCD-26FEB1310-T67999.99 | yes | count=100.00 | yes=23c
Kalshi WS trade #693: KXBTCD-26FEB1317-T67999.99 | yes | count=100.00 | yes=42c
Kalshi WS trade #694: KXBTCD-26FEB1317-T67499.99 | yes | count=100.00 | yes=59c
Kalshi WS trade #695: KXBTCD-26FEB1317-T59499.99 | yes | count=11.00 | yes=99c
Kalshi WS trade #696: KXBTCD-26FEB1317-T59499.99 | yes | count=189.00 | yes=99c
Kalshi WS trade #697: KXBTCD-26FEB1310-T67499.99 | no | count=10.00 | yes=85c
Kalshi WS trade #698: KXWTAMATCH-26FEB13COCVEK-COC | yes | count=634.00 | yes=66c
Kalshi WS trade #699: KXBTC-26FEB1310-B67625 | yes | count=10.00 | yes=30c
Kalshi WS trade #700: KXKHLGAME-26FEB130900HCDAVT-HCD | yes | count=28.00 | yes=77c
Kalshi WS trade #701: KXETH-26FEB1310-B1980 | yes | count=50.00 | yes=30c
Kalshi WS trade #702: KXSURVIVOR-26DEC31-JEN | no | count=100.00 | yes=1c
Kalshi WS trade #703: KXINXU-26FEB13H1600-T6849.9999 | yes | count=20.00 | yes=41c
Kalshi WS trade #704: KXINXU-26FEB13H1600-T6849.9999 | yes | count=180.00 | yes=42c
Kalshi WS trade #705: KXATPMATCH-26FEB13DEVAN-DE | no | count=170.00 | yes=47c
Kalshi WS trade #706: KXLIVTOUR-LIGA26-BDEC | yes | count=4.00 | yes=20c
Kalshi WS trade #707: KXBTCD-26FEB1310-T67499.99 | no | count=100.00 | yes=85c
Kalshi WS trade #708: KXBTCD-26FEB1310-T67499.99 | no | count=77.00 | yes=84c
Kalshi WS trade #709: KXSAUDIPLGAME-26FEB13SHAAAS-SHA | yes | count=140.00 | yes=2c
Kalshi WS trade #710: KXWOCURLGAME-26FEB13DNKSWE-DNK | yes | count=4.00 | yes=23c
Kalshi WS trade #711: KXBTCD-26FEB1310-T68249.99 | yes | count=100.00 | yes=7c
Kalshi WS trade #712: KXBTCD-26FEB1310-T67999.99 | yes | count=2.00 | yes=25c
Kalshi WS trade #713: KXBTCD-26FEB1310-T67999.99 | yes | count=100.00 | yes=25c
Kalshi WS trade #714: KXSURVIVOR-26DEC31-JOE | no | count=31.00 | yes=6c
Kalshi WS trade #715: KXSURVIVOR-26DEC31-JOE | no | count=69.00 | yes=6c
Kalshi WS trade #716: KXLOVEISBLINDENGAGEMENT-26-ROS | no | count=1.00 | yes=8c
Kalshi WS trade #717: KXBTCD-26FEB1310-T67749.99 | no | count=50.00 | yes=58c
Kalshi WS trade #718: KXBTC-26FEB1310-B67625 | no | count=200.00 | yes=28c
Kalshi WS trade #719: KXWTAMATCH-26FEB13COCVEK-COC | yes | count=4.00 | yes=67c
Kalshi WS trade #720: KXBTCD-26FEB1310-T66749.99 | yes | count=1613.00 | yes=99c
Kalshi WS trade #721: KXBTCD-26FEB1310-T67749.99 | yes | count=90.00 | yes=59c
Kalshi WS trade #722: KXSURVIVOR-26DEC31-JON | no | count=28.00 | yes=4c
Kalshi WS trade #723: KXSURVIVOR-26DEC31-JON | no | count=72.00 | yes=4c
Kalshi WS trade #724: KXBTC-26FEB1310-B67875 | yes | count=127.00 | yes=34c
Kalshi WS trade #725: KXSOL15M-26FEB131000-00 | no | count=62.00 | yes=95c
Kalshi WS trade #726: KXBTCD-26FEB1317-T68999.99 | yes | count=100.00 | yes=17c
Kalshi WS trade #727: KXBTCD-26FEB1317-T65499.99 | no | count=100.00 | yes=96c
Kalshi WS trade #728: KXBTCD-26FEB1317-T65999.99 | yes | count=100.00 | yes=88c
Kalshi WS trade #729: KXBTC-26FEB1317-B65750 | yes | count=100.00 | yes=6c
Kalshi WS trade #730: KXSURVIVOR-26DEC31-KAM | no | count=1.00 | yes=1c
Kalshi WS trade #731: KXSURVIVOR-26DEC31-KAM | no | count=99.00 | yes=1c
Kalshi WS trade #732: KXXRP15M-26FEB131000-00 | no | count=50.00 | yes=92c
Kalshi WS trade #733: KXXRP15M-26FEB131000-00 | no | count=1.00 | yes=90c
Kalshi WS trade #734: KXBTCD-26FEB1310-T67749.99 | no | count=1.00 | yes=61c
Kalshi WS trade #735: KXTRUMPMENTION-26FEB14-NOBE | yes | count=1.00 | yes=24c
Kalshi WS trade #736: KXINXU-26FEB13H1000-T6814.9999 | yes | count=10.00 | yes=80c
Kalshi WS trade #737: KXBTC-26FEB1310-B67625 | yes | count=50.00 | yes=28c
Kalshi WS trade #738: KXBTC-26FEB1310-B67625 | yes | count=1.00 | yes=28c
Kalshi WS trade #739: KXBTC-26FEB1310-B67625 | yes | count=117.00 | yes=29c
Kalshi WS trade #740: KXBTC-26FEB1310-B67625 | yes | count=139.00 | yes=29c
Kalshi WS trade #741: KXBTCD-26FEB1317-T68499.99 | yes | count=100.00 | yes=29c
Kalshi WS trade #742: KXATPMATCH-26FEB13DEVAN-DE | yes | count=1.00 | yes=48c
Kalshi WS trade #743: KXATPMATCH-26FEB13DEVAN-DE | yes | count=13.00 | yes=48c
Kalshi WS trade #744: KXIMPEACH-26-JUN01 | yes | count=15.00 | yes=7c
Kalshi WS trade #745: KXNCAAMBGAME-26FEB13IONACAN-IONA | yes | count=21.00 | yes=68c
Kalshi WS trade #746: KXETH-26FEB1310-B1960 | no | count=1.00 | yes=2c
Kalshi WS trade #747: KXBTCD-26FEB1310-T68499.99 | yes | count=59.00 | yes=3c
Kalshi WS trade #748: KXBTCD-26FEB1310-T68499.99 | yes | count=100.00 | yes=3c
Kalshi WS trade #749: KXSURVIVOR-26DEC31-KYL | no | count=100.00 | yes=1c
Kalshi WS trade #750: KXATPCHALLENGERMATCH-26FEB13TABECH-ECH | no | count=3.00 | yes=38c
Kalshi WS trade #751: KXATPCHALLENGERMATCH-26FEB13TABECH-ECH | no | count=56.00 | yes=38c
Kalshi WS trade #752: KXBTCD-26FEB1310-T67749.99 | no | count=4.00 | yes=64c
Kalshi WS trade #753: KXVALORANTGAME-26FEB13VITFNC-VIT | yes | count=1421.00 | yes=1c
Kalshi WS trade #754: KXBTCD-26FEB1310-T68249.99 | yes | count=250.00 | yes=9c
Kalshi WS trade #755: KXINXU-26FEB13H1000-T6824.9999 | yes | count=2.00 | yes=54c
Kalshi WS trade #756: KXSURVIVOR-26DEC31-MIK | no | count=53.00 | yes=1c
Kalshi WS trade #757: KXSURVIVOR-26DEC31-MIK | no | count=47.00 | yes=1c
Kalshi WS trade #758: KXBTC-26FEB1310-B67625 | no | count=312.00 | yes=25c
Kalshi WS trade #759: KXBTCD-26FEB1310-T67999.99 | yes | count=5.00 | yes=28c
Kalshi WS trade #760: KXGOVTSHUTLENGTH-26FEB07-G5 | no | count=1.00 | yes=94c
Kalshi WS trade #761: KXBTCD-26FEB1310-T67499.99 | yes | count=90.00 | yes=88c
Kalshi WS trade #762: KXBTCD-26FEB1310-T67499.99 | yes | count=508.00 | yes=88c
Kalshi WS trade #763: KXATPCHALLENGERMATCH-26FEB13TABECH-TAB | no | count=1.00 | yes=57c
Kalshi WS trade #764: KXATPCHALLENGERMATCH-26FEB13TABECH-TAB | no | count=9.00 | yes=57c
Kalshi WS trade #765: KXATPCHALLENGERMATCH-26FEB13TABECH-TAB | no | count=1.00 | yes=56c
Kalshi WS trade #766: KXWTAMATCH-26FEB13COCVEK-COC | yes | count=289.00 | yes=67c
Kalshi WS trade #767: KXETH15M-26FEB131000-00 | no | count=14.00 | yes=95c
Kalshi WS trade #768: KXETH15M-26FEB131000-00 | no | count=53.00 | yes=94c
Kalshi WS trade #769: KXBTCD-26FEB1317-T71999.99 | yes | count=14.00 | yes=2c
Kalshi WS trade #770: KXSURVIVOR-26DEC31-OZZ | no | count=100.00 | yes=2c
Kalshi WS trade #771: KXBTCD-26FEB1310-T67249.99 | yes | count=22.00 | yes=97c
Kalshi WS trade #772: KXBTCD-26FEB1310-T67249.99 | yes | count=15.00 | yes=97c
Kalshi WS trade #773: KXBTCD-26FEB1310-T67249.99 | yes | count=100.00 | yes=97c
Kalshi WS trade #774: KXBTC15M-26FEB131000-00 | no | count=5.00 | yes=97c
Kalshi WS trade #775: KXNCAAMBGAME-26FEB13SLULCHI-LCHI | yes | count=25.00 | yes=6c
Kalshi WS trade #776: KXBTCD-26FEB1310-T67999.99 | yes | count=1.00 | yes=30c
Kalshi WS trade #777: KXBTCD-26FEB1310-T67999.99 | yes | count=5.00 | yes=30c
Kalshi WS trade #778: KXSERIEAGAME-26FEB13PISACM-ACM | yes | count=31.00 | yes=62c
Kalshi WS trade #779: KXBTCD-26FEB1317-T66499.99 | no | count=1.00 | yes=85c
Kalshi WS trade #780: KXBTC-26FEB1310-B68375 | yes | count=20.00 | yes=7c
Kalshi WS trade #781: KXINXU-26FEB13H1000-T6824.9999 | yes | count=8000.00 | yes=56c
Kalshi WS trade #782: KXBTC-26FEB1310-B67875 | no | count=39.00 | yes=35c
Kalshi WS trade #783: KXNCAAWBGAME-26FEB13COFCNE-NE | yes | count=11.00 | yes=8c
Kalshi WS trade #784: KXWTAMATCH-26FEB13COCVEK-VEK | yes | count=25.00 | yes=35c
Kalshi WS trade #785: KXBTC15M-26FEB131000-00 | yes | count=1.00 | yes=98c
Kalshi WS trade #786: KXNCAAMBGAME-26FEB13MANNIAG-MAN | yes | count=30.00 | yes=48c
Kalshi WS trade #787: KXETHD-26FEB1310-T1989.99 | no | count=200.00 | yes=75c
Kalshi WS trade #788: KXSENATETXR-26-KP | no | count=4.00 | yes=70c
Kalshi WS trade #789: KXPGATOUR-ATPBP26-CGOT | yes | count=427.00 | yes=11c
Kalshi WS trade #790: KXBTCD-26FEB1310-T67999.99 | no | count=30.00 | yes=31c
Kalshi WS trade #791: KXBTCD-26FEB1310-T67999.99 | no | count=26.00 | yes=31c
Poly WS trade #24: asset=10150694304905327693... | BUY | size=50.75 | price=0.949
Kalshi WS trade #792: KXBTCD-26FEB1310-T67249.99 | no | count=63.00 | yes=97c
Kalshi WS trade #793: KXBTCD-26FEB1310-T67249.99 | no | count=67.00 | yes=97c
Kalshi WS trade #794: KXSURVIVOR-26DEC31-RIC | no | count=100.00 | yes=1c
Kalshi WS trade #795: KXMVESPORTSMULTIGAMEEXTENDED-S20264FC54458A36-5A72FA0970A | yes | count=137.00 | yes=13c
Kalshi WS trade #796: KXVALORANTGAME-26FEB13VITFNC-FNC | no | count=11.00 | yes=99c
Kalshi WS trade #797: KXBTCD-26FEB1310-T67249.99 | no | count=33.00 | yes=97c
Kalshi WS trade #798: KXBTCD-26FEB1310-T67249.99 | no | count=84.00 | yes=96c
Kalshi WS trade #799: KXSURVIVOR-26DEC31-RIZ | no | count=100.00 | yes=1c
Kalshi WS trade #800: KXBTC-26FEB1317-B65750 | yes | count=20.00 | yes=6c
Kalshi WS trade #801: KXBTC-26FEB1317-B65750 | yes | count=80.00 | yes=6c
Kalshi WS trade #802: KXBTCD-26FEB1317-T65999.99 | yes | count=100.00 | yes=88c
Kalshi WS trade #803: KXBTCD-26FEB1317-T65499.99 | no | count=100.00 | yes=96c
Kalshi WS trade #804: KXGOVTSHUTDOWN-26FEB14 | yes | count=23.00 | yes=88c
Kalshi WS trade #805: KXBTC15M-26FEB131000-00 | yes | count=2.00 | yes=98c
Kalshi WS trade #806: KXBTCD-26FEB1310-T68249.99 | yes | count=100.00 | yes=10c
Kalshi WS trade #807: KXBTCD-26FEB1310-T67499.99 | yes | count=1.00 | yes=90c
Kalshi WS trade #808: KXNCAAMBGAME-26FEB13GMUGW-GMU | yes | count=208.00 | yes=46c
Kalshi WS trade #809: KXBTCD-26FEB1310-T67999.99 | yes | count=100.00 | yes=32c
Kalshi WS trade #810: KXBTCD-26FEB1310-T67999.99 | yes | count=100.00 | yes=32c
Kalshi WS trade #811: KXBTC-26FEB1310-B68375 | yes | count=100.00 | yes=8c
Kalshi WS trade #812: KXBTCD-26FEB1310-T67999.99 | yes | count=100.00 | yes=32c
Kalshi WS trade #813: KXSURVIVOR-26DEC31-SAV | no | count=100.00 | yes=1c
Kalshi WS trade #814: KXETHD-26FEB1310-T1989.99 | no | count=50.00 | yes=79c
Kalshi WS trade #815: KXATPMATCH-26FEB13DEVAN-VAN | yes | count=31.00 | yes=52c
Kalshi WS trade #816: KXATPMATCH-26FEB13DEVAN-VAN | yes | count=548.00 | yes=52c
Kalshi WS trade #817: KXBTCD-26FEB1310-T67499.99 | yes | count=9.00 | yes=90c
Kalshi WS trade #818: KXBTCD-26FEB1310-T67499.99 | yes | count=4.00 | yes=92c
Kalshi WS trade #819: KXATPMATCH-26FEB13DEVAN-VAN | no | count=12.00 | yes=50c
Kalshi WS trade #820: KXATPMATCH-26FEB13DEVAN-VAN | no | count=13.00 | yes=50c
Kalshi WS trade #821: KXBTC15M-26FEB131000-00 | no | count=11.00 | yes=97c
Kalshi WS trade #822: KXSURVIVOR-26DEC31-STE | no | count=44.00 | yes=1c
Kalshi WS trade #823: KXSURVIVOR-26DEC31-STE | no | count=56.00 | yes=1c
Kalshi WS trade #824: KXMVESPORTSMULTIGAMEEXTENDED-S2026BA3D31BC767-3225528D554 | yes | count=133.00 | yes=3c
Kalshi WS trade #825: KXATPCHALLENGERMATCH-26FEB13LLAMIK-MIK | yes | count=2.00 | yes=30c
Kalshi WS trade #826: KXATPCHALLENGERMATCH-26FEB13LLAMIK-MIK | yes | count=58.00 | yes=31c
Kalshi WS trade #827: KXATPCHALLENGERMATCH-26FEB13LLAMIK-MIK | yes | count=186.00 | yes=31c
Kalshi WS trade #828: KXBTCD-26FEB1310-T67499.99 | no | count=90.00 | yes=89c
Kalshi WS trade #829: KXBTCD-26FEB1310-T67499.99 | no | count=100.00 | yes=89c
Kalshi WS trade #830: KXBTCD-26FEB1310-T67499.99 | no | count=95.00 | yes=89c
Kalshi WS trade #831: KXATPMATCH-26FEB13DEVAN-DE | yes | count=5.00 | yes=50c
Kalshi WS trade #832: KXSURVIVOR-26DEC31-TIF | no | count=84.00 | yes=1c
Kalshi WS trade #833: KXSURVIVOR-26DEC31-TIF | no | count=16.00 | yes=1c
Kalshi WS trade #834: KXETH15M-26FEB131000-00 | no | count=2.00 | yes=94c
Kalshi WS trade #835: KXETH15M-26FEB131000-00 | no | count=4.00 | yes=94c
Kalshi WS trade #836: KXATPMATCH-26FEB13FRIKOR-FRI | yes | count=94.00 | yes=62c
Kalshi WS trade #837: KXBTCD-26FEB1310-T67749.99 | no | count=100.00 | yes=69c
Kalshi WS trade #838: KXSERIEAGAME-26FEB13PISACM-ACM | yes | count=276.00 | yes=62c
Kalshi WS trade #839: KXBTC15M-26FEB131000-00 | no | count=3.00 | yes=97c
Kalshi WS trade #840: KXBTCD-26FEB1310-T67749.99 | no | count=10.00 | yes=67c
Kalshi WS trade #841: KXBTCD-26FEB1310-T67999.99 | no | count=10.00 | yes=31c
Kalshi WS trade #842: KXBTCD-26FEB1310-T67499.99 | no | count=90.00 | yes=89c
Kalshi WS trade #843: KXBTCD-26FEB1310-T67499.99 | no | count=13.00 | yes=88c
Kalshi WS trade #844: KXBTCD-26FEB1310-T67499.99 | no | count=2.00 | yes=88c
Kalshi WS trade #845: KXBTCD-26FEB1310-T67499.99 | no | count=10.00 | yes=88c
Kalshi WS trade #846: KXBTCD-26FEB1310-T67499.99 | no | count=500.00 | yes=88c
Kalshi WS trade #847: KXBTCD-26FEB1310-T67499.99 | no | count=500.00 | yes=88c
Kalshi WS trade #848: KXBTCD-26FEB1310-T67499.99 | no | count=160.00 | yes=88c
Kalshi WS trade #849: KXGOVTSHUTDOWN-26FEB14 | yes | count=11.00 | yes=88c
Kalshi WS trade #850: KXWTACHALLENGERMATCH-26FEB13CHWLAM-LAM | yes | count=295.00 | yes=16c
Kalshi WS trade #851: KXETHD-26FEB1310-T1989.99 | yes | count=50.00 | yes=75c
Kalshi WS trade #852: KXBTC-26FEB1310-B67625 | yes | count=1.00 | yes=24c
Kalshi WS trade #853: KXBTCD-26FEB1310-T67249.99 | no | count=284.00 | yes=96c
Kalshi WS trade #854: KXWTACHALLENGERMATCH-26FEB13CHWLAM-LAM | yes | count=53.00 | yes=16c
Kalshi WS trade #855: KXETHD-26FEB1310-T1989.99 | no | count=100.00 | yes=75c
Kalshi WS trade #856: KXATPMATCH-26FEB13DEVAN-DE | no | count=50.00 | yes=48c
Kalshi WS trade #857: KXATPCHALLENGERMATCH-26FEB13TABECH-ECH | yes | count=3.00 | yes=39c
Kalshi WS trade #858: KXATPCHALLENGERMATCH-26FEB13TABECH-ECH | yes | count=21.00 | yes=39c
Kalshi WS trade #859: KXGAMEAWARDS-2026-MAR | yes | count=37.00 | yes=5c
Kalshi WS trade #860: KXATPMATCH-26FEB13DEVAN-VAN | yes | count=73.00 | yes=52c
Kalshi WS trade #861: KXBTCD-26FEB1310-T67749.99 | no | count=10.00 | yes=65c
Kalshi WS trade #862: KXBTCD-26FEB1310-T67749.99 | no | count=50.00 | yes=65c
Kalshi WS trade #863: KXBTCD-26FEB1310-T67749.99 | no | count=250.00 | yes=65c
Kalshi WS trade #864: KXBTCD-26FEB1310-T67749.99 | no | count=36.00 | yes=65c
Kalshi WS trade #865: KXATPMATCH-26FEB13DEVAN-VAN | yes | count=456.00 | yes=52c
Kalshi WS trade #866: KXXRP15M-26FEB131000-00 | no | count=94.00 | yes=91c
Kalshi WS trade #867: KXBTC15M-26FEB131000-00 | no | count=100.00 | yes=97c
Kalshi WS trade #868: KXBTCD-26FEB1310-T67999.99 | no | count=250.00 | yes=31c
Poly WS trade #25: asset=11396725528572998309... | SELL | size=4355 | price=0.004
Kalshi WS trade #869: KXINXU-26FEB13H1000-T6829.9999 | no | count=4.00 | yes=49c
Kalshi WS trade #870: KXNCAAMBGAME-26FEB13SLULCHI-LCHI | yes | count=15.00 | yes=6c
Kalshi WS trade #871: KXBTCD-26FEB1310-T67499.99 | yes | count=10.00 | yes=90c
Kalshi WS trade #872: KXBTCD-26FEB1310-T67499.99 | yes | count=5.00 | yes=89c
Kalshi WS trade #873: KXWOCURLGAME-26FEB11USAGBR-USA | yes | count=20.00 | yes=44c
Poly WS trade #26: asset=43946269812975261940... | SELL | size=1 | price=0.76
Poly WS trade #27: asset=85285091029101061598... | SELL | size=167 | price=0.997
Kalshi WS trade #874: KXSAUDIPLGAME-26FEB13SHAAAS-AAS | yes | count=5.00 | yes=95c
Kalshi WS trade #875: KXETH-26FEB1310-B1980 | yes | count=50.00 | yes=25c
Kalshi WS trade #876: KXBTC-26FEB1310-B67625 | yes | count=50.00 | yes=26c
Kalshi WS trade #877: KXBTC-26FEB1310-B67625 | yes | count=1.00 | yes=26c
Kalshi WS trade #878: KXBTCD-26FEB1310-T67999.99 | no | count=20.00 | yes=27c
Kalshi WS trade #879: KXBTCMAXMON-BTC-26FEB28-8500000 | yes | count=20.00 | yes=7c
Kalshi WS trade #880: KXBUNDESLIGAGAME-26FEB13BVBM05-BVB | yes | count=18.00 | yes=61c
Kalshi WS trade #881: KXBTCD-26FEB1310-T67999.99 | yes | count=55.00 | yes=28c
Kalshi WS trade #882: KXGOVTSHUTDOWN-26FEB14 | no | count=2.00 | yes=86c
Kalshi WS trade #883: KXEARNINGSMENTIONDKNG-26JUN30-FEAT | yes | count=93.00 | yes=1c
Kalshi WS trade #884: KXETHD-26FEB1310-T1989.99 | no | count=4.00 | yes=73c
Poly WS trade #28: asset=10150694304905327693... | SELL | size=12.23 | price=0.947
Kalshi WS trade #885: KXRATECUTCOUNT-26DEC31-T3 | yes | count=3.00 | yes=28c
Kalshi WS trade #886: KXBTCD-26FEB1317-T64499.99 | no | count=34.00 | yes=96c
Kalshi WS trade #887: KXWTAMATCH-26FEB13OSTMBO-MBO | yes | count=358.00 | yes=69c
Kalshi WS trade #888: KXWTAMATCH-26FEB13OSTMBO-MBO | yes | count=805.00 | yes=69c
Kalshi WS trade #889: KXWTAMATCH-26FEB13OSTMBO-MBO | yes | count=1265.00 | yes=69c
Kalshi WS trade #890: KXETHD-26FEB1310-T1989.99 | no | count=50.00 | yes=72c
Kalshi WS trade #891: KXCABOUT-29JAN-KNOE | yes | count=10.00 | yes=18c
Kalshi WS trade #892: KXWTACHALLENGERMATCH-26FEB13STEJOR-STE | no | count=14.00 | yes=66c
Kalshi WS trade #893: KXWTACHALLENGERMATCH-26FEB13STEJOR-STE | no | count=18.00 | yes=66c
Kalshi WS trade #894: KXWTACHALLENGERMATCH-26FEB13STEJOR-JOR | yes | count=3.00 | yes=36c
Kalshi WS trade #895: KXWTACHALLENGERMATCH-26FEB13STEJOR-JOR | yes | count=93.00 | yes=36c
Kalshi WS trade #896: KXWTACHALLENGERMATCH-26FEB13STEJOR-STE | no | count=154.00 | yes=65c
Kalshi WS trade #897: KXBTCD-26FEB1310-T67749.99 | no | count=50.00 | yes=63c
Kalshi WS trade #898: KXBTCD-26FEB1310-T67749.99 | no | count=69.00 | yes=62c
Kalshi WS trade #899: KXATPMATCH-26FEB13MUNBUB-MUN | no | count=5.00 | yes=34c
Kalshi WS trade #900: KXETHMAXY-27JAN01-5000.00 | no | count=446.00 | yes=11c
Kalshi WS trade #901: KXBTCD-26FEB1310-T67999.99 | yes | count=90.00 | yes=29c
Kalshi WS trade #902: KXBTCD-26FEB1310-T67999.99 | yes | count=100.00 | yes=29c
Kalshi WS trade #903: KXBTCD-26FEB1310-T67999.99 | yes | count=250.00 | yes=29c
Kalshi WS trade #904: KXATPMATCH-26FEB13DEVAN-DE | yes | count=7.00 | yes=50c
Kalshi WS trade #905: KXPGATOP20-ATPBP26-ANOR | yes | count=20.00 | yes=33c
Kalshi WS trade #906: KXPGATOP20-ATPBP26-ANOR | yes | count=121.00 | yes=34c
Kalshi WS trade #907: KXBTCD-26FEB1310-T67999.99 | yes | count=90.00 | yes=30c
Kalshi WS trade #908: KXBTCD-26FEB1310-T67999.99 | yes | count=100.00 | yes=30c
Kalshi WS trade #909: KXETHD-26FEB1310-T1989.99 | yes | count=2000.00 | yes=73c
Kalshi WS trade #910: KXATPMATCH-26FEB13DEVAN-DE | no | count=663.00 | yes=48c
Kalshi WS trade #911: KXECONSTATCPIYOY-26MAR-T3.5 | yes | count=50.00 | yes=50c
Kalshi WS trade #912: KXATPMATCH-26FEB13DEVAN-DE | yes | count=77.00 | yes=50c
Kalshi WS trade #913: KXWTAMATCH-26FEB13COCVEK-COC | yes | count=143.00 | yes=68c
Kalshi WS trade #914: KXTRUMPACT-26FEB07-26FEB13 | no | count=11.00 | yes=40c
Kalshi WS trade #915: KXBTCD-26FEB1310-T67749.99 | no | count=50.00 | yes=63c
Kalshi WS trade #916: KXBTCD-26FEB1310-T67749.99 | no | count=1.00 | yes=63c
Kalshi WS trade #917: KXBTCD-26FEB1310-T67749.99 | no | count=49.00 | yes=62c
Kalshi WS trade #918: KXBTCD-26FEB1310-T67749.99 | no | count=1.00 | yes=62c
Kalshi WS trade #919: KXATPMATCH-26FEB13DEVAN-VAN | yes | count=33.00 | yes=52c
Kalshi WS trade #920: KXRT-CRI-87 | no | count=1.00 | yes=20c
Kalshi WS trade #921: KXNYCSNOWM-26FEB-6.0 | no | count=58.00 | yes=16c
Kalshi WS trade #922: KXNYCSNOWM-26FEB-6.0 | no | count=12.00 | yes=16c
Kalshi WS trade #923: KXGOVTSHUTDOWN-26FEB14 | no | count=67.00 | yes=87c
Kalshi WS trade #924: KXATPMATCH-26FEB13DEVAN-VAN | yes | count=3.00 | yes=52c
Kalshi WS trade #925: KXWTAMATCH-26FEB13COCVEK-VEK | yes | count=11.00 | yes=35c
Kalshi WS trade #926: KXWTAMATCH-26FEB13COCVEK-VEK | yes | count=16.00 | yes=35c
Kalshi WS trade #927: KXWO-GOLD-26-NOR | yes | count=5.00 | yes=86c
Kalshi WS trade #928: KXATPCHALLENGERMATCH-26FEB13TABECH-TAB | yes | count=3.00 | yes=61c
Kalshi WS trade #929: KXATPMATCH-26FEB13DEVAN-DE | yes | count=48.00 | yes=50c
Kalshi WS trade #930: KXWTACHALLENGERMATCH-26FEB13CHWLAM-CHW | no | count=14.00 | yes=84c
Kalshi WS trade #931: KXWTACHALLENGERMATCH-26FEB13CHWLAM-CHW | no | count=2777.00 | yes=84c
Kalshi WS trade #932: KXBTCD-26FEB1310-T67999.99 | yes | count=100.00 | yes=30c
Kalshi WS trade #933: KXBTCD-26FEB1310-T67999.99 | yes | count=200.00 | yes=30c
Kalshi WS trade #934: KXBTCD-26FEB1310-T67999.99 | yes | count=200.00 | yes=30c
Kalshi WS trade #935: KXBTC-26FEB1310-B67625 | yes | count=2.00 | yes=26c
Kalshi WS trade #936: KXBTC-26FEB1310-B67625 | yes | count=49.00 | yes=27c
Kalshi WS trade #937: KXBTCD-26FEB1310-T68249.99 | yes | count=100.00 | yes=9c
Kalshi WS trade #938: KXBTCD-26FEB1310-T67749.99 | yes | count=250.00 | yes=65c
Kalshi WS trade #939: KXATPMATCH-26FEB13DEVAN-DE | no | count=433.00 | yes=48c
Kalshi WS trade #940: KXTRUMPSAY-26FEB16-CRYP | yes | count=4.00 | yes=21c
Kalshi WS trade #941: KXTRUMPSAY-26FEB16-CRYP | yes | count=22.00 | yes=21c
Kalshi WS trade #942: KXTRUMPSAY-26FEB16-CRYP | yes | count=10.00 | yes=22c
Kalshi WS trade #943: KXTRUMPSAY-26FEB16-CRYP | yes | count=6.00 | yes=22c
Kalshi WS trade #944: KXATPCHALLENGERMATCH-26FEB13TRAMOR-TRA | no | count=2.00 | yes=10c
Kalshi WS trade #945: KXTRUTHSOCIAL-26FEB14-T200 | no | count=1.00 | yes=30c
Kalshi WS trade #946: KXTRUTHSOCIAL-26FEB14-T200 | no | count=5.00 | yes=30c
Kalshi WS trade #947: KXTRUTHSOCIAL-26FEB14-T200 | no | count=4.00 | yes=29c
Kalshi WS trade #948: KXPRESNOMR-28-MR | yes | count=25.00 | yes=19c
Kalshi WS trade #949: KXVALORANTGAME-26FEB13BBLGM-BBL | yes | count=283.00 | yes=51c
Kalshi WS trade #950: KXBTCD-26FEB1310-T67749.99 | no | count=50.00 | yes=66c
Kalshi WS trade #951: KXBTCD-26FEB1310-T67749.99 | no | count=151.00 | yes=65c
Kalshi WS trade #952: KXETHD-26FEB1310-T1989.99 | no | count=10.00 | yes=74c
Kalshi WS trade #953: KXBTCD-26FEB1310-T67499.99 | no | count=7.00 | yes=89c
Kalshi WS trade #954: KXETHD-26FEB1317-T1899.99 | no | count=100.00 | yes=93c
Kalshi WS trade #955: KXATPMATCH-26FEB13DEVAN-DE | yes | count=1.00 | yes=50c
Kalshi WS trade #956: KXBTCD-26FEB1310-T67999.99 | yes | count=100.00 | yes=33c
Kalshi WS trade #957: KXDOTA2GAME-26FEB13LIQUIDFLC-FLC | no | count=5.00 | yes=62c
Kalshi WS trade #958: KXDOTA2GAME-26FEB13LIQUIDFLC-FLC | no | count=5.00 | yes=61c
Kalshi WS trade #959: KXDOTA2GAME-26FEB13LIQUIDFLC-FLC | no | count=2.00 | yes=60c
Kalshi WS trade #960: KXDOTA2GAME-26FEB13LIQUIDFLC-FLC | no | count=5.00 | yes=60c
Kalshi WS trade #961: KXDOTA2GAME-26FEB13LIQUIDFLC-FLC | no | count=5.00 | yes=58c
Kalshi WS trade #962: KXDOTA2GAME-26FEB13LIQUIDFLC-FLC | no | count=10.00 | yes=57c
Kalshi WS trade #963: KXDOTA2GAME-26FEB13LIQUIDFLC-FLC | no | count=31.00 | yes=51c
Kalshi WS trade #964: KXBTCD-26FEB1317-T66499.99 | no | count=89.00 | yes=85c
Kalshi WS trade #965: KXBTCD-26FEB1317-T66499.99 | no | count=325.00 | yes=85c
Kalshi WS trade #966: KXLIGUE1GAME-26FEB13RENPSG-PSG | yes | count=27.00 | yes=70c
Kalshi WS trade #967: KXWOSSKATE-M10K26GOLD-DGHI | yes | count=14.00 | yes=54c
Kalshi WS trade #968: KXBTCD-26FEB1310-T67249.99 | yes | count=50.00 | yes=98c
Kalshi WS trade #969: KXBTCD-26FEB1310-T67249.99 | yes | count=24.00 | yes=98c
Kalshi WS trade #970: KXBERNIEMENTION-26FEB14-SOCI | yes | count=29.00 | yes=16c
Kalshi WS trade #971: KXBTC15M-26FEB131000-00 | yes | count=66.00 | yes=98c
Kalshi WS trade #972: KXSAUDIPLGAME-26FEB13SHAAAS-AAS | yes | count=4.00 | yes=95c
Kalshi WS trade #973: KXRT-CRI-87 | yes | count=37.00 | yes=30c
Kalshi WS trade #974: KXT20MATCH-26FEB13NEDUSA-USA | yes | count=127.00 | yes=77c
Kalshi WS trade #975: KXATPMATCH-26FEB13DEVAN-VAN | yes | count=49.00 | yes=52c
Kalshi WS trade #976: KXGOVTSHUTDOWN-26FEB14 | yes | count=39.00 | yes=88c
Kalshi WS trade #977: KXGOVTSHUTDOWN-26FEB14 | yes | count=148.00 | yes=88c
Kalshi WS trade #978: KXATPCHALLENGERMATCH-26FEB13LLAMIK-MIK | no | count=88.00 | yes=30c
Kalshi WS trade #979: KXBTCD-26FEB1310-T67999.99 | yes | count=100.00 | yes=32c
Kalshi WS trade #980: KXEPLGAME-26FEB21WHUBOU-WHU | yes | count=41.00 | yes=42c
Kalshi WS trade #981: KXATPMATCH-26FEB13DEVAN-VAN | yes | count=27.00 | yes=52c
Kalshi WS trade #982: KXNCAAMBSPREAD-26FEB13MSUWIS-MSU1 | no | count=4.00 | yes=54c
Kalshi WS trade #983: KXBTCD-26FEB1310-T67499.99 | no | count=200.00 | yes=89c
Kalshi WS trade #984: KXBTCD-26FEB1310-T67499.99 | no | count=100.00 | yes=89c
Kalshi WS trade #985: KXBTCD-26FEB1310-T67499.99 | no | count=33.00 | yes=88c
Kalshi WS trade #986: KXTRUMPMENTION-26FEB14-HOTT | no | count=194.00 | yes=56c
Kalshi WS trade #987: KXTRUMPMENTION-26FEB14-HOTT | no | count=100.00 | yes=56c
Kalshi WS trade #988: KXTRUMPMENTION-26FEB14-HOTT | no | count=25.00 | yes=56c
Kalshi WS trade #989: KXVALORANTGAME-26FEB13BBLGM-BBL | yes | count=40.00 | yes=51c
Kalshi WS trade #990: KXVALORANTGAME-26FEB13BBLGM-BBL | yes | count=367.00 | yes=51c
Kalshi WS trade #991: KXBTCD-26FEB1310-T67749.99 | no | count=25.00 | yes=67c
Kalshi WS trade #992: KXWTAMATCH-26FEB13COCVEK-VEK | no | count=18.00 | yes=30c
Kalshi WS trade #993: KXWTAMATCH-26FEB13COCVEK-VEK | no | count=20.00 | yes=30c
Kalshi WS trade #994: KXWTAMATCH-26FEB13COCVEK-VEK | no | count=100.00 | yes=30c
Kalshi WS trade #995: KXWTAMATCH-26FEB13COCVEK-VEK | no | count=11.00 | yes=30c
Kalshi WS trade #996: KXWTAMATCH-26FEB13COCVEK-VEK | no | count=11.00 | yes=30c
Kalshi WS trade #997: KXWTAMATCH-26FEB13COCVEK-VEK | no | count=50.00 | yes=30c
Kalshi WS trade #998: KXWTAMATCH-26FEB13COCVEK-VEK | no | count=4.00 | yes=30c
Kalshi WS trade #999: KXBTCD-26FEB1310-T67499.99 | no | count=17.00 | yes=89c
Kalshi WS trade #1000: KXBTCD-26FEB1310-T67999.99 | yes | count=3.00 | yes=33c
Kalshi WS trade #1001: KXBTCD-26FEB1310-T67999.99 | yes | count=100.00 | yes=33c
Kalshi WS trade #1002: KXBTC15M-26FEB131000-00 | no | count=35.00 | yes=97c
Kalshi WS trade #1003: KXNCAAMBGAME-26FEB13MANNIAG-MAN | yes | count=30.00 | yes=48c
Kalshi WS trade #1004: KXBTCD-26FEB1310-T67999.99 | yes | count=5.00 | yes=32c
Kalshi WS trade #1005: KXBTCD-26FEB1310-T67749.99 | no | count=14.00 | yes=67c
Kalshi WS trade #1006: KXBTC15M-26FEB131000-00 | no | count=15.00 | yes=97c
Kalshi WS trade #1007: KXGOVTSHUTDOWN-26FEB14 | no | count=7.00 | yes=87c
Kalshi WS trade #1008: KXNASDAQ100U-26FEB13H1600-T24999.99 | yes | count=104.00 | yes=22c
Kalshi WS trade #1009: KXETHD-26FEB1317-T1899.99 | no | count=100.00 | yes=93c
Kalshi WS trade #1010: KXBTCD-26FEB1310-T67749.99 | no | count=19.00 | yes=67c
Kalshi WS trade #1011: KXMVESPORTSMULTIGAMEEXTENDED-S20266B211C4EB4B-DF2FF1490D3 | yes | count=34.00 | yes=27c
Kalshi WS trade #1012: KXBTCD-26FEB1310-T67749.99 | no | count=3.00 | yes=67c
Kalshi WS trade #1013: KXBTCD-26FEB1310-T67749.99 | yes | count=14.00 | yes=68c
Kalshi WS trade #1014: KXPGATOUR-ATPBP26-RHIS | yes | count=11.00 | yes=8c
Kalshi WS trade #1015: KXWOXC-M10FREE26GOLD-EHED | yes | count=30.00 | yes=9c
Kalshi WS trade #1016: KXWOXC-M10FREE26GOLD-EHED | yes | count=11.00 | yes=9c
Kalshi WS trade #1017: KXWTAMATCH-26FEB13COCVEK-COC | no | count=571.00 | yes=66c
Kalshi WS trade #1018: KXOSCARCASTING-26-MAR | no | count=1.00 | yes=7c
Kalshi WS trade #1019: KXBTC15M-26FEB131000-00 | no | count=31.00 | yes=97c
Kalshi WS trade #1020: KXATPMATCH-26FEB13DEVAN-VAN | yes | count=9.00 | yes=52c
Kalshi WS trade #1021: KXATPMATCH-26FEB13DEVAN-VAN | no | count=116.00 | yes=51c
Kalshi WS trade #1022: KXMARMAD-26-MICH | yes | count=3.00 | yes=15c
Kalshi WS trade #1023: KXBTCD-26FEB1310-T67749.99 | no | count=5.00 | yes=64c
Kalshi WS trade #1024: KXATPMATCH-26FEB13GRIAUG-AUG | yes | count=52.00 | yes=74c
Kalshi WS trade #1025: KXMVESPORTSMULTIGAMEEXTENDED-S2026B88B09B6373-4416A78D53F | yes | count=33.00 | yes=28c
Kalshi WS trade #1026: KXWOXC-M10FREE26GOLD-JKLA | no | count=30.00 | yes=99c
Kalshi WS trade #1027: KXWOXC-M10FREE26GOLD-EHED | no | count=30.00 | yes=2c
Kalshi WS trade #1028: KXETH-26FEB1310-B1980 | no | count=50.00 | yes=23c
Kalshi WS trade #1029: KXATPMATCH-26FEB13DEVAN-VAN | yes | count=100.00 | yes=52c
Kalshi WS trade #1030: KXSAUDIPLGAME-26FEB13ITJFAY-ITJ | yes | count=4.00 | yes=70c
Kalshi WS trade #1031: KXBTC-26FEB1310-B67625 | yes | count=2.00 | yes=25c
Kalshi WS trade #1032: KXWTACHALLENGERMATCH-26FEB13STEJOR-STE | yes | count=7.00 | yes=62c
Kalshi WS trade #1033: KXWTAMATCH-26FEB13COCVEK-COC | yes | count=7.00 | yes=68c
Kalshi WS trade #1034: KXBTC15M-26FEB131000-00 | no | count=312.00 | yes=97c
Kalshi WS trade #1035: KXATPCHALLENGERMATCH-26FEB13LLAMIK-MIK | yes | count=44.00 | yes=32c
Poly WS trade #29: asset=43946269812975261940... | SELL | size=165.44 | price=0.761
Poly WS trade #30: asset=76489251550443972870... | SELL | size=250 | price=0.235
Kalshi WS trade #1036: KXATPMATCH-26FEB13DEVAN-VAN | yes | count=220.00 | yes=52c
Kalshi WS trade #1037: KXATPCHALLENGERMATCH-26FEB13TABECH-TAB | yes | count=2.00 | yes=61c
Kalshi WS trade #1038: KXATPCHALLENGERMATCH-26FEB13TABECH-TAB | yes | count=1726.00 | yes=62c
Kalshi WS trade #1039: KXT20MATCH-26FEB13NEDUSA-NED | yes | count=42.00 | yes=25c
Kalshi WS trade #1040: KXT20MATCH-26FEB13NEDUSA-NED | yes | count=8.00 | yes=25c
Kalshi WS trade #1041: KXT20MATCH-26FEB13NEDUSA-NED | yes | count=26.00 | yes=25c
Kalshi WS trade #1042: KXSENATETXR-26-JC | no | count=3.00 | yes=22c
Kalshi WS trade #1043: KXSENATETXR-26-WHUN | no | count=1.00 | yes=8c
Kalshi WS trade #1044: KXBTCD-26FEB1310-T67499.99 | yes | count=22.00 | yes=89c
Kalshi WS trade #1045: KXSUPERLIGGAME-26FEB13GALEYU-EYU | no | count=10.00 | yes=4c
Kalshi WS trade #1046: KXETH-26FEB1310-B2000 | no | count=50.00 | yes=70c
Kalshi WS trade #1047: KXWTAMATCH-26FEB13COCVEK-COC | yes | count=21.00 | yes=68c
Kalshi WS trade #1048: KXWOXC-M10FREE26GOLD-EHED | no | count=11.00 | yes=2c
Kalshi WS trade #1049: KXWOXC-M10FREE26GOLD-JKLA | no | count=11.00 | yes=99c
Kalshi WS trade #1050: KXPGATOUR-ATPBP26-CAME | yes | count=156.00 | yes=3c
Kalshi WS trade #1051: KXATPMATCH-26FEB13DEVAN-VAN | no | count=6.00 | yes=51c
Kalshi WS trade #1052: KXINXU-26FEB13H1000-T6839.9999 | no | count=20.00 | yes=23c
Kalshi WS trade #1053: KXBTCD-26FEB1310-T67999.99 | no | count=50.00 | yes=26c
Kalshi WS trade #1054: KXBTCD-26FEB1310-T67999.99 | no | count=100.00 | yes=26c
Kalshi WS trade #1055: KXDOGE-26FEB1317-B0.092 | yes | count=8.00 | yes=57c
Kalshi WS trade #1056: KXATPCHALLENGERMATCH-26FEB13TABECH-ECH | no | count=34.00 | yes=37c
Kalshi WS trade #1057: KXETHD-26FEB1317-T1899.99 | no | count=100.00 | yes=93c
Poly WS trade #31: asset=20939351535690701474... | BUY | size=20.24 | price=0.967
Kalshi WS trade #1058: KXBTCD-26FEB1310-T67749.99 | yes | count=38.00 | yes=63c
Kalshi WS trade #1059: KXWTAMATCH-26FEB13COCVEK-COC | yes | count=212.00 | yes=68c
Kalshi WS trade #1060: KXBTC-26FEB1310-B67625 | yes | count=13.00 | yes=28c
Kalshi WS trade #1061: KXNBAEAST-26-NYK | no | count=3.00 | yes=21c
Kalshi WS trade #1062: KXXRP15M-26FEB131000-00 | yes | count=80.00 | yes=92c
Poly WS trade #32: asset=76489251550443972870... | BUY | size=5 | price=0.239
Kalshi WS trade #1063: KXATPCHALLENGERMATCH-26FEB13LLAMIK-MIK | yes | count=8.00 | yes=32c
Kalshi WS trade #1064: KXATPCHALLENGERMATCH-26FEB13LLAMIK-MIK | yes | count=44.00 | yes=32c
Kalshi WS trade #1065: KXBTCD-26FEB1310-T67749.99 | yes | count=35.00 | yes=62c
Kalshi WS trade #1066: KXHIGHTATL-26FEB13-T60 | yes | count=14.00 | yes=5c
Kalshi WS trade #1067: KXBTCD-26FEB1310-T67749.99 | yes | count=65.00 | yes=62c
Kalshi WS trade #1068: KXBTCD-26FEB1310-T67999.99 | yes | count=15.00 | yes=29c
Kalshi WS trade #1069: KXATPCHALLENGERMATCH-26FEB13LLAMIK-LLA | no | count=12.00 | yes=67c
Kalshi WS trade #1070: KXNBAALLSTARGAME-26-WORLD | yes | count=60.00 | yes=39c
Kalshi WS trade #1071: KXPGATOUR-ATPBP26-RHIS | yes | count=234.00 | yes=8c
Kalshi WS trade #1072: KXBTC-26FEB1310-B67875 | no | count=50.00 | yes=36c
Kalshi WS trade #1073: KXATPMATCH-26FEB13DEVAN-VAN | yes | count=150.00 | yes=52c
Kalshi WS trade #1074: KXWTAMATCH-26FEB13COCVEK-COC | no | count=172.00 | yes=66c
Kalshi WS trade #1075: KXBTCD-26FEB1317-T64999.99 | no | count=1.00 | yes=93c
Kalshi WS trade #1076: KXETHD-26FEB1310-T1989.99 | no | count=150.00 | yes=73c
Kalshi WS trade #1077: KXBTCD-26FEB1317-T66499.99 | yes | count=100.00 | yes=84c
Kalshi WS trade #1078: KXT20MATCH-26FEB13NEDUSA-NED | yes | count=24.00 | yes=25c
Kalshi WS trade #1079: KXT20MATCH-26FEB13NEDUSA-NED | yes | count=50.00 | yes=25c
Kalshi WS trade #1080: KXT20MATCH-26FEB13NEDUSA-NED | yes | count=8.00 | yes=25c
Kalshi WS trade #1081: KXT20MATCH-26FEB13NEDUSA-NED | yes | count=25.00 | yes=25c
Kalshi WS trade #1082: KXT20MATCH-26FEB13NEDUSA-NED | yes | count=11.00 | yes=25c
Kalshi WS trade #1083: KXATPMATCH-26FEB13DEVAN-DE | no | count=18.00 | yes=48c
Kalshi WS trade #1084: KXBTCD-26FEB1310-T67499.99 | yes | count=100.00 | yes=89c
Kalshi WS trade #1085: KXLIVTOUR-LIGA26-BCAM | no | count=4.00 | yes=3c
Kalshi WS trade #1086: KXBTCD-26FEB1317-T63499.99 | no | count=100.00 | yes=98c
Kalshi WS trade #1087: KXBTC15M-26FEB131000-00 | yes | count=5.00 | yes=98c
Kalshi WS trade #1088: KXWTAMATCH-26FEB13COCVEK-VEK | yes | count=10.00 | yes=34c
Kalshi WS trade #1089: KXWTAMATCH-26FEB13COCVEK-VEK | yes | count=19.00 | yes=34c
Kalshi WS trade #1090: KXWTAMATCH-26FEB13COCVEK-VEK | yes | count=8.00 | yes=34c
Kalshi WS trade #1091: KXWTAMATCH-26FEB13COCVEK-COC | no | count=50.00 | yes=66c
Kalshi WS trade #1092: KXBTCD-26FEB1310-T68249.99 | yes | count=90.00 | yes=9c
Kalshi WS trade #1093: KXBTCD-26FEB1310-T67749.99 | yes | count=20.00 | yes=64c
Kalshi WS trade #1094: KXBTCD-26FEB1310-T67499.99 | yes | count=27.00 | yes=89c
Kalshi WS trade #1095: KXBTCD-26FEB1310-T67499.99 | yes | count=9.00 | yes=89c
Kalshi WS trade #1096: KXWTAMATCH-26FEB13COCVEK-COC | no | count=1110.00 | yes=66c
Kalshi WS trade #1097: KXWTACHALLENGERMATCH-26FEB13CHWLAM-LAM | no | count=11.00 | yes=15c
Kalshi WS trade #1098: KXPGATOUR-ATPBP26-KBRA | yes | count=52.00 | yes=9c
Kalshi WS trade #1099: KXWTAMATCH-26FEB13COCVEK-COC | no | count=954.00 | yes=66c
Kalshi WS trade #1100: KXWTAMATCH-26FEB13COCVEK-VEK | no | count=38.00 | yes=31c
Kalshi WS trade #1101: KXWTAMATCH-26FEB13COCVEK-VEK | no | count=57.00 | yes=30c
Kalshi WS trade #1102: KXBTCD-26FEB1310-T67749.99 | yes | count=100.00 | yes=64c
Kalshi WS trade #1103: KXHIGHTATL-26FEB13-T60 | yes | count=50.00 | yes=5c
Kalshi WS trade #1104: KXLOWTMIA-26FEB13-B59.5 | no | count=100.00 | yes=7c
Poly WS trade #33: asset=76489251550443972870... | SELL | size=1 | price=0.235
Kalshi WS trade #1105: KXT20MATCH-26FEB13NEDUSA-NED | yes | count=33.00 | yes=25c
Kalshi WS trade #1106: KXT20MATCH-26FEB13NEDUSA-NED | yes | count=50.00 | yes=25c
Kalshi WS trade #1107: KXT20MATCH-26FEB13NEDUSA-NED | yes | count=50.00 | yes=25c
Kalshi WS trade #1108: KXINXU-26FEB13H1000-T6814.9999 | no | count=60.00 | yes=84c
Kalshi WS trade #1109: KXWTACHALLENGERMATCH-26FEB13STEJOR-JOR | yes | count=31.00 | yes=40c
Kalshi WS trade #1110: KXBTCD-26FEB1310-T67499.99 | yes | count=1.00 | yes=89c
Kalshi WS trade #1111: KXNETFLIXRANKSHOW-26FEB16-THE | yes | count=157.00 | yes=19c
Kalshi WS trade #1112: KXNETFLIXRANKSHOW-26FEB16-THE | yes | count=9.00 | yes=22c
Kalshi WS trade #1113: KXNETFLIXRANKSHOW-26FEB16-THE | yes | count=15.00 | yes=22c
Kalshi WS trade #1114: KXNETFLIXRANKSHOW-26FEB16-THE | yes | count=4.00 | yes=22c
Kalshi WS trade #1115: KXNETFLIXRANKSHOW-26FEB16-THE | yes | count=83.00 | yes=22c
Kalshi WS trade #1116: KXNETFLIXRANKSHOW-26FEB16-THE | yes | count=126.00 | yes=23c
Kalshi WS trade #1117: KXNETFLIXRANKSHOW-26FEB16-HOW | no | count=157.00 | yes=2c
Kalshi WS trade #1118: KXNETFLIXRANKSHOW-26FEB16-KAT | no | count=86.00 | yes=83c
Kalshi WS trade #1119: KXNETFLIXRANKSHOW-26FEB16-KAT | no | count=3.00 | yes=83c
Kalshi WS trade #1120: KXNETFLIXRANKSHOW-26FEB16-KAT | no | count=68.00 | yes=80c
Kalshi WS trade #1121: KXNETFLIXRANKSHOW-26FEB16-LOV | no | count=157.00 | yes=5c
Kalshi WS trade #1122: KXAUCTIONPIKACHU-26-8 | no | count=6.00 | yes=69c
Kalshi WS trade #1123: KXT20MATCH-26FEB15NEPWI-WI | yes | count=250.00 | yes=87c
Kalshi WS trade #1124: KXT20MATCH-26FEB15NEPWI-WI | yes | count=90.00 | yes=88c
Kalshi WS trade #1125: KXTRAITORS-26DEC31C-ERI | yes | count=35.00 | yes=13c
Kalshi WS trade #1126: KXTRAITORS-26DEC31C-ERI | yes | count=1.00 | yes=13c
Kalshi WS trade #1127: KXATPCHALLENGERMATCH-26FEB13TABECH-TAB | yes | count=15.00 | yes=62c
Kalshi WS trade #1128: KXWOMHOCKEY-26FEB13CANCHE-CAN | yes | count=29.00 | yes=90c
Kalshi WS trade #1129: KXGOVTSHUTDOWN-26FEB14 | yes | count=50.00 | yes=88c
Kalshi WS trade #1130: KXGOVTSHUTDOWN-26FEB14 | yes | count=69.00 | yes=88c
Kalshi WS trade #1131: KXBTCD-26FEB1310-T67249.99 | yes | count=12.00 | yes=98c
Kalshi WS trade #1132: KXBTCD-26FEB1310-T67249.99 | yes | count=82.00 | yes=98c
Kalshi WS trade #1133: KXNCAAWBGAME-26FEB13PRINCLMB-PRIN | yes | count=19.00 | yes=50c
Kalshi WS trade #1134: KXATPCHALLENGERMATCH-26FEB13LLAMIK-LLA | yes | count=16.00 | yes=68c
Kalshi WS trade #1135: KXATPCHALLENGERMATCH-26FEB13LLAMIK-LLA | yes | count=34.00 | yes=69c
Kalshi WS trade #1136: KXATPCHALLENGERMATCH-26FEB13LLAMIK-LLA | yes | count=88.00 | yes=69c
Kalshi WS trade #1137: KXBTCD-26FEB1310-T67999.99 | no | count=100.00 | yes=29c
Kalshi WS trade #1138: KXSOL15M-26FEB131000-00 | no | count=62.00 | yes=95c
Kalshi WS trade #1139: KXSOL15M-26FEB131000-00 | no | count=2.00 | yes=95c
Kalshi WS trade #1140: KXSOL15M-26FEB131000-00 | no | count=29.00 | yes=95c
Kalshi WS trade #1141: KXWTACHALLENGERMATCH-26FEB13STEJOR-JOR | yes | count=16.00 | yes=40c
Kalshi WS trade #1142: KXWTAMATCH-26FEB13COCVEK-VEK | yes | count=5.00 | yes=35c
Kalshi WS trade #1143: KXWTAMATCH-26FEB13COCVEK-COC | no | count=38.00 | yes=66c
Kalshi WS trade #1144: KXWTACHALLENGERMATCH-26FEB13STEJOR-STE | no | count=336.00 | yes=60c
Kalshi WS trade #1145: KXBTCD-26FEB1310-T67999.99 | yes | count=200.00 | yes=29c
Kalshi WS trade #1146: KXBTCD-26FEB1310-T67999.99 | yes | count=200.00 | yes=29c
Kalshi WS trade #1147: KXBTCD-26FEB1310-T67999.99 | yes | count=200.00 | yes=29c
Kalshi WS trade #1148: KXBTCD-26FEB1310-T67999.99 | yes | count=100.00 | yes=30c
Kalshi WS trade #1149: KXBTCD-26FEB1310-T67999.99 | yes | count=75.00 | yes=30c
Kalshi WS trade #1150: KXATPMATCH-26FEB13DEVAN-DE | yes | count=9.00 | yes=50c
Kalshi WS trade #1151: KXATPCHALLENGERMATCH-26FEB13LLAMIK-LLA | yes | count=27.00 | yes=68c
Kalshi WS trade #1152: KXINXU-26FEB13H1600-T6849.9999 | yes | count=20.00 | yes=45c
Kalshi WS trade #1153: KXBTC15M-26FEB131000-00 | yes | count=1.00 | yes=98c
Kalshi WS trade #1154: KXT20MATCH-26FEB13NEDUSA-USA | yes | count=95.00 | yes=77c
Kalshi WS trade #1155: KXT20MATCH-26FEB13NEDUSA-USA | yes | count=20.00 | yes=77c
Kalshi WS trade #1156: KXNCAAMBGAME-26FEB13MANNIAG-NIAG | yes | count=7.00 | yes=55c
Kalshi WS trade #1157: KXLALIGABTTS-26FEB13ELCOSA | yes | count=90.00 | yes=54c
Kalshi WS trade #1158: KXNCAAMBGAME-26FEB14UKFLA-UK | yes | count=10.00 | yes=16c
Kalshi WS trade #1159: KXBTC15M-26FEB131000-00 | yes | count=31.00 | yes=98c
Kalshi WS trade #1160: KXNCAAWBGAME-26FEB13VALPMURR-VALP | yes | count=31.00 | yes=3c
Kalshi WS trade #1161: KXBTCD-26FEB1310-T68249.99 | no | count=100.00 | yes=9c
Kalshi WS trade #1162: KXNCAAMBGAME-26FEB14TOLBGSU-BGSU | yes | count=2.00 | yes=58c
Kalshi WS trade #1163: KXWTACHALLENGERMATCH-26FEB13CHWLAM-CHW | no | count=351.00 | yes=84c
Kalshi WS trade #1164: KXWTACHALLENGERMATCH-26FEB13CHWLAM-CHW | no | count=49.00 | yes=84c
Kalshi WS trade #1165: KXBTC-26FEB1310-B67375 | no | count=14.00 | yes=8c
Kalshi WS trade #1166: KXATPMATCH-26FEB13FRIKOR-FRI | yes | count=68.00 | yes=62c
Kalshi WS trade #1167: KXATPMATCH-26FEB13FRIKOR-FRI | yes | count=251.00 | yes=62c
Kalshi WS trade #1168: KXATPMATCH-26FEB13FRIKOR-FRI | yes | count=5.00 | yes=62c
Kalshi WS trade #1169: KXATPMATCH-26FEB13FRIKOR-FRI | yes | count=31.00 | yes=62c
Kalshi WS trade #1170: KXATPMATCH-26FEB13FRIKOR-FRI | yes | count=419.00 | yes=62c
Kalshi WS trade #1171: KXATPMATCH-26FEB13FRIKOR-FRI | yes | count=77.00 | yes=62c
Kalshi WS trade #1172: KXATPMATCH-26FEB13FRIKOR-FRI | yes | count=33.00 | yes=62c
Kalshi WS trade #1173: KXATPMATCH-26FEB13FRIKOR-FRI | yes | count=115.00 | yes=62c
Kalshi WS trade #1174: KXBTCD-26FEB1310-T67499.99 | yes | count=2.00 | yes=88c
Kalshi WS trade #1175: KXATPCHALLENGERMATCH-26FEB13LLAMIK-MIK | no | count=8.00 | yes=31c
Kalshi WS trade #1176: KXWTAMATCH-26FEB13COCVEK-VEK | no | count=36.00 | yes=32c
Kalshi WS trade #1177: KXBERNIEMENTION-26FEB14-AI | yes | count=4.00 | yes=81c
Kalshi WS trade #1178: KXBTCD-26FEB1310-T67499.99 | yes | count=111.00 | yes=88c
Kalshi WS trade #1179: KXWTAMATCH-26FEB13COCVEK-COC | no | count=380.00 | yes=66c
Kalshi WS trade #1180: KXATPCHALLENGERMATCH-26FEB13LLAMIK-MIK | yes | count=9.00 | yes=32c
Kalshi WS trade #1181: KXATPCHALLENGERMATCH-26FEB13LLAMIK-MIK | yes | count=18.00 | yes=35c
Kalshi WS trade #1182: KXWTAMATCH-26FEB13COCVEK-COC | no | count=1913.00 | yes=66c
Kalshi WS trade #1183: KXWOCURLGAME-26FEB11USAGBR-USA | yes | count=20.00 | yes=44c
Kalshi WS trade #1184: KXBTCD-26FEB1310-T67999.99 | yes | count=15.00 | yes=30c
Kalshi WS trade #1185: KXBTC15M-26FEB131000-00 | no | count=62.00 | yes=97c
Kalshi WS trade #1186: KXFACUPGAME-26FEB13HULCFC-TIE | yes | count=67.00 | yes=14c
Kalshi WS trade #1187: KXBTCD-26FEB1310-T67999.99 | no | count=33.00 | yes=30c
Kalshi WS trade #1188: KXINXU-26FEB13H1000-T6829.9999 | yes | count=30.00 | yes=55c
Kalshi WS trade #1189: KXINXU-26FEB13H1000-T6829.9999 | yes | count=2.00 | yes=55c
Kalshi WS trade #1190: KXMVESPORTSMULTIGAMEEXTENDED-S2026B13ECBBED50-23C31CDC310 | yes | count=37.00 | yes=25c
Kalshi WS trade #1191: KXT20MATCH-26FEB13NEDUSA-NED | yes | count=30.00 | yes=24c
Kalshi WS trade #1192: KXBTCD-26FEB1310-T67999.99 | no | count=5.00 | yes=30c
Kalshi WS trade #1193: KXHIGHLAX-26FEB13-B66.5 | yes | count=7.00 | yes=8c
Kalshi WS trade #1194: KXATPMATCH-26FEB13DEVAN-DE | no | count=51.00 | yes=49c
Kalshi WS trade #1195: KXATPMATCH-26FEB13DEVAN-VAN | yes | count=10.00 | yes=52c
Kalshi WS trade #1196: KXATPMATCH-26FEB13DEVAN-VAN | yes | count=26.00 | yes=53c
Kalshi WS trade #1197: KXATPMATCH-26FEB13DEVAN-VAN | yes | count=143.00 | yes=54c
Kalshi WS trade #1198: KXNBAALLSTARMVP-26-VWEM | yes | count=86.00 | yes=23c
Kalshi WS trade #1199: KXATPCHALLENGERMATCH-26FEB13TRAMOR-MOR | yes | count=172.00 | yes=86c
Kalshi WS trade #1200: KXBTCD-26FEB1310-T67749.99 | no | count=3.00 | yes=65c
Kalshi WS trade #1201: KXPGATOUR-ATPBP26-SSCH | yes | count=170.00 | yes=4c
Kalshi WS trade #1202: KXNCAAMBGAME-26FEB13IONACAN-IONA | yes | count=71.00 | yes=68c
Kalshi WS trade #1203: KXBTCD-26FEB1310-T67499.99 | yes | count=442.00 | yes=88c
Kalshi WS trade #1204: KXBTCD-26FEB1310-T67499.99 | yes | count=100.00 | yes=88c
Kalshi WS trade #1205: KXSERIEAGAME-26FEB13PISACM-ACM | yes | count=125.00 | yes=62c
Poly WS trade #34: asset=20939351535690701474... | BUY | size=51.76 | price=0.967
Kalshi WS trade #1206: KXWTAMATCH-26FEB13COCVEK-COC | no | count=1237.00 | yes=66c
Kalshi WS trade #1207: KXATPMATCH-26FEB13DEVAN-DE | yes | count=96.00 | yes=50c
Kalshi WS trade #1208: KXWTAMATCH-26FEB13COCVEK-COC | no | count=1350.00 | yes=66c
Poly WS trade #35: asset=10150694304905327693... | SELL | size=50.75 | price=0.947
Kalshi WS trade #1209: KXMVESPORTSMULTIGAMEEXTENDED-S202628869B43998-87BA58A7795 | yes | count=148.00 | yes=32c
Kalshi WS trade #1210: KXMVESPORTSMULTIGAMEEXTENDED-S202685E24B36C18-9625989784D | yes | count=27.00 | yes=34c
Kalshi WS trade #1211: KXINXU-26FEB13H1000-T6819.9999 | yes | count=10.00 | yes=80c
Kalshi WS trade #1212: KXINXU-26FEB13H1000-T6819.9999 | yes | count=50.00 | yes=80c
Kalshi WS trade #1213: KXINXU-26FEB13H1000-T6819.9999 | yes | count=13.00 | yes=80c
Kalshi WS trade #1214: KXBTCD-26FEB1310-T67749.99 | yes | count=15.00 | yes=67c
Kalshi WS trade #1215: KXATPCHALLENGERMATCH-26FEB13LLAMIK-MIK | yes | count=1.00 | yes=34c
Kalshi WS trade #1216: KXBTCD-26FEB1310-T67749.99 | no | count=17.00 | yes=65c
Kalshi WS trade #1217: KXPGATOUR-ATPBP26-CGOT | yes | count=8.00 | yes=11c
Kalshi WS trade #1218: KXBTCD-26FEB1310-T67749.99 | no | count=5.00 | yes=66c
Kalshi WS trade #1219: KXBTCD-26FEB1310-T67999.99 | no | count=462.00 | yes=30c
Kalshi WS trade #1220: KXBTCD-26FEB1310-T67999.99 | no | count=100.00 | yes=30c
Kalshi WS trade #1221: KXBTCD-26FEB1310-T67749.99 | no | count=73.00 | yes=65c
Kalshi WS trade #1222: KXATPCHALLENGERMATCH-26FEB13TRAMOR-TRA | yes | count=2.00 | yes=14c
Kalshi WS trade #1223: KXATPCHALLENGERMATCH-26FEB13TRAMOR-TRA | yes | count=186.00 | yes=15c
Kalshi WS trade #1224: KXBTC-26FEB1310-B67875 | no | count=50.00 | yes=36c
Kalshi WS trade #1225: KXATPCHALLENGERMATCH-26FEB13TRAMOR-MOR | yes | count=57.00 | yes=86c
Kalshi WS trade #1226: KXEARNINGSMENTIONDKNG-26JUN30-CANA | yes | count=148.00 | yes=1c
Kalshi WS trade #1227: KXNFLAFCCHAMP-27-LAC | yes | count=19.00 | yes=12c
Kalshi WS trade #1228: KXATPCHALLENGERMATCH-26FEB13LLAMIK-LLA | yes | count=4.00 | yes=71c
Kalshi WS trade #1229: KXWTAMATCH-26FEB13COCVEK-COC | no | count=100.00 | yes=66c
Kalshi WS trade #1230: KXWTAMATCH-26FEB13COCVEK-COC | no | count=1491.00 | yes=66c
Kalshi WS trade #1231: KXWTAMATCH-26FEB13COCVEK-COC | no | count=17.00 | yes=66c
Kalshi WS trade #1232: KXWTAMATCH-26FEB13COCVEK-COC | no | count=100.00 | yes=64c
Kalshi WS trade #1233: KXATPMATCH-26FEB13DEVAN-VAN | yes | count=12.00 | yes=52c
Kalshi WS trade #1234: KXATPMATCH-26FEB13DEVAN-VAN | yes | count=15.00 | yes=52c
Kalshi WS trade #1235: KXBTCD-26FEB1310-T67999.99 | yes | count=30.00 | yes=28c
Kalshi WS trade #1236: KXINXU-26FEB13H1000-T6849.9999 | no | count=1.00 | yes=7c
Kalshi WS trade #1237: KXATPMATCH-26FEB13DEVAN-DE | yes | count=28.00 | yes=50c
Kalshi WS trade #1238: KXFEDDECISION-26MAR-H0 | no | count=1500.00 | yes=92c
Kalshi WS trade #1239: KXBTC15M-26FEB131000-00 | yes | count=87.00 | yes=98c
Kalshi WS trade #1240: KXBTCD-26FEB1310-T67999.99 | no | count=100.00 | yes=27c
Kalshi WS trade #1241: KXATPMATCH-26FEB13DEVAN-VAN | yes | count=49.00 | yes=55c
Kalshi WS trade #1242: KXATPMATCH-26FEB13DEVAN-VAN | yes | count=125.00 | yes=55c
Kalshi WS trade #1243: KXATPMATCH-26FEB13DEVAN-DE | no | count=49.00 | yes=49c
Kalshi WS trade #1244: KXWOCURLGAME-26FEB13DNKSWE-DNK | yes | count=3.00 | yes=23c
Kalshi WS trade #1245: KXATPCHALLENGERMATCH-26FEB13TRAMOR-TRA | yes | count=125.00 | yes=15c
Kalshi WS trade #1246: KXWTAMATCH-26FEB13COCVEK-COC | yes | count=72.00 | yes=64c
Kalshi WS trade #1247: KXATPCHALLENGERMATCH-26FEB13LLAMIK-LLA | no | count=1.00 | yes=71c
Kalshi WS trade #1248: KXETHD-26FEB1310-T1989.99 | no | count=150.00 | yes=70c
Kalshi WS trade #1249: KXWTACHALLENGERMATCH-26FEB13CHWLAM-LAM | yes | count=222.00 | yes=17c
Kalshi WS trade #1250: KXWTAMATCH-26FEB13COCVEK-COC | yes | count=20.00 | yes=64c
Kalshi WS trade #1251: KXDJTVOSTARIFFS | no | count=2.00 | yes=28c
Kalshi WS trade #1252: KXT20MATCH-26FEB13NEDUSA-USA | yes | count=66.00 | yes=78c
Kalshi WS trade #1253: KXT20MATCH-26FEB13NEDUSA-USA | yes | count=50.00 | yes=78c
Kalshi WS trade #1254: KXT20MATCH-26FEB13NEDUSA-USA | yes | count=100.00 | yes=78c
Kalshi WS trade #1255: KXT20MATCH-26FEB13NEDUSA-USA | yes | count=13.00 | yes=78c
Kalshi WS trade #1256: KXT20MATCH-26FEB13NEDUSA-USA | yes | count=400.00 | yes=78c
Kalshi WS trade #1257: KXT20MATCH-26FEB13NEDUSA-USA | yes | count=71.00 | yes=78c
Kalshi WS trade #1258: KXT20MATCH-26FEB13NEDUSA-USA | yes | count=26.00 | yes=78c
Kalshi WS trade #1259: KXTRUMPACT-26FEB07-26FEB12 | no | count=1.00 | yes=3c
Kalshi WS trade #1260: KXTRUMPACT-26FEB07-26FEB12 | no | count=100.00 | yes=2c
Kalshi WS trade #1261: KXBTCD-26FEB1310-T66999.99 | no | count=73.00 | yes=99c
Kalshi WS trade #1262: KXGOVTSHUTDOWN-26FEB14 | yes | count=37.00 | yes=88c
Poly WS trade #36: asset=76489251550443972870... | SELL | size=5 | price=0.235
Kalshi WS trade #1263: KXBTCD-26FEB1310-T67499.99 | no | count=50.00 | yes=87c
Kalshi WS trade #1264: KXINXU-26FEB13H1000-T6839.9999 | no | count=20.00 | yes=29c
Kalshi WS trade #1265: KXETHD-26FEB1310-T1989.99 | no | count=4.00 | yes=70c
Kalshi WS trade #1266: KXATPCHALLENGERMATCH-26FEB13TABECH-TAB | yes | count=4.00 | yes=63c
Kalshi WS trade #1267: KXATPCHALLENGERMATCH-26FEB13TABECH-TAB | yes | count=41.00 | yes=64c
Kalshi WS trade #1268: KXGOVTSHUTDOWN-26FEB14 | no | count=1.00 | yes=87c
Kalshi WS trade #1269: KXSAUDIPLTOTAL-26FEB13HILITT-2 | no | count=1.00 | yes=74c
Kalshi WS trade #1270: KXSERIEAGAME-26FEB14INTJUV-TIE | yes | count=10.00 | yes=27c
Kalshi WS trade #1271: KXMVESPORTSMULTIGAMEEXTENDED-S2026CC1EEE0F9AF-3A9B52CCC84 | yes | count=33.00 | yes=34c
Kalshi WS trade #1272: KXWTAMATCH-26FEB13COCVEK-COC | yes | count=8.00 | yes=64c
Kalshi WS trade #1273: KXT20MATCH-26FEB13NEDUSA-NED | no | count=400.00 | yes=22c
Kalshi WS trade #1274: KXHIGHCHI-26FEB13-B54.5 | yes | count=3.00 | yes=31c
Kalshi WS trade #1275: KXHIGHTDAL-26FEB13-T77 | no | count=100.00 | yes=3c
Kalshi WS trade #1276: KXHIGHTDAL-26FEB13-T77 | no | count=6.00 | yes=2c
Kalshi WS trade #1277: KXATPCHALLENGERMATCH-26FEB13LLAMIK-MIK | yes | count=2.00 | yes=33c
Kalshi WS trade #1278: KXBTCD-26FEB1317-T67999.99 | yes | count=10.00 | yes=45c
Kalshi WS trade #1279: KXATPCHALLENGERMATCH-26FEB13LLAMIK-LLA | no | count=2.00 | yes=71c
Kalshi WS trade #1280: KXT20MATCH-26FEB13NEDUSA-NED | yes | count=57.00 | yes=22c
Kalshi WS trade #1281: KXINXU-26FEB13H1000-T6829.9999 | yes | count=4.00 | yes=60c
Kalshi WS trade #1282: KXBTCD-26FEB1317-T67999.99 | yes | count=20.00 | yes=45c
Poly WS trade #37: asset=28946595841244317705... | BUY | size=15.09 | price=0.007
Kalshi WS trade #1283: KXBTCD-26FEB1310-T67999.99 | yes | count=20.00 | yes=23c
Poly WS trade #38: asset=10255981703463102222... | BUY | size=1.075267 | price=0.93
Kalshi WS trade #1284: KXT20MATCH-26FEB13NEDUSA-NED | no | count=50.00 | yes=21c
Kalshi WS trade #1285: KXT20MATCH-26FEB13NEDUSA-NED | no | count=450.00 | yes=21c
Kalshi WS trade #1286: KXWTACHALLENGERMATCH-26FEB13STEJOR-STE | no | count=60.00 | yes=60c
Kalshi WS trade #1287: KXWOMHOCKEY-26FEB13FRACZE-FRA | yes | count=93.00 | yes=5c
Kalshi WS trade #1288: KXBTCD-26FEB1310-T67499.99 | yes | count=100.00 | yes=85c
Kalshi WS trade #1289: KXATPCHALLENGERMATCH-26FEB13LLAMIK-MIK | yes | count=146.00 | yes=32c
Kalshi WS trade #1290: KXLALIGAGAME-26FEB13ELCOSA-OSA | yes | count=243.00 | yes=38c
Poly WS trade #39: asset=85285091029101061598... | BUY | size=167 | price=0.998
Kalshi WS trade #1291: KXATPCHALLENGERMATCH-26FEB13TRAMOR-TRA | yes | count=62.00 | yes=15c
Kalshi WS trade #1292: KXGOVTSHUTDOWN-26FEB14 | yes | count=47.00 | yes=88c
Kalshi WS trade #1293: KXSENATETXR-26-KP | no | count=4.00 | yes=70c
Kalshi WS trade #1294: KXBTC-26FEB1310-B67875 | yes | count=13.00 | yes=35c
Kalshi WS trade #1295: KXXRP15M-26FEB131000-00 | yes | count=2.00 | yes=91c
Kalshi WS trade #1296: KXPGATOUR-ATPBP26-RHIS | yes | count=46.00 | yes=8c
Kalshi WS trade #1297: KXATPCHALLENGERMATCH-26FEB13COLVAN-VAN | no | count=80.00 | yes=38c
Kalshi WS trade #1298: KXBTCD-26FEB1310-T67499.99 | yes | count=90.00 | yes=85c
Kalshi WS trade #1299: KXBTCD-26FEB1310-T67499.99 | yes | count=84.00 | yes=85c
Kalshi WS trade #1300: KXBTCD-26FEB1310-T67499.99 | yes | count=91.00 | yes=85c
Kalshi WS trade #1301: KXXRP15M-26FEB131000-00 | yes | count=18.00 | yes=91c
Kalshi WS trade #1302: KXBTCD-26FEB1310-T68249.99 | no | count=15.00 | yes=7c
Kalshi WS trade #1303: KXATPCHALLENGERMATCH-26FEB13TRAMOR-MOR | no | count=216.00 | yes=84c
Kalshi WS trade #1304: KXINXU-26FEB13H1000-T6839.9999 | no | count=20.00 | yes=27c
Kalshi WS trade #1305: KXT20MATCH-26FEB13NEDUSA-USA | yes | count=10.00 | yes=79c
Kalshi WS trade #1306: KXT20MATCH-26FEB13NEDUSA-USA | yes | count=16.00 | yes=79c
Kalshi WS trade #1307: KXT20MATCH-26FEB15NEPWI-WI | no | count=250.00 | yes=87c
Kalshi WS trade #1308: KXT20MATCH-26FEB15NEPWI-NEP | no | count=250.00 | yes=15c
Kalshi WS trade #1309: KXETHD-26FEB1317-T1979.99 | yes | count=5.00 | yes=65c
Kalshi WS trade #1310: KXBTCD-26FEB1310-T67749.99 | no | count=90.00 | yes=53c
Kalshi WS trade #1311: KXATPMATCH-26FEB13DEVAN-DE | no | count=100.00 | yes=49c
Kalshi WS trade #1312: KXATPMATCH-26FEB13DEVAN-VAN | yes | count=500.00 | yes=55c
Kalshi WS trade #1313: KXATPMATCH-26FEB13DEVAN-VAN | yes | count=18.00 | yes=55c
Kalshi WS trade #1314: KXATPMATCH-26FEB13DEVAN-DE | no | count=18.00 | yes=46c
Kalshi WS trade #1315: KXINXU-26FEB13H1600-T6849.9999 | no | count=75.00 | yes=45c
Kalshi WS trade #1316: KXATPMATCH-26FEB13DEVAN-DE | no | count=100.00 | yes=45c
Kalshi WS trade #1317: KXATPCHALLENGERMATCH-26FEB13LLAMIK-LLA | no | count=11.00 | yes=73c
Kalshi WS trade #1318: KXINXU-26FEB13H1000-T6819.9999 | no | count=7.00 | yes=80c
Kalshi WS trade #1319: KXATPCHALLENGERMATCH-26FEB13LLAMIK-LLA | no | count=14.00 | yes=73c
Kalshi WS trade #1320: KXATPMATCH-26FEB13DEVAN-DE | no | count=22.00 | yes=42c
Kalshi WS trade #1321: KXATPMATCH-26FEB13DEVAN-DE | no | count=20.00 | yes=41c
Kalshi WS trade #1322: KXATPMATCH-26FEB13DEVAN-DE | no | count=27.00 | yes=41c
Kalshi WS trade #1323: KXATPMATCH-26FEB13DEVAN-VAN | yes | count=11.00 | yes=54c
Kalshi WS trade #1324: KXATPMATCH-26FEB13DEVAN-VAN | yes | count=20.00 | yes=58c
Kalshi WS trade #1325: KXATPMATCH-26FEB13DEVAN-VAN | yes | count=500.00 | yes=58c
Kalshi WS trade #1326: KXATPMATCH-26FEB13DEVAN-VAN | yes | count=9.00 | yes=59c
Kalshi WS trade #1327: KXATPMATCH-26FEB13DEVAN-VAN | yes | count=27.00 | yes=59c
Kalshi WS trade #1328: KXNCAAMBGAME-26FEB13MSUWIS-WIS | yes | count=4.00 | yes=47c
Kalshi WS trade #1329: KXBTCD-26FEB1317-T66499.99 | no | count=90.00 | yes=83c
Kalshi WS trade #1330: KXBTCD-26FEB1310-T67749.99 | yes | count=75.00 | yes=52c
Kalshi WS trade #1331: KXT20MATCH-26FEB13NEDUSA-NED | yes | count=43.00 | yes=22c
Kalshi WS trade #1332: KXT20MATCH-26FEB13NEDUSA-NED | yes | count=175.00 | yes=22c
Kalshi WS trade #1333: KXT20MATCH-26FEB13NEDUSA-NED | yes | count=8.00 | yes=22c
Kalshi WS trade #1334: KXT20MATCH-26FEB13NEDUSA-NED | yes | count=14.00 | yes=22c
Kalshi WS trade #1335: KXT20MATCH-26FEB13NEDUSA-NED | yes | count=10.00 | yes=22c
Kalshi WS trade #1336: KXT20MATCH-26FEB13NEDUSA-NED | yes | count=122.00 | yes=23c
Kalshi WS trade #1337: KXT20MATCH-26FEB13NEDUSA-NED | yes | count=45.00 | yes=23c
Poly WS trade #40: asset=21431572216384228534... | BUY | size=8.456648 | price=0.946
Kalshi WS trade #1338: KXWTAMATCH-26FEB13COCVEK-COC | yes | count=7.00 | yes=66c
Kalshi WS trade #1339: KXBTCD-26FEB1317-T64499.99 | no | count=25.00 | yes=96c
Kalshi WS trade #1340: KXATPMATCH-26FEB13DEVAN-DE | yes | count=3.00 | yes=41c
Poly WS trade #41: asset=10249390055164570152... | BUY | size=8.450703 | price=0.71
Kalshi WS trade #1341: KXECONSTATCPIYOY-26FEB-T2.3 | no | count=1800.00 | yes=50c
Kalshi WS trade #1342: KXWTAMATCH-26FEB13COCVEK-COC | no | count=140.00 | yes=63c
Kalshi WS trade #1343: KXPGATOP5-ATPBP26-RHIS | yes | count=15.00 | yes=32c
Kalshi WS trade #1344: KXWTAMATCH-26FEB13COCVEK-COC | yes | count=147.00 | yes=66c
Kalshi WS trade #1345: KXETHD-26FEB1310-T1989.99 | yes | count=50.00 | yes=66c
Kalshi WS trade #1346: KXATPMATCH-26FEB13DEVAN-VAN | no | count=21.00 | yes=59c
Kalshi WS trade #1347: KXMVESPORTSMULTIGAMEEXTENDED-S2026C036BC292F9-62FEAB9A324 | yes | count=65.00 | yes=44c
Kalshi WS trade #1348: KXBTC15M-26FEB131000-00 | yes | count=20.00 | yes=98c
Kalshi WS trade #1349: KXXRP15M-26FEB131000-00 | yes | count=54.00 | yes=90c
Kalshi WS trade #1350: KXBTCD-26FEB1310-T67749.99 | yes | count=68.00 | yes=54c
Kalshi WS trade #1351: KXBTC-26FEB1310-B67875 | yes | count=10.00 | yes=35c
Kalshi WS trade #1352: KXWOSBOARD-WSX26MEDAL-AALB | yes | count=52.00 | yes=9c
Kalshi WS trade #1353: KXWOCURLGAME-26FEB11USAGBR-USA | yes | count=6.00 | yes=44c
Kalshi WS trade #1354: KXBTCD-26FEB1310-T67749.99 | no | count=100.00 | yes=51c
Kalshi WS trade #1355: KXATPCHALLENGERMATCH-26FEB13LLAMIK-MIK | yes | count=5.00 | yes=32c
Kalshi WS trade #1356: KXWOCURLGAME-26FEB13DNKSWE-DNK | yes | count=98.00 | yes=24c
Poly WS trade #42: asset=48458075019957098166... | SELL | size=535 | price=0.993
Kalshi WS trade #1357: KXETHD-26FEB1310-T1989.99 | yes | count=50.00 | yes=67c
Kalshi WS trade #1358: KXGOVTSHUTDOWN-26FEB14 | no | count=99.00 | yes=87c
Kalshi WS trade #1359: KXGOVTSHUTDOWN-26FEB14 | no | count=278.00 | yes=87c
Kalshi WS trade #1360: KXGOVTSHUTDOWN-26FEB14 | no | count=50.00 | yes=87c
Kalshi WS trade #1361: KXGOVTSHUTDOWN-26FEB14 | no | count=239.00 | yes=87c
Kalshi WS trade #1362: KXBTCD-26FEB1310-T67499.99 | yes | count=20.00 | yes=83c
Kalshi WS trade #1363: KXBTCD-26FEB1310-T67499.99 | yes | count=479.00 | yes=83c
Kalshi WS trade #1364: KXWO-MEDALS-26-NOR | yes | count=6.00 | yes=76c
Kalshi WS trade #1365: KXBTCD-26FEB1310-T67749.99 | yes | count=50.00 | yes=54c
Kalshi WS trade #1366: KXATPCHALLENGERMATCH-26FEB13TABECH-TAB | yes | count=140.00 | yes=66c
Kalshi WS trade #1367: KXATPCHALLENGERMATCH-26FEB13TABECH-TAB | yes | count=12.00 | yes=66c
Kalshi WS trade #1368: KXWTAMATCH-26FEB13COCVEK-VEK | yes | count=25.00 | yes=36c
Kalshi WS trade #1369: KXWTAMATCH-26FEB13COCVEK-VEK | yes | count=107.00 | yes=36c
Kalshi WS trade #1370: KXNBA3PTCONTEST-26-JMUR | yes | count=101.00 | yes=14c
Kalshi WS trade #1371: KXINXU-26FEB13H1000-T6839.9999 | no | count=20.00 | yes=25c
Kalshi WS trade #1372: KXBTC15M-26FEB131000-00 | no | count=377.00 | yes=97c
Kalshi WS trade #1373: KXWOWHOCKEY-26FEB13USAITA-ITA | yes | count=2337.00 | yes=1c
Kalshi WS trade #1374: KXWTIW-26FEB13-B61.5 | no | count=2.00 | yes=24c
Kalshi WS trade #1375: KXBUNDESLIGAGAME-26FEB13BVBM05-M05 | yes | count=10.00 | yes=18c
Kalshi WS trade #1376: KXLOWTMIA-26FEB13-B59.5 | no | count=13.00 | yes=7c
Kalshi WS trade #1377: KXATPCHALLENGERMATCH-26FEB13LLAMIK-MIK | yes | count=28.00 | yes=32c
Kalshi WS trade #1378: KXETHMINMON-ETH-26FEB28-175000 | yes | count=151.00 | yes=38c
Kalshi WS trade #1379: KXNCAAMBSPREAD-26FEB13QUINSIE-SIE3 | yes | count=50.00 | yes=50c
Kalshi WS trade #1380: KXINXU-26FEB13H1000-T6819.9999 | no | count=5.00 | yes=79c
Kalshi WS trade #1381: KXINXU-26FEB13H1000-T6819.9999 | no | count=1.00 | yes=78c
Kalshi WS trade #1382: KXBTCD-26FEB1310-T67749.99 | yes | count=5.00 | yes=52c
Poly WS trade #43: asset=21431572216384228534... | SELL | size=8.45 | price=0.945
Kalshi WS trade #1383: KXTRUMPMENTION-26FEB28-SLEE | yes | count=2.00 | yes=46c
Kalshi WS trade #1384: KXBTC15M-26FEB131000-00 | no | count=146.00 | yes=97c
Kalshi WS trade #1385: KXBTC15M-26FEB131000-00 | no | count=52.00 | yes=97c
Kalshi WS trade #1386: KXBTC15M-26FEB131000-00 | no | count=22.00 | yes=97c
Kalshi WS trade #1387: KXWOMHOCKEY-26FEB13FRACZE-CZE | yes | count=2000.00 | yes=95c
Kalshi WS trade #1388: KXBTCD-26FEB1317-T65999.99 | no | count=34.00 | yes=87c
Kalshi WS trade #1389: KXATPCHALLENGERMATCH-26FEB13TABECH-TAB | yes | count=6.00 | yes=64c
Kalshi WS trade #1390: KXWOXC-M10FREE26GOLD-MNYE | yes | count=50.00 | yes=4c
Kalshi WS trade #1391: KXBTCD-26FEB1310-T67999.99 | no | count=90.00 | yes=18c
Kalshi WS trade #1392: KXBTCD-26FEB1310-T67749.99 | yes | count=15.00 | yes=49c
Kalshi WS trade #1393: KXBTCD-26FEB1310-T67999.99 | yes | count=5.00 | yes=18c
Kalshi WS trade #1394: KXATPCHALLENGERMATCH-26FEB13LLAMIK-MIK | no | count=1.00 | yes=27c
Kalshi WS trade #1395: KXATPCHALLENGERMATCH-26FEB13LLAMIK-MIK | no | count=17.00 | yes=27c
Kalshi WS trade #1396: KXBTCD-26FEB1310-T66249.99 | no | count=5.00 | yes=99c
Kalshi WS trade #1397: KXBTCD-26FEB1317-T65499.99 | no | count=1.00 | yes=93c
Kalshi WS trade #1398: KXBTCD-26FEB1310-T66249.99 | no | count=5.00 | yes=99c
Kalshi WS trade #1399: KXBTCD-26FEB1310-T67749.99 | yes | count=1.00 | yes=49c
Poly WS trade #44: asset=10249390055164570152... | BUY | size=14.084506 | price=0.71
Kalshi WS trade #1400: KXBTCD-26FEB1310-T66499.99 | no | count=5.00 | yes=99c
Kalshi WS trade #1401: KXBTCD-26FEB1310-T66999.99 | no | count=1.00 | yes=99c
Kalshi WS trade #1402: KXCAWEALTHTAX-26 | no | count=64.00 | yes=47c
Kalshi WS trade #1403: KXBTCD-26FEB1310-T66499.99 | no | count=5.00 | yes=99c
Kalshi WS trade #1404: KXINXU-26FEB13H1000-T6829.9999 | yes | count=2.00 | yes=43c
Kalshi WS trade #1405: KXBTCD-26FEB1310-T66749.99 | no | count=8.00 | yes=99c
Kalshi WS trade #1406: KXBTCD-26FEB1310-T66749.99 | no | count=8.00 | yes=99c
Kalshi WS trade #1407: KXWTACHALLENGERMATCH-26FEB13CHWLAM-LAM | yes | count=50.00 | yes=14c
Poly WS trade #45: asset=10150694304905327693... | BUY | size=47.8 | price=0.949
Poly WS trade #46: asset=20939351535690701474... | BUY | size=2500 | price=0.967
Kalshi WS trade #1408: KXBTCD-26FEB1310-T67499.99 | yes | count=250.00 | yes=81c
Kalshi WS trade #1409: KXBTCD-26FEB1310-T67499.99 | yes | count=41.00 | yes=81c
Kalshi WS trade #1410: KXBTCD-26FEB1310-T67499.99 | no | count=21.00 | yes=79c
Kalshi WS trade #1411: KXATPMATCH-26FEB13DEVAN-VAN | no | count=17.00 | yes=59c
Kalshi WS trade #1412: KXBTC15M-26FEB131000-00 | no | count=2.00 | yes=96c
Kalshi WS trade #1413: KXUAPFILES-27 | yes | count=15.00 | yes=64c
Kalshi WS trade #1414: KXATPMATCH-26FEB13DEVAN-DE | yes | count=2.00 | yes=41c
Kalshi WS trade #1415: KXT20MATCH-26FEB13NEDUSA-USA | yes | count=12.00 | yes=81c
Kalshi WS trade #1416: KXWTAMATCH-26FEB13COCVEK-COC | no | count=33.00 | yes=64c
Kalshi WS trade #1417: KXATPMATCH-26FEB13DEVAN-DE | yes | count=45.00 | yes=41c
Kalshi WS trade #1418: KXBTCD-26FEB1317-T66499.99 | yes | count=20.00 | yes=85c
Kalshi WS trade #1419: KXETHD-26FEB1310-T1989.99 | no | count=50.00 | yes=62c
Kalshi WS trade #1420: KXATPCHALLENGERMATCH-26FEB13TRAMOR-TRA | yes | count=46.00 | yes=15c
Kalshi WS trade #1421: KXHIGHNY-26FEB13-B39.5 | yes | count=5.00 | yes=37c
Kalshi WS trade #1422: KXBTCD-26FEB1310-T67249.99 | no | count=15.00 | yes=95c
Kalshi WS trade #1423: KXBTCD-26FEB1317-T72499.99 | yes | count=92.00 | yes=2c
Kalshi WS trade #1424: KXBTCD-26FEB1317-T68999.99 | yes | count=1.00 | yes=17c
Kalshi WS trade #1425: KXBTCD-26FEB1317-T67999.99 | no | count=203.00 | yes=42c
Kalshi WS trade #1426: KXBTC-26FEB1310-B67375 | yes | count=1.00 | yes=16c
Kalshi WS trade #1427: KXETH-26FEB1310-B2000 | no | count=50.00 | yes=58c
Kalshi WS trade #1428: KXETH-26FEB1310-B2000 | no | count=98.00 | yes=57c
Kalshi WS trade #1429: KXATPCHALLENGERMATCH-26FEB13TRAMOR-MOR | yes | count=108.00 | yes=86c
Kalshi WS trade #1430: KXATPMATCH-26FEB13DEVAN-DE | no | count=23.00 | yes=40c
Kalshi WS trade #1431: KXBTCD-26FEB1310-T67999.99 | no | count=50.00 | yes=15c
Kalshi WS trade #1432: KXBTCD-26FEB1310-T67749.99 | yes | count=89.00 | yes=45c
Kalshi WS trade #1433: KXATPMATCH-26FEB13DEVAN-DE | yes | count=35.00 | yes=40c
Kalshi WS trade #1434: KXBTC-26FEB1310-B67125 | no | count=22.00 | yes=4c
Kalshi WS trade #1435: KXBTCD-26FEB1310-T67499.99 | no | count=69.00 | yes=77c
Kalshi WS trade #1436: KXINXU-26FEB13H1600-T6849.9999 | no | count=20.00 | yes=42c
Kalshi WS trade #1437: KXBTCD-26FEB1310-T67999.99 | no | count=90.00 | yes=14c
Kalshi WS trade #1438: KXBTCD-26FEB1310-T67999.99 | no | count=100.00 | yes=14c
Kalshi WS trade #1439: KXINXU-26FEB13H1600-T6799.9999 | no | count=20.00 | yes=68c
Kalshi WS trade #1440: KXETH-26FEB1310-B2000 | yes | count=50.00 | yes=54c
Kalshi WS trade #1441: KXT20MATCH-26FEB13NEDUSA-NED | yes | count=22.00 | yes=21c
Kalshi WS trade #1442: KXT20MATCH-26FEB13NEDUSA-NED | yes | count=194.00 | yes=21c
Kalshi WS trade #1443: KXETH15M-26FEB131000-00 | yes | count=2.00 | yes=91c
Kalshi WS trade #1444: KXETH15M-26FEB131000-00 | yes | count=8.00 | yes=92c
Kalshi WS trade #1445: KXBTCD-26FEB1310-T67249.99 | no | count=2.00 | yes=94c
Kalshi WS trade #1446: KXBTCD-26FEB1310-T67749.99 | no | count=100.00 | yes=42c
Kalshi WS trade #1447: KXWTAMATCH-26FEB13OSTMBO-OST | yes | count=430.00 | yes=34c
Kalshi WS trade #1448: KXINXU-26FEB13H1000-T6834.9999 | yes | count=174.00 | yes=25c
Kalshi WS trade #1449: KXBTCD-26FEB1310-T67749.99 | yes | count=50.00 | yes=43c
Kalshi WS trade #1450: KXBTCD-26FEB1310-T67749.99 | yes | count=50.00 | yes=43c
Kalshi WS trade #1451: KXETHD-26FEB1310-T1989.99 | no | count=50.00 | yes=57c
Kalshi WS trade #1452: KXBTCD-26FEB1310-T67749.99 | yes | count=9.00 | yes=42c
Kalshi WS trade #1453: KXNCAAMBGAME-26FEB13SLULCHI-LCHI | yes | count=15.00 | yes=6c
Poly WS trade #47: asset=10255981703463102222... | BUY | size=1.075267 | price=0.93
Kalshi WS trade #1454: KXNCAABMENTION-26FEB14UKFLA-RECO | no | count=1.00 | yes=41c
Kalshi WS trade #1455: KXALBUMDEBUT-26MAR07-CAS | yes | count=19.00 | yes=49c
Kalshi WS trade #1456: KXALBUMDEBUT-26MAR07-CAS | yes | count=18.00 | yes=50c
Kalshi WS trade #1457: KXALBUMDEBUT-26MAR07-CAS | yes | count=26.00 | yes=52c
Kalshi WS trade #1458: KXALBUMDEBUT-26MAR07-CAS | yes | count=80.00 | yes=52c
Kalshi WS trade #1459: KXBTCD-26FEB1310-T67499.99 | no | count=50.00 | yes=75c
Kalshi WS trade #1460: KXWTAMATCH-26FEB13COCVEK-COC | yes | count=5.00 | yes=66c
Kalshi WS trade #1461: KXATPMATCH-26FEB13DEVAN-VAN | no | count=73.00 | yes=59c
Kalshi WS trade #1462: KXBTC-26FEB1310-B67875 | yes | count=11.00 | yes=29c
Kalshi WS trade #1463: KXNCAAMBSPREAD-26FEB13SLULCHI-SLU19 | yes | count=96.00 | yes=50c
Kalshi WS trade #1464: KXATPCHALLENGERMATCH-26FEB13TRAMOR-TRA | yes | count=65.00 | yes=15c
Kalshi WS trade #1465: KXETHD-26FEB1310-T1989.99 | no | count=50.00 | yes=59c
Kalshi WS trade #1466: KXATPCHALLENGERMATCH-26FEB13TRAMOR-TRA | yes | count=1000.00 | yes=15c
Kalshi WS trade #1467: KXWTAMATCH-26FEB13COCVEK-VEK | no | count=58.00 | yes=34c
Kalshi WS trade #1468: KXWTAMATCH-26FEB13COCVEK-VEK | no | count=20.00 | yes=33c
Kalshi WS trade #1469: KXWTAMATCH-26FEB13COCVEK-VEK | no | count=9.00 | yes=33c
Kalshi WS trade #1470: KXBTCD-26FEB1310-T67499.99 | yes | count=58.00 | yes=75c
Kalshi WS trade #1471: KXBTCD-26FEB1310-T67499.99 | yes | count=474.00 | yes=75c
Kalshi WS trade #1472: KXBTC15M-26FEB131000-00 | no | count=72.00 | yes=95c
Kalshi WS trade #1473: KXBTC15M-26FEB131000-00 | no | count=84.00 | yes=95c
Kalshi WS trade #1474: KXBTC15M-26FEB131000-00 | no | count=71.00 | yes=95c
Kalshi WS trade #1475: KXBERNIEMENTION-26FEB14-AFFO | no | count=7.00 | yes=84c
Kalshi WS trade #1476: KXETHD-26FEB1310-T1989.99 | yes | count=3.00 | yes=60c
Kalshi WS trade #1477: KXBTCD-26FEB1310-T67749.99 | yes | count=7.00 | yes=42c
Kalshi WS trade #1478: KXBTCD-26FEB1310-T67749.99 | yes | count=100.00 | yes=43c
Kalshi WS trade #1479: KXBTCD-26FEB1310-T67749.99 | yes | count=33.00 | yes=44c
Kalshi WS trade #1480: KXSHIBAD-26FEB1317-T0.000005999 | yes | count=3.00 | yes=88c
Kalshi WS trade #1481: KXWTAMATCH-26FEB13COCVEK-COC | yes | count=23.00 | yes=66c
Kalshi WS trade #1482: KXATPMATCH-26FEB13DEVAN-VAN | yes | count=12.00 | yes=60c
Kalshi WS trade #1483: KXATPMATCH-26FEB13DEVAN-VAN | yes | count=4.00 | yes=61c
Kalshi WS trade #1484: KXBTCD-26FEB1310-T67749.99 | yes | count=8.00 | yes=44c
Kalshi WS trade #1485: KXNCAAMBGAME-26FEB13MANNIAG-MAN | yes | count=37.00 | yes=48c
Kalshi WS trade #1486: KXPGATOUR-ATPBP26-RHIS | yes | count=97.00 | yes=8c
Kalshi WS trade #1487: KXPGATOUR-ATPBP26-RHIS | yes | count=403.00 | yes=8c
Kalshi WS trade #1488: KXATPCHALLENGERMATCH-26FEB13LLAMIK-MIK | yes | count=9.00 | yes=29c
Kalshi WS trade #1489: KXATPCHALLENGERMATCH-26FEB13LLAMIK-MIK | yes | count=6.00 | yes=30c
Kalshi WS trade #1490: KXETHD-26FEB1310-T1989.99 | yes | count=50.00 | yes=58c
Kalshi WS trade #1491: KXBTCD-26FEB1310-T67499.99 | yes | count=10.00 | yes=77c
Kalshi WS trade #1492: KXWTACHALLENGERMATCH-26FEB13STEJOR-JOR | yes | count=40.00 | yes=40c
Kalshi WS trade #1493: KXATPCHALLENGERMATCH-26FEB13LLAMIK-MIK | yes | count=9.00 | yes=30c
Kalshi WS trade #1494: KXBTCD-26FEB1317-T66499.99 | yes | count=55.00 | yes=85c
Kalshi WS trade #1495: KXBTCD-26FEB1310-T67749.99 | yes | count=10.00 | yes=44c
Kalshi WS trade #1496: KXBTCD-26FEB1310-T67749.99 | yes | count=26.00 | yes=44c
Kalshi WS trade #1497: KXATPCHALLENGERMATCH-26FEB13LLAMIK-MIK | no | count=46.00 | yes=28c
Kalshi WS trade #1498: KXSERIEAGAME-26FEB14COMFIO-FIO | yes | count=10.00 | yes=20c
Kalshi WS trade #1499: KXNCAAMBGAME-26FEB14UGAOKLA-OKLA | yes | count=1.00 | yes=57c
Kalshi WS trade #1500: KXBUNDESLIGAGAME-26FEB13BVBM05-TIE | yes | count=10.00 | yes=22c
Kalshi WS trade #1501: KXWTACHALLENGERMATCH-26FEB13CHWLAM-CHW | no | count=10.00 | yes=86c
Kalshi WS trade #1502: KXFEDDECISION-26MAR-C25 | no | count=221.00 | yes=7c
Kalshi WS trade #1503: KXFEDDECISION-26MAR-C25 | no | count=15.00 | yes=7c
Kalshi WS trade #1504: KXFEDDECISION-26MAR-C25 | no | count=2500.00 | yes=7c
Kalshi WS trade #1505: KXWOMHOCKEY-26FEB13CANCHE-CAN | no | count=10.00 | yes=89c
Kalshi WS trade #1506: KXWOMHOCKEY-26FEB13CANCHE-CAN | no | count=500.00 | yes=89c
Kalshi WS trade #1507: KXWOMHOCKEY-26FEB13CANCHE-CAN | no | count=15.00 | yes=89c
Kalshi WS trade #1508: KXWOMHOCKEY-26FEB13CANCHE-CAN | no | count=87.00 | yes=89c
Kalshi WS trade #1509: KXWOMHOCKEY-26FEB13CANCHE-CAN | no | count=112.00 | yes=89c
Kalshi WS trade #1510: KXGOVTSHUTDOWN-26FEB14 | no | count=7.00 | yes=87c
Kalshi WS trade #1511: KXT20MATCH-26FEB13NEDUSA-NED | yes | count=206.00 | yes=21c
Kalshi WS trade #1512: KXT20MATCH-26FEB13NEDUSA-NED | yes | count=50.00 | yes=21c
Kalshi WS trade #1513: KXT20MATCH-26FEB13NEDUSA-NED | yes | count=500.00 | yes=21c
Kalshi WS trade #1514: KXWTAMATCH-26FEB13COCVEK-COC | yes | count=150.00 | yes=66c
Kalshi WS trade #1515: KXBTCD-26FEB1310-T67749.99 | yes | count=1.00 | yes=44c
Kalshi WS trade #1516: KXNCAAMBGAME-26FEB13MSUWIS-MSU | yes | count=187.00 | yes=56c
Kalshi WS trade #1517: KXWTACHALLENGERMATCH-26FEB13STEJOR-JOR | yes | count=600.00 | yes=40c
Poly WS trade #48: asset=85285091029101061598... | SELL | size=165 | price=0.997
Kalshi WS trade #1518: KXBUNDESLIGAGAME-26FEB13BVBM05-BVB | yes | count=10.00 | yes=61c
Kalshi WS trade #1519: KXHIGHMIA-26FEB13-T80 | yes | count=20.00 | yes=50c
Kalshi WS trade #1520: KXHIGHMIA-26FEB13-T80 | yes | count=3.00 | yes=51c
Kalshi WS trade #1521: KXHIGHMIA-26FEB13-T80 | yes | count=77.00 | yes=51c
Kalshi WS trade #1522: KXGOVTSHUTDOWN-26FEB14 | yes | count=78.00 | yes=88c
Kalshi WS trade #1523: KXGOVTSHUTDOWN-26FEB14 | yes | count=33.00 | yes=88c
Kalshi WS trade #1524: KXINXU-26FEB13H1000-T6839.9999 | no | count=15.00 | yes=13c
Kalshi WS trade #1525: KXBTCD-26FEB1310-T67749.99 | no | count=100.00 | yes=42c
Kalshi WS trade #1526: KXBTC15M-26FEB131000-00 | no | count=13.00 | yes=95c
Kalshi WS trade #1527: KXATPMATCH-26FEB13DEVAN-VAN | yes | count=76.00 | yes=62c
Kalshi WS trade #1528: KXMVESPORTSMULTIGAMEEXTENDED-S202612F7A0ADA80-DDCF8A66A6C | yes | count=17.00 | yes=5c
Kalshi WS trade #1529: KXETHD-26FEB1310-T1989.99 | yes | count=50.00 | yes=57c
Kalshi WS trade #1530: KXWTAMATCH-26FEB13COCVEK-COC | yes | count=14.00 | yes=66c
Kalshi WS trade #1531: KXETH-26FEB1310-B2000 | yes | count=50.00 | yes=54c
Kalshi WS trade #1532: KXETH-26FEB1310-B1980 | yes | count=50.00 | yes=45c
Kalshi WS trade #1533: KXETHD-26FEB1310-T1989.99 | yes | count=800.00 | yes=55c
Kalshi WS trade #1534: KXBTCD-26FEB1310-T67749.99 | yes | count=4.00 | yes=40c
Kalshi WS trade #1535: KXHIGHAUS-26FEB13-B82.5 | yes | count=5.00 | yes=44c
Kalshi WS trade #1536: KXNCAAMBGAME-26FEB13CORPRIN-COR | yes | count=39.00 | yes=62c
Kalshi WS trade #1537: KXETHD-26FEB1310-T1989.99 | no | count=3.00 | yes=54c
Kalshi WS trade #1538: KXBTCD-26FEB1310-T67499.99 | yes | count=19.00 | yes=77c
Kalshi WS trade #1539: KXBTC-26FEB1310-B67875 | no | count=37.00 | yes=28c
Kalshi WS trade #1540: KXINXU-26FEB13H1000-T6839.9999 | no | count=5.00 | yes=13c
Kalshi WS trade #1541: KXBTCD-26FEB1310-T67999.99 | yes | count=35.00 | yes=13c
Kalshi WS trade #1542: KXATPCHALLENGERMATCH-26FEB13LLAMIK-LLA | yes | count=27.00 | yes=72c
Kalshi WS trade #1543: KXSAUDIPLGAME-26FEB13SHAAAS-AAS | yes | count=30.00 | yes=95c
Kalshi WS trade #1544: KXSAUDIPLGAME-26FEB13SHAAAS-AAS | yes | count=26.00 | yes=95c
Kalshi WS trade #1545: KXSAUDIPLGAME-26FEB13SHAAAS-AAS | yes | count=206.00 | yes=95c
Kalshi WS trade #1546: KXSENATETXR-26-WHUN | no | count=1.00 | yes=8c
Kalshi WS trade #1547: KXSENATETXR-26-JC | no | count=3.00 | yes=22c
Kalshi WS trade #1548: KXBTCD-26FEB1310-T67499.99 | yes | count=200.00 | yes=74c
Kalshi WS trade #1549: KXGOVTSHUTDOWN-26FEB14 | no | count=72.00 | yes=87c
Kalshi WS trade #1550: KXBTC15M-26FEB131000-00 | yes | count=11.00 | yes=95c
Kalshi WS trade #1551: KXETH15M-26FEB131000-00 | yes | count=2.00 | yes=90c
Kalshi WS trade #1552: KXINXU-26FEB13H1000-T6839.9999 | no | count=20.00 | yes=12c
Kalshi WS trade #1553: KXBTCD-26FEB1310-T67749.99 | no | count=50.00 | yes=38c
Kalshi WS trade #1554: KXETH15M-26FEB131000-00 | yes | count=67.00 | yes=90c
Kalshi WS trade #1555: KXBTCD-26FEB1310-T67749.99 | yes | count=119.00 | yes=38c
Kalshi WS trade #1556: KXBTCD-26FEB1317-T67999.99 | yes | count=7.00 | yes=40c
Kalshi WS trade #1557: KXBTC15M-26FEB131000-00 | yes | count=104.00 | yes=95c
Kalshi WS trade #1558: KXATPMATCH-26FEB13SHADAV-SHA | yes | count=17.00 | yes=56c
Kalshi WS trade #1559: KXWOCURLGAME-26FEB13DNKSWE-SWE | yes | count=5.00 | yes=86c
Kalshi WS trade #1560: KXWOCURLGAME-26FEB13DNKSWE-SWE | yes | count=51.00 | yes=87c
Kalshi WS trade #1561: KXXRP15M-26FEB131000-00 | yes | count=11.00 | yes=83c
Kalshi WS trade #1562: KXBTCD-26FEB1310-T67749.99 | yes | count=100.00 | yes=38c
Kalshi WS trade #1563: KXINXU-26FEB13H1000-T6839.9999 | no | count=11.00 | yes=11c
Kalshi WS trade #1564: KXINXU-26FEB13H1000-T6839.9999 | yes | count=20.00 | yes=11c
Kalshi WS trade #1565: KXBTC-26FEB1310-B67875 | yes | count=16.00 | yes=28c
Kalshi WS trade #1566: KXATPMATCH-26FEB13DEVAN-DE | yes | count=239.00 | yes=40c
Kalshi WS trade #1567: KXBTCD-26FEB1310-T67749.99 | no | count=50.00 | yes=38c
Kalshi WS trade #1568: KXATPMATCH-26FEB13DEVAN-DE | no | count=259.00 | yes=38c
Kalshi WS trade #1569: KXBTC-26FEB1310-B67625 | no | count=50.00 | yes=36c
Kalshi WS trade #1570: KXBTC-26FEB1310-B67625 | no | count=200.00 | yes=35c
Kalshi WS trade #1571: KXBTC-26FEB1310-B67625 | no | count=39.00 | yes=34c
Kalshi WS trade #1572: KXFACUPSPREAD-26FEB13HULCFC-CFC1 | yes | count=7.00 | yes=61c
Kalshi WS trade #1573: KXVALORANTGAME-26FEB13VITFNC-VIT | yes | count=26.00 | yes=1c
Kalshi WS trade #1574: KXINXU-26FEB13H1000-T6819.9999 | yes | count=1.00 | yes=64c
Kalshi WS trade #1575: KXATPMATCH-26FEB13DEVAN-DE | yes | count=9.00 | yes=40c
Kalshi WS trade #1576: KXWOCURLGAME-26FEB13DNKSWE-DNK | yes | count=378.00 | yes=24c
Kalshi WS trade #1577: KXBTCD-26FEB1310-T67999.99 | no | count=5.00 | yes=11c
Kalshi WS trade #1578: KXETHD-26FEB1310-T1989.99 | yes | count=800.00 | yes=54c
Kalshi WS trade #1579: KXBTCD-26FEB1310-T67999.99 | yes | count=70.00 | yes=12c
Kalshi WS trade #1580: KXBTCD-26FEB1310-T67749.99 | no | count=7.00 | yes=38c
Kalshi WS trade #1581: KXBTCD-26FEB1310-T67249.99 | yes | count=100.00 | yes=93c
Kalshi WS trade #1582: KXNYCSNOWM-26FEB-3.0 | yes | count=2.00 | yes=34c
Kalshi WS trade #1583: KXMVESPORTSMULTIGAMEEXTENDED-S2026FD20B802FFD-762B434FBF7 | yes | count=25.00 | yes=18c
Kalshi WS trade #1584: KXSAUDIPLGAME-26FEB13HILITT-TIE | yes | count=42.00 | yes=11c
Kalshi WS trade #1585: KXNASDAQ100U-26FEB13H1000-T24589.99 | yes | count=3.00 | yes=89c
Kalshi WS trade #1586: KXATPMATCH-26FEB13DEVAN-VAN | yes | count=1.00 | yes=62c
Kalshi WS trade #1587: KXINXU-26FEB13H1000-T6824.9999 | yes | count=11.00 | yes=48c
Kalshi WS trade #1588: KXINXU-26FEB13H1000-T6824.9999 | yes | count=1.00 | yes=48c
Kalshi WS trade #1589: KXGOVTSHUTDOWN-26FEB14 | yes | count=17.00 | yes=88c
Kalshi WS trade #1590: KXGOVTSHUTDOWN-26FEB14 | yes | count=46.00 | yes=88c
Kalshi WS trade #1591: KXBTCD-26FEB1310-T68499.99 | yes | count=94.00 | yes=3c
Kalshi WS trade #1592: KXATPMATCH-26FEB13DEVAN-DE | yes | count=116.00 | yes=40c
Kalshi WS trade #1593: KXATPMATCH-26FEB13DEVAN-DE | no | count=689.00 | yes=38c
Kalshi WS trade #1594: KXGOVTSHUTDOWN-26FEB14 | yes | count=10.00 | yes=88c
Kalshi WS trade #1595: KXWOMHOCKEY-26FEB13FRACZE-FRA | yes | count=18.00 | yes=5c
Kalshi WS trade #1596: KXMVESPORTSMULTIGAMEEXTENDED-S20262876457DABD-B8C7D75F491 | yes | count=15.00 | yes=0c
Kalshi WS trade #1597: KXNCAAWBGAME-26FEB13TOWSHAMP-TOWS | yes | count=5.00 | yes=68c
Kalshi WS trade #1598: KXNCAAWBGAME-26FEB13TOWSHAMP-TOWS | yes | count=16.00 | yes=69c
Kalshi WS trade #1599: KXMVESPORTSMULTIGAMEEXTENDED-S20268C0F379E5D0-749C9048415 | yes | count=31.00 | yes=15c
Kalshi WS trade #1600: KXBERNIEMENTION-26FEB14-IMMI | yes | count=2.00 | yes=48c
Kalshi WS trade #1601: KXWTAMATCH-26FEB13COCVEK-COC | yes | count=20.00 | yes=66c
Kalshi WS trade #1602: KXSAUDIPLTOTAL-26FEB13HILITT-3 | yes | count=10.00 | yes=53c
Kalshi WS trade #1603: KXPRESNOMR-28-DJT | yes | count=559.00 | yes=4c
Kalshi WS trade #1604: KXPRESNOMR-28-DJT | yes | count=85.00 | yes=4c
Kalshi WS trade #1605: KXPRESNOMR-28-DJT | yes | count=4.00 | yes=4c
Kalshi WS trade #1606: KXPRESNOMR-28-DJT | yes | count=1.00 | yes=4c
Kalshi WS trade #1607: KXPRESNOMR-28-DJT | yes | count=2.00 | yes=4c
Kalshi WS trade #1608: KXPRESNOMR-28-DJT | yes | count=670.00 | yes=4c
Kalshi WS trade #1609: KXATPMATCH-26FEB13DEVAN-DE | yes | count=11.00 | yes=40c
Kalshi WS trade #1610: KXTRUMPMENTION-26FEB14-AMER | yes | count=10.00 | yes=48c
Kalshi WS trade #1611: KXGOVTSHUTDOWN-26FEB14 | yes | count=42.00 | yes=88c
Kalshi WS trade #1612: KXGOVTSHUTDOWN-26FEB14 | yes | count=5.00 | yes=89c
Kalshi WS trade #1613: KXPGATOUR-ATPBP26-RHIS | yes | count=10.00 | yes=8c
Kalshi WS trade #1614: KXBTCD-26FEB1310-T67749.99 | yes | count=50.00 | yes=40c
Kalshi WS trade #1615: KXBTCD-26FEB1310-T67749.99 | yes | count=37.00 | yes=41c
Kalshi WS trade #1616: KXBTCMAXMON-BTC-26FEB28-8000000 | yes | count=1.00 | yes=17c
Kalshi WS trade #1617: KXBTCMAXMON-BTC-26FEB28-8000000 | yes | count=51.00 | yes=18c
Kalshi WS trade #1618: KXSAUDIPLTOTAL-26FEB13HILITT-2 | yes | count=34.00 | yes=75c
Kalshi WS trade #1619: KXATPCHALLENGERMATCH-26FEB13TRAMOR-MOR | yes | count=115.00 | yes=86c
Kalshi WS trade #1620: KXWTAMATCH-26FEB13COCVEK-VEK | yes | count=5.00 | yes=35c
Kalshi WS trade #1621: KXBTC-26FEB1310-B67875 | yes | count=50.00 | yes=28c
Kalshi WS trade #1622: KXBTC-26FEB1310-B67875 | yes | count=117.00 | yes=28c
Kalshi WS trade #1623: KXATPCHALLENGERMATCH-26FEB13TRAMOR-MOR | yes | count=1.00 | yes=86c
Poly WS trade #49: asset=11435008330551587660... | BUY | size=12.5 | price=0.08
Kalshi WS trade #1624: KXSB-27-LAC | yes | count=39.00 | yes=6c
Kalshi WS trade #1625: KXATPCHALLENGERMATCH-26FEB13LLAMIK-MIK | yes | count=4.00 | yes=29c
Kalshi WS trade #1626: KXATPCHALLENGERMATCH-26FEB13LLAMIK-MIK | yes | count=134.00 | yes=30c
Kalshi WS trade #1627: KXATPCHALLENGERMATCH-26FEB13LLAMIK-MIK | yes | count=113.00 | yes=31c
Kalshi WS trade #1628: KXGOVTSHUTDOWN-26FEB14 | yes | count=6.00 | yes=88c
Kalshi WS trade #1629: KXATPMATCH-26FEB13DEVAN-DE | no | count=93.00 | yes=38c
Poly WS trade #50: asset=20939351535690701474... | SELL | size=51.76 | price=0.966
Kalshi WS trade #1630: KXNETFLIXRANKSHOW-26FEB16-BRI | yes | count=7.00 | yes=1c
Kalshi WS trade #1631: KXNETFLIXRANKSHOW-26FEB16-BRI | yes | count=169.00 | yes=2c
Kalshi WS trade #1632: KXWTAMATCH-26FEB13COCVEK-COC | yes | count=33.00 | yes=66c
Kalshi WS trade #1633: KXBTC15M-26FEB131000-00 | no | count=1.00 | yes=94c
Kalshi WS trade #1634: KXAUCTIONPIKACHU-26-8 | no | count=3.00 | yes=69c
Kalshi WS trade #1635: KXT20MATCH-26FEB13NEDUSA-NED | yes | count=4.00 | yes=21c
Kalshi WS trade #1636: KXATPMATCH-26FEB13DEVAN-DE | no | count=301.00 | yes=38c
Kalshi WS trade #1637: KXATPMATCH-26FEB13DEVAN-DE | yes | count=119.00 | yes=40c
Kalshi WS trade #1638: KXATPMATCH-26FEB13DEVAN-DE | yes | count=2399.00 | yes=40c
Kalshi WS trade #1639: KXBTC15M-26FEB131000-00 | no | count=62.00 | yes=94c
Kalshi WS trade #1640: KXBTCD-26FEB1310-T67499.99 | yes | count=10.00 | yes=76c
Kalshi WS trade #1641: KXPGATOUR-ATPBP26-RHIS | no | count=218.00 | yes=7c
Kalshi WS trade #1642: KXLIVTOUR-LIGA26-BCAM | yes | count=46.00 | yes=6c
Poly WS trade #51: asset=85285091029101061598... | SELL | size=167 | price=0.997
Kalshi WS trade #1643: KXNCAAMLAXGAME-26FEB13BUCROB-BUC | yes | count=12.00 | yes=80c
Kalshi WS trade #1644: KXBTCD-26FEB1310-T67499.99 | yes | count=25.00 | yes=76c
Kalshi WS trade #1645: KXETHD-26FEB1310-T1989.99 | yes | count=50.00 | yes=53c
Kalshi WS trade #1646: KXWTAMATCH-26FEB13COCVEK-COC | no | count=260.00 | yes=65c
Kalshi WS trade #1647: KXBTCD-26FEB1310-T67499.99 | yes | count=6.00 | yes=77c
Kalshi WS trade #1648: KXATPMATCH-26FEB13DEVAN-VAN | no | count=1623.00 | yes=60c
Kalshi WS trade #1649: KXBTCD-26FEB1310-T67749.99 | yes | count=3.00 | yes=42c
Kalshi WS trade #1650: KXBTCD-26FEB1310-T67749.99 | yes | count=10.00 | yes=43c
Kalshi WS trade #1651: KXBTCD-26FEB1310-T67749.99 | yes | count=50.00 | yes=43c
Kalshi WS trade #1652: KXETH15M-26FEB131000-00 | yes | count=5.00 | yes=91c
Kalshi WS trade #1653: KXBTCD-26FEB1310-T67999.99 | no | count=3.00 | yes=13c
Kalshi WS trade #1654: KXATPCHALLENGERMATCH-26FEB13TRAMOR-MOR | no | count=228.00 | yes=84c
Kalshi WS trade #1655: KXBTCD-26FEB1310-T67749.99 | no | count=187.00 | yes=43c
Poly WS trade #52: asset=43946269812975261940... | SELL | size=6 | price=0.761
Kalshi WS trade #1656: KXXRP15M-26FEB131000-00 | no | count=10.00 | yes=82c
Kalshi WS trade #1657: KXBTCD-26FEB1310-T67999.99 | no | count=100.00 | yes=13c
Kalshi WS trade #1658: KXBTCD-26FEB1310-T67999.99 | yes | count=33.00 | yes=13c
Kalshi WS trade #1659: KXCABOUT-29JAN-PBON | yes | count=4.00 | yes=24c
Kalshi WS trade #1660: KXELECTIONBILL-26MAY01 | yes | count=1.00 | yes=17c
Kalshi WS trade #1661: KXELECTIONBILL-26MAY01 | yes | count=26.00 | yes=17c
Kalshi WS trade #1662: KXBTCD-26FEB1317-T66999.99 | no | count=10.00 | yes=70c
Kalshi WS trade #1663: KXNASDAQ100U-26FEB13H1000-T24799.99 | no | count=10.00 | yes=1c
Kalshi WS trade #1664: KXBTCD-26FEB1310-T67749.99 | no | count=100.00 | yes=40c
Kalshi WS trade #1665: KXXRP15M-26FEB131000-00 | yes | count=26.00 | yes=85c
Kalshi WS trade #1666: KXSAUDIPLGAME-26FEB13SHAAAS-TIE | yes | count=142.00 | yes=5c
Kalshi WS trade #1667: KXATPMATCH-26FEB13DEVAN-VAN | no | count=7.00 | yes=60c
Kalshi WS trade #1668: KXUFCFIGHT-26FEB21STRHER-STR | yes | count=6.00 | yes=31c
Kalshi WS trade #1669: KXGOVTSHUTDOWN-26FEB14 | yes | count=3.00 | yes=88c
Kalshi WS trade #1670: KXATPMATCH-26FEB13DEVAN-VAN | yes | count=3142.00 | yes=61c
Kalshi WS trade #1671: KXWTAMATCH-26FEB13COCVEK-COC | no | count=10.00 | yes=65c
Kalshi WS trade #1672: KXT20MATCH-26FEB13NEDUSA-NED | yes | count=4.00 | yes=21c
Kalshi WS trade #1673: KXBTCD-26FEB1310-T67749.99 | yes | count=11.00 | yes=40c
Kalshi WS trade #1674: KXBTCD-26FEB1310-T67749.99 | yes | count=239.00 | yes=40c
Kalshi WS trade #1675: KXBTCD-26FEB1310-T67749.99 | yes | count=200.00 | yes=41c
Kalshi WS trade #1676: KXBTCD-26FEB1310-T67749.99 | yes | count=200.00 | yes=41c
Kalshi WS trade #1677: KXBTCD-26FEB1310-T67749.99 | yes | count=50.00 | yes=41c
Kalshi WS trade #1678: KXBTCD-26FEB1310-T67749.99 | yes | count=200.00 | yes=41c
Kalshi WS trade #1679: KXBTCD-26FEB1310-T67749.99 | yes | count=462.00 | yes=41c
Kalshi WS trade #1680: KXBTCD-26FEB1310-T67749.99 | yes | count=200.00 | yes=42c
Kalshi WS trade #1681: KXBTCD-26FEB1310-T67749.99 | yes | count=10.00 | yes=42c
Kalshi WS trade #1682: KXBTCD-26FEB1310-T67749.99 | yes | count=2000.00 | yes=42c
Kalshi WS trade #1683: KXBTCD-26FEB1310-T67749.99 | yes | count=200.00 | yes=42c
Kalshi WS trade #1684: KXBTCD-26FEB1310-T67749.99 | yes | count=200.00 | yes=43c
Kalshi WS trade #1685: KXBTCD-26FEB1310-T67749.99 | yes | count=600.00 | yes=44c
Kalshi WS trade #1686: KXBTCD-26FEB1310-T67749.99 | yes | count=100.00 | yes=44c
Kalshi WS trade #1687: KXBTCD-26FEB1310-T67749.99 | yes | count=500.00 | yes=44c
Kalshi WS trade #1688: KXBTCD-26FEB1310-T67749.99 | yes | count=500.00 | yes=44c
Kalshi WS trade #1689: KXATPMATCH-26FEB13DEVAN-VAN | yes | count=47.00 | yes=62c
Kalshi WS trade #1690: KXPGATOP20-ATPBP26-ANOV | yes | count=6.00 | yes=45c
Kalshi WS trade #1691: KXPGATOP20-ATPBP26-ANOV | yes | count=5.00 | yes=45c
Kalshi WS trade #1692: KXATPCHALLENGERMATCH-26FEB13TABECH-ECH | yes | count=12.00 | yes=38c
Kalshi WS trade #1693: KXBTCD-26FEB1310-T67249.99 | yes | count=44.00 | yes=94c
Kalshi WS trade #1694: KXXRP15M-26FEB131000-00 | yes | count=10.00 | yes=84c
Kalshi WS trade #1695: KXBTCD-26FEB1310-T67249.99 | yes | count=7.00 | yes=94c
Kalshi WS trade #1696: KXWOHOCKEY-MEN26CGOLD-USA | yes | count=26.00 | yes=36c
Kalshi WS trade #1697: KXBTCD-26FEB1310-T67249.99 | yes | count=7.00 | yes=94c
Kalshi WS trade #1698: KXETH15M-26FEB131000-00 | yes | count=15.00 | yes=90c
Kalshi WS trade #1699: KXT20MATCH-26FEB13NEDUSA-USA | yes | count=33.00 | yes=81c
Kalshi WS trade #1700: KXT20MATCH-26FEB13NEDUSA-USA | yes | count=7.00 | yes=81c
Kalshi WS trade #1701: KXETH-26FEB1310-B2000 | yes | count=50.00 | yes=50c
Kalshi WS trade #1702: KXT20MATCH-26FEB13NEDUSA-NED | no | count=200.00 | yes=20c
Kalshi WS trade #1703: KXT20MATCH-26FEB13NEDUSA-NED | no | count=25.00 | yes=20c
Kalshi WS trade #1704: KXT20MATCH-26FEB13NEDUSA-NED | no | count=2000.00 | yes=20c
Kalshi WS trade #1705: KXT20MATCH-26FEB13NEDUSA-NED | no | count=17.00 | yes=19c
Kalshi WS trade #1706: KXT20MATCH-26FEB13NEDUSA-NED | no | count=200.00 | yes=18c
Kalshi WS trade #1707: KXT20MATCH-26FEB13NEDUSA-NED | no | count=37.00 | yes=18c
Kalshi WS trade #1708: KXT20MATCH-26FEB13NEDUSA-NED | no | count=400.00 | yes=18c
Kalshi WS trade #1709: KXT20MATCH-26FEB13NEDUSA-NED | no | count=1000.00 | yes=18c
Kalshi WS trade #1710: KXT20MATCH-26FEB13NEDUSA-NED | no | count=24.00 | yes=18c
Poly WS trade #53: asset=85285091029101061598... | BUY | size=606 | price=0.998
Kalshi WS trade #1711: KXPGATOUR-ATPBP26-KBRA | yes | count=45.00 | yes=9c
Kalshi WS trade #1712: KXHIGHNY-26FEB13-B39.5 | yes | count=12.00 | yes=37c
Kalshi WS trade #1713: KXDHSFUND-26MAR10 | yes | count=6.00 | yes=70c
Kalshi WS trade #1714: KXBTCD-26FEB1310-T67749.99 | yes | count=45.00 | yes=42c
Kalshi WS trade #1715: KXWTACHALLENGERMATCH-26FEB13STEJOR-JOR | yes | count=4.00 | yes=41c
Poly WS trade #54: asset=11396725528572998309... | BUY | size=4000 | price=0.005
Kalshi WS trade #1716: KXECONSTATCPIYOY-26MAR-T3.5 | yes | count=50.00 | yes=1c
Kalshi WS trade #1717: KXSOL15M-26FEB131000-00 | no | count=9.00 | yes=91c
Kalshi WS trade #1718: KXGOVTSHUTDOWN-26FEB14 | no | count=6.00 | yes=87c
Kalshi WS trade #1719: KXATPMATCH-26FEB13DEVAN-DE | yes | count=50.00 | yes=40c
Kalshi WS trade #1720: KXT20MATCH-26FEB13NEDUSA-NED | yes | count=24.00 | yes=20c
Kalshi WS trade #1721: KXT20MATCH-26FEB13NEDUSA-NED | yes | count=84.00 | yes=21c
Kalshi WS trade #1722: KXMVESPORTSMULTIGAMEEXTENDED-S2026B1140ECA4C3-187D61F9100 | yes | count=45.00 | yes=10c
Kalshi WS trade #1723: KXXRP15M-26FEB131000-00 | no | count=26.00 | yes=82c
Kalshi WS trade #1724: KXSAUDIPLGAME-26FEB13SHAAAS-AAS | yes | count=20.00 | yes=95c
Kalshi WS trade #1725: KXDHSFUND-26MAR01 | no | count=2.00 | yes=46c
Kalshi WS trade #1726: KXDHSFUND-26MAR01 | no | count=3.00 | yes=45c
Kalshi WS trade #1727: KXDHSFUND-26MAR01 | no | count=28.00 | yes=45c
Kalshi WS trade #1728: KXDHSFUND-26MAR01 | no | count=2.00 | yes=45c
Kalshi WS trade #1729: KXBTCD-26FEB1310-T67749.99 | yes | count=113.00 | yes=42c
Kalshi WS trade #1730: KXBTCD-26FEB1310-T67749.99 | yes | count=11.00 | yes=42c
Kalshi WS trade #1731: KXBTC15M-26FEB131000-00 | no | count=1.00 | yes=94c
Kalshi WS trade #1732: KXATPCHALLENGERMATCH-26FEB13LLAMIK-MIK | yes | count=1.00 | yes=24c
Kalshi WS trade #1733: KXWTACHALLENGERMATCH-26FEB13CHWLAM-CHW | yes | count=39.00 | yes=87c
Kalshi WS trade #1734: KXBTCD-26FEB1310-T67999.99 | no | count=1.00 | yes=13c
Kalshi WS trade #1735: KXATPMATCH-26FEB13FRIKOR-FRI | yes | count=473.00 | yes=63c
Kalshi WS trade #1736: KXATPMATCH-26FEB13FRIKOR-FRI | yes | count=791.00 | yes=63c
Kalshi WS trade #1737: KXATPMATCH-26FEB13FRIKOR-FRI | yes | count=456.00 | yes=63c
Kalshi WS trade #1738: KXNCAAMBGAME-26FEB13MSUWIS-MSU | yes | count=25.00 | yes=56c
Kalshi WS trade #1739: KXSERIEAGAME-26FEB14LAZATA-LAZ | yes | count=10.00 | yes=27c
Kalshi WS trade #1740: KXETHD-26FEB1310-T1989.99 | yes | count=50.00 | yes=52c
Kalshi WS trade #1741: KXSENATETXR-26-KP | no | count=4.00 | yes=70c
Kalshi WS trade #1742: KXBTCD-26FEB1310-T67249.99 | yes | count=35.00 | yes=94c
Kalshi WS trade #1743: KXBTC-26FEB1310-B67875 | yes | count=50.00 | yes=28c
Poly WS trade #55: asset=76489251550443972870... | SELL | size=102.98 | price=0.235
Kalshi WS trade #1744: KXWOWHOCKEY-26FEB13USAITA-ITA | yes | count=166.00 | yes=1c
Kalshi WS trade #1745: KXATPCHALLENGERMATCH-26FEB13LLAMIK-LLA | no | count=3.00 | yes=77c
Kalshi WS trade #1746: KXATPCHALLENGERMATCH-26FEB13LLAMIK-LLA | no | count=24.00 | yes=76c
Kalshi WS trade #1747: KXATPMATCH-26FEB13DEVAN-VAN | yes | count=37.00 | yes=62c
Kalshi WS trade #1748: KXETH-26FEB1310-B2000 | no | count=50.00 | yes=46c
Kalshi WS trade #1749: KXBTCD-26FEB1310-T67999.99 | no | count=15.00 | yes=12c
Poly WS trade #56: asset=20939351535690701474... | SELL | size=6.2 | price=0.965
Kalshi WS trade #1750: KXBTCD-26FEB1310-T67749.99 | no | count=8.00 | yes=42c
Kalshi WS trade #1751: KXBTCD-26FEB1310-T67249.99 | no | count=74.00 | yes=93c
Kalshi WS trade #1752: KXBTCD-26FEB1310-T67749.99 | no | count=1.00 | yes=42c
Kalshi WS trade #1753: KXWTAMATCH-26FEB13OSTMBO-MBO | yes | count=1.00 | yes=69c
Kalshi WS trade #1754: KXBTC-26FEB1310-B67375 | yes | count=47.00 | yes=20c
Kalshi WS trade #1755: KXBTCD-26FEB1317-T66499.99 | no | count=71.00 | yes=81c
Kalshi WS trade #1756: KXBTCD-26FEB1310-T67499.99 | yes | count=50.00 | yes=75c
Kalshi WS trade #1757: KXWTAMATCH-26FEB13COCVEK-COC | yes | count=3.00 | yes=66c
Kalshi WS trade #1758: KXWTAMATCH-26FEB13COCVEK-COC | yes | count=10.00 | yes=66c
Kalshi WS trade #1759: KXWTAMATCH-26FEB13COCVEK-COC | yes | count=200.00 | yes=67c
Kalshi WS trade #1760: KXWTAMATCH-26FEB13COCVEK-COC | yes | count=5.00 | yes=67c
Kalshi WS trade #1761: KXNASDAQ100U-26FEB13H1000-T24749.99 | no | count=1.00 | yes=10c
Kalshi WS trade #1762: KXGOVTSHUTDOWN-26FEB14 | no | count=108.00 | yes=87c
Kalshi WS trade #1763: KXETHD-26FEB1310-T1989.99 | yes | count=100.00 | yes=48c
Kalshi WS trade #1764: KXATPMATCH-26FEB13DEVAN-VAN | yes | count=7.00 | yes=62c
Kalshi WS trade #1765: KXBTCD-26FEB1310-T66999.99 | no | count=46.00 | yes=98c
Kalshi WS trade #1766: KXETHD-26FEB1310-T1989.99 | yes | count=50.00 | yes=48c
Kalshi WS trade #1767: KXLIGUE1GAME-26FEB13RENPSG-PSG | yes | count=9.00 | yes=70c
Kalshi WS trade #1768: KXATPCHALLENGERMATCH-26FEB13LLAMIK-MIK | no | count=2.00 | yes=23c
Kalshi WS trade #1769: KXXRP15M-26FEB131000-00 | no | count=5.00 | yes=82c
Kalshi WS trade #1770: KXGOVTSHUTDOWN-26FEB14 | no | count=266.00 | yes=87c
Kalshi WS trade #1771: KXBTCD-26FEB1310-T67749.99 | yes | count=29.00 | yes=44c
Kalshi WS trade #1772: KXBTC15M-26FEB131000-00 | yes | count=1.00 | yes=95c
Kalshi WS trade #1773: KXBTC15M-26FEB131000-00 | yes | count=200.00 | yes=95c
Kalshi WS trade #1774: KXATPMATCH-26FEB13DEVAN-VAN | yes | count=15.00 | yes=62c
Kalshi WS trade #1775: KXBTC-26FEB1310-B67875 | yes | count=50.00 | yes=29c
Kalshi WS trade #1776: KXBTCD-26FEB1310-T67749.99 | yes | count=10.00 | yes=45c
Kalshi WS trade #1777: KXATTENDSOTU-NSHI | no | count=1.00 | yes=67c
Kalshi WS trade #1778: KXATTENDSOTU-NSHI | no | count=14.00 | yes=67c
Kalshi WS trade #1779: KXATTENDSOTU-NSHI | no | count=4.00 | yes=67c
Kalshi WS trade #1780: KXBTCD-26FEB1310-T67249.99 | yes | count=100.00 | yes=94c
Kalshi WS trade #1781: KXBTC15M-26FEB131000-00 | yes | count=20.00 | yes=96c
Kalshi WS trade #1782: KXATPMATCH-26FEB13DEVAN-DE | yes | count=14.00 | yes=40c
Kalshi WS trade #1783: KXATPCHALLENGERMATCH-26FEB13TRAMOR-TRA | yes | count=30.00 | yes=15c
Kalshi WS trade #1784: KXATPCHALLENGERMATCH-26FEB13TRAMOR-TRA | yes | count=20.00 | yes=16c
Kalshi WS trade #1785: KXATPMATCH-26FEB13DEVAN-VAN | yes | count=3.00 | yes=62c
Kalshi WS trade #1786: KXBTCD-26FEB1310-T67499.99 | no | count=50.00 | yes=78c
Kalshi WS trade #1787: KXBTC-26FEB1310-B67625 | no | count=50.00 | yes=35c
Kalshi WS trade #1788: KXBTCD-26FEB1317-T66999.99 | yes | count=100.00 | yes=71c
Kalshi WS trade #1789: KXBTCD-26FEB1310-T67999.99 | yes | count=25.00 | yes=15c
Kalshi WS trade #1790: KXECONSTATCPIYOY-26FEB-T2.3 | yes | count=1800.00 | yes=1c
Kalshi WS trade #1791: KXWTACHALLENGERMATCH-26FEB13STEJOR-STE | no | count=15.00 | yes=59c
Kalshi WS trade #1792: KXWTACHALLENGERMATCH-26FEB13STEJOR-STE | no | count=9.00 | yes=58c
Kalshi WS trade #1793: KXWTACHALLENGERMATCH-26FEB13STEJOR-JOR | yes | count=50.00 | yes=40c
Kalshi WS trade #1794: KXNCAAMBGAME-26FEB13CLMBPENN-CLMB | yes | count=22.00 | yes=43c
Kalshi WS trade #1795: KXHIGHTHOU-26FEB13-T73 | no | count=50.00 | yes=2c
Kalshi WS trade #1796: KXHIGHTHOU-26FEB13-T73 | no | count=50.00 | yes=1c
Kalshi WS trade #1797: KXBTC-26FEB1310-B67875 | no | count=50.00 | yes=32c
Kalshi WS trade #1798: KXT20MATCH-26FEB13NEDUSA-USA | no | count=9.00 | yes=80c
Kalshi WS trade #1799: KXATPCHALLENGERMATCH-26FEB13LLAMIK-LLA | no | count=7.00 | yes=77c
Poly WS trade #57: asset=89110596788673536475... | SELL | size=108.55 | price=0.05
Poly WS trade #58: asset=10150694304905327693... | BUY | size=49 | price=0.95
Kalshi WS trade #1800: KXJULYCHARTER26-26 | yes | count=101.00 | yes=98c
Poly WS trade #59: asset=20939351535690701474... | SELL | size=8.27 | price=0.965
Kalshi WS trade #1801: KXSAUDIPLGAME-26FEB13SHAAAS-AAS | yes | count=239.00 | yes=95c
Kalshi WS trade #1802: KXSAUDIPLGAME-26FEB13SHAAAS-AAS | yes | count=64.00 | yes=95c
Kalshi WS trade #1803: KXATPCHALLENGERMATCH-26FEB13TRAMOR-MOR | yes | count=9.00 | yes=83c
Poly WS trade #60: asset=85285091029101061598... | BUY | size=165 | price=0.998
Kalshi WS trade #1804: KXLIGUE1GAME-26FEB13RENPSG-REN | yes | count=31.00 | yes=14c
Kalshi WS trade #1805: KXMVESPORTSMULTIGAMEEXTENDED-S20266B6892127A6-2C13390F883 | yes | count=310.00 | yes=15c
Kalshi WS trade #1806: KXXRP15M-26FEB131000-00 | yes | count=12.00 | yes=88c
Kalshi WS trade #1807: KXGOVTSHUTDOWN-26FEB14 | no | count=36.00 | yes=87c
Kalshi WS trade #1808: KXINXU-26FEB13H1000-T6839.9999 | no | count=1.00 | yes=18c
Kalshi WS trade #1809: KXETHD-26FEB1310-T1989.99 | yes | count=50.00 | yes=55c
Kalshi WS trade #1810: KXT20MATCH-26FEB13NEDUSA-NED | yes | count=26.00 | yes=20c
Kalshi WS trade #1811: KXT20MATCH-26FEB13NEDUSA-NED | yes | count=652.00 | yes=21c
Kalshi WS trade #1812: KXSOL15M-26FEB131000-00 | yes | count=2.00 | yes=92c
Kalshi WS trade #1813: KXDOGED-26FEB1310-T0.0949999 | yes | count=78.00 | yes=6c
Kalshi WS trade #1814: KXBERNIEMENTION-26FEB14-WORK | no | count=31.00 | yes=85c
Kalshi WS trade #1815: KXRT-WUT-65 | yes | count=4.00 | yes=24c
Kalshi WS trade #1816: KXETH-26FEB1310-B2000 | yes | count=50.00 | yes=53c
Kalshi WS trade #1817: KXNCAAMBGAME-26FEB14PITTUNC-PITT | yes | count=7.00 | yes=13c
Poly WS trade #61: asset=20939351535690701474... | SELL | size=10.34 | price=0.965
Kalshi WS trade #1818: KXATPMATCH-26FEB13DEVAN-DE | yes | count=239.00 | yes=40c
Kalshi WS trade #1819: KXNCAAMBSPREAD-26FEB13MASSAKR-AKR13 | no | count=200.00 | yes=47c
Kalshi WS trade #1820: KXWTAMATCH-26FEB13COCVEK-VEK | no | count=81.00 | yes=29c
Kalshi WS trade #1821: KXSAUDIPLGAME-26FEB14RIYKHA-KHA | yes | count=10.00 | yes=47c
Kalshi WS trade #1822: KXSAUDIPLGAME-26FEB14RIYKHA-KHA | yes | count=10.00 | yes=48c
Kalshi WS trade #1823: KXBTC-26FEB1310-B67875 | no | count=50.00 | yes=32c
Kalshi WS trade #1824: KXATPMATCH-26FEB13DEVAN-VAN | yes | count=34.00 | yes=62c
Kalshi WS trade #1825: KXSAUDIPLSPREAD-26FEB13SHAAAS-AAS1 | yes | count=30.00 | yes=74c
Kalshi WS trade #1826: KXBTC15M-26FEB131000-00 | yes | count=6.00 | yes=97c
Kalshi WS trade #1827: KXBTCD-26FEB1310-T67749.99 | yes | count=49.00 | yes=48c
Kalshi WS trade #1828: KXBTC15M-26FEB131000-00 | no | count=1.00 | yes=95c
Kalshi WS trade #1829: KXINXU-26FEB13H1000-T6824.9999 | no | count=47.00 | yes=62c
Kalshi WS trade #1830: KXATPCHALLENGERMATCH-26FEB13LLAMIK-MIK | no | count=35.00 | yes=22c
Kalshi WS trade #1831: KXATPCHALLENGERMATCH-26FEB13LLAMIK-MIK | no | count=15.00 | yes=22c
Kalshi WS trade #1832: KXWOHOCKEY-WOMEN26CGOLD-USA | yes | count=10.00 | yes=80c
Kalshi WS trade #1833: KXBTC-26FEB1310-B67875 | yes | count=11.00 | yes=32c
Kalshi WS trade #1834: KXETHD-26FEB1310-T1989.99 | yes | count=50.00 | yes=52c
Kalshi WS trade #1835: KXGOVTSHUTDOWN-26FEB14 | no | count=108.00 | yes=87c
Kalshi WS trade #1836: KXBTCD-26FEB1310-T67499.99 | yes | count=200.00 | yes=78c
Kalshi WS trade #1837: KXBTCD-26FEB1310-T67499.99 | yes | count=141.00 | yes=78c
Kalshi WS trade #1838: KXGOVTSHUTDOWN-26FEB14 | yes | count=14.00 | yes=88c
Kalshi WS trade #1839: KXBTCD-26FEB1310-T67749.99 | yes | count=90.00 | yes=45c
Kalshi WS trade #1840: KXBTCD-26FEB1310-T67749.99 | yes | count=107.00 | yes=46c
Kalshi WS trade #1841: KXFEDDECISION-26MAR-C25 | yes | count=268.00 | yes=7c
Kalshi WS trade #1842: KXATPMATCH-26FEB13DEVAN-VAN | yes | count=47.00 | yes=62c
Kalshi WS trade #1843: KXATPMATCH-26FEB13DEVAN-VAN | yes | count=31.00 | yes=62c
Kalshi WS trade #1844: KXSAUDIPLSPREAD-26FEB13SHAAAS-AAS1 | yes | count=30.00 | yes=74c
Kalshi WS trade #1845: KXWTAMATCH-26FEB13COCVEK-VEK | no | count=844.00 | yes=29c
Kalshi WS trade #1846: KXWTAMATCH-26FEB13COCVEK-VEK | no | count=16.00 | yes=29c
Kalshi WS trade #1847: KXWTAMATCH-26FEB13COCVEK-VEK | no | count=908.00 | yes=28c
Kalshi WS trade #1848: KXATPMATCH-26FEB13DEVAN-DE | yes | count=4.00 | yes=40c
Kalshi WS trade #1849: KXMVESPORTSMULTIGAMEEXTENDED-S2026622F976DF54-4E6ABD1A633 | yes | count=463.00 | yes=1c
Kalshi WS trade #1850: KXNCAAWBGAME-26FEB13HARVYALE-YALE | yes | count=11.00 | yes=8c
Kalshi WS trade #1851: KXNCAAWBGAME-26FEB13HARVYALE-HARV | no | count=11.00 | yes=93c
Kalshi WS trade #1852: KXBTCD-26FEB1310-T67749.99 | yes | count=1.00 | yes=45c
Kalshi WS trade #1853: KXHIGHMIA-26FEB13-B77.5 | no | count=18.00 | yes=8c
Kalshi WS trade #1854: KXHIGHMIA-26FEB13-B77.5 | no | count=1.00 | yes=8c
Kalshi WS trade #1855: KXHIGHMIA-26FEB13-B77.5 | no | count=376.00 | yes=8c
Kalshi WS trade #1856: KXHIGHMIA-26FEB13-B77.5 | no | count=6.00 | yes=8c
Kalshi WS trade #1857: KXVALORANTGAME-26FEB13BBLGM-BBL | yes | count=24.00 | yes=51c
Kalshi WS trade #1858: KXETH15M-26FEB131000-00 | no | count=4.00 | yes=90c
Kalshi WS trade #1859: KXBTCD-26FEB1310-T67499.99 | yes | count=90.00 | yes=78c
Kalshi WS trade #1860: KXBTCD-26FEB1310-T67499.99 | yes | count=20.00 | yes=79c
Poly WS trade #62: asset=20939351535690701474... | SELL | size=20.23 | price=0.965
Kalshi WS trade #1861: KXBTC-26FEB1310-B67875 | yes | count=3.00 | yes=31c
Kalshi WS trade #1862: KXWTACHALLENGERMATCH-26FEB13STEJOR-STE | yes | count=8.00 | yes=58c
Kalshi WS trade #1863: KXBERNIEMENTION-26FEB14-MIDD | yes | count=15.00 | yes=57c
Kalshi WS trade #1864: KXETHD-26FEB1310-T1989.99 | yes | count=50.00 | yes=49c
Kalshi WS trade #1865: KXT20MATCH-26FEB13NEDUSA-NED | yes | count=400.00 | yes=20c
Kalshi WS trade #1866: KXT20MATCH-26FEB13NEDUSA-NED | yes | count=52.00 | yes=21c
Kalshi WS trade #1867: KXETHD-26FEB1310-T1989.99 | yes | count=800.00 | yes=48c
Kalshi WS trade #1868: KXWOMHOCKEY-26FEB13FRACZE-FRA | yes | count=38.00 | yes=5c
Kalshi WS trade #1869: KXWOMHOCKEY-26FEB13FRACZE-FRA | yes | count=30.00 | yes=5c
Kalshi WS trade #1870: KXWOMHOCKEY-26FEB13FRACZE-FRA | yes | count=32.00 | yes=5c
Kalshi WS trade #1871: KXT20MATCH-26FEB13NEDUSA-USA | yes | count=200.00 | yes=81c
Kalshi WS trade #1872: KXT20MATCH-26FEB13NEDUSA-USA | yes | count=200.00 | yes=81c
Kalshi WS trade #1873: KXT20MATCH-26FEB13NEDUSA-USA | yes | count=200.00 | yes=81c
Kalshi WS trade #1874: KXT20MATCH-26FEB13NEDUSA-USA | yes | count=100.00 | yes=81c
Kalshi WS trade #1875: KXT20MATCH-26FEB13NEDUSA-USA | yes | count=33.00 | yes=81c
Kalshi WS trade #1876: KXT20MATCH-26FEB13NEDUSA-USA | yes | count=35.00 | yes=81c
Kalshi WS trade #1877: KXBTCD-26FEB1310-T67499.99 | yes | count=30.00 | yes=78c
Kalshi WS trade #1878: KXNCAAMBGAME-26FEB13MSUWIS-WIS | yes | count=132.00 | yes=47c
Kalshi WS trade #1879: KXBTCD-26FEB1310-T67249.99 | yes | count=100.00 | yes=95c
Kalshi WS trade #1880: KXBTCD-26FEB1310-T67249.99 | yes | count=109.00 | yes=95c
Kalshi WS trade #1881: KXHIGHDEN-26FEB13-B57.5 | yes | count=27.00 | yes=29c
Kalshi WS trade #1882: KXHIGHDEN-26FEB13-B57.5 | yes | count=5.00 | yes=29c
Kalshi WS trade #1883: KXWTAMATCH-26FEB13COCVEK-COC | no | count=16.00 | yes=69c
Kalshi WS trade #1884: KXLIVTOUR-LIGA26-BDEC | no | count=9.00 | yes=19c
Kalshi WS trade #1885: KXSAUDIPLSPREAD-26FEB13SHAAAS-AAS1 | yes | count=30.00 | yes=74c
Kalshi WS trade #1886: KXLIGUE1GAME-26FEB13RENPSG-REN | yes | count=44.00 | yes=14c
Kalshi WS trade #1887: KXLIGUE1GAME-26FEB13RENPSG-REN | yes | count=158.00 | yes=14c
Kalshi WS trade #1888: KXBTCD-26FEB1310-T67499.99 | yes | count=70.00 | yes=78c
Kalshi WS trade #1889: KXWOSKIJUMP-MLH26GOLD-PRAI | no | count=300.00 | yes=15c
Poly WS trade #63: asset=10150694304905327693... | SELL | size=47.8 | price=0.948
Kalshi WS trade #1890: KXSAUDIPLGAME-26FEB13SHAAAS-SHA | yes | count=333.00 | yes=2c
Kalshi WS trade #1891: KXBTC-26FEB1310-B67625 | yes | count=3.00 | yes=35c
Kalshi WS trade #1892: KXBTCD-26FEB1310-T67499.99 | yes | count=43.00 | yes=80c
Kalshi WS trade #1893: KXBTC15M-26FEB131000-00 | no | count=37.00 | yes=95c
Kalshi WS trade #1894: KXBTC15M-26FEB131000-00 | yes | count=26.00 | yes=97c
Kalshi WS trade #1895: KXBTCD-26FEB1310-T67249.99 | yes | count=10.00 | yes=95c
Kalshi WS trade #1896: KXATPCHALLENGERMATCH-26FEB13TRAMOR-TRA | no | count=2089.00 | yes=18c
Kalshi WS trade #1897: KXUFCFIGHT-26FEB21STRHER-STR | yes | count=100.00 | yes=31c
Poly WS trade #64: asset=76489251550443972870... | BUY | size=28.56 | price=0.239
Kalshi WS trade #1898: KXSAUDIPLSPREAD-26FEB13SHAAAS-AAS1 | yes | count=2.00 | yes=74c
Kalshi WS trade #1899: KXSAUDIPLGAME-26FEB13SHAAAS-AAS | yes | count=64.00 | yes=95c
Kalshi WS trade #1900: KXSAUDIPLGAME-26FEB13SHAAAS-AAS | yes | count=191.00 | yes=96c
Kalshi WS trade #1901: KXBTCMAX100-26-FEB | yes | count=321.00 | yes=2c
Kalshi WS trade #1902: KXBTCMAX100-26-FEB | yes | count=1000.00 | yes=2c
Kalshi WS trade #1903: KXBTCMAX100-26-FEB | yes | count=262.00 | yes=2c
Kalshi WS trade #1904: KXATPMATCH-26FEB13DEVAN-VAN | no | count=20.00 | yes=60c
Kalshi WS trade #1905: KXATPMATCH-26FEB13DEVAN-VAN | no | count=10.00 | yes=59c
Kalshi WS trade #1906: KXMVESPORTSMULTIGAMEEXTENDED-S20263F113EFC38C-3D152DFF052 | yes | count=26.00 | yes=5c
Kalshi WS trade #1907: KXNCAAMBGAME-26FEB13MANNIAG-NIAG | yes | count=8.00 | yes=55c
Kalshi WS trade #1908: KXWTAMATCH-26FEB13COCVEK-COC | no | count=3.00 | yes=69c
Kalshi WS trade #1909: KXT20MATCH-26FEB13NEDUSA-NED | yes | count=21.00 | yes=20c
Kalshi WS trade #1910: KXATPCHALLENGERMATCH-26FEB13LLAMIK-MIK | yes | count=7.00 | yes=24c
Kalshi WS trade #1911: KXATPCHALLENGERMATCH-26FEB13LLAMIK-MIK | yes | count=8.00 | yes=24c
Kalshi WS trade #1912: KXATPMATCH-26FEB13DEVAN-VAN | yes | count=4.00 | yes=62c
Kalshi WS trade #1913: KXATPMATCH-26FEB13DEVAN-VAN | yes | count=4.00 | yes=63c
Kalshi WS trade #1914: KXATPMATCH-26FEB13DEVAN-VAN | yes | count=7.00 | yes=63c
Kalshi WS trade #1915: KXWTACHALLENGERMATCH-26FEB13STEJOR-JOR | yes | count=3.00 | yes=44c
Kalshi WS trade #1916: KXATPMATCH-26FEB13DEVAN-DE | no | count=7.00 | yes=40c
Kalshi WS trade #1917: KXLEADERSOUT-27JAN01-CSHEPMEX | no | count=2.00 | yes=5c
Kalshi WS trade #1918: KXTRUMPMENTION-26FEB14-AMER | yes | count=4.00 | yes=48c
Kalshi WS trade #1919: KXWTAMATCH-26FEB13COCVEK-VEK | yes | count=1.00 | yes=30c
Kalshi WS trade #1920: KXWTAMATCH-26FEB13COCVEK-VEK | yes | count=14.00 | yes=31c
Kalshi WS trade #1921: KXHIGHDEN-26FEB13-B55.5 | yes | count=5.00 | yes=46c
Kalshi WS trade #1922: KXETHD-26FEB1310-T1989.99 | yes | count=15.00 | yes=52c
Kalshi WS trade #1923: KXETHD-26FEB1310-T2009.99 | no | count=15.00 | yes=2c
Kalshi WS trade #1924: KXETH-26FEB1310-B2000 | no | count=15.00 | yes=54c
Kalshi WS trade #1925: KXATPCHALLENGERMATCH-26FEB13TABECH-ECH | yes | count=38.00 | yes=37c
Kalshi WS trade #1926: KXMVESPORTSMULTIGAMEEXTENDED-S2026B88B09B6373-AE7DE64411A | yes | count=153.00 | yes=31c
Kalshi WS trade #1927: KXATPCHALLENGERMATCH-26FEB13TRAMOR-TRA | no | count=200.00 | yes=18c
Kalshi WS trade #1928: KXATPMATCH-26FEB13DEVAN-VAN | yes | count=12.00 | yes=63c
Kalshi WS trade #1929: KXATPMATCH-26FEB13DEVAN-DE | no | count=12.00 | yes=40c
Kalshi WS trade #1930: KXBTCD-26FEB1317-T69499.99 | no | count=100.00 | yes=12c
Kalshi WS trade #1931: KXWOCURLGAME-26FEB13DNKSWE-SWE | yes | count=20.00 | yes=86c
Kalshi WS trade #1932: KXLIGUE1GAME-26FEB13RENPSG-PSG | yes | count=7.00 | yes=70c
Kalshi WS trade #1933: KXWTAMATCH-26FEB13COCVEK-VEK | yes | count=15.00 | yes=31c
Kalshi WS trade #1934: KXBTCD-26FEB1310-T67249.99 | yes | count=100.00 | yes=95c
Kalshi WS trade #1935: KXWTACHALLENGERMATCH-26FEB13STEJOR-STE | yes | count=16.00 | yes=58c
Kalshi WS trade #1936: KXT20MATCH-26FEB13NEDUSA-USA | yes | count=10.00 | yes=81c
Kalshi WS trade #1937: KXETHD-26FEB1310-T1989.99 | yes | count=50.00 | yes=52c
Kalshi WS trade #1938: KXT20MATCH-26FEB13NEDUSA-USA | yes | count=29.00 | yes=81c
Kalshi WS trade #1939: KXT20MATCH-26FEB13NEDUSA-USA | yes | count=32.00 | yes=81c
Kalshi WS trade #1940: KXNETFLIXRANKSHOW-26FEB16-ISI | yes | count=6.00 | yes=1c
Kalshi WS trade #1941: KXNCAAMBSPREAD-26FEB13OHIOMOH-MOH16 | no | count=1.00 | yes=23c
Kalshi WS trade #1942: KXBTCD-26FEB1310-T67749.99 | no | count=2.00 | yes=46c
Kalshi WS trade #1943: KXLALIGASPREAD-26FEB15RVCATM-RVC2 | no | count=2.00 | yes=1c
Kalshi WS trade #1944: KXMVESPORTSMULTIGAMEEXTENDED-S202664E2470B8A1-9FEBBEF2A01 | yes | count=1168.00 | yes=2c
Kalshi WS trade #1945: KXVALORANTGAME-26FEB13BBLGM-BBL | yes | count=142.00 | yes=51c
Kalshi WS trade #1946: KXATPCHALLENGERMATCH-26FEB13LLAMIK-MIK | no | count=2.00 | yes=23c
Kalshi WS trade #1947: KXATPCHALLENGERMATCH-26FEB13LLAMIK-MIK | no | count=2.00 | yes=22c
Kalshi WS trade #1948: KXBTCD-26FEB1310-T67499.99 | yes | count=243.00 | yes=81c
Kalshi WS trade #1949: KXBTCD-26FEB1317-T66999.99 | no | count=10.00 | yes=71c
Kalshi WS trade #1950: KXNCAAMBSPREAD-26FEB13YALEDART-YALE9 | yes | count=20.00 | yes=51c
Kalshi WS trade #1951: KXNCAAMBSPREAD-26FEB13YALEDART-YALE9 | yes | count=50.00 | yes=51c
Kalshi WS trade #1952: KXNCAAMBSPREAD-26FEB13YALEDART-YALE9 | yes | count=41.00 | yes=52c
Kalshi WS trade #1953: KXTXSENRPRIMARYMOV-26MAR03-KPAX-P4 | yes | count=2.00 | yes=11c
Kalshi WS trade #1954: KXPRESPERSON-28-GNEWS | yes | count=225.00 | yes=21c
Kalshi WS trade #1955: KXATPCHALLENGERMATCH-26FEB13LLAMIK-MIK | yes | count=11.00 | yes=24c
Kalshi WS trade #1956: KXATPCHALLENGERMATCH-26FEB13LLAMIK-LLA | yes | count=35.00 | yes=78c
Kalshi WS trade #1957: KXLOVEISBLINDENGAGEMENT-26-ELI | no | count=1.00 | yes=25c
Kalshi WS trade #1958: KXLOVEISBLINDENGAGEMENT-26-ELI | no | count=13.00 | yes=24c
Kalshi WS trade #1959: KXLOVEISBLINDENGAGEMENT-26-ELI | no | count=3.00 | yes=24c
Kalshi WS trade #1960: KXLOVEISBLINDENGAGEMENT-26-ELI | no | count=34.00 | yes=23c
Kalshi WS trade #1961: KXBTCD-26FEB1310-T67749.99 | yes | count=50.00 | yes=47c
Kalshi WS trade #1962: KXBTCD-26FEB1310-T67999.99 | yes | count=65.00 | yes=16c
Kalshi WS trade #1963: KXATPCHALLENGERMATCH-26FEB13TRAMOR-TRA | yes | count=2.00 | yes=21c
Kalshi WS trade #1964: KXBTCD-26FEB1310-T67999.99 | yes | count=25.00 | yes=16c
Kalshi WS trade #1965: KXBTCD-26FEB1310-T67999.99 | yes | count=91.00 | yes=17c
Kalshi WS trade #1966: KXWTAMATCH-26FEB13COCVEK-VEK | yes | count=30.00 | yes=31c
Kalshi WS trade #1967: KXBTCD-26FEB1310-T67499.99 | yes | count=121.00 | yes=80c
Kalshi WS trade #1968: KXWOWHOCKEY-26FEB13CZESWE-SWE | yes | count=20.00 | yes=46c
Kalshi WS trade #1969: KXBUNDESLIGASPREAD-26FEB14SGEBMG-BMG2 | no | count=4.00 | yes=2c
Kalshi WS trade #1970: KXNCAABMENTION-26FEB14CLEMDUKE-DRAF | yes | count=32.00 | yes=71c
Kalshi WS trade #1971: KXNCAABMENTION-26FEB14CLEMDUKE-DRAF | yes | count=13.00 | yes=71c
Kalshi WS trade #1972: KXNCAABMENTION-26FEB14CLEMDUKE-DRAF | yes | count=100.00 | yes=72c
Kalshi WS trade #1973: KXSAUDIPLGAME-26FEB13SHAAAS-AAS | no | count=64.00 | yes=93c
Kalshi WS trade #1974: KXATPCHALLENGERMATCH-26FEB13TABECH-TAB | yes | count=554.00 | yes=64c
Kalshi WS trade #1975: KXBTCD-26FEB1310-T67999.99 | yes | count=5.00 | yes=17c
Kalshi WS trade #1976: KXINXU-26FEB13H1000-T6819.9999 | no | count=20.00 | yes=75c
Kalshi WS trade #1977: KXWTACHALLENGERMATCH-26FEB13STEJOR-JOR | yes | count=56.00 | yes=44c
Kalshi WS trade #1978: KXATPCHALLENGERMATCH-26FEB13TRAMOR-TRA | yes | count=4.00 | yes=21c
Kalshi WS trade #1979: KXATPCHALLENGERMATCH-26FEB13TRAMOR-TRA | yes | count=6.00 | yes=21c
Kalshi WS trade #1980: KXWTAMATCH-26FEB13COCVEK-COC | yes | count=13.00 | yes=70c
Kalshi WS trade #1981: KXDHSFUND-26MAR10 | yes | count=13.00 | yes=70c
Kalshi WS trade #1982: KXWTAMATCH-26FEB13COCVEK-COC | yes | count=7.00 | yes=70c
Kalshi WS trade #1983: KXBTCD-26FEB1310-T67999.99 | yes | count=5.00 | yes=17c
Kalshi WS trade #1984: KXATPMATCH-26FEB13DEVAN-DE | yes | count=49.00 | yes=42c
Kalshi WS trade #1985: KXATPMATCH-26FEB13DEVAN-DE | yes | count=49.00 | yes=42c
Kalshi WS trade #1986: KXATPMATCH-26FEB13DEVAN-DE | yes | count=207.00 | yes=42c
Kalshi WS trade #1987: KXSENATETXR-26-JC | no | count=2.00 | yes=22c
Kalshi WS trade #1988: KXSENATETXR-26-WHUN | no | count=1.00 | yes=8c
Kalshi WS trade #1989: KXWTAMATCH-26FEB13COCVEK-VEK | no | count=18.00 | yes=28c
Kalshi WS trade #1990: KXT20MATCH-26FEB13NEDUSA-USA | no | count=9.00 | yes=80c
Kalshi WS trade #1991: KXATPMATCH-26FEB13DEVAN-DE | yes | count=22.00 | yes=44c
Kalshi WS trade #1992: KXATPMATCH-26FEB13DEVAN-DE | yes | count=36.00 | yes=44c
Kalshi WS trade #1993: KXLALIGASPREAD-26FEB14GETVIL-GET2 | no | count=1.00 | yes=2c
Kalshi WS trade #1994: KXWTACHALLENGERMATCH-26FEB13STEJOR-STE | yes | count=83.00 | yes=57c
Kalshi WS trade #1995: KXSAUDIPLGAME-26FEB13HILITT-HIL | yes | count=34.00 | yes=85c
Kalshi WS trade #1996: KXSAUDIPLGAME-26FEB13HILITT-HIL | yes | count=24.00 | yes=85c
Kalshi WS trade #1997: KXATPCHALLENGERMATCH-26FEB13LLAMIK-LLA | yes | count=30.00 | yes=78c
Kalshi WS trade #1998: KXBTCD-26FEB1317-T57999.99 | yes | count=10.00 | yes=99c
Kalshi WS trade #1999: KXWOHOCKEY-MEN26CGOLD-USA | yes | count=78.00 | yes=36c
Kalshi WS trade #2000: KXBTCD-26FEB1310-T67749.99 | yes | count=19.00 | yes=48c
Poly WS trade #65: asset=85285091029101061598... | BUY | size=167 | price=0.998
Kalshi WS trade #2001: KXBTC-26FEB1310-B68125 | yes | count=1.00 | yes=12c
Kalshi WS trade #2002: KXBTC-26FEB1310-B68125 | yes | count=1.00 | yes=12c
Kalshi WS trade #2003: KXBTC-26FEB1310-B68125 | yes | count=34.00 | yes=13c
Kalshi WS trade #2004: KXATPCHALLENGERMATCH-26FEB13LLAMIK-MIK | no | count=78.00 | yes=22c
Kalshi WS trade #2005: KXATPMATCH-26FEB13DEVAN-VAN | no | count=10.00 | yes=58c
Kalshi WS trade #2006: KXATPMATCH-26FEB13DEVAN-VAN | yes | count=100.00 | yes=60c
Kalshi WS trade #2007: KXATPMATCH-26FEB13DEVAN-VAN | yes | count=305.00 | yes=60c
Kalshi WS trade #2008: KXBTC-26FEB1310-B67875 | no | count=50.00 | yes=31c
Kalshi WS trade #2009: KXBTCD-26FEB1310-T67999.99 | yes | count=16.00 | yes=17c
Kalshi WS trade #2010: KXBTCD-26FEB1310-T67749.99 | no | count=50.00 | yes=46c
Kalshi WS trade #2011: KXSAUDIPLGAME-26FEB13SHAAAS-SHA | yes | count=233.00 | yes=2c
Kalshi WS trade #2012: KXWOMHOCKEY-26FEB13FRACZE-FRA | yes | count=93.00 | yes=5c
Kalshi WS trade #2013: KXGOVTSHUTDOWN-26FEB14 | yes | count=53.00 | yes=88c
Kalshi WS trade #2014: KXGOVTSHUTDOWN-26FEB14 | yes | count=50.00 | yes=88c
Kalshi WS trade #2015: KXGOVTSHUTDOWN-26FEB14 | yes | count=14.00 | yes=89c
Kalshi WS trade #2016: KXBTC-26FEB1310-B67625 | no | count=40.00 | yes=34c
Kalshi WS trade #2017: KXNBACELEBRITY3PT-26-JEFF | yes | count=4.00 | yes=20c
Kalshi WS trade #2018: KXNBACELEBRITY3PT-26-JEFF | yes | count=16.00 | yes=21c
Kalshi WS trade #2019: KXNBACELEBRITY3PT-26-JEFF | yes | count=41.00 | yes=24c
Kalshi WS trade #2020: KXBTCD-26FEB1310-T67999.99 | yes | count=22.00 | yes=16c
Kalshi WS trade #2021: KXNASDAQ100U-26FEB13H1000-T24689.99 | yes | count=2.00 | yes=48c
Kalshi WS trade #2022: KXWTACHALLENGERMATCH-26FEB13STEJOR-STE | no | count=131.00 | yes=56c
Kalshi WS trade #2023: KXATPCHALLENGERMATCH-26FEB13LLAMIK-MIK | no | count=10.00 | yes=22c
Kalshi WS trade #2024: KXWOSSKATE-M10K26GOLD-DGHI | yes | count=6.00 | yes=54c
Kalshi WS trade #2025: KXWOSSKATE-M10K26GOLD-DGHI | yes | count=9.00 | yes=54c
Kalshi WS trade #2026: KXWOSSKATE-M10K26GOLD-DGHI | yes | count=492.00 | yes=54c
Kalshi WS trade #2027: KXBTCD-26FEB1310-T67749.99 | yes | count=10.00 | yes=47c
Kalshi WS trade #2028: KXWTACHALLENGERMATCH-26FEB13CHWLAM-CHW | no | count=3.00 | yes=86c
Kalshi WS trade #2029: KXWTACHALLENGERMATCH-26FEB13CHWLAM-CHW | no | count=415.00 | yes=86c
Kalshi WS trade #2030: KXWTACHALLENGERMATCH-26FEB13CHWLAM-CHW | no | count=100.00 | yes=85c
Kalshi WS trade #2031: KXWTACHALLENGERMATCH-26FEB13CHWLAM-CHW | no | count=99.00 | yes=79c
Kalshi WS trade #2032: KXGOVTSHUTDOWN-26FEB14 | yes | count=68.00 | yes=88c
Kalshi WS trade #2033: KXBERNIEMENTION-26FEB14-SOCI | yes | count=12.00 | yes=15c
Kalshi WS trade #2034: KXATPCHALLENGERMATCH-26FEB13TRAMOR-TRA | yes | count=4.00 | yes=21c
Kalshi WS trade #2035: KXETH-26FEB1310-B1980 | no | count=50.00 | yes=45c
Kalshi WS trade #2036: KXETH-26FEB1310-B1980 | no | count=87.00 | yes=44c
Kalshi WS trade #2037: KXBTCD-26FEB1310-T67749.99 | yes | count=40.00 | yes=47c
Kalshi WS trade #2038: KXBTC15M-26FEB131000-00 | no | count=1.00 | yes=95c
Kalshi WS trade #2039: KXATPMATCH-26FEB13DEVAN-DE | no | count=1.00 | yes=41c
Kalshi WS trade #2040: KXATPMATCH-26FEB13DEVAN-DE | no | count=48.00 | yes=40c
Kalshi WS trade #2041: KXBTCD-26FEB1310-T67499.99 | yes | count=3.00 | yes=81c
Kalshi WS trade #2042: KXBUNDESLIGASPREAD-26FEB14HSVUNI-UNI2 | no | count=1.00 | yes=3c
Kalshi WS trade #2043: KXATPCHALLENGERMATCH-26FEB13TRAMOR-TRA | yes | count=90.00 | yes=21c
Kalshi WS trade #2044: KXT20MATCH-26FEB13NEDUSA-USA | yes | count=43.00 | yes=81c
Kalshi WS trade #2045: KXBTCD-26FEB1310-T67749.99 | no | count=5.00 | yes=46c
Kalshi WS trade #2046: KXHIGHNY-26FEB13-B37.5 | yes | count=3.00 | yes=52c
Kalshi WS trade #2047: KXHIGHNY-26FEB13-B37.5 | yes | count=20.00 | yes=53c
Kalshi WS trade #2048: KXHIGHNY-26FEB13-B37.5 | yes | count=22.00 | yes=53c
Kalshi WS trade #2049: KXWTAMATCH-26FEB13COCVEK-VEK | no | count=10.00 | yes=28c
Kalshi WS trade #2050: KXATPCHALLENGERMATCH-26FEB13COLVAN-COL | yes | count=27.00 | yes=63c
Kalshi WS trade #2051: KXATPCHALLENGERMATCH-26FEB13COLVAN-COL | yes | count=3.00 | yes=63c
Kalshi WS trade #2052: KXBTCD-26FEB1310-T67499.99 | yes | count=100.00 | yes=79c
Kalshi WS trade #2053: KXBTCD-26FEB1310-T67499.99 | yes | count=300.00 | yes=79c
Kalshi WS trade #2054: KXNCAAMBSPREAD-26FEB13UNLVBSU-BSU9 | no | count=200.00 | yes=51c
Kalshi WS trade #2055: KXATPCHALLENGERMATCH-26FEB13TRAMOR-MOR | no | count=1.00 | yes=80c
Kalshi WS trade #2056: KXATPCHALLENGERMATCH-26FEB13TRAMOR-MOR | no | count=1.00 | yes=80c
Kalshi WS trade #2057: KXATPCHALLENGERMATCH-26FEB13TRAMOR-MOR | no | count=98.00 | yes=80c
Kalshi WS trade #2058: KXBTCD-26FEB1310-T67499.99 | yes | count=24.00 | yes=80c
Kalshi WS trade #2059: KXPGATOUR-ATPBP26-RMCI | no | count=33.00 | yes=4c
Kalshi WS trade #2060: KXBTC-26FEB1310-B67625 | yes | count=9.00 | yes=34c
Kalshi WS trade #2061: KXBTCD-26FEB1310-T67499.99 | no | count=50.00 | yes=78c
Kalshi WS trade #2062: KXBTCD-26FEB1310-T67499.99 | no | count=100.00 | yes=78c
Kalshi WS trade #2063: KXBTCD-26FEB1310-T67499.99 | yes | count=6.00 | yes=78c
Kalshi WS trade #2064: KXETHD-26FEB1310-T1989.99 | no | count=50.00 | yes=51c
Poly WS trade #66: asset=82502710596437163348... | BUY | size=5298.37325 | price=0.996
Kalshi WS trade #2065: KXBTCD-26FEB1310-T67999.99 | no | count=200.00 | yes=15c
Kalshi WS trade #2066: KXBTCD-26FEB1310-T67499.99 | yes | count=27.00 | yes=78c
Kalshi WS trade #2067: KXWTACHALLENGERMATCH-26FEB13STEJOR-JOR | no | count=66.00 | yes=43c
Kalshi WS trade #2068: KXWTACHALLENGERMATCH-26FEB13STEJOR-JOR | no | count=38.00 | yes=42c
Poly WS trade #67: asset=43946269812975261940... | SELL | size=6 | price=0.757
Kalshi WS trade #2069: KXATPCHALLENGERMATCH-26FEB13LLAMIK-MIK | no | count=15.00 | yes=22c
Kalshi WS trade #2070: KXINXU-26FEB13H1000-T6804.9999 | yes | count=20.00 | yes=97c
Kalshi WS trade #2071: KXWTACHALLENGERMATCH-26FEB13STEJOR-STE | no | count=2.00 | yes=56c
Kalshi WS trade #2072: KXETH15M-26FEB131000-00 | yes | count=1.00 | yes=91c
Kalshi WS trade #2073: KXATPCHALLENGERMATCH-26FEB13TRAMOR-TRA | yes | count=261.00 | yes=21c
Kalshi WS trade #2074: KXWTAMATCH-26FEB13COCVEK-VEK | yes | count=6.00 | yes=31c
Kalshi WS trade #2075: KXATPCHALLENGERMATCH-26FEB13LLAMIK-MIK | no | count=48.00 | yes=22c
Kalshi WS trade #2076: KXGOVTSHUTDOWN-26FEB14 | no | count=66.00 | yes=87c
Kalshi WS trade #2077: KXBTCD-26FEB1310-T67499.99 | yes | count=22.00 | yes=78c
Kalshi WS trade #2078: KXT20MATCH-26FEB13NEDUSA-NED | yes | count=47.00 | yes=19c
Kalshi WS trade #2079: KXATPMATCH-26FEB13DEVAN-VAN | yes | count=38.00 | yes=63c
Kalshi WS trade #2080: KXATPMATCH-26FEB13DEVAN-DE | no | count=38.00 | yes=40c
Kalshi WS trade #2081: KXEOWEEK-26FEB14 | yes | count=1.00 | yes=95c
Kalshi WS trade #2082: KXBTCD-26FEB1310-T67749.99 | no | count=100.00 | yes=45c
Kalshi WS trade #2083: KXNCAAMBGAME-26FEB13MSUWIS-MSU | yes | count=8.00 | yes=56c
Kalshi WS trade #2084: KXBTCD-26FEB1310-T67999.99 | yes | count=6.00 | yes=14c
Kalshi WS trade #2085: KXATTENDSOTU-AOC | yes | count=15.00 | yes=38c
Kalshi WS trade #2086: KXBTCD-26FEB1317-T66999.99 | yes | count=23.00 | yes=74c
Kalshi WS trade #2087: KXATPCHALLENGERMATCH-26FEB13LLAMIK-LLA | yes | count=3.00 | yes=78c
Kalshi WS trade #2088: KXNCAAMBGAME-26FEB13CORPRIN-COR | yes | count=12.00 | yes=62c
Kalshi WS trade #2089: KXNCAAMBGAME-26FEB13CORPRIN-COR | yes | count=23.00 | yes=62c
Kalshi WS trade #2090: KXSOL15M-26FEB131000-00 | no | count=2.00 | yes=92c
Kalshi WS trade #2091: KXSOL15M-26FEB131000-00 | no | count=14.00 | yes=90c
Kalshi WS trade #2092: KXLLM1-26FEB14-GOOG | yes | count=111.00 | yes=6c
Kalshi WS trade #2093: KXT20MATCH-26FEB13NEDUSA-NED | yes | count=33.00 | yes=18c
Kalshi WS trade #2094: KXT20MATCH-26FEB13NEDUSA-NED | yes | count=14.00 | yes=19c
Kalshi WS trade #2095: KXT20MATCH-26FEB13NEDUSA-NED | yes | count=13.00 | yes=19c
Kalshi WS trade #2096: KXT20MATCH-26FEB13NEDUSA-NED | yes | count=5.00 | yes=19c
Kalshi WS trade #2097: KXBTC-26FEB1310-B67625 | yes | count=32.00 | yes=35c
Kalshi WS trade #2098: KXBTCD-26FEB1310-T67749.99 | no | count=200.00 | yes=45c
Kalshi WS trade #2099: KXBTCD-26FEB1310-T67499.99 | yes | count=30.00 | yes=76c
Kalshi WS trade #2100: KXBTCD-26FEB1310-T67499.99 | yes | count=70.00 | yes=76c
Kalshi WS trade #2101: KXBTCD-26FEB1310-T67499.99 | yes | count=131.00 | yes=76c
Kalshi WS trade #2102: KXBTCD-26FEB1310-T67749.99 | no | count=5.00 | yes=43c
Kalshi WS trade #2103: KXBTC-26FEB1310-B67375 | yes | count=53.00 | yes=20c
Kalshi WS trade #2104: KXETHD-26FEB1310-T1989.99 | no | count=50.00 | yes=45c
Kalshi WS trade #2105: KXETH-26FEB1310-B1980 | yes | count=1.00 | yes=53c
Kalshi WS trade #2106: KXBTCD-26FEB1310-T67499.99 | no | count=90.00 | yes=74c
Kalshi WS trade #2107: KXBTCD-26FEB1310-T67499.99 | no | count=100.00 | yes=74c
Kalshi WS trade #2108: KXWOSKIJUMP-MLH26GOLD-DPRE | yes | count=7.00 | yes=69c
Kalshi WS trade #2109: KXETH-26FEB1310-B2000 | yes | count=50.00 | yes=44c
Kalshi WS trade #2110: KXATPCHALLENGERMATCH-26FEB13LLAMIK-MIK | no | count=3772.00 | yes=22c
Kalshi WS trade #2111: KXBTCD-26FEB1310-T67999.99 | no | count=100.00 | yes=12c
Kalshi WS trade #2112: KXBTCD-26FEB1310-T67499.99 | yes | count=10.00 | yes=74c
Kalshi WS trade #2113: KXBTCD-26FEB1310-T67499.99 | yes | count=40.00 | yes=74c
Kalshi WS trade #2114: KXBTCD-26FEB1310-T67749.99 | no | count=89.00 | yes=42c
Kalshi WS trade #2115: KXINX-26FEB13H1600-B6837 | yes | count=3.00 | yes=17c
Kalshi WS trade #2116: KXWTAMATCH-26FEB13COCVEK-VEK | yes | count=30.00 | yes=31c
Kalshi WS trade #2117: KXBTCD-26FEB1310-T67749.99 | yes | count=1.00 | yes=41c
Kalshi WS trade #2118: KXGOVTSHUTDOWN-26FEB14 | no | count=124.00 | yes=88c
Kalshi WS trade #2119: KXBTCD-26FEB1310-T67999.99 | yes | count=200.00 | yes=13c
Kalshi WS trade #2120: KXBTCD-26FEB1310-T67999.99 | yes | count=100.00 | yes=14c
Kalshi WS trade #2121: KXCABOUT-29JAN-PBON | yes | count=79.00 | yes=24c
Kalshi WS trade #2122: KXBTCD-26FEB1310-T67749.99 | no | count=50.00 | yes=40c
Kalshi WS trade #2123: KXWTACHALLENGERMATCH-26FEB13STEJOR-JOR | yes | count=10.00 | yes=44c
Kalshi WS trade #2124: KXINX-26FEB13H1600-B6887 | no | count=5.00 | yes=11c
Kalshi WS trade #2125: KXBTCD-26FEB1317-T69499.99 | yes | count=3.00 | yes=11c
Kalshi WS trade #2126: KXBUNDESLIGAGAME-26FEB13BVBM05-M05 | yes | count=10.00 | yes=18c
Kalshi WS trade #2127: KXBTCD-26FEB1310-T67499.99 | yes | count=25.00 | yes=74c
Kalshi WS trade #2128: KXBTC-26FEB1310-B67625 | yes | count=5.00 | yes=38c
Kalshi WS trade #2129: KXBTCD-26FEB1317-T64999.99 | yes | count=100.00 | yes=95c
Kalshi WS trade #2130: KXNCAAMBGAME-26FEB13MSUWIS-WIS | yes | count=12.00 | yes=47c
Kalshi WS trade #2131: KXBTCD-26FEB1317-T64999.99 | no | count=4.00 | yes=95c
Kalshi WS trade #2132: KXBTCD-26FEB1317-T65499.99 | no | count=2.00 | yes=92c
Kalshi WS trade #2133: KXINXU-26FEB13H1000-T6829.9999 | yes | count=10.00 | yes=40c
Kalshi WS trade #2134: KXATPMATCH-26FEB13DEVAN-VAN | yes | count=1.00 | yes=63c
Kalshi WS trade #2135: KXATPMATCH-26FEB13DEVAN-DE | no | count=1.00 | yes=40c
Kalshi WS trade #2136: KXLALIGAGAME-26FEB13ELCOSA-OSA | yes | count=10.00 | yes=38c
Kalshi WS trade #2137: KXWTAMATCH-26FEB13COCVEK-VEK | yes | count=30.00 | yes=31c
Kalshi WS trade #2138: KXINXU-26FEB13H1000-T6819.9999 | no | count=3.00 | yes=71c
Poly WS trade #68: asset=85285091029101061598... | SELL | size=165 | price=0.997
Kalshi WS trade #2139: KXINXU-26FEB13H1000-T6819.9999 | no | count=10.00 | yes=70c
Kalshi WS trade #2140: KXBTCD-26FEB1310-T67499.99 | yes | count=200.00 | yes=73c
Kalshi WS trade #2141: KXBTCD-26FEB1310-T67499.99 | yes | count=50.00 | yes=73c
Kalshi WS trade #2142: KXMVESPORTSMULTIGAMEEXTENDED-S2026D75176574A7-6F63A4D579F | yes | count=40.00 | yes=6c
Kalshi WS trade #2143: KXBTCD-26FEB1310-T67999.99 | no | count=100.00 | yes=11c
Kalshi WS trade #2144: KXMVESPORTSMULTIGAMEEXTENDED-S2026C941B613567-CCB39170846 | yes | count=119.00 | yes=4c
Kalshi WS trade #2145: KXMVESPORTSMULTIGAMEEXTENDED-S20264FBD6A07ECF-E8A3548D294 | yes | count=549.00 | yes=1c
Kalshi WS trade #2146: KXATPMATCH-26FEB13DEVAN-DE | yes | count=50.00 | yes=42c
Kalshi WS trade #2147: KXATPMATCH-26FEB13DEVAN-DE | yes | count=49.00 | yes=42c
Kalshi WS trade #2148: KXATPMATCH-26FEB13DEVAN-DE | yes | count=3.00 | yes=42c
Kalshi WS trade #2149: KXBTCD-26FEB1310-T67499.99 | yes | count=32.00 | yes=73c
Kalshi WS trade #2150: KXNCAAMLAXGAME-26FEB13MARSYR-SYR | yes | count=10.00 | yes=47c
Kalshi WS trade #2151: KXNCAAMLAXGAME-26FEB13MARSYR-SYR | yes | count=5.00 | yes=47c
Kalshi WS trade #2152: KXNCAAMLAXGAME-26FEB13MARSYR-SYR | yes | count=22.00 | yes=47c
Kalshi WS trade #2153: KXNCAAMLAXGAME-26FEB13MARSYR-SYR | yes | count=6.00 | yes=47c
Kalshi WS trade #2154: KXBTCD-26FEB1310-T68249.99 | yes | count=93.00 | yes=4c
Kalshi WS trade #2155: KXATPMATCH-26FEB13DEVAN-DE | no | count=235.00 | yes=40c
Kalshi WS trade #2156: KXNBA3PTCONTEST-26-DMIT | yes | count=117.00 | yes=12c
Kalshi WS trade #2157: KXBTCD-26FEB1310-T67499.99 | no | count=32.00 | yes=72c
Kalshi WS trade #2158: KXNCAAWBGAME-26FEB13HARVYALE-YALE | yes | count=13.00 | yes=8c
Kalshi WS trade #2159: KXNCAAWBGAME-26FEB13HARVYALE-HARV | no | count=13.00 | yes=93c
Kalshi WS trade #2160: KXHIGHNY-26FEB13-B39.5 | yes | count=3.00 | yes=37c
Kalshi WS trade #2161: KXHIGHNY-26FEB13-B39.5 | yes | count=2.00 | yes=37c
Kalshi WS trade #2162: KXETH15M-26FEB131000-00 | no | count=4.00 | yes=88c
Kalshi WS trade #2163: KXETH15M-26FEB131000-00 | no | count=3.00 | yes=86c
Kalshi WS trade #2164: KXWTAMATCH-26FEB13COCVEK-VEK | yes | count=61.00 | yes=31c
Kalshi WS trade #2165: KXBTC-26FEB1310-B67875 | yes | count=4.00 | yes=27c
Kalshi WS trade #2166: KXWTAMATCH-26FEB13COCVEK-VEK | yes | count=769.00 | yes=31c
Kalshi WS trade #2167: KXWTAMATCH-26FEB13COCVEK-COC | no | count=12.00 | yes=71c
Kalshi WS trade #2168: KXNASDAQ100U-26FEB13H1000-T24599.99 | yes | count=1.00 | yes=89c
Kalshi WS trade #2169: KXINXU-26FEB13H1000-T6839.9999 | no | count=20.00 | yes=12c
Kalshi WS trade #2170: KXBTCD-26FEB1310-T67749.99 | no | count=10.00 | yes=38c
Kalshi WS trade #2171: KXETHD-26FEB1310-T1989.99 | yes | count=50.00 | yes=47c
Kalshi WS trade #2172: KXETHD-26FEB1310-T1989.99 | yes | count=750.00 | yes=47c
Poly WS trade #69: asset=76489251550443972870... | SELL | size=3.03 | price=0.236
Kalshi WS trade #2173: KXATPMATCH-26FEB13DEVAN-VAN | yes | count=1.00 | yes=62c
Kalshi WS trade #2174: KXBTCD-26FEB1317-T65499.99 | yes | count=100.00 | yes=91c
Kalshi WS trade #2175: KXOSCARSUPACTR-26-TEY | yes | count=4.00 | yes=70c
Kalshi WS trade #2176: KXATPCHALLENGERMATCH-26FEB13TABECH-TAB | no | count=1.00 | yes=62c
Kalshi WS trade #2177: KXATPCHALLENGERMATCH-26FEB13TABECH-TAB | no | count=1.00 | yes=61c
Kalshi WS trade #2178: KXBTCD-26FEB1310-T67999.99 | no | count=2.00 | yes=11c
Kalshi WS trade #2179: KXBTCD-26FEB1310-T67499.99 | yes | count=25.00 | yes=74c
Kalshi WS trade #2180: KXBTCD-26FEB1310-T67499.99 | yes | count=438.00 | yes=74c
Kalshi WS trade #2181: KXSERIEARELEGATION-26-TOR | no | count=1.00 | yes=7c
Kalshi WS trade #2182: KXSERIEARELEGATION-26-TOR | no | count=5.00 | yes=7c
Kalshi WS trade #2183: KXBTCD-26FEB1310-T67749.99 | yes | count=50.00 | yes=39c
Kalshi WS trade #2184: KXWTAMATCH-26FEB13COCVEK-COC | yes | count=2.00 | yes=72c
Kalshi WS trade #2185: KXWTAMATCH-26FEB13COCVEK-COC | yes | count=5.00 | yes=72c
Kalshi WS trade #2186: KXWTAMATCH-26FEB13COCVEK-COC | yes | count=1002.00 | yes=72c
Kalshi WS trade #2187: KXWTAMATCH-26FEB13COCVEK-COC | yes | count=353.00 | yes=72c
Kalshi WS trade #2188: KXTAYLORSWIFTWEDDINGATTEND-28DEC31-MAX | no | count=1.00 | yes=60c
Kalshi WS trade #2189: KXETH-26FEB1310-B2000 | yes | count=50.00 | yes=48c
Kalshi WS trade #2190: KXHIGHMIA-26FEB13-B77.5 | yes | count=6.00 | yes=8c
Kalshi WS trade #2191: KXHIGHMIA-26FEB13-B77.5 | yes | count=29.00 | yes=8c
Kalshi WS trade #2192: KXINXU-26FEB13H1000-T6839.9999 | yes | count=180.00 | yes=12c
Kalshi WS trade #2193: KXINXU-26FEB13H1000-T6839.9999 | yes | count=1.00 | yes=12c
Kalshi WS trade #2194: KXBTCD-26FEB1310-T67749.99 | yes | count=10.00 | yes=43c
Kalshi WS trade #2195: KXBTC-26FEB1310-B67875 | yes | count=3.00 | yes=29c
Kalshi WS trade #2196: KXATPCHALLENGERMATCH-26FEB13TRAMOR-MOR | no | count=47.00 | yes=79c
Kalshi WS trade #2197: KXWOHOCKEY-WOMEN26CGOLD-DEU | yes | count=33.00 | yes=1c
Kalshi WS trade #2198: KXTRUMPMENTION-26FEB28-SLEE | no | count=15.00 | yes=45c
Kalshi WS trade #2199: KXTRUMPMENTION-26FEB28-SLEE | no | count=26.00 | yes=45c
Kalshi WS trade #2200: KXTRUMPMENTION-26FEB28-SLEE | no | count=4.00 | yes=45c
Kalshi WS trade #2201: KXTRUMPMENTION-26FEB28-SLEE | no | count=4.00 | yes=45c
Kalshi WS trade #2202: KXTRUMPMENTION-26FEB28-SLEE | no | count=2.00 | yes=44c
Kalshi WS trade #2203: KXTRUMPMENTION-26FEB28-SLEE | no | count=10.00 | yes=44c
Kalshi WS trade #2204: KXTRUMPMENTION-26FEB28-SLEE | no | count=2.00 | yes=44c
Kalshi WS trade #2205: KXTRUMPMENTION-26FEB28-SLEE | no | count=35.00 | yes=44c
Kalshi WS trade #2206: KXTRUMPMENTION-26FEB28-SLEE | no | count=3.00 | yes=44c
Kalshi WS trade #2207: KXETH15M-26FEB131000-00 | no | count=75.00 | yes=88c
Kalshi WS trade #2208: KXETH15M-26FEB131000-00 | no | count=34.00 | yes=87c
Kalshi WS trade #2209: KXATPMATCH-26FEB13DEVAN-DE | yes | count=34.00 | yes=42c
Kalshi WS trade #2210: KXBTCD-26FEB1310-T67249.99 | yes | count=26.00 | yes=94c
Kalshi WS trade #2211: KXNASCARRACE-DAY26-DEHA | yes | count=781.00 | yes=6c
Kalshi WS trade #2212: KXGOVTSHUTDOWN-26FEB14 | yes | count=100.00 | yes=89c
Kalshi WS trade #2213: KXWTAMATCH-26FEB13COCVEK-COC | yes | count=2.00 | yes=72c
Kalshi WS trade #2214: KXWOCURL-WOMEN26CGOLD-CHE | yes | count=100.00 | yes=35c
Kalshi WS trade #2215: KXNCAAMBSPREAD-26FEB13YALEDART-YALE3 | yes | count=1.00 | yes=77c
Kalshi WS trade #2216: KXWTAMATCH-26FEB13COCVEK-VEK | no | count=683.00 | yes=29c
Kalshi WS trade #2217: KXHIGHTPHX-26FEB13-B68.5 | no | count=51.00 | yes=3c
Kalshi WS trade #2218: KXHIGHTPHX-26FEB13-B68.5 | no | count=7.00 | yes=3c
Kalshi WS trade #2219: KXHIGHTPHX-26FEB13-B68.5 | no | count=164.00 | yes=3c
Kalshi WS trade #2220: KXT20MATCH-26FEB13NEDUSA-NED | yes | count=23.00 | yes=18c
Kalshi WS trade #2221: KXT20MATCH-26FEB13NEDUSA-NED | yes | count=70.00 | yes=18c
Kalshi WS trade #2222: KXATPMATCH-26FEB13DEVAN-VAN | no | count=31.00 | yes=58c
Kalshi WS trade #2223: KXATPMATCH-26FEB13DEVAN-VAN | no | count=69.00 | yes=58c
Kalshi WS trade #2224: KXMVESPORTSMULTIGAMEEXTENDED-S20265F5EF9A7AA4-B24AA8BD1A0 | yes | count=143.00 | yes=54c
Kalshi WS trade #2225: KXATPCHALLENGERMATCH-26FEB13LLAMIK-MIK | no | count=69.00 | yes=21c
Kalshi WS trade #2226: KXETHD-26FEB1310-T1989.99 | yes | count=50.00 | yes=48c
Kalshi WS trade #2227: KXETH-26FEB1310-B2000 | yes | count=50.00 | yes=47c
Kalshi WS trade #2228: KXWTACHALLENGERMATCH-26FEB13STEJOR-JOR | yes | count=21.00 | yes=44c
Kalshi WS trade #2229: KXNCAAMBGAME-26FEB13BRWNHARV-HARV | yes | count=37.00 | yes=79c
Kalshi WS trade #2230: KXTRUMPMENTION-26FEB14-MIDN | yes | count=9.00 | yes=50c
Kalshi WS trade #2231: KXBTC-26FEB1310-B67375 | no | count=39.00 | yes=18c
Kalshi WS trade #2232: KXVALORANTGAME-26FEB13VITFNC-FNC | no | count=38.00 | yes=99c
Kalshi WS trade #2233: KXSENATETXR-26-KP | no | count=3.00 | yes=70c
Kalshi WS trade #2234: KXBTCD-26FEB1310-T67749.99 | no | count=39.00 | yes=39c
Kalshi WS trade #2235: KXBTCD-26FEB1310-T67499.99 | yes | count=63.00 | yes=76c
Kalshi WS trade #2236: KXXRP15M-26FEB131000-00 | yes | count=10.00 | yes=85c
Kalshi WS trade #2237: KXBTCD-26FEB1310-T67249.99 | yes | count=50.00 | yes=94c
Kalshi WS trade #2238: KXLARGECUT-26 | yes | count=18.00 | yes=30c
Kalshi WS trade #2239: KXLARGECUT-26 | yes | count=7.00 | yes=30c
Kalshi WS trade #2240: KXLARGECUT-26 | yes | count=43.00 | yes=30c
Kalshi WS trade #2241: KXLARGECUT-26 | yes | count=236.00 | yes=31c
Kalshi WS trade #2242: KXLARGECUT-26 | yes | count=5.00 | yes=31c
Kalshi WS trade #2243: KXT20MATCH-26FEB13NEDUSA-NED | yes | count=45.00 | yes=18c
Kalshi WS trade #2244: KXWTACHALLENGERMATCH-26FEB13STEJOR-JOR | yes | count=50.00 | yes=44c
Kalshi WS trade #2245: KXNCAAMBGAME-26FEB13MSUWIS-WIS | yes | count=719.00 | yes=47c
Kalshi WS trade #2246: KXINX-26FEB13H1600-B6887 | yes | count=323.00 | yes=15c
Kalshi WS trade #2247: KXBTCD-26FEB1317-T67499.99 | yes | count=163.00 | yes=58c
Kalshi WS trade #2248: KXNCAAMBGAME-26FEB13GMUGW-GMU | yes | count=31.00 | yes=46c
Kalshi WS trade #2249: KXLIGUE1GAME-26FEB13RENPSG-PSG | yes | count=22525.00 | yes=70c
Kalshi WS trade #2250: KXLIGUE1GAME-26FEB13RENPSG-PSG | yes | count=2380.00 | yes=70c
Kalshi WS trade #2251: KXINXU-26FEB13H1600-T6849.9999 | yes | count=50.00 | yes=44c
Kalshi WS trade #2252: KXATPMATCH-26FEB13DEVAN-VAN | yes | count=10.00 | yes=61c
Kalshi WS trade #2253: KXBTCD-26FEB1310-T67749.99 | no | count=15.00 | yes=39c
Kalshi WS trade #2254: KXBTCD-26FEB1317-T66499.99 | yes | count=10.00 | yes=85c
Kalshi WS trade #2255: KXATPMATCH-26FEB13DEVAN-DE | yes | count=5.00 | yes=42c
Kalshi WS trade #2256: KXBTCD-26FEB1310-T67249.99 | yes | count=100.00 | yes=94c
Kalshi WS trade #2257: KXETHD-26FEB1310-T1989.99 | no | count=35.00 | yes=46c
Kalshi WS trade #2258: KXATPCHALLENGERMATCH-26FEB13LLAMIK-MIK | yes | count=215.00 | yes=22c
Kalshi WS trade #2259: KXNCAAMBSPREAD-26FEB13GMUGW-GW2 | no | count=30.00 | yes=47c
Kalshi WS trade #2260: KXNCAAWBGAME-26FEB14CONNMARQ-MARQ | yes | count=46.00 | yes=1c
Kalshi WS trade #2261: KXATPMATCH-26FEB13DEVAN-DE | yes | count=11.00 | yes=42c
Kalshi WS trade #2262: KXGOVTSHUTDOWN-26FEB14 | no | count=7.00 | yes=88c
Kalshi WS trade #2263: KXBTCD-26FEB1310-T67749.99 | yes | count=24.00 | yes=42c
Kalshi WS trade #2264: KXETHD-26FEB1310-T1949.99 | yes | count=50.00 | yes=99c
Kalshi WS trade #2265: KXWTAMATCH-26FEB13COCVEK-COC | yes | count=27.00 | yes=72c
Kalshi WS trade #2266: KXWTAMATCH-26FEB13COCVEK-VEK | no | count=177.00 | yes=29c
Kalshi WS trade #2267: KXSAUDIPLGAME-26FEB13SHAAAS-AAS | yes | count=64.00 | yes=95c
Kalshi WS trade #2268: KXSAUDIPLGAME-26FEB13SHAAAS-AAS | yes | count=40.00 | yes=96c
Kalshi WS trade #2269: KXETHD-26FEB1310-T1989.99 | yes | count=50.00 | yes=48c
Kalshi WS trade #2270: KXBTCD-26FEB1310-T67749.99 | no | count=100.00 | yes=42c
Kalshi WS trade #2271: KXBTCD-26FEB1310-T67749.99 | no | count=19.00 | yes=42c
Kalshi WS trade #2272: KXSAUDIPLTOTAL-26FEB13HILITT-2 | yes | count=2.00 | yes=73c
Kalshi WS trade #2273: KXETHD-26FEB1310-T1989.99 | yes | count=4.00 | yes=50c
Kalshi WS trade #2274: KXBTC-26FEB1310-B67625 | no | count=50.00 | yes=36c
Kalshi WS trade #2275: KXBTC-26FEB1310-B67875 | yes | count=50.00 | yes=29c
Kalshi WS trade #2276: KXBTC-26FEB1310-B67875 | yes | count=50.00 | yes=29c
Poly WS trade #70: asset=85285091029101061598... | SELL | size=167 | price=0.997
Kalshi WS trade #2277: KXATPMATCH-26FEB13DEVAN-VAN | yes | count=21.00 | yes=61c
Kalshi WS trade #2278: KXATPMATCH-26FEB13DEVAN-VAN | yes | count=51.00 | yes=61c
Kalshi WS trade #2279: KXBTCD-26FEB1310-T67749.99 | no | count=17.00 | yes=43c
Kalshi WS trade #2280: KXLALIGAGAME-26FEB13ELCOSA-TIE | yes | count=1.00 | yes=31c
Kalshi WS trade #2281: KXLALIGAGAME-26FEB13ELCOSA-TIE | yes | count=7.00 | yes=31c
Kalshi WS trade #2282: KXATPMATCH-26FEB13DEVAN-DE | yes | count=100.00 | yes=41c
Kalshi WS trade #2283: KXGOVTSHUTDOWN-26FEB14 | no | count=1.00 | yes=88c
Kalshi WS trade #2284: KXATPMATCH-26FEB13DEVAN-DE | no | count=150.00 | yes=41c
Kalshi WS trade #2285: KXMVESPORTSMULTIGAMEEXTENDED-S20267ED4D0E2982-28AAEB36CB5 | yes | count=12.00 | yes=39c
Kalshi WS trade #2286: KXWTAMATCH-26FEB13COCVEK-COC | no | count=1.00 | yes=71c
Kalshi WS trade #2287: KXWTAMATCH-26FEB13COCVEK-COC | no | count=193.00 | yes=70c
Kalshi WS trade #2288: KXWTAMATCH-26FEB13COCVEK-COC | no | count=294.00 | yes=70c
Kalshi WS trade #2289: KXWTAMATCH-26FEB13COCVEK-COC | no | count=630.00 | yes=69c
Kalshi WS trade #2290: KXBTCD-26FEB1310-T68499.99 | no | count=387.00 | yes=2c
Kalshi WS trade #2291: KXBTCD-26FEB1310-T67749.99 | no | count=50.00 | yes=41c
Kalshi WS trade #2292: KXBTCD-26FEB1310-T67749.99 | no | count=10.00 | yes=41c
Kalshi WS trade #2293: KXSAUDIPLGAME-26FEB13SHAAAS-TIE | yes | count=18.00 | yes=5c
Kalshi WS trade #2294: KXBTC15M-26FEB131000-00 | no | count=71.00 | yes=95c
Kalshi WS trade #2295: KXBTCD-26FEB1317-T67999.99 | yes | count=83.00 | yes=40c
Kalshi WS trade #2296: KXBTCD-26FEB1317-T67999.99 | yes | count=17.00 | yes=41c
Kalshi WS trade #2297: KXATPCHALLENGERMATCH-26FEB13LLAMIK-LLA | no | count=1.00 | yes=79c
Kalshi WS trade #2298: KXATPCHALLENGERMATCH-26FEB13LLAMIK-LLA | no | count=894.00 | yes=79c
Kalshi WS trade #2299: KXATPMATCH-26FEB13MUNBUB-MUN | yes | count=54.00 | yes=35c
Kalshi WS trade #2300: KXETH15M-26FEB131000-00 | yes | count=5.00 | yes=90c
Kalshi WS trade #2301: KXAAAGASW-26FEB16-2.960 | yes | count=31.00 | yes=3c
Kalshi WS trade #2302: KXNCAAMBGAME-26FEB13BRWNHARV-HARV | yes | count=56.00 | yes=79c
Kalshi WS trade #2303: KXNCAAMBGAME-26FEB13BRWNHARV-HARV | yes | count=59.00 | yes=79c
Kalshi WS trade #2304: KXATPCHALLENGERMATCH-26FEB13LLAMIK-MIK | no | count=14.00 | yes=21c
Kalshi WS trade #2305: KXTRUMPACT-26FEB07-26FEB13 | yes | count=6.00 | yes=47c
Kalshi WS trade #2306: KXTRUMPACT-26FEB07-26FEB13 | yes | count=200.00 | yes=48c
Kalshi WS trade #2307: KXMVESPORTSMULTIGAMEEXTENDED-S2026E8D301764FF-A1F6C6A39EE | yes | count=232.00 | yes=10c
Kalshi WS trade #2308: KXT20MATCH-26FEB13NEDUSA-NED | yes | count=52.00 | yes=18c
Kalshi WS trade #2309: KXBTC-26FEB1310-B67375 | no | count=38.00 | yes=18c
Kalshi WS trade #2310: KXATPCHALLENGERMATCH-26FEB13LLAMIK-MIK | no | count=17.00 | yes=21c
Kalshi WS trade #2311: KXATPCHALLENGERMATCH-26FEB13LLAMIK-MIK | no | count=13.00 | yes=20c
Kalshi WS trade #2312: KXWTAMATCH-26FEB13COCVEK-COC | yes | count=200.00 | yes=71c
Kalshi WS trade #2313: KXBTCD-26FEB1310-T67499.99 | yes | count=432.00 | yes=76c
Kalshi WS trade #2314: KXATPCHALLENGERMATCH-26FEB13TRAMOR-TRA | yes | count=225.00 | yes=21c
Kalshi WS trade #2315: KXT20MATCH-26FEB13NEDUSA-USA | no | count=57.00 | yes=82c
Kalshi WS trade #2316: KXBTC15M-26FEB131000-00 | yes | count=1.00 | yes=96c
Kalshi WS trade #2317: KXBTCD-26FEB1310-T68499.99 | no | count=25.00 | yes=1c
Kalshi WS trade #2318: KXATPCHALLENGERMATCH-26FEB13TRAMOR-MOR | no | count=31.00 | yes=76c
Kalshi WS trade #2319: KXATPCHALLENGERMATCH-26FEB13TRAMOR-MOR | no | count=320.00 | yes=76c
Kalshi WS trade #2320: KXATPCHALLENGERMATCH-26FEB13TRAMOR-MOR | no | count=86.00 | yes=76c
Kalshi WS trade #2321: KXATPCHALLENGERMATCH-26FEB13TRAMOR-TRA | yes | count=275.00 | yes=21c
Kalshi WS trade #2322: KXATPCHALLENGERMATCH-26FEB13TRAMOR-TRA | yes | count=45.00 | yes=21c
Kalshi WS trade #2323: KXINXU-26FEB13H1000-T6819.9999 | no | count=3.00 | yes=71c
Kalshi WS trade #2324: KXINXU-26FEB13H1000-T6819.9999 | no | count=12.00 | yes=70c
Kalshi WS trade #2325: KXWTACHALLENGERMATCH-26FEB13STEJOR-STE | no | count=43.00 | yes=56c
Kalshi WS trade #2326: KXBTCD-26FEB1310-T67749.99 | yes | count=50.00 | yes=44c
Kalshi WS trade #2327: KXBTCD-26FEB1310-T67249.99 | yes | count=15.00 | yes=95c
Kalshi WS trade #2328: KXBTCD-26FEB1310-T67999.99 | no | count=90.00 | yes=13c
Kalshi WS trade #2329: KXBTCD-26FEB1310-T67999.99 | no | count=200.00 | yes=13c
Kalshi WS trade #2330: KXBTCD-26FEB1310-T67999.99 | no | count=1.00 | yes=12c
Kalshi WS trade #2331: KXBTCD-26FEB1310-T67999.99 | no | count=90.00 | yes=12c
Kalshi WS trade #2332: KXBTCD-26FEB1310-T67999.99 | no | count=431.00 | yes=12c
Kalshi WS trade #2333: KXBTCD-26FEB1310-T67999.99 | no | count=100.00 | yes=12c
Kalshi WS trade #2334: KXBTCD-26FEB1310-T67999.99 | no | count=88.00 | yes=12c
Kalshi WS trade #2335: KXATPCHALLENGERMATCH-26FEB13LLAMIK-MIK | no | count=65.00 | yes=20c
Kalshi WS trade #2336: KXATPCHALLENGERMATCH-26FEB13LLAMIK-MIK | no | count=22.00 | yes=20c
Kalshi WS trade #2337: KXATPCHALLENGERMATCH-26FEB13LLAMIK-MIK | no | count=267.00 | yes=20c
Kalshi WS trade #2338: KXETHD-26FEB1310-T1989.99 | yes | count=50.00 | yes=52c
Kalshi WS trade #2339: KXBTCD-26FEB1310-T67999.99 | yes | count=100.00 | yes=14c
Kalshi WS trade #2340: KXBTCD-26FEB1310-T67999.99 | no | count=44.00 | yes=14c
Kalshi WS trade #2341: KXWTAMATCH-26FEB13COCVEK-COC | yes | count=681.00 | yes=71c
Kalshi WS trade #2342: KXBTC-26FEB1310-B67625 | no | count=50.00 | yes=35c
Kalshi WS trade #2343: KXBTCD-26FEB1310-T67749.99 | no | count=1.00 | yes=45c
Kalshi WS trade #2344: KXBTCD-26FEB1310-T67249.99 | no | count=134.00 | yes=95c
Kalshi WS trade #2345: KXBTCD-26FEB1310-T67749.99 | no | count=7.00 | yes=45c
Kalshi WS trade #2346: KXATPCHALLENGERMATCH-26FEB13LLAMIK-LLA | no | count=97.00 | yes=79c
Kalshi WS trade #2347: KXBTCD-26FEB1310-T67999.99 | no | count=1.00 | yes=13c
Kalshi WS trade #2348: KXBTCD-26FEB1310-T67749.99 | no | count=3.00 | yes=45c
Kalshi WS trade #2349: KXATPMATCH-26FEB13DEVAN-DE | no | count=2146.00 | yes=40c
Kalshi WS trade #2350: KXWTAMATCH-26FEB13COCVEK-COC | yes | count=27.00 | yes=71c
Kalshi WS trade #2351: KXATPMATCH-26FEB13DEVAN-VAN | yes | count=6.00 | yes=62c
Kalshi WS trade #2352: KXMVESPORTSMULTIGAMEEXTENDED-S20261E1A15434DF-98F389301ED | yes | count=21.00 | yes=14c
Kalshi WS trade #2353: KXWOHOCKEY-WOMEN26CGOLD-ITA | yes | count=33.00 | yes=1c
Kalshi WS trade #2354: KXMVESPORTSMULTIGAMEEXTENDED-S2026FD20B802FFD-762B434FBF7 | yes | count=251.00 | yes=18c
Kalshi WS trade #2355: KXATPCHALLENGERMATCH-26FEB13TRAMOR-TRA | yes | count=5.00 | yes=21c
Kalshi WS trade #2356: KXBTC15M-26FEB131000-00 | no | count=1.00 | yes=96c
Kalshi WS trade #2357: KXWOSBOARD-WSX26MEDAL-CBAN | yes | count=80.00 | yes=3c
Kalshi WS trade #2358: KXATPMATCH-26FEB13DEVAN-DE | yes | count=56.00 | yes=42c
Kalshi WS trade #2359: KXETH15M-26FEB131000-00 | no | count=21.00 | yes=90c
Kalshi WS trade #2360: KXBTC15M-26FEB131000-00 | no | count=1.00 | yes=96c
Kalshi WS trade #2361: KXWTACHALLENGERMATCH-26FEB13STEJOR-JOR | yes | count=5.00 | yes=45c
Kalshi WS trade #2362: KXBERNIEMENTION-26FEB14-ICE | yes | count=23.00 | yes=76c
Kalshi WS trade #2363: KXBERNIEMENTION-26FEB14-ICE | yes | count=9.00 | yes=78c
Kalshi WS trade #2364: KXETHD-26FEB1310-T1989.99 | yes | count=50.00 | yes=52c
Kalshi WS trade #2365: KXETH-26FEB1310-B2000 | no | count=50.00 | yes=50c
Kalshi WS trade #2366: KXBTCD-26FEB1317-T68999.99 | yes | count=3.00 | yes=17c
Kalshi WS trade #2367: KXBTCD-26FEB1310-T67749.99 | yes | count=10.00 | yes=47c
Kalshi WS trade #2368: KXBTCD-26FEB1310-T67749.99 | yes | count=32.00 | yes=47c
Kalshi WS trade #2369: KXBTC15M-26FEB131000-00 | yes | count=3.00 | yes=97c
Kalshi WS trade #2370: KXATPCHALLENGERMATCH-26FEB13TABECH-TAB | yes | count=7.00 | yes=64c
Kalshi WS trade #2371: KXMVESPORTSMULTIGAMEEXTENDED-S20266F2CB8D7097-3578C528F43 | yes | count=2.00 | yes=15c
Kalshi WS trade #2372: KXATPMATCH-26FEB13DEVAN-VAN | no | count=22.00 | yes=59c
Kalshi WS trade #2373: KXBTCD-26FEB1310-T67999.99 | no | count=56.00 | yes=15c
Kalshi WS trade #2374: KXATPMATCH-26FEB13DEVAN-DE | yes | count=444.00 | yes=42c
Kalshi WS trade #2375: KXATPMATCH-26FEB13DEVAN-DE | yes | count=15.00 | yes=42c
Kalshi WS trade #2376: KXATPMATCH-26FEB13DEVAN-DE | yes | count=20.00 | yes=42c
Kalshi WS trade #2377: KXATPMATCH-26FEB13DEVAN-DE | yes | count=20.00 | yes=42c
Kalshi WS trade #2378: KXATPMATCH-26FEB13DEVAN-DE | yes | count=18.00 | yes=43c
Kalshi WS trade #2379: KXATPMATCH-26FEB13DEVAN-DE | yes | count=218.00 | yes=45c
Kalshi WS trade #2380: KXATPMATCH-26FEB13DEVAN-VAN | no | count=18.00 | yes=58c
Kalshi WS trade #2381: KXATPMATCH-26FEB13DEVAN-VAN | no | count=100.00 | yes=58c
Kalshi WS trade #2382: KXATPMATCH-26FEB13DEVAN-VAN | no | count=100.00 | yes=58c
Kalshi WS trade #2383: KXATPMATCH-26FEB13DEVAN-VAN | no | count=409.00 | yes=56c
Kalshi WS trade #2384: KXATPMATCH-26FEB13DEVAN-VAN | no | count=15.00 | yes=56c
Kalshi WS trade #2385: KXATPMATCH-26FEB13DEVAN-VAN | no | count=499.00 | yes=55c
Kalshi WS trade #2386: KXATPMATCH-26FEB13DEVAN-DE | no | count=200.00 | yes=45c
Kalshi WS trade #2387: KXGOVTSHUTDOWN-26FEB14 | yes | count=166.00 | yes=89c
Kalshi WS trade #2388: KXBTCD-26FEB1317-T58499.99 | yes | count=4.00 | yes=99c
Kalshi WS trade #2389: KXBTCD-26FEB1317-T58499.99 | yes | count=1.00 | yes=99c
Kalshi WS trade #2390: KXBTCD-26FEB1317-T58499.99 | yes | count=5.00 | yes=99c
Kalshi WS trade #2391: KXNBARISINGSTARS-26-MELO | yes | count=80.00 | yes=38c
Kalshi WS trade #2392: KXBTCD-26FEB1310-T67999.99 | yes | count=50.00 | yes=16c
Kalshi WS trade #2393: KXBTCD-26FEB1310-T67499.99 | yes | count=50.00 | yes=82c
Kalshi WS trade #2394: KXWOMHOCKEYTOTAL-26FEB13FRACZE-6 | yes | count=42.00 | yes=45c
Kalshi WS trade #2395: KXATPCHALLENGERMATCH-26FEB13LLAMIK-LLA | no | count=102.00 | yes=79c
Kalshi WS trade #2396: KXNCAAMLAXGAME-26FEB13MARSYR-MAR | yes | count=8.00 | yes=55c
Kalshi WS trade #2397: KXATPCHALLENGERMATCH-26FEB13LLAMIK-LLA | no | count=49.00 | yes=79c
Kalshi WS trade #2398: KXBTC-26FEB1310-B67625 | yes | count=26.00 | yes=35c
Kalshi WS trade #2399: KXXRP15M-26FEB131000-00 | yes | count=1.00 | yes=90c
Kalshi WS trade #2400: KXATPMATCH-26FEB13DEVAN-VAN | yes | count=36.00 | yes=55c
Kalshi WS trade #2401: KXGOVTSHUTDOWN-26FEB14 | no | count=77.00 | yes=88c
Kalshi WS trade #2402: KXATPMATCH-26FEB13DEVAN-DE | no | count=86.00 | yes=45c
Kalshi WS trade #2403: KXSUPERLIGGAME-26FEB13GALEYU-GAL | yes | count=10.00 | yes=87c
Kalshi WS trade #2404: KXETH-26FEB1310-B2000 | no | count=5.00 | yes=54c
Kalshi WS trade #2405: KXNCAAMBGAME-26FEB13MSUWIS-MSU | yes | count=15.00 | yes=56c
Kalshi WS trade #2406: KXMVESPORTSMULTIGAMEEXTENDED-S2026DCC4B4AB6D5-623BECFB6BA | yes | count=30.00 | yes=31c
Kalshi WS trade #2407: KXLIVTOUR-LIGA26-JRAH | yes | count=34.00 | yes=56c
Kalshi WS trade #2408: KXATPCHALLENGERMATCH-26FEB13TRAMOR-MOR | yes | count=31.00 | yes=81c
Kalshi WS trade #2409: KXATPCHALLENGERMATCH-26FEB13TRAMOR-MOR | yes | count=19.00 | yes=81c
Kalshi WS trade #2410: KXBTC15M-26FEB131000-00 | yes | count=227.00 | yes=98c
Kalshi WS trade #2411: KXSOL15M-26FEB131000-00 | no | count=2.00 | yes=92c
Kalshi WS trade #2412: KXSOL15M-26FEB131000-00 | no | count=9.00 | yes=92c
Kalshi WS trade #2413: KXBTCD-26FEB1310-T67749.99 | no | count=50.00 | yes=49c
Kalshi WS trade #2414: KXBTCD-26FEB1310-T67749.99 | no | count=50.00 | yes=49c
Kalshi WS trade #2415: KXATPCHALLENGERMATCH-26FEB13TRAMOR-MOR | yes | count=6.00 | yes=81c
Kalshi WS trade #2416: KXATPCHALLENGERMATCH-26FEB13TRAMOR-MOR | no | count=100.00 | yes=81c
Kalshi WS trade #2417: KXBTC-26FEB1310-B67875 | no | count=19.00 | yes=33c
Kalshi WS trade #2418: KXLALIGAGAME-26FEB13ELCOSA-OSA | yes | count=1.00 | yes=38c
Kalshi WS trade #2419: KXLALIGAGAME-26FEB13ELCOSA-OSA | yes | count=1.00 | yes=38c
Kalshi WS trade #2420: KXBTCD-26FEB1310-T67749.99 | no | count=5.00 | yes=50c
Kalshi WS trade #2421: KXT20MATCH-26FEB13NEDUSA-NED | yes | count=133.00 | yes=18c
Kalshi WS trade #2422: KXT20MATCH-26FEB13NEDUSA-NED | yes | count=300.00 | yes=18c
Kalshi WS trade #2423: KXT20MATCH-26FEB13NEDUSA-NED | yes | count=15.00 | yes=18c
Kalshi WS trade #2424: KXBTCD-26FEB1317-T67999.99 | yes | count=43.00 | yes=43c
Kalshi WS trade #2425: KXBTCD-26FEB1310-T67749.99 | no | count=38.00 | yes=50c
Kalshi WS trade #2426: KXMVESPORTSMULTIGAMEEXTENDED-S2026F53657930CD-CDFB31A68A6 | yes | count=51.00 | yes=5c
Kalshi WS trade #2427: KXT20MATCH-26FEB13NEDUSA-USA | yes | count=42.00 | yes=83c
Kalshi WS trade #2428: KXT20MATCH-26FEB13NEDUSA-USA | yes | count=39.00 | yes=83c
Kalshi WS trade #2429: KXT20MATCH-26FEB13NEDUSA-USA | yes | count=500.00 | yes=83c
Kalshi WS trade #2430: KXT20MATCH-26FEB13NEDUSA-USA | yes | count=7.00 | yes=83c
Kalshi WS trade #2431: KXT20MATCH-26FEB13NEDUSA-USA | yes | count=34.00 | yes=83c
Kalshi WS trade #2432: KXT20MATCH-26FEB13NEDUSA-USA | yes | count=2099.00 | yes=83c
Kalshi WS trade #2433: KXT20MATCH-26FEB13NEDUSA-USA | yes | count=45.00 | yes=83c
Kalshi WS trade #2434: KXT20MATCH-26FEB13NEDUSA-USA | yes | count=90.00 | yes=83c
Kalshi WS trade #2435: KXBTCD-26FEB1310-T67749.99 | no | count=4.00 | yes=49c
Kalshi WS trade #2436: KXATPMATCH-26FEB13DEVAN-VAN | yes | count=1336.00 | yes=55c
Kalshi WS trade #2437: KXXRP15M-26FEB131000-00 | no | count=12.00 | yes=86c
Kalshi WS trade #2438: KXNASCARRACE-FREFF26-CHSM | yes | count=20.00 | yes=5c
Kalshi WS trade #2439: KXNCAAMBGAME-26FEB13SLULCHI-LCHI | yes | count=31.00 | yes=6c
Kalshi WS trade #2440: KXBTCD-26FEB1310-T67749.99 | no | count=36.00 | yes=49c
Kalshi WS trade #2441: KXBTCD-26FEB1310-T67749.99 | no | count=14.00 | yes=49c
Kalshi WS trade #2442: KXFACUPGAME-26FEB13HULCFC-CFC | yes | count=60.00 | yes=80c
Kalshi WS trade #2443: KXATPCHALLENGERMATCH-26FEB13LLAMIK-LLA | yes | count=7.00 | yes=81c
Kalshi WS trade #2444: KXATPCHALLENGERMATCH-26FEB13LLAMIK-LLA | yes | count=23.00 | yes=81c
Kalshi WS trade #2445: KXATPCHALLENGERMATCH-26FEB13TABECH-ECH | no | count=1688.00 | yes=37c
Kalshi WS trade #2446: KXATPCHALLENGERMATCH-26FEB13TABECH-ECH | no | count=213.00 | yes=37c
Kalshi WS trade #2447: KXATPCHALLENGERMATCH-26FEB13TABECH-ECH | no | count=100.00 | yes=37c
Kalshi WS trade #2448: KXATPCHALLENGERMATCH-26FEB13TABECH-ECH | no | count=1554.00 | yes=36c
Kalshi WS trade #2449: KXATPCHALLENGERMATCH-26FEB13TABECH-ECH | no | count=107.00 | yes=35c
Kalshi WS trade #2450: KXFACUPGAME-26FEB13HULCFC-CFC | no | count=30.00 | yes=79c
Kalshi WS trade #2451: KXLOWTLAX-26FEB13-B47.5 | no | count=20.00 | yes=61c
Kalshi WS trade #2452: KXNCAAMBGAME-26FEB13BRWNHARV-HARV | yes | count=5.00 | yes=80c
Kalshi WS trade #2453: KXATPMATCH-26FEB13DEVAN-VAN | yes | count=88.00 | yes=55c
Kalshi WS trade #2454: KXATPMATCH-26FEB13DEVAN-DE | no | count=22.00 | yes=46c
Kalshi WS trade #2455: KXATPMATCH-26FEB13DEVAN-DE | no | count=1560.00 | yes=46c
Kalshi WS trade #2456: KXBTC-26FEB1310-B67875 | yes | count=1.00 | yes=34c
Kalshi WS trade #2457: KXMVESPORTSMULTIGAMEEXTENDED-S2026E3AE7FAB4DE-8FB4A2F7791 | yes | count=40.00 | yes=29c
Kalshi WS trade #2458: KXHIGHPHIL-26FEB13-T40 | no | count=32.00 | yes=16c
Kalshi WS trade #2459: KXBTC-26FEB1310-B67625 | yes | count=5.00 | yes=35c
Kalshi WS trade #2460: KXATPMATCH-26FEB13DEVAN-VAN | no | count=100.00 | yes=54c
Kalshi WS trade #2461: KXMVESPORTSMULTIGAMEEXTENDED-S20269D1FD3333D2-928B6F2563F | yes | count=137.00 | yes=34c
Kalshi WS trade #2462: KXATTENDSOTU-KBJ | no | count=14.00 | yes=55c
Kalshi WS trade #2463: KXWTAMATCH-26FEB13COCVEK-COC | no | count=37.00 | yes=69c
Kalshi WS trade #2464: KXWTAMATCH-26FEB13COCVEK-VEK | yes | count=4.00 | yes=31c
Kalshi WS trade #2465: KXATPMATCH-26FEB13DEVAN-VAN | yes | count=17.00 | yes=53c
Kalshi WS trade #2466: KXBTCD-26FEB1310-T67749.99 | no | count=40.00 | yes=50c
Kalshi WS trade #2467: KXBTCD-26FEB1310-T67749.99 | no | count=19.00 | yes=50c
Kalshi WS trade #2468: KXWOFSKATE-WOMENS26GOLD-KSAK | yes | count=2.00 | yes=52c
Kalshi WS trade #2469: KXINXU-26FEB13H1000-T6839.9999 | yes | count=3.00 | yes=20c
Kalshi WS trade #2470: KXATPMATCH-26FEB13DEVAN-DE | yes | count=3.00 | yes=48c
Kalshi WS trade #2471: KXATPMATCH-26FEB13DEVAN-DE | yes | count=8.00 | yes=48c
Kalshi WS trade #2472: KXATPCHALLENGERMATCH-26FEB13LLAMIK-MIK | no | count=26.00 | yes=17c
Kalshi WS trade #2473: KXWOMHOCKEY-26FEB13CANCHE-CHE | no | count=3.00 | yes=11c
Kalshi WS trade #2474: KXWOMHOCKEY-26FEB13CANCHE-CHE | no | count=147.00 | yes=11c
Kalshi WS trade #2475: KXNETFLIXRANKMOVIE-26FEB16-HOW | no | count=20.00 | yes=31c
Kalshi WS trade #2476: KXNETFLIXRANKMOVIE-26FEB16-HOW | no | count=180.00 | yes=30c
Kalshi WS trade #2477: KXWTAMATCH-26FEB13COCVEK-COC | yes | count=60.00 | yes=71c
Kalshi WS trade #2478: KXEREDIVISIEGAME-26FEB13VOLPSV-PSV | yes | count=5.00 | yes=80c
Kalshi WS trade #2479: KXEREDIVISIEGAME-26FEB13VOLPSV-PSV | yes | count=13.00 | yes=80c
Kalshi WS trade #2480: KXETHD-26FEB1310-T1989.99 | yes | count=9.00 | yes=56c
Kalshi WS trade #2481: KXBTCD-26FEB1310-T67499.99 | yes | count=50.00 | yes=83c
Kalshi WS trade #2482: KXT20MATCH-26FEB13NEDUSA-NED | yes | count=50.00 | yes=19c
Kalshi WS trade #2483: KXT20MATCH-26FEB13NEDUSA-NED | yes | count=150.00 | yes=19c
Kalshi WS trade #2484: KXT20MATCH-26FEB13NEDUSA-NED | yes | count=30.00 | yes=19c
Kalshi WS trade #2485: KXT20MATCH-26FEB13NEDUSA-NED | yes | count=13.00 | yes=19c
Kalshi WS trade #2486: KXMVESPORTSMULTIGAMEEXTENDED-S20266B211C4EB4B-DF2FF1490D3 | yes | count=347.00 | yes=27c
Kalshi WS trade #2487: KXINXU-26FEB13H1000-T6819.9999 | no | count=200.00 | yes=78c
Kalshi WS trade #2488: KXBTC-26FEB1310-B67625 | yes | count=50.00 | yes=35c
Kalshi WS trade #2489: KXXRP15M-26FEB131000-00 | yes | count=108.00 | yes=90c
Poly WS trade #71: asset=82502710596437163348... | BUY | size=2.008 | price=0.996
Kalshi WS trade #2490: KXBTC-26FEB1310-B67625 | yes | count=13.00 | yes=35c
Kalshi WS trade #2491: KXBTCD-26FEB1310-T67749.99 | no | count=9.00 | yes=49c
Kalshi WS trade #2492: KXBTC15M-26FEB131000-00 | no | count=2.00 | yes=97c
Kalshi WS trade #2493: KXBTC-26FEB1310-B67875 | no | count=50.00 | yes=33c
Kalshi WS trade #2494: KXWTAMATCH-26FEB13COCVEK-COC | yes | count=1.00 | yes=71c
Kalshi WS trade #2495: KXBTCD-26FEB1310-T67499.99 | yes | count=59.00 | yes=83c
Kalshi WS trade #2496: KXWTAMATCH-26FEB13COCVEK-VEK | no | count=87.00 | yes=29c
Kalshi WS trade #2497: KXEWSLGAME-26FEB13MCILEI-LEI | yes | count=3.00 | yes=4c
Kalshi WS trade #2498: KXEWSLGAME-26FEB13MCILEI-LEI | yes | count=46.00 | yes=4c
Kalshi WS trade #2499: KXEWSLGAME-26FEB13MCILEI-LEI | yes | count=114.00 | yes=4c
Kalshi WS trade #2500: KXPGATOUR-ATPBP26-RHIS | yes | count=2.00 | yes=8c
Kalshi WS trade #2501: KXATPMATCH-26FEB13DEVAN-DE | yes | count=49.00 | yes=49c
Kalshi WS trade #2502: KXBTCD-26FEB1310-T67499.99 | no | count=100.00 | yes=82c
Kalshi WS trade #2503: KXBTC-26FEB1310-B67625 | yes | count=26.00 | yes=36c
Kalshi WS trade #2504: KXNASDAQ100U-26FEB13H1000-T24549.99 | yes | count=10.00 | yes=96c
Kalshi WS trade #2505: KXHIGHNY-26FEB13-B39.5 | yes | count=2.00 | yes=37c
Kalshi WS trade #2506: KXATPCHALLENGERMATCH-26FEB13LLAMIK-LLA | yes | count=30.00 | yes=80c
Kalshi WS trade #2507: KXATPCHALLENGERMATCH-26FEB13LLAMIK-LLA | yes | count=20.00 | yes=80c
Kalshi WS trade #2508: KXTRUMPMENTION-26FEB14-VENE | yes | count=5.00 | yes=89c
Kalshi WS trade #2509: KXATPCHALLENGERMATCH-26FEB13TRAMOR-MOR | no | count=1512.00 | yes=81c
Kalshi WS trade #2510: KXATPCHALLENGERMATCH-26FEB13TRAMOR-MOR | no | count=5.00 | yes=81c
Kalshi WS trade #2511: KXATPCHALLENGERMATCH-26FEB13TABECH-ECH | no | count=25.00 | yes=37c
Kalshi WS trade #2512: KXATPCHALLENGERMATCH-26FEB13LLAMIK-MIK | no | count=26.00 | yes=18c
Kalshi WS trade #2513: KXATPCHALLENGERMATCH-26FEB13LLAMIK-MIK | no | count=24.00 | yes=18c
Kalshi WS trade #2514: KXXRP15M-26FEB131000-00 | yes | count=27.00 | yes=90c
Kalshi WS trade #2515: KXHIGHNY-26FEB13-B39.5 | yes | count=7.00 | yes=37c
Kalshi WS trade #2516: KXSENATETXR-26-JC | no | count=3.00 | yes=22c
Kalshi WS trade #2517: KXSENATETXR-26-WHUN | no | count=1.00 | yes=8c
Kalshi WS trade #2518: KXBTCD-26FEB1310-T67249.99 | yes | count=50.00 | yes=97c
Kalshi WS trade #2519: KXBTCD-26FEB1310-T67249.99 | yes | count=29.00 | yes=97c
Kalshi WS trade #2520: KXATPCHALLENGERMATCH-26FEB13LLAMIK-MIK | no | count=76.00 | yes=18c
Kalshi WS trade #2521: KXATPCHALLENGERMATCH-26FEB13LLAMIK-LLA | yes | count=480.00 | yes=80c
Kalshi WS trade #2522: KXATPCHALLENGERMATCH-26FEB13LLAMIK-LLA | yes | count=166.00 | yes=82c
Kalshi WS trade #2523: KXBTC-26FEB1310-B67875 | no | count=11.00 | yes=32c
Kalshi WS trade #2524: KXETHD-26FEB1310-T1989.99 | no | count=50.00 | yes=53c
Kalshi WS trade #2525: KXBTCD-26FEB1310-T67999.99 | no | count=500.00 | yes=17c
Kalshi WS trade #2526: KXBTC-26FEB1310-B67875 | no | count=1.00 | yes=33c
Kalshi WS trade #2527: KXBTC-26FEB1310-B67625 | no | count=1.00 | yes=33c
Kalshi WS trade #2528: KXPGATOUR-ATPBP26-TFIN | yes | count=156.00 | yes=3c
Kalshi WS trade #2529: KXATPCHALLENGERMATCH-26FEB13LLAMIK-MIK | yes | count=6.00 | yes=17c
Kalshi WS trade #2530: KXSONGRELEASE-27JAN01-WAY | yes | count=200.00 | yes=99c
Kalshi WS trade #2531: KXATPCHALLENGERMATCH-26FEB13LLAMIK-LLA | yes | count=4.00 | yes=84c
Kalshi WS trade #2532: KXATPCHALLENGERMATCH-26FEB13LLAMIK-LLA | yes | count=7.00 | yes=85c
Kalshi WS trade #2533: KXATPCHALLENGERMATCH-26FEB13LLAMIK-LLA | yes | count=2.00 | yes=85c
Kalshi WS trade #2534: KXATPCHALLENGERMATCH-26FEB13LLAMIK-LLA | yes | count=10.00 | yes=85c
Kalshi WS trade #2535: KXATPCHALLENGERMATCH-26FEB13LLAMIK-LLA | yes | count=217.00 | yes=86c
Kalshi WS trade #2536: KXWOWHOCKEY-26FEB13CZESWE-SWE | yes | count=10.00 | yes=46c
Kalshi WS trade #2537: KXATPCHALLENGERMATCH-26FEB13LLAMIK-MIK | yes | count=1060.00 | yes=17c
Kalshi WS trade #2538: KXMVESPORTSMULTIGAMEEXTENDED-S2026288F601B942-A0B7B0B7E31 | yes | count=19.00 | yes=50c
Kalshi WS trade #2539: KXMVESPORTSMULTIGAMEEXTENDED-S2026051FA54C99B-2252098EFB5 | yes | count=18.00 | yes=5c
Poly WS trade #72: asset=76489251550443972870... | SELL | size=200 | price=0.236
Kalshi WS trade #2540: KXBTCD-26FEB1310-T67749.99 | yes | count=28.00 | yes=49c
Kalshi WS trade #2541: KXATPMATCH-26FEB13DEVAN-VAN | yes | count=7.00 | yes=53c
Kalshi WS trade #2542: KXATPCHALLENGERMATCH-26FEB13TRAMOR-TRA | yes | count=2.00 | yes=19c
Kalshi WS trade #2543: KXGOVTSHUTDOWN-26FEB14 | yes | count=1.00 | yes=89c
Kalshi WS trade #2544: KXATPCHALLENGERMATCH-26FEB13LLAMIK-LLA | yes | count=45.00 | yes=87c
Kalshi WS trade #2545: KXATPCHALLENGERMATCH-26FEB13LLAMIK-LLA | yes | count=393.00 | yes=87c
Kalshi WS trade #2546: KXATPCHALLENGERMATCH-26FEB13LLAMIK-LLA | yes | count=20.00 | yes=87c
Kalshi WS trade #2547: KXCPICORE-26FEB-T0.2 | no | count=500.00 | yes=40c
Kalshi WS trade #2548: KXT20MATCH-26FEB13NEDUSA-NED | yes | count=17.00 | yes=19c
Kalshi WS trade #2549: KXBTCD-26FEB1317-T66499.99 | no | count=90.00 | yes=82c
Kalshi WS trade #2550: KXBTCD-26FEB1317-T66499.99 | no | count=154.00 | yes=82c
Kalshi WS trade #2551: KXBTCD-26FEB1317-T67499.99 | yes | count=32.00 | yes=60c
Kalshi WS trade #2552: KXWOSSKATE-M10K26GOLD-DGHI | yes | count=1413.00 | yes=55c
Kalshi WS trade #2553: KXWOSSKATE-M10K26GOLD-DGHI | yes | count=7.00 | yes=55c
Kalshi WS trade #2554: KXBTCD-26FEB1310-T67749.99 | yes | count=90.00 | yes=49c
Kalshi WS trade #2555: KXATPCHALLENGERMATCH-26FEB13TRAMOR-TRA | yes | count=4.00 | yes=19c
Kalshi WS trade #2556: KXGOVTSHUTDOWN-26FEB14 | yes | count=15.00 | yes=89c
Kalshi WS trade #2557: KXBTCD-26FEB1310-T67499.99 | yes | count=8.00 | yes=83c
Kalshi WS trade #2558: KXBTCD-26FEB1310-T67499.99 | yes | count=48.00 | yes=83c
Kalshi WS trade #2559: KXT20MATCH-26FEB13NEDUSA-USA | no | count=107.00 | yes=82c
Kalshi WS trade #2560: KXATPMATCH-26FEB13DEVAN-VAN | yes | count=18.00 | yes=53c
Kalshi WS trade #2561: CONTROLS-2026-D | yes | count=252.00 | yes=38c
Kalshi WS trade #2562: KXWOWHOCKEY-26FEB13USAITA-ITA | yes | count=33.00 | yes=1c
Kalshi WS trade #2563: KXETH-26FEB1310-B2000 | yes | count=50.00 | yes=53c
Kalshi WS trade #2564: KXWO-GOLD-26-USA | yes | count=66.00 | yes=13c
Kalshi WS trade #2565: KXBTCD-26FEB1317-T66499.99 | yes | count=10.00 | yes=85c
Kalshi WS trade #2566: KXGOVTSHUTDOWN-26FEB14 | no | count=2.00 | yes=88c
Kalshi WS trade #2567: KXATPCHALLENGERMATCH-26FEB13LLAMIK-MIK | yes | count=41.00 | yes=15c
Kalshi WS trade #2568: KXETHD-26FEB1310-T1989.99 | no | count=50.00 | yes=52c
Kalshi WS trade #2569: KXBTC-26FEB1310-B67375 | yes | count=1.00 | yes=15c
Kalshi WS trade #2570: KXINXU-26FEB13H1000-T6809.9999 | yes | count=2.00 | yes=95c
Kalshi WS trade #2571: KXATPMATCH-26FEB13DEVAN-DE | yes | count=9.00 | yes=49c
Kalshi WS trade #2572: KXNCAAMBGAME-26FEB13MSMRID-MSM | yes | count=136.00 | yes=71c
Kalshi WS trade #2573: KXHIGHTPHX-26FEB13-B74.5 | yes | count=5.00 | yes=35c
Kalshi WS trade #2574: KXATPCHALLENGERMATCH-26FEB13LLAMIK-MIK | yes | count=9.00 | yes=15c
Kalshi WS trade #2575: KXFEDDECISION-26MAR-C25 | yes | count=1666.00 | yes=7c
Kalshi WS trade #2576: KXBTC-26FEB1310-B67625 | yes | count=3.00 | yes=36c
Kalshi WS trade #2577: KXXRP15M-26FEB131000-00 | no | count=6.00 | yes=86c
Kalshi WS trade #2578: KXATPCHALLENGERMATCH-26FEB13LLAMIK-LLA | no | count=37.00 | yes=87c
Kalshi WS trade #2579: KXAUCTIONPIKACHU-26-12 | yes | count=5.00 | yes=33c
Kalshi WS trade #2580: KXPRESNOMR-28-JDV | yes | count=2.00 | yes=47c
Kalshi WS trade #2581: KXATPCHALLENGERMATCH-26FEB13LLAMIK-LLA | no | count=297.00 | yes=87c
Kalshi WS trade #2582: KXATPCHALLENGERMATCH-26FEB13TRAMOR-TRA | yes | count=9.00 | yes=19c
Kalshi WS trade #2583: KXATPMATCH-26FEB13DEVAN-DE | no | count=89.00 | yes=48c
Kalshi WS trade #2584: KXATPMATCH-26FEB13DEVAN-DE | no | count=16.00 | yes=47c
Kalshi WS trade #2585: KXATPMATCH-26FEB13DEVAN-VAN | yes | count=45.00 | yes=53c
Kalshi WS trade #2586: KXBTCD-26FEB1310-T67499.99 | yes | count=100.00 | yes=82c
Kalshi WS trade #2587: KXBTCD-26FEB1310-T67499.99 | yes | count=33.00 | yes=82c
Kalshi WS trade #2588: KXWTACHALLENGERMATCH-26FEB13STEJOR-STE | no | count=2.00 | yes=54c
Kalshi WS trade #2589: KXWTACHALLENGERMATCH-26FEB13STEJOR-STE | no | count=12.00 | yes=54c
Kalshi WS trade #2590: KXATPMATCH-26FEB13DEVAN-VAN | yes | count=909.00 | yes=53c
Kalshi WS trade #2591: KXBTCD-26FEB1310-T67749.99 | no | count=8.00 | yes=47c
Kalshi WS trade #2592: KXWTAMATCH-26FEB13COCVEK-COC | yes | count=12.00 | yes=70c
Kalshi WS trade #2593: KXBTCD-26FEB1310-T67749.99 | no | count=192.00 | yes=47c
Poly WS trade #73: asset=85285091029101061598... | BUY | size=165 | price=0.998
Kalshi WS trade #2594: KXSOL15M-26FEB131000-00 | yes | count=23.00 | yes=95c
Kalshi WS trade #2595: KXHIGHTATL-26FEB13-B62.5 | yes | count=5.00 | yes=43c
Kalshi WS trade #2596: KXNCAAMBTOTAL-26FEB13QUINSIE-144 | no | count=19.00 | yes=46c
Kalshi WS trade #2597: KXNCAAMBGAME-26FEB13OHIOMOH-MOH | yes | count=5.00 | yes=84c
Kalshi WS trade #2598: KXETH-26FEB1310-B2000 | yes | count=50.00 | yes=48c
Kalshi WS trade #2599: KXAPRPOTUS-26FEB13-42.4 | no | count=16.00 | yes=5c
Kalshi WS trade #2600: KXAPRPOTUS-26FEB13-42.4 | no | count=234.00 | yes=4c
Poly WS trade #74: asset=43946269812975261940... | SELL | size=6 | price=0.758
Kalshi WS trade #2601: KXETH-26FEB1310-B2000 | no | count=18.00 | yes=47c
Kalshi WS trade #2602: KXBTCD-26FEB1310-T67499.99 | yes | count=57.00 | yes=81c
Kalshi WS trade #2603: KXBTCD-26FEB1310-T67499.99 | yes | count=44.00 | yes=81c
Kalshi WS trade #2604: KXATPCHALLENGERMATCH-26FEB13LLAMIK-LLA | no | count=4.00 | yes=87c
Kalshi WS trade #2605: KXT20MATCH-26FEB13NEDUSA-NED | no | count=15.00 | yes=18c
Kalshi WS trade #2606: KXBTCD-26FEB1310-T67749.99 | yes | count=98.00 | yes=45c
Kalshi WS trade #2607: APPLEFOLD-26DEC31 | yes | count=1.00 | yes=83c
Kalshi WS trade #2608: KXT20MATCH-26FEB13NEDUSA-USA | yes | count=48.00 | yes=82c
Kalshi WS trade #2609: KXATPCHALLENGERMATCH-26FEB13LLAMIK-MIK | no | count=213.00 | yes=10c
Kalshi WS trade #2610: KXBERNIEMENTION-26FEB14-BILL | yes | count=45.00 | yes=90c
Kalshi WS trade #2611: KXBERNIEMENTION-26FEB14-BILL | yes | count=43.00 | yes=90c
Kalshi WS trade #2612: KXBERNIEMENTION-26FEB14-BILL | yes | count=12.00 | yes=90c
Kalshi WS trade #2613: KXWOSBOARD-WSX26MEDAL-ADRI | yes | count=313.00 | yes=9c
Kalshi WS trade #2614: KXBTCD-26FEB1310-T67249.99 | yes | count=3.00 | yes=97c
Kalshi WS trade #2615: KXATPMATCH-26FEB13DEVAN-VAN | yes | count=913.00 | yes=53c
Kalshi WS trade #2616: KXATPCHALLENGERMATCH-26FEB13TABECH-ECH | yes | count=3.00 | yes=38c
Kalshi WS trade #2617: KXATPCHALLENGERMATCH-26FEB13TABECH-ECH | yes | count=16.00 | yes=39c
Kalshi WS trade #2618: KXWTAMATCH-26FEB13COCVEK-COC | yes | count=69.00 | yes=70c
Kalshi WS trade #2619: KXGOVTSHUTDOWN-26FEB14 | yes | count=166.00 | yes=89c
Kalshi WS trade #2620: KXFEDCOMBO-26MAR-0-T0 | yes | count=28.00 | yes=88c
Kalshi WS trade #2621: KXATPCHALLENGERMATCH-26FEB13LLAMIK-MIK | no | count=922.00 | yes=10c
Kalshi WS trade #2622: KXTRUMPACT-26FEB07-26FEB13 | no | count=3.00 | yes=43c
Kalshi WS trade #2623: KXTRUMPACT-26FEB07-26FEB13 | no | count=4.00 | yes=42c
Kalshi WS trade #2624: KXATPCHALLENGERMATCH-26FEB13LLAMIK-MIK | no | count=13.00 | yes=10c
Kalshi WS trade #2625: KXNBA-26-DEN | yes | count=29.00 | yes=16c
Kalshi WS trade #2626: KXBTCD-26FEB1310-T67749.99 | no | count=50.00 | yes=43c
Kalshi WS trade #2627: KXATPCHALLENGERMATCH-26FEB13LLAMIK-MIK | yes | count=13.00 | yes=12c
Kalshi WS trade #2628: KXATPCHALLENGERMATCH-26FEB13LLAMIK-MIK | yes | count=500.00 | yes=12c
Kalshi WS trade #2629: KXATPCHALLENGERMATCH-26FEB13LLAMIK-MIK | yes | count=153.00 | yes=12c
Kalshi WS trade #2630: KXATPCHALLENGERMATCH-26FEB13LLAMIK-MIK | yes | count=59.00 | yes=13c
Kalshi WS trade #2631: KXBTCD-26FEB1310-T67499.99 | no | count=30.00 | yes=79c
Kalshi WS trade #2632: KXWOHOCKEY-MEN26CGOLD-USA | yes | count=13.00 | yes=36c
Kalshi WS trade #2633: KXBTCD-26FEB1310-T68499.99 | yes | count=177.00 | yes=1c
Kalshi WS trade #2634: KXBTC-26FEB1310-B68625 | no | count=177.00 | yes=2c
Kalshi WS trade #2635: KXWOMHOCKEY-26FEB14DEULVA-LVA | yes | count=1.00 | yes=31c
Kalshi WS trade #2636: KXBTCD-26FEB1317-T68999.99 | yes | count=5.00 | yes=17c
Kalshi WS trade #2637: KXATPCHALLENGERMATCH-26FEB13LLAMIK-MIK | no | count=33.00 | yes=10c
Kalshi WS trade #2638: KXATPCHALLENGERMATCH-26FEB13LLAMIK-MIK | no | count=200.00 | yes=10c
Kalshi WS trade #2639: KXATPCHALLENGERMATCH-26FEB13TRAMOR-TRA | yes | count=498.00 | yes=19c
Kalshi WS trade #2640: KXWOHOCKEY-MEN26CGOLD-USA | yes | count=39.00 | yes=36c
Kalshi WS trade #2641: KXNCAAMBSPREAD-26FEB13MSUWIS-MSU1 | yes | count=333.00 | yes=56c
Kalshi WS trade #2642: KXNCAAMBSPREAD-26FEB13MSUWIS-MSU1 | yes | count=1391.00 | yes=56c
Kalshi WS trade #2643: KXATPMATCH-26FEB13DEVAN-VAN | yes | count=875.00 | yes=53c
Kalshi WS trade #2644: KXBTC15M-26FEB131000-00 | yes | count=1.00 | yes=98c
Kalshi WS trade #2645: KXMVESPORTSMULTIGAMEEXTENDED-S202664E6860E26D-5C1AE4E76D2 | yes | count=482.00 | yes=11c
Kalshi WS trade #2646: KXBTCD-26FEB1310-T67499.99 | yes | count=24.00 | yes=81c
Kalshi WS trade #2647: KXATPCHALLENGERMATCH-26FEB13TRAMOR-TRA | yes | count=34.00 | yes=19c
Kalshi WS trade #2648: KXMVESPORTSMULTIGAMEEXTENDED-S2026DAC4526ADD0-80E3A5D49D9 | yes | count=56.00 | yes=25c
Poly WS trade #75: asset=43946269812975261940... | SELL | size=100 | price=0.758
Kalshi WS trade #2649: KXATPCHALLENGERMATCH-26FEB13LLAMIK-LLA | no | count=28.00 | yes=87c
Kalshi WS trade #2650: KXATPCHALLENGERMATCH-26FEB13LLAMIK-MIK | yes | count=7.00 | yes=13c
Kalshi WS trade #2651: KXNBACELEBRITY3PT-26-MCCA | yes | count=32.00 | yes=77c
Kalshi WS trade #2652: KXATPCHALLENGERMATCH-26FEB13TRAMOR-TRA | yes | count=19.00 | yes=19c
Kalshi WS trade #2653: KXBTCD-26FEB1310-T67749.99 | yes | count=50.00 | yes=44c
Kalshi WS trade #2654: KXBTC15M-26FEB131000-00 | no | count=5.00 | yes=97c
Kalshi WS trade #2655: KXFACUPGAME-26FEB13HULCFC-CFC | yes | count=12.00 | yes=80c
Kalshi WS trade #2656: KXHIGHMIA-26FEB13-B77.5 | no | count=12.00 | yes=7c
Kalshi WS trade #2657: KXHIGHMIA-26FEB13-B77.5 | no | count=36.00 | yes=7c
Kalshi WS trade #2658: KXATPMATCH-26FEB13DEVAN-VAN | yes | count=367.00 | yes=53c
Kalshi WS trade #2659: KXPGATOP20-ATPBP26-THOG | no | count=14.00 | yes=38c
Kalshi WS trade #2660: KXETH-26FEB1310-B2020 | no | count=1.00 | yes=3c
Kalshi WS trade #2661: KXUFCFIGHT-26FEB21MILJUD-MIL | yes | count=50.00 | yes=18c
Kalshi WS trade #2662: KXBTCD-26FEB1310-T67499.99 | no | count=100.00 | yes=78c
Kalshi WS trade #2663: KXWOWHOCKEY-26FEB13CZESWE-SWE | no | count=10.00 | yes=45c
Kalshi WS trade #2664: KXWOWHOCKEY-26FEB13CZESWE-SWE | no | count=12.00 | yes=45c
Kalshi WS trade #2665: KXWOWHOCKEY-26FEB13CZESWE-SWE | no | count=250.00 | yes=45c
Kalshi WS trade #2666: KXWOWHOCKEY-26FEB13CZESWE-SWE | no | count=8.00 | yes=45c
Kalshi WS trade #2667: KXWOWHOCKEY-26FEB13CZESWE-SWE | no | count=31.00 | yes=45c
Kalshi WS trade #2668: KXNCAAMBSPREAD-26FEB13CLMBPENN-PENN2 | yes | count=1.00 | yes=54c
Kalshi WS trade #2669: KXGOVTSHUTDOWN-26FEB14 | yes | count=5.00 | yes=89c
Kalshi WS trade #2670: KXWTAMATCH-26FEB13COCVEK-COC | yes | count=11.00 | yes=70c
Kalshi WS trade #2671: KXPRESNOMD-28-AB | yes | count=6000.00 | yes=5c
Kalshi WS trade #2672: KXWTAMATCH-26FEB13COCVEK-VEK | no | count=275.00 | yes=30c
Kalshi WS trade #2673: KXNBAALLSTARMVP-26-VWEM | yes | count=206.00 | yes=23c
Kalshi WS trade #2674: KXBTCD-26FEB1317-T58999.99 | yes | count=11.00 | yes=99c
Kalshi WS trade #2675: KXSAUDIPLTOTAL-26FEB13HILITT-2 | yes | count=30.00 | yes=73c
Kalshi WS trade #2676: KXBTC15M-26FEB131000-00 | no | count=191.00 | yes=97c
Kalshi WS trade #2677: KXBTC15M-26FEB131000-00 | no | count=26.00 | yes=97c
Kalshi WS trade #2678: KXBTC15M-26FEB131000-00 | no | count=7.00 | yes=97c
Kalshi WS trade #2679: KXATPCHALLENGERMATCH-26FEB13LLAMIK-LLA | no | count=67.00 | yes=87c
Kalshi WS trade #2680: KXATPCHALLENGERMATCH-26FEB13LLAMIK-LLA | no | count=765.00 | yes=87c
Kalshi WS trade #2681: KXATPCHALLENGERMATCH-26FEB13LLAMIK-MIK | no | count=100.00 | yes=11c
Kalshi WS trade #2682: KXATPCHALLENGERMATCH-26FEB13LLAMIK-MIK | no | count=562.00 | yes=10c
Kalshi WS trade #2683: KXETH15M-26FEB131000-00 | no | count=4.00 | yes=90c
Kalshi WS trade #2684: KXBTCD-26FEB1310-T67749.99 | no | count=90.00 | yes=41c
Kalshi WS trade #2685: KXINXU-26FEB13H1000-T6809.9999 | no | count=2.00 | yes=92c
Kalshi WS trade #2686: KXBTCD-26FEB1310-T67249.99 | no | count=32.00 | yes=95c
Kalshi WS trade #2687: KXUFCFIGHT-26FEB21MILJUD-JUD | yes | count=60.00 | yes=82c
Kalshi WS trade #2688: KXATPCHALLENGERMATCH-26FEB13LLAMIK-MIK | no | count=20.00 | yes=10c
Kalshi WS trade #2689: KXINXU-26FEB13H1000-T6834.9999 | no | count=1.00 | yes=25c
Kalshi WS trade #2690: KXATPCHALLENGERMATCH-26FEB13LLAMIK-MIK | yes | count=7.00 | yes=12c
Kalshi WS trade #2691: KXATPCHALLENGERMATCH-26FEB13LLAMIK-MIK | yes | count=125.00 | yes=12c
Kalshi WS trade #2692: KXATPCHALLENGERMATCH-26FEB13LLAMIK-MIK | yes | count=368.00 | yes=13c
Kalshi WS trade #2693: KXLIGUE1SPREAD-26FEB13ASMFCN-FCN2 | no | count=3.00 | yes=1c
Poly WS trade #76: asset=76489251550443972870... | BUY | size=28.571427 | price=0.245
Kalshi WS trade #2694: KXSPACEXCOUNT-26FEB-13 | no | count=3.00 | yes=14c
Kalshi WS trade #2695: KXSPACEXCOUNT-26FEB-13 | no | count=23.00 | yes=14c
Kalshi WS trade #2696: KXSPACEXCOUNT-26FEB-13 | no | count=32.00 | yes=13c
Kalshi WS trade #2697: KXSPACEXCOUNT-26FEB-13 | no | count=20.00 | yes=8c
Kalshi WS trade #2698: KXSPACEXCOUNT-26FEB-13 | no | count=6.00 | yes=7c
Kalshi WS trade #2699: KXINXU-26FEB13H1000-T6839.9999 | no | count=20.00 | yes=14c
Kalshi WS trade #2700: KXWTACHALLENGERMATCH-26FEB13STEJOR-JOR | yes | count=10.00 | yes=44c
Kalshi WS trade #2701: KXBTCD-26FEB1317-T69499.99 | yes | count=1.00 | yes=11c
Kalshi WS trade #2702: KXNASCARRACE-DAY26-DEHA | yes | count=31.00 | yes=6c
Kalshi WS trade #2703: KXBTCD-26FEB1310-T67749.99 | yes | count=90.00 | yes=40c
Kalshi WS trade #2704: KXBTCD-26FEB1310-T67749.99 | yes | count=200.00 | yes=40c
Kalshi WS trade #2705: KXBTCD-26FEB1310-T67749.99 | yes | count=200.00 | yes=40c
Kalshi WS trade #2706: KXBTCD-26FEB1310-T67749.99 | yes | count=200.00 | yes=40c
Kalshi WS trade #2707: KXBTCD-26FEB1310-T67749.99 | yes | count=85.00 | yes=40c
Kalshi WS trade #2708: KXINXU-26FEB13H1000-T6834.9999 | no | count=120.00 | yes=24c
Kalshi WS trade #2709: KXBTCD-26FEB1310-T67499.99 | no | count=30.00 | yes=76c
Kalshi WS trade #2710: KXBTC15M-26FEB131000-00 | no | count=140.00 | yes=96c
Kalshi WS trade #2711: KXINXU-26FEB13H1000-T6809.9999 | no | count=2.00 | yes=91c
Kalshi WS trade #2712: KXBTCD-26FEB1310-T67749.99 | no | count=5.00 | yes=39c
Kalshi WS trade #2713: KXBTCD-26FEB1310-T67749.99 | yes | count=93.00 | yes=39c
Kalshi WS trade #2714: KXGOVTSHUTDOWN-26FEB14 | no | count=21.00 | yes=88c
Kalshi WS trade #2715: KXBTCD-26FEB1317-T64999.99 | yes | count=1.00 | yes=94c
Kalshi WS trade #2716: KXBTCD-26FEB1317-T64999.99 | yes | count=100.00 | yes=95c
Kalshi WS trade #2717: KXBTCD-26FEB1310-T67999.99 | yes | count=2.00 | yes=11c
Kalshi WS trade #2718: KXBTCD-26FEB1310-T67499.99 | no | count=90.00 | yes=74c
Kalshi WS trade #2719: KXBTCD-26FEB1310-T67499.99 | no | count=100.00 | yes=74c
Kalshi WS trade #2720: KXRT-CRI-92 | no | count=1.00 | yes=1c
Kalshi WS trade #2721: KXBTCD-26FEB1317-T64999.99 | no | count=1.00 | yes=95c
Kalshi WS trade #2722: KXNCAAMBSPREAD-26FEB13MSUWIS-WIS2 | yes | count=23.00 | yes=41c
Kalshi WS trade #2723: KXATPMATCH-26FEB13DEVAN-VAN | yes | count=131.00 | yes=53c
Kalshi WS trade #2724: KXATPMATCH-26FEB13DEVAN-DE | no | count=44.00 | yes=47c
Kalshi WS trade #2725: KXATPMATCH-26FEB13DEVAN-VAN | yes | count=18.00 | yes=53c
Kalshi WS trade #2726: KXATPMATCH-26FEB13DEVAN-VAN | yes | count=182.00 | yes=53c
Kalshi WS trade #2727: KXPRESNOMR-28-VR | yes | count=24.00 | yes=2c
Kalshi WS trade #2728: KXATPCHALLENGERMATCH-26FEB13LLAMIK-LLA | yes | count=10.00 | yes=88c
Kalshi WS trade #2729: KXATPCHALLENGERMATCH-26FEB13LLAMIK-LLA | yes | count=12.00 | yes=89c
Kalshi WS trade #2730: KXETH15M-26FEB131000-00 | yes | count=55.00 | yes=89c
Kalshi WS trade #2731: KXATPCHALLENGERMATCH-26FEB13LLAMIK-LLA | no | count=35.00 | yes=87c
Kalshi WS trade #2732: KXATPCHALLENGERMATCH-26FEB13LLAMIK-MIK | no | count=197.00 | yes=10c
Kalshi WS trade #2733: KXT20MATCH-26FEB13NEDUSA-NED | yes | count=14.00 | yes=19c
Kalshi WS trade #2734: KXT20MATCH-26FEB13NEDUSA-NED | yes | count=8.00 | yes=19c
Kalshi WS trade #2735: KXT20MATCH-26FEB13NEDUSA-NED | yes | count=2.00 | yes=19c
Kalshi WS trade #2736: KXATPCHALLENGERMATCH-26FEB13TABECH-ECH | yes | count=2.00 | yes=39c
Kalshi WS trade #2737: KXWTACHALLENGERMATCH-26FEB13STEJOR-STE | yes | count=5.00 | yes=56c
Kalshi WS trade #2738: KXATPCHALLENGERMATCH-26FEB13TRAMOR-TRA | yes | count=29.00 | yes=19c
Kalshi WS trade #2739: KXBTCD-26FEB1310-T67499.99 | no | count=50.00 | yes=74c
Kalshi WS trade #2740: KXBTCD-26FEB1310-T67499.99 | no | count=100.00 | yes=74c
Kalshi WS trade #2741: KXWTAMATCH-26FEB13COCVEK-VEK | yes | count=101.00 | yes=31c
Kalshi WS trade #2742: KXBERNIEMENTION-26FEB14-BILL | no | count=22.00 | yes=89c
Kalshi WS trade #2743: KXBERNIEMENTION-26FEB14-BILL | no | count=3.00 | yes=89c
Kalshi WS trade #2744: KXT20MATCH-26FEB13NEDUSA-NED | yes | count=7.00 | yes=19c
Kalshi WS trade #2745: KXT20MATCH-26FEB13NEDUSA-NED | yes | count=7.00 | yes=19c
Kalshi WS trade #2746: KXT20MATCH-26FEB13NEDUSA-NED | yes | count=19.00 | yes=19c
Kalshi WS trade #2747: KXT20MATCH-26FEB13NEDUSA-NED | yes | count=15.00 | yes=20c
Kalshi WS trade #2748: KXATPCHALLENGERMATCH-26FEB13LLAMIK-MIK | no | count=143.00 | yes=11c
Kalshi WS trade #2749: KXHIGHLAX-26FEB13-B72.5 | yes | count=13.00 | yes=14c
Kalshi WS trade #2750: KXLOVEISBLINDENGAGEMENT-26-ELI | yes | count=4.00 | yes=35c
Kalshi WS trade #2751: KXLOVEISBLINDENGAGEMENT-26-ELI | yes | count=4.00 | yes=35c
Kalshi WS trade #2752: KXLOVEISBLINDENGAGEMENT-26-ELI | yes | count=4.00 | yes=36c
Kalshi WS trade #2753: KXLOVEISBLINDENGAGEMENT-26-ELI | yes | count=5.00 | yes=39c
Kalshi WS trade #2754: KXLOVEISBLINDENGAGEMENT-26-ELI | yes | count=2.00 | yes=44c
Kalshi WS trade #2755: KXLOVEISBLINDENGAGEMENT-26-ELI | yes | count=11.00 | yes=44c
Kalshi WS trade #2756: KXLOVEISBLINDENGAGEMENT-26-ELI | yes | count=6.00 | yes=44c
Kalshi WS trade #2757: KXLOVEISBLINDENGAGEMENT-26-ELI | yes | count=4.00 | yes=44c
Kalshi WS trade #2758: KXLOVEISBLINDENGAGEMENT-26-ELI | yes | count=4.00 | yes=44c
Kalshi WS trade #2759: KXLOVEISBLINDENGAGEMENT-26-ELI | yes | count=976.00 | yes=45c
Kalshi WS trade #2760: KXATPMATCH-26FEB13DEVAN-DE | yes | count=2.00 | yes=49c
Kalshi WS trade #2761: KXEARNINGSMENTIONDKNG-26JUN30-FEAT | yes | count=93.00 | yes=1c
Kalshi WS trade #2762: KXBTCD-26FEB1317-T67499.99 | no | count=100.00 | yes=57c
Kalshi WS trade #2763: KXEARNINGSMENTIONDKNG-26JUN30-OLYM | yes | count=280.00 | yes=1c
Kalshi WS trade #2764: KXATTENDSOTU-BTRU | no | count=10.00 | yes=52c
Kalshi WS trade #2765: KXATTENDSOTU-BTRU | no | count=1.00 | yes=51c
Kalshi WS trade #2766: KXATTENDSOTU-BTRU | no | count=4.00 | yes=51c
Kalshi WS trade #2767: KXHIGHTOKC-26FEB13-B75.5 | yes | count=50.00 | yes=34c
Kalshi WS trade #2768: KXATPMATCH-26FEB13DEVAN-VAN | yes | count=224.00 | yes=53c
Kalshi WS trade #2769: KXBTCD-26FEB1310-T67499.99 | no | count=90.00 | yes=73c
Kalshi WS trade #2770: KXWTACHALLENGERMATCH-26FEB13CHWLAM-LAM | yes | count=54.00 | yes=17c
Kalshi WS trade #2771: KXWTAMATCH-26FEB13COCVEK-COC | yes | count=80.00 | yes=70c
Kalshi WS trade #2772: KXATPCHALLENGERMATCH-26FEB13LLAMIK-MIK | yes | count=507.00 | yes=13c
Kalshi WS trade #2773: KXWTACHALLENGERMATCH-26FEB13CHWLAM-CHW | yes | count=2.00 | yes=85c
Kalshi WS trade #2774: KXMVESPORTSMULTIGAMEEXTENDED-S2026141C479E54D-BD8B87F7181 | yes | count=24.00 | yes=39c
Kalshi WS trade #2775: KXWTACHALLENGERMATCH-26FEB13STEJOR-STE | yes | count=32.00 | yes=55c
Kalshi WS trade #2776: KXWTACHALLENGERMATCH-26FEB13STEJOR-STE | yes | count=11.00 | yes=56c
Kalshi WS trade #2777: KXETHD-26FEB1310-T1989.99 | no | count=50.00 | yes=40c
Kalshi WS trade #2778: KXATPMATCH-26FEB13DEVAN-VAN | yes | count=9.00 | yes=53c
Kalshi WS trade #2779: KXATPMATCH-26FEB13DEVAN-VAN | yes | count=9.00 | yes=53c
Kalshi WS trade #2780: KXATPMATCH-26FEB13DEVAN-VAN | yes | count=18.00 | yes=53c
Kalshi WS trade #2781: KXATPCHALLENGERMATCH-26FEB13TRAMOR-TRA | yes | count=49.00 | yes=19c
Kalshi WS trade #2782: KXATPCHALLENGERMATCH-26FEB13TRAMOR-TRA | no | count=10.00 | yes=18c
Kalshi WS trade #2783: KXBTCD-26FEB1310-T67999.99 | yes | count=39.00 | yes=10c
Kalshi WS trade #2784: KXATPCHALLENGERMATCH-26FEB13LLAMIK-LLA | yes | count=348.00 | yes=89c
Kalshi WS trade #2785: KXBTCD-26FEB1310-T67999.99 | no | count=1.00 | yes=9c
Kalshi WS trade #2786: KXBTCD-26FEB1310-T67999.99 | no | count=14.00 | yes=9c
Kalshi WS trade #2787: KXATPMATCH-26FEB13DEVAN-VAN | yes | count=18.00 | yes=53c
Kalshi WS trade #2788: KXINXU-26FEB13H1000-T6829.9999 | yes | count=4.00 | yes=33c
Kalshi WS trade #2789: KXINXU-26FEB13H1000-T6829.9999 | yes | count=41.00 | yes=34c
Kalshi WS trade #2790: KXATPCHALLENGERMATCH-26FEB13LLAMIK-LLA | yes | count=22.00 | yes=89c
Kalshi WS trade #2791: KXATPCHALLENGERMATCH-26FEB13TRAMOR-TRA | yes | count=3.00 | yes=19c
Kalshi WS trade #2792: KXWOSSKATE-M10K26GOLD-DGHI | yes | count=500.00 | yes=58c
Kalshi WS trade #2793: KXNASDAQ100U-26FEB13H1000-T24689.99 | no | count=50.00 | yes=39c
Kalshi WS trade #2794: KXNCAAMBTOTAL-26FEB13MSUWIS-145 | no | count=2.00 | yes=53c
Kalshi WS trade #2795: KXBTCD-26FEB1317-T66499.99 | yes | count=10.00 | yes=85c
Kalshi WS trade #2796: KXWTAMATCH-26FEB13COCVEK-COC | no | count=54.00 | yes=69c
Kalshi WS trade #2797: KXT20MATCH-26FEB13NEDUSA-NED | yes | count=28.00 | yes=19c
Kalshi WS trade #2798: KXT20MATCH-26FEB13NEDUSA-NED | yes | count=20.00 | yes=20c
Kalshi WS trade #2799: KXBTCD-26FEB1310-T67749.99 | yes | count=50.00 | yes=36c
Kalshi WS trade #2800: KXBTCD-26FEB1310-T67749.99 | yes | count=100.00 | yes=38c
Kalshi WS trade #2801: KXBTCD-26FEB1310-T67749.99 | yes | count=5.00 | yes=38c
Kalshi WS trade #2802: KXATPMATCH-26FEB13DEVAN-DE | yes | count=80.00 | yes=49c
Kalshi WS trade #2803: KXNCAAMBGAME-26FEB13MANNIAG-MAN | yes | count=10.00 | yes=48c
Kalshi WS trade #2804: KXSENATETXD-26-JTAL | yes | count=16.00 | yes=62c
Kalshi WS trade #2805: KXSENATETXD-26-JTAL | yes | count=23.00 | yes=62c
Kalshi WS trade #2806: KXSENATETXD-26-JTAL | yes | count=19.00 | yes=62c
Kalshi WS trade #2807: KXATPCHALLENGERMATCH-26FEB13LLAMIK-LLA | yes | count=219.00 | yes=89c
Kalshi WS trade #2808: KXWO-MEDALS-26-USA | yes | count=86.00 | yes=21c
Kalshi WS trade #2809: KXWTAMATCH-26FEB13COCVEK-COC | yes | count=55.00 | yes=70c
Kalshi WS trade #2810: KXATPMATCH-26FEB13DEVAN-VAN | yes | count=51.00 | yes=53c
Kalshi WS trade #2811: KXBTCD-26FEB1310-T67999.99 | yes | count=3.00 | yes=10c
Kalshi WS trade #2812: KXETHD-26FEB1310-T1949.99 | yes | count=50.00 | yes=99c
Kalshi WS trade #2813: KXETH15M-26FEB131000-00 | no | count=2.00 | yes=87c
Poly WS trade #77: asset=85285091029101061598... | BUY | size=167 | price=0.998
Kalshi WS trade #2814: KXBTCD-26FEB1310-T67749.99 | yes | count=2.00 | yes=39c
Kalshi WS trade #2815: KXGOVTSHUTDOWN-26FEB14 | no | count=368.00 | yes=88c
Kalshi WS trade #2816: KXGOVTSHUTDOWN-26FEB14 | no | count=24.00 | yes=88c
Kalshi WS trade #2817: KXNCAAMBGAME-26FEB13YALEDART-YALE | yes | count=60.00 | yes=82c
Kalshi WS trade #2818: KXATPCHALLENGERMATCH-26FEB13LLAMIK-MIK | yes | count=1.00 | yes=13c
Kalshi WS trade #2819: KXBTCD-26FEB1310-T67749.99 | no | count=100.00 | yes=37c
Kalshi WS trade #2820: KXBTCD-26FEB1310-T67749.99 | no | count=27.00 | yes=36c
Kalshi WS trade #2821: KXBTCD-26FEB1310-T67749.99 | no | count=10.00 | yes=36c
Kalshi WS trade #2822: KXBTCD-26FEB1310-T67749.99 | yes | count=25.00 | yes=38c
Kalshi WS trade #2823: KXATPCHALLENGERMATCH-26FEB13LLAMIK-MIK | no | count=103.00 | yes=11c
Kalshi WS trade #2824: KXATPCHALLENGERMATCH-26FEB13LLAMIK-MIK | yes | count=36.00 | yes=13c
Kalshi WS trade #2825: KXATPCHALLENGERMATCH-26FEB13LLAMIK-MIK | no | count=69.00 | yes=11c
Kalshi WS trade #2826: KXTRUMPMENTION-26FEB14-AMER | yes | count=20.00 | yes=48c
Kalshi WS trade #2827: KXBTCD-26FEB1310-T67249.99 | yes | count=5.00 | yes=95c
Kalshi WS trade #2828: KXXRP15M-26FEB131000-00 | no | count=33.00 | yes=82c
Kalshi WS trade #2829: KXXRP15M-26FEB131000-00 | no | count=11.00 | yes=82c
Kalshi WS trade #2830: KXBTCD-26FEB1310-T67749.99 | no | count=216.00 | yes=36c
Kalshi WS trade #2831: KXSENATETXR-26-KP | no | count=4.00 | yes=70c
Kalshi WS trade #2832: KXWOCURLGAME-26FEB13CHNCHE-CHE | yes | count=7.00 | yes=72c
Kalshi WS trade #2833: KXBTC15M-26FEB131000-00 | no | count=1.00 | yes=95c
Kalshi WS trade #2834: KXLOWTMIA-26FEB13-B61.5 | no | count=2.00 | yes=88c
Kalshi WS trade #2835: KXETH-26FEB1310-B2000 | no | count=50.00 | yes=40c
Kalshi WS trade #2836: KXINXU-26FEB13H1000-T6809.9999 | yes | count=2.00 | yes=90c
Kalshi WS trade #2837: KXWTAMATCH-26FEB13COCVEK-VEK | yes | count=15.00 | yes=31c
Kalshi WS trade #2838: KXGOVTSHUTDOWN-26FEB14 | no | count=26.00 | yes=88c
Kalshi WS trade #2839: KXGOVTSHUTDOWN-26FEB14 | no | count=899.00 | yes=88c
Kalshi WS trade #2840: KXMVESPORTSMULTIGAMEEXTENDED-S202671845061D3B-66233384B8D | yes | count=97.00 | yes=9c
Kalshi WS trade #2841: KXGOVTSHUTLENGTH-26FEB07-G15 | no | count=1.00 | yes=64c
Kalshi WS trade #2842: KXGOVTSHUTLENGTH-26FEB07-G15 | no | count=2.00 | yes=64c
Kalshi WS trade #2843: KXBTC15M-26FEB131000-00 | no | count=93.00 | yes=95c
Kalshi WS trade #2844: KXLOWTLAX-26FEB13-B47.5 | no | count=1.00 | yes=58c
Kalshi WS trade #2845: KXLOWTLAX-26FEB13-B47.5 | no | count=19.00 | yes=58c
Kalshi WS trade #2846: KXBTCD-26FEB1317-T66999.99 | no | count=70.00 | yes=70c
Kalshi WS trade #2847: KXBTCD-26FEB1317-T66999.99 | no | count=80.00 | yes=70c
Kalshi WS trade #2848: KXBTCD-26FEB1317-T66999.99 | no | count=80.00 | yes=70c
Kalshi WS trade #2849: KXBTCD-26FEB1317-T66999.99 | no | count=325.00 | yes=70c
Kalshi WS trade #2850: KXWTACHALLENGERMATCH-26FEB13STEJOR-JOR | yes | count=34.00 | yes=42c
Kalshi WS trade #2851: KXATPCHALLENGERMATCH-26FEB13LLAMIK-LLA | no | count=61.00 | yes=88c
Kalshi WS trade #2852: KXNHLPLAYOFF-26-LA | no | count=1.00 | yes=65c
Kalshi WS trade #2853: KXBTCD-26FEB1310-T67999.99 | no | count=58.00 | yes=9c
Kalshi WS trade #2854: KXWOMHOCKEY-26FEB13FRACZE-FRA | yes | count=375.00 | yes=5c
Kalshi WS trade #2855: KXBTCD-26FEB1310-T67749.99 | yes | count=50.00 | yes=37c
Kalshi WS trade #2856: KXBTCD-26FEB1310-T67749.99 | yes | count=410.00 | yes=37c
Kalshi WS trade #2857: KXBTCD-26FEB1317-T67499.99 | yes | count=166.00 | yes=57c
Kalshi WS trade #2858: KXT20MATCH-26FEB13NEDUSA-USA | yes | count=64.00 | yes=82c
Kalshi WS trade #2859: KXT20MATCH-26FEB13NEDUSA-USA | yes | count=36.00 | yes=82c
Kalshi WS trade #2860: KXT20MATCH-26FEB13NEDUSA-USA | yes | count=33.00 | yes=82c
Kalshi WS trade #2861: KXATPCHALLENGERMATCH-26FEB13LLAMIK-LLA | yes | count=501.00 | yes=89c
Kalshi WS trade #2862: KXBTCD-26FEB1310-T67499.99 | yes | count=78.00 | yes=73c
Kalshi WS trade #2863: KXBTCD-26FEB1310-T67749.99 | yes | count=70.00 | yes=38c
Kalshi WS trade #2864: KXWTAMATCH-26FEB13COCVEK-VEK | no | count=151.00 | yes=30c
Kalshi WS trade #2865: KXATPMATCH-26FEB13DEVAN-DE | yes | count=3921.00 | yes=49c
Kalshi WS trade #2866: KXLIVTOUR-LIGA26-JRAH | yes | count=34.00 | yes=56c
Kalshi WS trade #2867: KXMVESPORTSMULTIGAMEEXTENDED-S20261A4B573A5C9-27F1443811B | yes | count=74.00 | yes=2c
Kalshi WS trade #2868: KXNCAAMLAXGAME-26FEB13MARSYR-SYR | yes | count=10.00 | yes=47c
Kalshi WS trade #2869: KXBTCD-26FEB1317-T67499.99 | no | count=10.00 | yes=55c
Kalshi WS trade #2870: KXWOSSKATE-M10K26GOLD-DGHI | no | count=17.00 | yes=54c
Kalshi WS trade #2871: KXETHD-26FEB1310-T1989.99 | yes | count=50.00 | yes=42c
Kalshi WS trade #2872: KXBTCD-26FEB1310-T67749.99 | no | count=100.00 | yes=37c
Kalshi WS trade #2873: KXNASDAQ100U-26FEB13H1000-T24639.99 | no | count=5.00 | yes=69c
Kalshi WS trade #2874: KXNCAAMBGAME-26FEB14LBSUUCD-UCD | yes | count=7.00 | yes=66c
Poly WS trade #78: asset=76489251550443972870... | BUY | size=40.650405 | price=0.246
Kalshi WS trade #2875: KXNBASLAMDUNK-26-CBRY | yes | count=8.00 | yes=34c
Kalshi WS trade #2876: KXATPCHALLENGERMATCH-26FEB13LLAMIK-MIK | no | count=298.00 | yes=11c
Kalshi WS trade #2877: KXATPCHALLENGERMATCH-26FEB13LLAMIK-MIK | no | count=54.00 | yes=11c
Kalshi WS trade #2878: KXBERNIEMENTION-26FEB14-BILL | yes | count=48.00 | yes=90c
Kalshi WS trade #2879: KXNCAAMBSPREAD-26FEB13IONACAN-IONA5 | yes | count=50.00 | yes=48c
Kalshi WS trade #2880: KXSAUDIPLGAME-26FEB13SHAAAS-SHA | yes | count=93.00 | yes=2c
Kalshi WS trade #2881: KXHIGHAUS-26FEB13-T78 | no | count=6.00 | yes=3c
Kalshi WS trade #2882: KXHIGHAUS-26FEB13-T78 | no | count=4.00 | yes=3c
Kalshi WS trade #2883: KXINXU-26FEB13H1000-T6829.9999 | no | count=2.00 | yes=30c
Kalshi WS trade #2884: KXATPCHALLENGERMATCH-26FEB13LLAMIK-MIK | no | count=216.00 | yes=11c
Kalshi WS trade #2885: KXATPCHALLENGERMATCH-26FEB13LLAMIK-LLA | no | count=42.00 | yes=88c
Kalshi WS trade #2886: KXMVESPORTSMULTIGAMEEXTENDED-S2026BA5F00C7E78-7BA43872200 | yes | count=12.00 | yes=46c
Kalshi WS trade #2887: KXBTC-26FEB1310-B67625 | yes | count=47.00 | yes=40c
Kalshi WS trade #2888: KXMVESPORTSMULTIGAMEEXTENDED-S20262FD77B1E73C-2A5EC769B9E | yes | count=39.00 | yes=12c
Kalshi WS trade #2889: KXATPCHALLENGERMATCH-26FEB13LLAMIK-LLA | no | count=48.00 | yes=88c
Kalshi WS trade #2890: KXWTAMATCH-26FEB13COCVEK-COC | yes | count=1.00 | yes=70c
Kalshi WS trade #2891: KXBTC15M-26FEB131000-00 | no | count=225.00 | yes=95c
Kalshi WS trade #2892: KXWTAMATCH-26FEB13COCVEK-VEK | yes | count=5.00 | yes=31c
Kalshi WS trade #2893: KXATPCHALLENGERMATCH-26FEB13LLAMIK-MIK | no | count=154.00 | yes=11c
Kalshi WS trade #2894: KXGOVTSHUTDOWN-26FEB14 | yes | count=11.00 | yes=89c
Kalshi WS trade #2895: KXBTCD-26FEB1310-T67999.99 | no | count=60.00 | yes=9c
Kalshi WS trade #2896: KXBTCD-26FEB1310-T67999.99 | no | count=1.00 | yes=8c
Kalshi WS trade #2897: KXBTCD-26FEB1310-T67999.99 | no | count=50.00 | yes=8c
Kalshi WS trade #2898: KXBTCD-26FEB1310-T67999.99 | no | count=200.00 | yes=8c
Kalshi WS trade #2899: KXBTCD-26FEB1310-T67999.99 | no | count=100.00 | yes=8c
Kalshi WS trade #2900: KXBTCD-26FEB1310-T67999.99 | no | count=111.00 | yes=7c
Kalshi WS trade #2901: KXBTCD-26FEB1310-T67999.99 | no | count=90.00 | yes=7c
Kalshi WS trade #2902: KXBTCD-26FEB1310-T67999.99 | no | count=188.00 | yes=7c
Kalshi WS trade #2903: KXT20MATCH-26FEB13NEDUSA-NED | yes | count=20.00 | yes=19c
Kalshi WS trade #2904: KXT20MATCH-26FEB13NEDUSA-NED | yes | count=19.00 | yes=19c
Kalshi WS trade #2905: KXATPCHALLENGERMATCH-26FEB13TABECH-ECH | yes | count=9.00 | yes=41c
Kalshi WS trade #2906: KXATPCHALLENGERMATCH-26FEB13TABECH-ECH | yes | count=12.00 | yes=42c
Kalshi WS trade #2907: KXWOMHOCKEYSPREAD-26FEB13CANCHE-CAN1 | yes | count=663.00 | yes=74c
Kalshi WS trade #2908: KXSOL15M-26FEB131000-00 | no | count=2.00 | yes=90c
Kalshi WS trade #2909: KXSOL15M-26FEB131000-00 | no | count=5.00 | yes=88c
Kalshi WS trade #2910: KXBTCD-26FEB1310-T67749.99 | yes | count=100.00 | yes=38c
Kalshi WS trade #2911: KXBTCD-26FEB1310-T67749.99 | yes | count=1.00 | yes=38c
Kalshi WS trade #2912: KXWTAMATCH-26FEB13COCVEK-VEK | yes | count=1200.00 | yes=31c
Kalshi WS trade #2913: KXWTAMATCH-26FEB13COCVEK-VEK | yes | count=1000.00 | yes=31c
Kalshi WS trade #2914: KXWTAMATCH-26FEB13COCVEK-VEK | yes | count=956.00 | yes=31c
Kalshi WS trade #2915: KXWTAMATCH-26FEB13COCVEK-VEK | yes | count=767.00 | yes=32c
Kalshi WS trade #2916: KXBTCD-26FEB1310-T67749.99 | yes | count=2.00 | yes=38c
Kalshi WS trade #2917: KXSAUDIPLGAME-26FEB13HILITT-HIL | yes | count=21.00 | yes=85c
Kalshi WS trade #2918: KXXRP15M-26FEB131000-00 | yes | count=10.00 | yes=81c
Kalshi WS trade #2919: KXWOCURL-WOMEN26CGOLD-CAN | no | count=134.00 | yes=27c
Kalshi WS trade #2920: KXWOMHOCKEYSPREAD-26FEB13CANCHE-CAN1 | yes | count=288.00 | yes=74c
Kalshi WS trade #2921: KXBTCD-26FEB1310-T67499.99 | yes | count=30.00 | yes=73c
Kalshi WS trade #2922: KXATPCHALLENGERMATCH-26FEB13LLAMIK-LLA | no | count=7.00 | yes=88c
Kalshi WS trade #2923: KXNBACELEBRITY3PT-26-MCCA | yes | count=50.00 | yes=78c
Kalshi WS trade #2924: KXWOHOCKEY-WOMEN26CGOLD-JPN | yes | count=33.00 | yes=1c
Kalshi WS trade #2925: KXWTAMATCH-26FEB13COCVEK-COC | yes | count=69.00 | yes=70c
Kalshi WS trade #2926: KXWTAMATCH-26FEB13COCVEK-COC | yes | count=349.00 | yes=70c
Kalshi WS trade #2927: KXT20MATCH-26FEB13NEDUSA-NED | yes | count=3.00 | yes=19c
Kalshi WS trade #2928: KXT20MATCH-26FEB13NEDUSA-NED | yes | count=30.00 | yes=19c
Kalshi WS trade #2929: KXT20MATCH-26FEB13NEDUSA-NED | yes | count=30.00 | yes=19c
Kalshi WS trade #2930: KXT20MATCH-26FEB13NEDUSA-NED | yes | count=7.00 | yes=19c
Kalshi WS trade #2931: KXT20MATCH-26FEB13NEDUSA-NED | yes | count=22.00 | yes=19c
Kalshi WS trade #2932: KXBTC-26FEB1310-B67875 | no | count=43.00 | yes=24c
Kalshi WS trade #2933: KXBUNDESLIGAGAME-26FEB13BVBM05-BVB | yes | count=7.00 | yes=61c
Kalshi WS trade #2934: KXETH15M-26FEB131000-00 | yes | count=22.00 | yes=90c
Kalshi WS trade #2935: KXATPCHALLENGERMATCH-26FEB13LLAMIK-MIK | no | count=11.00 | yes=11c
Kalshi WS trade #2936: KXT20MATCH-26FEB13NEDUSA-NED | yes | count=24.00 | yes=19c
Kalshi WS trade #2937: KXATPCHALLENGERMATCH-26FEB13LLAMIK-MIK | no | count=38.00 | yes=11c
Kalshi WS trade #2938: KXBTCD-26FEB1310-T67249.99 | no | count=100.00 | yes=94c
Kalshi WS trade #2939: KXT20MATCH-26FEB13NEDUSA-USA | no | count=89.00 | yes=81c
Kalshi WS trade #2940: KXPGATOUR-ATPBP26-CGOT | yes | count=7.00 | yes=11c
Kalshi WS trade #2941: KXTRUMPMENTION-26FEB14-VENE | no | count=6.00 | yes=86c
Kalshi WS trade #2942: KXNCAAMBSPREAD-26FEB13OHIOMOH-MOH10 | yes | count=48.00 | yes=50c
Kalshi WS trade #2943: KXBTC-26FEB1310-B67875 | yes | count=1.00 | yes=25c
Kalshi WS trade #2944: KXBTC-26FEB1310-B67875 | yes | count=6.00 | yes=26c
Kalshi WS trade #2945: KXATPCHALLENGERMATCH-26FEB13LLAMIK-MIK | yes | count=1.00 | yes=12c
Kalshi WS trade #2946: KXATPCHALLENGERMATCH-26FEB13LLAMIK-MIK | yes | count=6.00 | yes=12c
Kalshi WS trade #2947: KXBTCD-26FEB1310-T67499.99 | yes | count=5.00 | yes=73c
Kalshi WS trade #2948: KXATPCHALLENGERMATCH-26FEB13LLAMIK-LLA | yes | count=200.00 | yes=89c
Kalshi WS trade #2949: KXBTC-26FEB1310-B67125 | no | count=23.00 | yes=5c
Kalshi WS trade #2950: KXXRP15M-26FEB131000-00 | yes | count=30.00 | yes=80c
Kalshi WS trade #2951: KXXRP15M-26FEB131000-00 | yes | count=2.00 | yes=81c
Kalshi WS trade #2952: KXXRP15M-26FEB131000-00 | yes | count=2.00 | yes=81c
Kalshi WS trade #2953: KXBTCD-26FEB1310-T67249.99 | yes | count=52.00 | yes=94c
Kalshi WS trade #2954: KXBTC15M-26FEB131000-00 | yes | count=1.00 | yes=96c
Kalshi WS trade #2955: KXBTC15M-26FEB131000-00 | yes | count=199.00 | yes=96c
Kalshi WS trade #2956: KXT20MATCH-26FEB13NEDUSA-USA | yes | count=91.00 | yes=82c
Kalshi WS trade #2957: KXT20MATCH-26FEB13NEDUSA-USA | yes | count=33.00 | yes=82c
Kalshi WS trade #2958: KXT20MATCH-26FEB13NEDUSA-USA | yes | count=105.00 | yes=83c
Kalshi WS trade #2959: KXT20MATCH-26FEB13NEDUSA-USA | yes | count=45.00 | yes=83c
Kalshi WS trade #2960: KXT20MATCH-26FEB13NEDUSA-USA | yes | count=24.00 | yes=83c
Kalshi WS trade #2961: KXATPCHALLENGERMATCH-26FEB13LLAMIK-LLA | no | count=347.00 | yes=88c
Kalshi WS trade #2962: KXSERIEASPREAD-26FEB13PISACM-PIS1 | no | count=3.00 | yes=3c
Kalshi WS trade #2963: KXLIVTOUR-LIGA26-BDEC | yes | count=23.00 | yes=20c
Kalshi WS trade #2964: KXBTCD-26FEB1310-T67499.99 | no | count=34.00 | yes=72c
Kalshi WS trade #2965: KXWOSSKATE-M10K26GOLD-DGHI | no | count=25.00 | yes=54c
Poly WS trade #79: asset=85285091029101061598... | SELL | size=165 | price=0.997
Kalshi WS trade #2966: KXOSCARSPLAY-26-SIN | yes | count=49.00 | yes=81c
Kalshi WS trade #2967: KXBTCD-26FEB1310-T67499.99 | yes | count=9.00 | yes=73c
Kalshi WS trade #2968: KXNASDAQ100U-26FEB13H1000-T24639.99 | no | count=23.00 | yes=67c
Kalshi WS trade #2969: KXATPCHALLENGERMATCH-26FEB13LLAMIK-LLA | no | count=129.00 | yes=88c
Kalshi WS trade #2970: KXATPMATCH-26FEB13DEVAN-VAN | yes | count=18.00 | yes=53c
Kalshi WS trade #2971: KXNBAALLSTARMVP-26-VWEM | yes | count=103.00 | yes=23c
Kalshi WS trade #2972: KXBTCD-26FEB1310-T68249.99 | no | count=236.00 | yes=2c
Kalshi WS trade #2973: KXGOVTSHUTDOWN-26FEB14 | yes | count=3.00 | yes=89c
Kalshi WS trade #2974: KXBTC15M-26FEB131000-00 | yes | count=3.00 | yes=96c
Kalshi WS trade #2975: KXATPCHALLENGERMATCH-26FEB13LLAMIK-MIK | no | count=26.00 | yes=11c
Kalshi WS trade #2976: KXBTC-26FEB1310-B67625 | yes | count=43.00 | yes=40c
Kalshi WS trade #2977: KXATPCHALLENGERMATCH-26FEB13LLAMIK-MIK | no | count=357.00 | yes=11c
Kalshi WS trade #2978: KXETHD-26FEB1310-T1989.99 | yes | count=11.00 | yes=42c
Kalshi WS trade #2979: KXATPMATCH-26FEB13DEVAN-DE | yes | count=13.00 | yes=49c
Kalshi WS trade #2980: KXBTC-26FEB1310-B67125 | no | count=1.00 | yes=5c
Kalshi WS trade #2981: KXATPCHALLENGERMATCH-26FEB13TABECH-ECH | yes | count=20.00 | yes=38c
Kalshi WS trade #2982: KXMVESPORTSMULTIGAMEEXTENDED-S20264BA4445F362-CDCE45D14F2 | yes | count=862.00 | yes=10c
Kalshi WS trade #2983: KXBTCD-26FEB1310-T67749.99 | yes | count=12.00 | yes=38c
Kalshi WS trade #2984: KXATPMATCH-26FEB13FRIKOR-KOR | no | count=5.00 | yes=37c
Kalshi WS trade #2985: KXFACUPSPREAD-26FEB13HULCFC-CFC1 | yes | count=31.00 | yes=61c
Kalshi WS trade #2986: KXATPMATCH-26FEB13DEVAN-VAN | yes | count=45.00 | yes=53c
Kalshi WS trade #2987: KXATPMATCH-26FEB13DEVAN-VAN | yes | count=18.00 | yes=53c
Kalshi WS trade #2988: KXWTAMATCH-26FEB13OSTMBO-OST | yes | count=14.00 | yes=34c
Kalshi WS trade #2989: KXRATECUTCOUNT-26DEC31-T3 | yes | count=170.00 | yes=28c
Kalshi WS trade #2990: KXNASCARRACE-DAY26-AJAL | yes | count=935.00 | yes=2c
Kalshi WS trade #2991: KXBUNDESLIGASPREAD-26FEB14VFBKOE-KOE2 | no | count=3.00 | yes=1c
Kalshi WS trade #2992: KXBTC15M-26FEB131000-00 | no | count=18.00 | yes=95c
Kalshi WS trade #2993: KXWTACHALLENGERMATCH-26FEB13CHWLAM-LAM | no | count=100.00 | yes=16c
Kalshi WS trade #2994: KXTRUMPMENTION-26FEB14-AMER | yes | count=5.00 | yes=48c
Kalshi WS trade #2995: KXATPCHALLENGERMATCH-26FEB13TRAMOR-MOR | yes | count=6.00 | yes=82c
Kalshi WS trade #2996: KXWOSBOARD-WSX26MEDAL-AALB | yes | count=20.00 | yes=9c
Poly WS trade #80: asset=11435008330551587660... | SELL | size=2300 | price=0.07
Kalshi WS trade #2997: KXCABOUT-29JAN-PBON | yes | count=4.00 | yes=24c
Kalshi WS trade #2998: KXBTC-26FEB1310-B67875 | yes | count=1.00 | yes=25c
Kalshi WS trade #2999: KXATPCHALLENGERMATCH-26FEB13LLAMIK-LLA | yes | count=32.00 | yes=89c
Kalshi WS trade #3000: KXATPCHALLENGERMATCH-26FEB13LLAMIK-MIK | no | count=915.00 | yes=11c
Kalshi WS trade #3001: KXBTC-26FEB1310-B67625 | yes | count=14.00 | yes=40c
Kalshi WS trade #3002: KXBTCD-26FEB1310-T67499.99 | yes | count=26.00 | yes=74c
Kalshi WS trade #3003: KXHIGHTDC-26FEB13-B40.5 | no | count=7.00 | yes=36c
Kalshi WS trade #3004: KXBTC-26FEB1310-B67875 | yes | count=1.00 | yes=26c
Kalshi WS trade #3005: KXATPCHALLENGERMATCH-26FEB13LLAMIK-LLA | no | count=1800.00 | yes=88c
Kalshi WS trade #3006: KXBTC-26FEB1310-B67625 | yes | count=88.00 | yes=40c
Kalshi WS trade #3007: KXBTC-26FEB1310-B67625 | yes | count=31.00 | yes=40c
Kalshi WS trade #3008: KXRT-CRI-90 | no | count=16.00 | yes=3c
Kalshi WS trade #3009: KXRT-CRI-90 | no | count=25.00 | yes=3c
Kalshi WS trade #3010: KXRT-CRI-90 | no | count=20.00 | yes=3c
Kalshi WS trade #3011: KXRT-CRI-90 | no | count=150.00 | yes=2c
Kalshi WS trade #3012: KXRT-CRI-90 | no | count=147.00 | yes=2c
Kalshi WS trade #3013: KXDOGED-26FEB1317-T0.0899999 | yes | count=1.00 | yes=93c
Kalshi WS trade #3014: KXWTACHALLENGERMATCH-26FEB13CHWLAM-LAM | yes | count=27.00 | yes=17c
Kalshi WS trade #3015: KXBTCD-26FEB1317-T64999.99 | yes | count=1.00 | yes=96c
Kalshi WS trade #3016: KXBTCD-26FEB1310-T67749.99 | yes | count=185.00 | yes=38c
Kalshi WS trade #3017: KXBTCD-26FEB1310-T67749.99 | yes | count=200.00 | yes=38c
Kalshi WS trade #3018: KXBTCD-26FEB1310-T67749.99 | yes | count=200.00 | yes=38c
Kalshi WS trade #3019: KXBTCD-26FEB1310-T67749.99 | yes | count=50.00 | yes=38c
Kalshi WS trade #3020: KXBTCD-26FEB1310-T67749.99 | yes | count=100.00 | yes=38c
Kalshi WS trade #3021: KXBTCD-26FEB1310-T67749.99 | yes | count=8.00 | yes=38c
Kalshi WS trade #3022: KXBTCD-26FEB1310-T67749.99 | yes | count=32.00 | yes=38c
Kalshi WS trade #3023: KXT20MATCH-26FEB13NEDUSA-USA | yes | count=36.00 | yes=82c
Kalshi WS trade #3024: KXATPMATCH-26FEB13DEVAN-DE | yes | count=161.00 | yes=49c
Kalshi WS trade #3025: KXNBAEAST-26-PHI | yes | count=10.00 | yes=8c
Kalshi WS trade #3026: KXCABOUT-29JAN-PBON | yes | count=98.00 | yes=24c
Kalshi WS trade #3027: KXBTCD-26FEB1310-T67999.99 | no | count=200.00 | yes=8c
Kalshi WS trade #3028: KXBTCD-26FEB1310-T67999.99 | no | count=7.00 | yes=7c
Kalshi WS trade #3029: KXBTC-26FEB1310-B67875 | yes | count=1.00 | yes=26c
Kalshi WS trade #3030: KXBTCD-26FEB1310-T67749.99 | no | count=15.00 | yes=37c
Kalshi WS trade #3031: KXNCAAMBGAME-26FEB14CLEMDUKE-DUKE | yes | count=3.00 | yes=88c
Kalshi WS trade #3032: KXNCAAMBGAME-26FEB14CLEMDUKE-DUKE | yes | count=33.00 | yes=89c
Kalshi WS trade #3033: KXMVESPORTSMULTIGAMEEXTENDED-S20265AF1BEDB1CB-48150B0B9B2 | yes | count=559.00 | yes=2c
Kalshi WS trade #3034: KXPGATOP20-ATPBP26-SSCH | yes | count=18.00 | yes=53c
Kalshi WS trade #3035: KXATPMATCH-26FEB13DEVAN-VAN | yes | count=91.00 | yes=53c
Kalshi WS trade #3036: KXWTAMATCH-26FEB13COCVEK-COC | yes | count=30.00 | yes=70c
Kalshi WS trade #3037: KXVALORANTGAME-26FEB13VITFNC-VIT | yes | count=33.00 | yes=1c
Kalshi WS trade #3038: KXHIGHNY-26FEB13-B39.5 | yes | count=6.00 | yes=37c
Kalshi WS trade #3039: KXNCAABMENTION-26FEB13MSUWIS-OVER | yes | count=14.00 | yes=64c
Kalshi WS trade #3040: KXBTCD-26FEB1310-T67749.99 | no | count=120.00 | yes=37c
Kalshi WS trade #3041: KXPGATOP5-ATPBP26-CGOT | yes | count=7.00 | yes=37c
Kalshi WS trade #3042: KXBTC-26FEB1310-B67125 | yes | count=50.00 | yes=6c
Kalshi WS trade #3043: KXBTC-26FEB1310-B67125 | yes | count=4.00 | yes=6c
Kalshi WS trade #3044: KXBTC-26FEB1310-B67125 | yes | count=47.00 | yes=7c
Kalshi WS trade #3045: KXBTCD-26FEB1310-T67999.99 | no | count=1.00 | yes=8c
Kalshi WS trade #3046: KXBTCD-26FEB1310-T67749.99 | no | count=80.00 | yes=37c
Kalshi WS trade #3047: KXVALORANTGAME-26FEB13BBLGM-BBL | yes | count=2.00 | yes=50c
Kalshi WS trade #3048: KXSERIEAGAME-26FEB13PISACM-ACM | yes | count=8.00 | yes=62c
Kalshi WS trade #3049: KXLIVTOUR-LIGA26-BDEC | yes | count=236.00 | yes=20c
Kalshi WS trade #3050: KXATPCHALLENGERMATCH-26FEB13LLAMIK-LLA | no | count=27.00 | yes=88c
Kalshi WS trade #3051: KXBTCD-26FEB1310-T67249.99 | yes | count=50.00 | yes=95c
Kalshi WS trade #3052: KXATPCHALLENGERMATCH-26FEB13GENMER-GEN | yes | count=102.00 | yes=28c
Kalshi WS trade #3053: KXWTAMATCH-26FEB13COCVEK-COC | no | count=4.00 | yes=69c
Kalshi WS trade #3054: KXBTC-26FEB1310-B67125 | no | count=100.00 | yes=4c
Kalshi WS trade #3055: KXBTC-26FEB1310-B67125 | no | count=80.00 | yes=4c
Kalshi WS trade #3056: KXGOVTSHUTDOWN-26FEB14 | yes | count=1.00 | yes=89c
Poly WS trade #81: asset=76489251550443972870... | BUY | size=5 | price=0.245
Kalshi WS trade #3057: KXT20MATCH-26FEB13NEDUSA-NED | yes | count=1.00 | yes=19c
Kalshi WS trade #3058: KXT20MATCH-26FEB13NEDUSA-NED | yes | count=19.00 | yes=19c
Kalshi WS trade #3059: KXT20MATCH-26FEB13NEDUSA-NED | yes | count=97.00 | yes=19c
Kalshi WS trade #3060: KXT20MATCH-26FEB13NEDUSA-NED | yes | count=7.00 | yes=19c
Kalshi WS trade #3061: KXT20MATCH-26FEB13NEDUSA-NED | yes | count=7.00 | yes=19c
Kalshi WS trade #3062: KXPGATOP5-ATPBP26-MFIT | yes | count=36.00 | yes=26c
Kalshi WS trade #3063: KXBTCD-26FEB1310-T67499.99 | no | count=17.00 | yes=72c
Kalshi WS trade #3064: KXETH-26FEB1310-B2000 | no | count=5.00 | yes=41c
Kalshi WS trade #3065: KXBTCD-26FEB1310-T67499.99 | yes | count=65.00 | yes=73c
Kalshi WS trade #3066: KXBTCD-26FEB1310-T67499.99 | yes | count=87.00 | yes=74c
Kalshi WS trade #3067: KXATPCHALLENGERMATCH-26FEB13TRAMOR-MOR | yes | count=50.00 | yes=84c
Kalshi WS trade #3068: KXATPMATCH-26FEB13DEVAN-DE | yes | count=200.00 | yes=48c
Kalshi WS trade #3069: KXATPMATCH-26FEB13DEVAN-DE | yes | count=500.00 | yes=48c
Kalshi WS trade #3070: KXETH15M-26FEB131000-00 | yes | count=2.00 | yes=91c
Kalshi WS trade #3071: KXETH15M-26FEB131000-00 | yes | count=325.00 | yes=91c
Kalshi WS trade #3072: KXATPMATCH-26FEB13DEVAN-DE | yes | count=20.00 | yes=48c
Kalshi WS trade #3073: KXSOL15M-26FEB131000-00 | yes | count=100.00 | yes=92c
Kalshi WS trade #3074: KXBTC15M-26FEB131000-00 | yes | count=25.00 | yes=97c
Kalshi WS trade #3075: KXT20MATCH-26FEB13NEDUSA-USA | yes | count=6.00 | yes=82c
Kalshi WS trade #3076: KXBTCD-26FEB1310-T67999.99 | no | count=1.00 | yes=8c
Kalshi WS trade #3077: KXBTC15M-26FEB131000-00 | yes | count=2.00 | yes=97c
Kalshi WS trade #3078: KXWTAMATCH-26FEB13OSTMBO-MBO | yes | count=5.00 | yes=69c
Kalshi WS trade #3079: KXBTCD-26FEB1310-T67749.99 | no | count=7.00 | yes=35c
Kalshi WS trade #3080: KXXRP15M-26FEB131000-00 | yes | count=2.00 | yes=85c
Kalshi WS trade #3081: KXBTCD-26FEB1310-T67499.99 | yes | count=13.00 | yes=75c
Kalshi WS trade #3082: KXATPCHALLENGERMATCH-26FEB13LLAMIK-MIK | yes | count=7.00 | yes=12c
Kalshi WS trade #3083: KXATPCHALLENGERMATCH-26FEB13LLAMIK-MIK | yes | count=247.00 | yes=13c
Kalshi WS trade #3084: KXETHD-26FEB1310-T1989.99 | yes | count=800.00 | yes=43c
Kalshi WS trade #3085: KXBTCD-26FEB1310-T67749.99 | no | count=8.00 | yes=35c
Kalshi WS trade #3086: KXBTCD-26FEB1310-T67499.99 | no | count=1.00 | yes=73c
Kalshi WS trade #3087: KXBTCD-26FEB1310-T67749.99 | yes | count=1.00 | yes=36c
Kalshi WS trade #3088: KXBTC-26FEB1310-B67875 | yes | count=1.00 | yes=26c
Kalshi WS trade #3089: KXETH15M-26FEB131000-00 | no | count=6.00 | yes=89c
Kalshi WS trade #3090: KXBTC-26FEB1310-B67875 | yes | count=50.00 | yes=27c
Kalshi WS trade #3091: KXBTC-26FEB1310-B67875 | yes | count=100.00 | yes=27c
Kalshi WS trade #3092: KXBTC-26FEB1310-B67875 | yes | count=1.00 | yes=27c
Kalshi WS trade #3093: KXBTC-26FEB1310-B68375 | no | count=10.00 | yes=2c
Kalshi WS trade #3094: KXATPMATCH-26FEB13DEVAN-DE | yes | count=13.00 | yes=48c
Kalshi WS trade #3095: KXSAUDIPLSPREAD-26FEB13SHAAAS-AAS2 | yes | count=19.00 | yes=49c
Kalshi WS trade #3096: KXBTCD-26FEB1310-T67749.99 | yes | count=20.00 | yes=37c
Kalshi WS trade #3097: KXBTCD-26FEB1310-T67749.99 | yes | count=58.00 | yes=37c
Kalshi WS trade #3098: KXBTC15M-26FEB131000-00 | no | count=20.00 | yes=97c
Kalshi WS trade #3099: KXBTC15M-26FEB131000-00 | no | count=9.00 | yes=96c
Kalshi WS trade #3100: KXLIVTOUR-LIGA26-JRAH | yes | count=2.00 | yes=56c
Kalshi WS trade #3101: KXMVESPORTSMULTIGAMEEXTENDED-S2026B35F8A23E62-5D7ADB2AF63 | yes | count=412.00 | yes=17c
Kalshi WS trade #3102: KXT20MATCH-26FEB13NEDUSA-NED | no | count=369.00 | yes=19c
Kalshi WS trade #3103: KXBTC-26FEB1310-B67375 | yes | count=2.00 | yes=19c
Kalshi WS trade #3104: KXBTC-26FEB1310-B67625 | no | count=200.00 | yes=39c
Kalshi WS trade #3105: KXGOVTSHUTDOWN-26FEB14 | no | count=7.00 | yes=88c
Kalshi WS trade #3106: KXBTCD-26FEB1317-T66499.99 | yes | count=10.00 | yes=83c
Kalshi WS trade #3107: KXSENATEILD-26-RKRI | yes | count=6.00 | yes=56c
Kalshi WS trade #3108: KXSENATEILD-26-RKRI | yes | count=34.00 | yes=56c
Kalshi WS trade #3109: KXBTCD-26FEB1310-T67999.99 | no | count=100.00 | yes=9c
Kalshi WS trade #3110: KXBTCD-26FEB1310-T67999.99 | no | count=1500.00 | yes=9c
Kalshi WS trade #3111: KXBTCD-26FEB1310-T67999.99 | no | count=200.00 | yes=9c
Kalshi WS trade #3112: KXBTCD-26FEB1310-T67999.99 | no | count=90.00 | yes=8c
Kalshi WS trade #3113: KXBTCD-26FEB1310-T67999.99 | no | count=50.00 | yes=8c
Kalshi WS trade #3114: KXBTCD-26FEB1310-T67999.99 | no | count=2000.00 | yes=8c
Kalshi WS trade #3115: KXATPMATCH-26FEB13DEVAN-DE | yes | count=9.00 | yes=48c
Kalshi WS trade #3116: KXATPMATCH-26FEB13DEVAN-DE | yes | count=89.00 | yes=48c
Kalshi WS trade #3117: KXBTC15M-26FEB131000-00 | no | count=1.00 | yes=96c
Kalshi WS trade #3118: KXBTC-26FEB1310-B67625 | no | count=200.00 | yes=39c
Kalshi WS trade #3119: KXATPCHALLENGERMATCH-26FEB13LLAMIK-MIK | no | count=70.00 | yes=11c
Kalshi WS trade #3120: KXNASCARRACE-DAY26-JOLO | yes | count=23.00 | yes=8c
Kalshi WS trade #3121: KXETH-26FEB1310-B1980 | yes | count=100.00 | yes=55c
Kalshi WS trade #3122: KXATPCHALLENGERMATCH-26FEB13LLAMIK-LLA | no | count=139.00 | yes=88c
Kalshi WS trade #3123: KXBTC-26FEB1310-B67625 | yes | count=47.00 | yes=40c
Kalshi WS trade #3124: KXWTACHALLENGERMATCH-26FEB13STEJOR-JOR | yes | count=8.00 | yes=41c
Kalshi WS trade #3125: KXBTCD-26FEB1310-T67999.99 | no | count=21.00 | yes=9c
Kalshi WS trade #3126: KXBTCD-26FEB1310-T68249.99 | no | count=1.00 | yes=2c
Kalshi WS trade #3127: KXNASCARRACE-FREFF26-LARI | yes | count=20.00 | yes=9c
Kalshi WS trade #3128: KXNASDAQ100U-26FEB13H1000-T24549.99 | no | count=15.00 | yes=95c
Kalshi WS trade #3129: KXT20MATCH-26FEB13NEDUSA-NED | yes | count=49.00 | yes=19c
Kalshi WS trade #3130: KXBTCD-26FEB1310-T67249.99 | yes | count=1.00 | yes=96c
Kalshi WS trade #3131: KXETH15M-26FEB131000-00 | yes | count=100.00 | yes=93c
Kalshi WS trade #3132: KXATPCHALLENGERMATCH-26FEB13LLAMIK-LLA | yes | count=16.00 | yes=89c
Kalshi WS trade #3133: KXINXU-26FEB13H1600-T6799.9999 | no | count=3.00 | yes=64c
Kalshi WS trade #3134: KXBTC15M-26FEB131000-00 | yes | count=225.00 | yes=98c
Kalshi WS trade #3135: KXNASDAQ100U-26FEB13H1000-T24669.99 | no | count=19.00 | yes=50c
Kalshi WS trade #3136: KXATPCHALLENGERMATCH-26FEB13TABECH-ECH | yes | count=12.00 | yes=38c
Kalshi WS trade #3137: KXEARNINGSMENTIONDKNG-26JUN30-CANA | yes | count=187.00 | yes=1c
Kalshi WS trade #3138: KXBTCD-26FEB1310-T68249.99 | no | count=1.00 | yes=2c
Kalshi WS trade #3139: KXBTC-26FEB1310-B67125 | no | count=50.00 | yes=4c
Kalshi WS trade #3140: KXBTC-26FEB1310-B67125 | no | count=113.00 | yes=3c
Kalshi WS trade #3141: KXBTCD-26FEB1310-T67749.99 | no | count=28.00 | yes=39c
Kalshi WS trade #3142: KXBTCD-26FEB1310-T68249.99 | no | count=187.00 | yes=2c
Kalshi WS trade #3143: KXBTCD-26FEB1310-T68249.99 | no | count=113.00 | yes=2c
Kalshi WS trade #3144: KXATPCHALLENGERMATCH-26FEB13LLAMIK-LLA | yes | count=13.00 | yes=89c
Kalshi WS trade #3145: KXATPCHALLENGERMATCH-26FEB13LLAMIK-LLA | no | count=21.00 | yes=88c
Kalshi WS trade #3146: KXBTCD-26FEB1310-T67249.99 | yes | count=1.00 | yes=96c
Kalshi WS trade #3147: KXBTCD-26FEB1310-T67749.99 | no | count=6.00 | yes=39c
Kalshi WS trade #3148: KXATPCHALLENGERMATCH-26FEB13TRAMOR-TRA | yes | count=6.00 | yes=15c
Kalshi WS trade #3149: KXWTAMATCH-26FEB13COCVEK-VEK | yes | count=10.00 | yes=30c
Kalshi WS trade #3150: KXINXU-26FEB13H1000-T6829.9999 | no | count=2.00 | yes=34c
Kalshi WS trade #3151: KXSAUDIPLGAME-26FEB13SHAAAS-TIE | yes | count=187.00 | yes=5c
Kalshi WS trade #3152: KXBTCD-26FEB1310-T67749.99 | no | count=100.00 | yes=39c
Kalshi WS trade #3153: KXBTC15M-26FEB131000-00 | no | count=16.00 | yes=96c
Kalshi WS trade #3154: KXATPCHALLENGERMATCH-26FEB13TRAMOR-MOR | yes | count=20.00 | yes=86c
Kalshi WS trade #3155: KXATPCHALLENGERMATCH-26FEB13TRAMOR-MOR | yes | count=33.00 | yes=86c
Kalshi WS trade #3156: KXATPCHALLENGERMATCH-26FEB13TRAMOR-MOR | yes | count=4.00 | yes=86c
Kalshi WS trade #3157: KXINXU-26FEB13H1000-T6839.9999 | no | count=20.00 | yes=9c
Kalshi WS trade #3158: KXPGATOUR-ATPBP26-RHIS | yes | count=234.00 | yes=8c
Kalshi WS trade #3159: KXETHD-26FEB1310-T1949.99 | yes | count=50.00 | yes=99c
Kalshi WS trade #3160: KXBTC-26FEB1310-B66625 | no | count=11.00 | yes=1c
Kalshi WS trade #3161: KXATPCHALLENGERMATCH-26FEB13LLAMIK-MIK | yes | count=2900.00 | yes=13c
Kalshi WS trade #3162: KXDOTA2GAME-26FEB13LIQUIDFLC-LIQUID | yes | count=5.00 | yes=42c
Kalshi WS trade #3163: KXDOTA2GAME-26FEB13LIQUIDFLC-LIQUID | yes | count=40.00 | yes=42c
Kalshi WS trade #3164: KXBTCD-26FEB1310-T67249.99 | yes | count=1.00 | yes=96c
Kalshi WS trade #3165: KXETH-26FEB1310-B1980 | yes | count=50.00 | yes=55c
Kalshi WS trade #3166: KXETHD-26FEB1310-T1989.99 | no | count=50.00 | yes=44c
Kalshi WS trade #3167: KXMVESPORTSMULTIGAMEEXTENDED-S202698478355E6A-78B86E60233 | yes | count=19.00 | yes=4c
Kalshi WS trade #3168: KXWTACHALLENGERMATCH-26FEB13STEJOR-STE | no | count=40.00 | yes=58c
Kalshi WS trade #3169: KXBTCD-26FEB1310-T68249.99 | no | count=1.00 | yes=1c
Kalshi WS trade #3170: KXDOTA2GAME-26FEB13LIQUIDFLC-FLC | no | count=5.00 | yes=61c
Kalshi WS trade #3171: KXWOSSKATE-M10K26MEDAL-TLOU | yes | count=23.00 | yes=20c
Kalshi WS trade #3172: KXPGATOP20-ATPBP26-MFIT | yes | count=111.00 | yes=68c
Kalshi WS trade #3173: KXBTCD-26FEB1310-T67249.99 | yes | count=1.00 | yes=96c
Kalshi WS trade #3174: KXATPMATCH-26FEB13DEVAN-DE | yes | count=106.00 | yes=48c
Kalshi WS trade #3175: KXNBAALLSTARGAME-26-WORLD | no | count=22.00 | yes=38c
Kalshi WS trade #3176: KXNBAALLSTARGAME-26-WORLD | no | count=18.00 | yes=37c
Kalshi WS trade #3177: KXATPMATCH-26FEB13DEVAN-VAN | yes | count=12.00 | yes=55c
Kalshi WS trade #3178: KXBTCD-26FEB1310-T68249.99 | yes | count=1.00 | yes=2c
Kalshi WS trade #3179: KXBTCD-26FEB1310-T68249.99 | yes | count=100.00 | yes=2c
Kalshi WS trade #3180: KXBTCD-26FEB1310-T68249.99 | yes | count=15.00 | yes=2c
Kalshi WS trade #3181: KXATPMATCH-26FEB13DEVAN-DE | yes | count=96.00 | yes=48c
Kalshi WS trade #3182: KXATPMATCH-26FEB13DEVAN-DE | yes | count=108.00 | yes=48c
Kalshi WS trade #3183: KXHIGHCHI-26FEB13-T48 | yes | count=16.00 | yes=4c
Kalshi WS trade #3184: KXWOHOCKEY-WOMEN26CGOLD-CHE | yes | count=33.00 | yes=1c
Kalshi WS trade #3185: KXNBA3PTCONTEST-26-JMUR | yes | count=13.00 | yes=14c
Kalshi WS trade #3186: KXATPCHALLENGERMATCH-26FEB13LLAMIK-MIK | no | count=11.00 | yes=11c
Kalshi WS trade #3187: KXWOFSKATE-MENS26GOLD-YKAG | yes | count=94.00 | yes=10c
Kalshi WS trade #3188: KXETHD-26FEB1310-T1989.99 | yes | count=50.00 | yes=47c
Kalshi WS trade #3189: KXBTCD-26FEB1310-T67999.99 | yes | count=100.00 | yes=10c
Kalshi WS trade #3190: KXSOLD-26FEB1310-T81.9999 | yes | count=4.00 | yes=21c
Kalshi WS trade #3191: KXSOLE-26FEB1310-B81 | yes | count=4.00 | yes=67c
Kalshi WS trade #3192: KXSOLD-26FEB1310-T80.9999 | no | count=4.00 | yes=95c
Kalshi WS trade #3193: KXATPCHALLENGERMATCH-26FEB13LLAMIK-MIK | no | count=312.00 | yes=11c
Kalshi WS trade #3194: KXETH-26FEB1310-B2000 | yes | count=50.00 | yes=47c
Kalshi WS trade #3195: KXATPCHALLENGERMATCH-26FEB13LLAMIK-LLA | no | count=15.00 | yes=88c
Kalshi WS trade #3196: KXBTCD-26FEB1317-T66999.99 | yes | count=100.00 | yes=73c
Kalshi WS trade #3197: KXWTAMATCH-26FEB13COCVEK-VEK | no | count=15.00 | yes=31c
Kalshi WS trade #3198: KXWTAMATCH-26FEB13COCVEK-VEK | no | count=135.00 | yes=28c
Kalshi WS trade #3199: KXWTACHALLENGERMATCH-26FEB13CHWLAM-CHW | yes | count=1.00 | yes=86c
Kalshi WS trade #3200: KXNCAAMBGAME-26FEB13MSUWIS-MSU | yes | count=8.00 | yes=56c
Kalshi WS trade #3201: KXBTCD-26FEB1310-T68249.99 | no | count=1.00 | yes=2c
Kalshi WS trade #3202: KXBTCD-26FEB1310-T68249.99 | no | count=1.00 | yes=2c
Kalshi WS trade #3203: KXATPCHALLENGERMATCH-26FEB13TRAMOR-TRA | yes | count=1.00 | yes=15c
Kalshi WS trade #3204: KXBTCD-26FEB1310-T67999.99 | yes | count=69.00 | yes=11c
Kalshi WS trade #3205: KXBTC-26FEB1310-B67625 | no | count=181.00 | yes=38c
Kalshi WS trade #3206: KXBTC-26FEB1310-B67875 | yes | count=200.00 | yes=31c
Kalshi WS trade #3207: KXBTC-26FEB1310-B67875 | yes | count=200.00 | yes=31c
Kalshi WS trade #3208: KXBTCD-26FEB1310-T67249.99 | yes | count=1.00 | yes=97c
Kalshi WS trade #3209: KXBTCD-26FEB1310-T67249.99 | yes | count=1.00 | yes=97c
Kalshi WS trade #3210: KXT20MATCH-26FEB13NEDUSA-USA | yes | count=52.00 | yes=82c
Kalshi WS trade #3211: KXT20MATCH-26FEB13NEDUSA-USA | yes | count=48.00 | yes=82c
Kalshi WS trade #3212: KXATPCHALLENGERMATCH-26FEB13TRAMOR-TRA | yes | count=2.00 | yes=15c
Kalshi WS trade #3213: KXBTCD-26FEB1310-T68249.99 | no | count=1.00 | yes=2c
Kalshi WS trade #3214: KXPGATOUR-ATPBP26-KBRA | yes | count=9.00 | yes=9c
Kalshi WS trade #3215: KXWTAMATCH-26FEB13COCVEK-COC | yes | count=29.00 | yes=73c
Kalshi WS trade #3216: KXWTAMATCH-26FEB13COCVEK-COC | yes | count=24.00 | yes=73c
Kalshi WS trade #3217: KXXRP15M-26FEB131000-00 | no | count=43.00 | yes=85c
Kalshi WS trade #3218: KXETHD-26FEB1310-T1989.99 | no | count=100.00 | yes=47c
Kalshi WS trade #3219: KXNBARISINGSTARS-26-TMAC | yes | count=52.00 | yes=35c
Kalshi WS trade #3220: KXBTCD-26FEB1310-T67249.99 | yes | count=1.00 | yes=97c
Kalshi WS trade #3221: KXWTAMATCH-26FEB13COCVEK-VEK | no | count=44.00 | yes=28c
Kalshi WS trade #3222: KXSOLD-26FEB1310-T80.9999 | no | count=4.00 | yes=95c
Kalshi WS trade #3223: KXSOLD-26FEB1310-T81.9999 | yes | count=4.00 | yes=20c
Kalshi WS trade #3224: KXSOLE-26FEB1310-B81 | yes | count=4.00 | yes=67c
Kalshi WS trade #3225: KXVALORANTGAME-26FEB13VITFNC-FNC | no | count=172.00 | yes=99c
Kalshi WS trade #3226: KXATPCHALLENGERMATCH-26FEB13LLAMIK-MIK | yes | count=362.00 | yes=13c
Kalshi WS trade #3227: KXATPCHALLENGERMATCH-26FEB13TRAMOR-MOR | yes | count=96.00 | yes=86c
Kalshi WS trade #3228: KXATPCHALLENGERMATCH-26FEB13TRAMOR-MOR | yes | count=4.00 | yes=86c
Kalshi WS trade #3229: KXATPCHALLENGERMATCH-26FEB13TRAMOR-MOR | yes | count=605.00 | yes=87c
Kalshi WS trade #3230: KXINXU-26FEB13H1000-T6814.9999 | yes | count=10.00 | yes=80c
Kalshi WS trade #3231: KXATPMATCH-26FEB13DEVAN-DE | yes | count=8.00 | yes=48c
Kalshi WS trade #3232: KXATPMATCH-26FEB13DEVAN-DE | yes | count=201.00 | yes=48c
Kalshi WS trade #3233: KXLOWTMIA-26FEB13-B59.5 | no | count=1.00 | yes=9c
Kalshi WS trade #3234: KXETH-26FEB1310-B2000 | no | count=50.00 | yes=45c
Kalshi WS trade #3235: KXBTCD-26FEB1310-T67249.99 | yes | count=100.00 | yes=96c
Kalshi WS trade #3236: KXBTCD-26FEB1310-T67249.99 | yes | count=60.00 | yes=97c
Kalshi WS trade #3237: KXNCAAMBGAME-26FEB13MSUWIS-WIS | yes | count=20.00 | yes=47c
Kalshi WS trade #3238: KXATPCHALLENGERMATCH-26FEB13LLAMIK-MIK | no | count=752.00 | yes=11c
Poly WS trade #82: asset=85285091029101061598... | SELL | size=167 | price=0.997
Kalshi WS trade #3239: KXBTC15M-26FEB131000-00 | no | count=7.00 | yes=96c
Kalshi WS trade #3240: KXBTC15M-26FEB131000-00 | no | count=16.00 | yes=96c
Kalshi WS trade #3241: KXATPMATCH-26FEB13DEVAN-VAN | no | count=40.00 | yes=52c
Kalshi WS trade #3242: KXBTCD-26FEB1310-T67999.99 | no | count=162.00 | yes=9c
Kalshi WS trade #3243: KXBTCD-26FEB1310-T67749.99 | yes | count=100.00 | yes=40c
Kalshi WS trade #3244: KXSENATETXR-26-JC | no | count=3.00 | yes=22c
Kalshi WS trade #3245: KXSENATETXR-26-WHUN | no | count=1.00 | yes=8c
Kalshi WS trade #3246: KXSENATETXD-26-JCRO | no | count=29.00 | yes=38c
Poly WS trade #83: asset=20939351535690701474... | BUY | size=47.24 | price=0.967
Kalshi WS trade #3247: KXSOLD-26FEB1310-T80.9999 | no | count=42.00 | yes=95c
Kalshi WS trade #3248: KXSOLE-26FEB1310-B81 | yes | count=42.00 | yes=67c
Kalshi WS trade #3249: KXSOLD-26FEB1310-T81.9999 | yes | count=42.00 | yes=21c
Kalshi WS trade #3250: KXWTAMATCH-26FEB13COCVEK-VEK | yes | count=29.00 | yes=32c
Kalshi WS trade #3251: KXBTC15M-26FEB131000-00 | yes | count=1.00 | yes=98c
Kalshi WS trade #3252: KXATPCHALLENGERMATCH-26FEB13LLAMIK-MIK | no | count=15.00 | yes=11c
Kalshi WS trade #3253: KXBTC-26FEB1310-B67625 | yes | count=21.00 | yes=39c
Kalshi WS trade #3254: KXATPCHALLENGERMATCH-26FEB13GENMER-GEN | yes | count=30.00 | yes=28c
Kalshi WS trade #3255: KXBTC15M-26FEB131000-00 | yes | count=3.00 | yes=98c
Kalshi WS trade #3256: KXBTC15M-26FEB131000-00 | no | count=23.00 | yes=97c
Kalshi WS trade #3257: KXVALORANTGAME-26FEB13BBLGM-BBL | yes | count=107.00 | yes=51c
Kalshi WS trade #3258: KXVALORANTGAME-26FEB13BBLGM-BBL | yes | count=11.00 | yes=51c
Kalshi WS trade #3259: KXBTC-26FEB1310-B67875 | yes | count=200.00 | yes=31c
Kalshi WS trade #3260: KXBTC-26FEB1310-B67875 | yes | count=98.00 | yes=31c
Kalshi WS trade #3261: KXBTC-26FEB1310-B67875 | yes | count=200.00 | yes=31c
Kalshi WS trade #3262: KXWTACHALLENGERMATCH-26FEB13CHWLAM-LAM | yes | count=1.00 | yes=16c
Kalshi WS trade #3263: KXATTENDSOTU-CMUR | yes | count=20.00 | yes=66c
Kalshi WS trade #3264: KXBTCD-26FEB1310-T67499.99 | no | count=100.00 | yes=79c
Kalshi WS trade #3265: KXBTCD-26FEB1310-T67499.99 | no | count=700.00 | yes=78c
Kalshi WS trade #3266: KXBTCD-26FEB1310-T67749.99 | no | count=45.00 | yes=42c
Kalshi WS trade #3267: KXBTCD-26FEB1310-T67749.99 | no | count=3.00 | yes=42c
Kalshi WS trade #3268: KXWOSSKATE-M10K26GOLD-DGHI | no | count=3.00 | yes=54c
Kalshi WS trade #3269: KXWOSSKATE-M10K26GOLD-DGHI | no | count=22.00 | yes=53c
Kalshi WS trade #3270: KXNASDAQ100U-26FEB13H1000-T24679.99 | no | count=4.00 | yes=51c
Kalshi WS trade #3271: KXSAUDIPLGAME-26FEB13SHAAAS-TIE | yes | count=75.00 | yes=5c
Kalshi WS trade #3272: KXBTCD-26FEB1310-T67249.99 | no | count=117.00 | yes=95c
Kalshi WS trade #3273: KXATPMATCH-26FEB13DEVAN-VAN | yes | count=200.00 | yes=54c
Kalshi WS trade #3274: KXATPCHALLENGERMATCH-26FEB13LLAMIK-MIK | no | count=191.00 | yes=11c
Kalshi WS trade #3275: KXNCAAMBSPREAD-26FEB13UNLVBSU-BSU3 | yes | count=1.00 | yes=79c
Kalshi WS trade #3276: KXBTC15M-26FEB131000-00 | no | count=1.00 | yes=97c
Kalshi WS trade #3277: KXBTCD-26FEB1310-T67499.99 | no | count=43.00 | yes=79c
Kalshi WS trade #3278: KXATPMATCH-26FEB13DEVAN-DE | yes | count=3080.00 | yes=48c
Kalshi WS trade #3279: KXATPMATCH-26FEB13DEVAN-DE | yes | count=555.00 | yes=48c
Kalshi WS trade #3280: KXATPMATCH-26FEB13DEVAN-DE | yes | count=500.00 | yes=48c
Kalshi WS trade #3281: KXATPMATCH-26FEB13DEVAN-VAN | yes | count=246.00 | yes=54c
Kalshi WS trade #3282: KXWTAMATCH-26FEB13COCVEK-COC | no | count=9.00 | yes=67c
Kalshi WS trade #3283: KXWTAMATCH-26FEB13COCVEK-COC | no | count=187.00 | yes=67c
Kalshi WS trade #3284: KXWTAMATCH-26FEB13COCVEK-COC | no | count=20.00 | yes=67c
Kalshi WS trade #3285: KXWTAMATCH-26FEB13COCVEK-COC | no | count=7.00 | yes=67c
Kalshi WS trade #3286: KXBTCD-26FEB1310-T67999.99 | no | count=36.00 | yes=10c
Kalshi WS trade #3287: KXCABOUT-29JAN-KNOE | yes | count=33.00 | yes=18c
Kalshi WS trade #3288: KXCABOUT-29JAN-KNOE | yes | count=71.00 | yes=19c
Kalshi WS trade #3289: KXCABOUT-29JAN-KNOE | yes | count=3.00 | yes=19c
Kalshi WS trade #3290: KXATPCHALLENGERMATCH-26FEB13LLAMIK-MIK | no | count=54.00 | yes=11c
Kalshi WS trade #3291: KXBTC15M-26FEB131000-00 | yes | count=1.00 | yes=98c
Kalshi WS trade #3292: KXGOVTSHUTDOWN-26FEB14 | yes | count=50.00 | yes=89c
Kalshi WS trade #3293: KXATPCHALLENGERMATCH-26FEB13TABECH-TAB | no | count=20.00 | yes=64c
Kalshi WS trade #3294: KXBERNIEMENTION-26FEB14-IMMI | yes | count=33.00 | yes=47c
Kalshi WS trade #3295: KXBERNIEMENTION-26FEB14-IMMI | yes | count=89.00 | yes=48c
Kalshi WS trade #3296: KXBERNIEMENTION-26FEB14-IMMI | yes | count=243.00 | yes=48c
Kalshi WS trade #3297: KXBERNIEMENTION-26FEB14-IMMI | yes | count=224.00 | yes=49c
Kalshi WS trade #3298: KXATPCHALLENGERMATCH-26FEB13LLAMIK-LLA | yes | count=6.00 | yes=89c
Kalshi WS trade #3299: KXATPCHALLENGERMATCH-26FEB13LLAMIK-MIK | yes | count=145.00 | yes=13c
Kalshi WS trade #3300: KXBTCD-26FEB1317-T65999.99 | no | count=56.00 | yes=87c
Kalshi WS trade #3301: KXBTCD-26FEB1317-T65999.99 | no | count=44.00 | yes=87c
Kalshi WS trade #3302: KXETH15M-26FEB131000-00 | yes | count=317.00 | yes=94c
Kalshi WS trade #3303: KXETH15M-26FEB131000-00 | yes | count=47.00 | yes=94c
Kalshi WS trade #3304: KXATPCHALLENGERMATCH-26FEB13LLAMIK-LLA | no | count=252.00 | yes=88c
Kalshi WS trade #3305: KXATPCHALLENGERMATCH-26FEB13LLAMIK-LLA | no | count=372.00 | yes=88c
Kalshi WS trade #3306: KXATPMATCH-26FEB13DEVAN-VAN | no | count=38.00 | yes=52c
Kalshi WS trade #3307: KXATPMATCH-26FEB13DEVAN-VAN | no | count=11.00 | yes=51c
Kalshi WS trade #3308: KXNCAAMBGAME-26FEB13MSUWIS-WIS | no | count=69.00 | yes=46c
Kalshi WS trade #3309: KXNCAAMBSPREAD-26FEB13MSUWIS-MSU1 | no | count=69.00 | yes=55c
Kalshi WS trade #3310: KXBTCD-26FEB1310-T67499.99 | yes | count=100.00 | yes=81c
Kalshi WS trade #3311: KXATPCHALLENGERMATCH-26FEB13LLAMIK-MIK | yes | count=72.00 | yes=13c
Kalshi WS trade #3312: KXBTCD-26FEB1310-T66999.99 | no | count=100.00 | yes=99c
Kalshi WS trade #3313: KXLALIGASPREAD-26FEB14RMARSO-RSO1 | no | count=2.00 | yes=3c
Kalshi WS trade #3314: KXMVESPORTSMULTIGAMEEXTENDED-S2026A9937C5F65E-A58E3F82DCB | yes | count=5494.00 | yes=1c
Kalshi WS trade #3315: KXLALIGASPREAD-26FEB14RMARSO-RSO2 | no | count=1.00 | yes=1c
Kalshi WS trade #3316: KXBTCD-26FEB1310-T67749.99 | no | count=41.00 | yes=45c
Kalshi WS trade #3317: KXETHD-26FEB1310-T1989.99 | yes | count=50.00 | yes=50c
Kalshi WS trade #3318: KXBTC-26FEB1310-B67625 | no | count=61.00 | yes=37c
Kalshi WS trade #3319: KXTRUMPACT-26FEB07-26FEB13 | no | count=2.00 | yes=43c
Kalshi WS trade #3320: KXTRUMPACT-26FEB07-26FEB13 | no | count=62.00 | yes=42c
Kalshi WS trade #3321: KXTRUMPACT-26FEB07-26FEB13 | no | count=4.00 | yes=42c
Kalshi WS trade #3322: KXATPCHALLENGERMATCH-26FEB13LLAMIK-MIK | no | count=130.00 | yes=11c
Kalshi WS trade #3323: KXATPCHALLENGERMATCH-26FEB13TABECH-ECH | yes | count=25.00 | yes=42c
Kalshi WS trade #3324: KXPGATOUR-ATPBP26-CGOT | yes | count=25.00 | yes=11c
Kalshi WS trade #3325: KXBTCD-26FEB1317-T66999.99 | no | count=100.00 | yes=71c
Kalshi WS trade #3326: KXBTCD-26FEB1317-T66999.99 | no | count=90.00 | yes=71c
Kalshi WS trade #3327: KXBTCD-26FEB1317-T66999.99 | no | count=190.00 | yes=71c
Kalshi WS trade #3328: KXBTCD-26FEB1310-T67499.99 | no | count=25.00 | yes=81c
Kalshi WS trade #3329: KXBTCD-26FEB1310-T67749.99 | no | count=71.00 | yes=46c
Kalshi WS trade #3330: KXBTCD-26FEB1310-T67749.99 | no | count=82.00 | yes=45c
Kalshi WS trade #3331: KXWTAMATCH-26FEB13COCVEK-COC | yes | count=18.00 | yes=72c
Kalshi WS trade #3332: KXBTCD-26FEB1310-T67499.99 | yes | count=29.00 | yes=83c
Kalshi WS trade #3333: KXATPCHALLENGERMATCH-26FEB13LLAMIK-MIK | yes | count=10.00 | yes=13c
Kalshi WS trade #3334: KXATPCHALLENGERMATCH-26FEB13LLAMIK-MIK | no | count=7.00 | yes=11c
Kalshi WS trade #3335: KXBTCD-26FEB1310-T67749.99 | no | count=2.00 | yes=46c
Kalshi WS trade #3336: KXT20MATCH-26FEB13NEDUSA-NED | no | count=1537.00 | yes=18c
Kalshi WS trade #3337: KXT20MATCH-26FEB13NEDUSA-NED | no | count=500.00 | yes=18c
Kalshi WS trade #3338: KXT20MATCH-26FEB13NEDUSA-NED | no | count=200.00 | yes=18c
Kalshi WS trade #3339: KXATPCHALLENGERMATCH-26FEB13LLAMIK-MIK | no | count=8.00 | yes=11c
Kalshi WS trade #3340: KXSAUDIPLGAME-26FEB13SHAAAS-TIE | yes | count=187.00 | yes=5c
Kalshi WS trade #3341: KXLIVTOUR-LIGA26-AKIM | yes | count=62.00 | yes=3c
Kalshi WS trade #3342: KXETH15M-26FEB131000-00 | no | count=2.00 | yes=94c
Kalshi WS trade #3343: KXETH15M-26FEB131000-00 | no | count=9.00 | yes=93c
Kalshi WS trade #3344: KXATPCHALLENGERMATCH-26FEB13LLAMIK-MIK | no | count=10.00 | yes=11c
Kalshi WS trade #3345: KXWOCURLGAME-26FEB13CHNCHE-CHN | no | count=4.00 | yes=14c
Kalshi WS trade #3346: KXWOCURLGAME-26FEB13CHNCHE-CHN | no | count=2.00 | yes=13c
Kalshi WS trade #3347: KXWOCURLGAME-26FEB13CHNCHE-CHN | no | count=7.00 | yes=10c
Kalshi WS trade #3348: KXWOSBOARD-MHP26MEDAL-AHIR | yes | count=47.00 | yes=30c
Kalshi WS trade #3349: KXBTCD-26FEB1310-T67499.99 | yes | count=61.00 | yes=83c
Kalshi WS trade #3350: KXWOCURLGAME-26FEB13CHNCHE-CHE | yes | count=4.00 | yes=72c
Kalshi WS trade #3351: KXATPCHALLENGERMATCH-26FEB13LLAMIK-MIK | no | count=141.00 | yes=11c
Kalshi WS trade #3352: KXATPCHALLENGERMATCH-26FEB13LLAMIK-MIK | no | count=41.00 | yes=11c
Kalshi WS trade #3353: KXBTC15M-26FEB131000-00 | yes | count=167.00 | yes=98c
Kalshi WS trade #3354: KXATPCHALLENGERMATCH-26FEB13TABECH-ECH | yes | count=11.00 | yes=41c
Kalshi WS trade #3355: KXINXU-26FEB13H1000-T6839.9999 | yes | count=20.00 | yes=19c
Kalshi WS trade #3356: KXATPMATCH-26FEB13SHADAV-SHA | yes | count=129.00 | yes=56c
Kalshi WS trade #3357: KXBTC-26FEB1310-B67625 | no | count=50.00 | yes=35c
Kalshi WS trade #3358: KXBTC-26FEB1310-B67625 | no | count=47.00 | yes=35c
Kalshi WS trade #3359: KXETHD-26FEB1310-T1989.99 | yes | count=4.00 | yes=56c
Kalshi WS trade #3360: KXBTCD-26FEB1310-T67749.99 | yes | count=90.00 | yes=49c
Kalshi WS trade #3361: KXBTC15M-26FEB131000-00 | yes | count=116.00 | yes=98c
Kalshi WS trade #3362: KXBTCD-26FEB1310-T67499.99 | no | count=21.00 | yes=83c
Kalshi WS trade #3363: KXBTCD-26FEB1310-T67749.99 | yes | count=90.00 | yes=50c
Kalshi WS trade #3364: KXBTCD-26FEB1310-T67999.99 | yes | count=69.00 | yes=14c
Kalshi WS trade #3365: KXETH15M-26FEB131000-00 | yes | count=5.00 | yes=95c
Kalshi WS trade #3366: KXXRP15M-26FEB131000-00 | yes | count=51.00 | yes=89c
Kalshi WS trade #3367: KXLAXSNOWM-26FEB-0.1 | yes | count=233.00 | yes=2c
Kalshi WS trade #3368: KXBTCD-26FEB1310-T67749.99 | no | count=50.00 | yes=52c
Kalshi WS trade #3369: KXBTCD-26FEB1317-T68999.99 | yes | count=3.00 | yes=17c
Kalshi WS trade #3370: KXBTCD-26FEB1310-T67749.99 | no | count=21.00 | yes=53c
Kalshi WS trade #3371: KXBTCD-26FEB1310-T67999.99 | no | count=50.00 | yes=16c
Kalshi WS trade #3372: KXETH-26FEB1310-B2000 | yes | count=15.00 | yes=57c
Kalshi WS trade #3373: KXETHD-26FEB1310-T1989.99 | yes | count=50.00 | yes=59c
Kalshi WS trade #3374: KXNETFLIXRANKSHOW-26FEB16-ISI | yes | count=6.00 | yes=1c
Kalshi WS trade #3375: KXINXU-26FEB13H1000-T6809.9999 | yes | count=30.00 | yes=94c
Kalshi WS trade #3376: KXBTC-26FEB1310-B67625 | no | count=200.00 | yes=34c
Kalshi WS trade #3377: KXETH-26FEB1310-B2000 | no | count=50.00 | yes=61c
Kalshi WS trade #3378: KXGOVTSHUTDOWN-26FEB14 | no | count=100.00 | yes=88c
Kalshi WS trade #3379: KXHIGHTDC-26FEB13-B42.5 | yes | count=4.00 | yes=31c
Kalshi WS trade #3380: KXHIGHTDC-26FEB13-B42.5 | yes | count=3.00 | yes=31c
Kalshi WS trade #3381: KXXRP15M-26FEB131000-00 | no | count=50.00 | yes=90c
Kalshi WS trade #3382: KXXRP15M-26FEB131000-00 | no | count=54.00 | yes=89c
Kalshi WS trade #3383: KXBTCD-26FEB1310-T67499.99 | yes | count=50.00 | yes=86c
Kalshi WS trade #3384: KXBTCD-26FEB1310-T67499.99 | yes | count=90.00 | yes=86c
Kalshi WS trade #3385: KXBTC-26FEB1310-B67625 | no | count=200.00 | yes=33c
Kalshi WS trade #3386: KXWO-GOLD-26-NOR | yes | count=5.00 | yes=86c
Kalshi WS trade #3387: KXSAUDIPLGAME-26FEB13SHAAAS-TIE | yes | count=187.00 | yes=5c
Kalshi WS trade #3388: KXBTCD-26FEB1310-T68249.99 | yes | count=15.00 | yes=4c
Kalshi WS trade #3389: KXBTC15M-26FEB131000-00 | no | count=3.00 | yes=97c
Kalshi WS trade #3390: KXBTC15M-26FEB131000-00 | no | count=28.00 | yes=97c
Kalshi WS trade #3391: KXBTC15M-26FEB131000-00 | no | count=472.00 | yes=97c
Kalshi WS trade #3392: KXBTC15M-26FEB131000-00 | no | count=200.00 | yes=97c
Kalshi WS trade #3393: KXBTC15M-26FEB131000-00 | no | count=150.00 | yes=96c
Kalshi WS trade #3394: KXBTC15M-26FEB131000-00 | no | count=25.00 | yes=96c
Kalshi WS trade #3395: KXBTC15M-26FEB131000-00 | no | count=100.00 | yes=96c
Kalshi WS trade #3396: KXBTC15M-26FEB131000-00 | no | count=53.00 | yes=96c
Kalshi WS trade #3397: KXBTC-26FEB1310-B67125 | yes | count=200.00 | yes=4c
Kalshi WS trade #3398: KXBTC-26FEB1310-B67125 | yes | count=68.00 | yes=4c
Kalshi WS trade #3399: KXSAUDIPLGAME-26FEB13SHAAAS-TIE | yes | count=75.00 | yes=5c
Poly WS trade #84: asset=11396725528572998309... | BUY | size=11562.61 | price=0.005
Poly WS trade #85: asset=20939351535690701474... | SELL | size=5.17 | price=0.966
Kalshi WS trade #3400: KXWOSBOARD-MHP26MEDAL-RYAM | yes | count=74.00 | yes=45c
Kalshi WS trade #3401: KXATTENDSOTU-BTRU | yes | count=36.00 | yes=53c
Kalshi WS trade #3402: KXBTCD-26FEB1310-T67749.99 | no | count=45.00 | yes=55c
Kalshi WS trade #3403: KXATPMATCH-26FEB13DEVAN-VAN | yes | count=8.00 | yes=58c
Kalshi WS trade #3404: KXMVESPORTSMULTIGAMEEXTENDED-S2026F54F65AC2B1-66EA16698E3 | yes | count=31.00 | yes=9c
Kalshi WS trade #3405: KXBTC-26FEB1310-B67625 | yes | count=50.00 | yes=33c
Kalshi WS trade #3406: KXATPCHALLENGERMATCH-26FEB13LLAMIK-MIK | yes | count=36.00 | yes=13c
Kalshi WS trade #3407: KXBTCD-26FEB1310-T67999.99 | no | count=22.00 | yes=16c
Kalshi WS trade #3408: KXT20MATCH-26FEB13NEDUSA-NED | yes | count=133.00 | yes=19c
Kalshi WS trade #3409: KXT20MATCH-26FEB13NEDUSA-NED | yes | count=7.00 | yes=19c
Kalshi WS trade #3410: KXT20MATCH-26FEB13NEDUSA-NED | yes | count=43.00 | yes=20c
Kalshi WS trade #3411: KXT20MATCH-26FEB13NEDUSA-NED | yes | count=14.00 | yes=20c
Kalshi WS trade #3412: KXT20MATCH-26FEB13NEDUSA-NED | yes | count=18.00 | yes=20c
Kalshi WS trade #3413: KXT20MATCH-26FEB13NEDUSA-NED | yes | count=48.00 | yes=20c
Kalshi WS trade #3414: KXT20MATCH-26FEB13NEDUSA-NED | yes | count=11.00 | yes=20c
Kalshi WS trade #3415: KXT20MATCH-26FEB13NEDUSA-NED | yes | count=206.00 | yes=20c
Kalshi WS trade #3416: KXBTCD-26FEB1310-T67749.99 | no | count=5.00 | yes=55c
Kalshi WS trade #3417: KXTRUMPMENTION-26FEB14-BIDE | no | count=20.00 | yes=78c
Kalshi WS trade #3418: KXTRUMPMENTION-26FEB14-BIDE | no | count=15.00 | yes=77c
Kalshi WS trade #3419: KXTRUMPMENTION-26FEB14-BIDE | no | count=6.00 | yes=76c
Kalshi WS trade #3420: KXBTCD-26FEB1317-T66999.99 | no | count=10.00 | yes=72c
Kalshi WS trade #3421: KXBTC-26FEB1310-B67625 | no | count=150.00 | yes=34c
Kalshi WS trade #3422: KXBSLGAME-26FEB131100MANYMB-MAN | yes | count=16.00 | yes=41c
Kalshi WS trade #3423: KXWOHOCKEY-MEN26CGOLD-USA | yes | count=52.00 | yes=36c
Kalshi WS trade #3424: KXBTC-26FEB1310-B68125 | no | count=5.00 | yes=12c
Kalshi WS trade #3425: KXBTC15M-26FEB131000-00 | yes | count=16.00 | yes=98c
Kalshi WS trade #3426: KXETH15M-26FEB131000-00 | yes | count=17.00 | yes=97c
Kalshi WS trade #3427: KXWOSBOARD-MHP26CGOLD-CHN | yes | count=177.00 | yes=4c
Kalshi WS trade #3428: KXWOSBOARD-MHP26CGOLD-CHN | yes | count=57.00 | yes=4c
Kalshi WS trade #3429: KXSOL15M-26FEB131000-00 | yes | count=17.00 | yes=97c
Kalshi WS trade #3430: KXALBUMSALES-WUT-35000 | yes | count=12.00 | yes=77c
Kalshi WS trade #3431: KXATPCHALLENGERMATCH-26FEB13LLAMIK-LLA | yes | count=22.00 | yes=89c
Kalshi WS trade #3432: KXBTCD-26FEB1310-T67749.99 | yes | count=100.00 | yes=55c
Kalshi WS trade #3433: KXBTCD-26FEB1310-T67249.99 | no | count=4.00 | yes=97c
Kalshi WS trade #3434: KXBTCD-26FEB1310-T67999.99 | yes | count=65.00 | yes=17c
Kalshi WS trade #3435: KXBTCD-26FEB1310-T67999.99 | yes | count=50.00 | yes=17c
Kalshi WS trade #3436: KXBTCD-26FEB1310-T67999.99 | yes | count=88.00 | yes=17c
Kalshi WS trade #3437: KXBTCD-26FEB1310-T67999.99 | yes | count=100.00 | yes=17c
Kalshi WS trade #3438: KXATPCHALLENGERMATCH-26FEB13LLAMIK-MIK | yes | count=101.00 | yes=13c
Kalshi WS trade #3439: KXBTCMINMON-BTC-26FEB28-6000000 | yes | count=54.00 | yes=35c
Kalshi WS trade #3440: KXATPCHALLENGERMATCH-26FEB13LLAMIK-MIK | no | count=23.00 | yes=11c
Kalshi WS trade #3441: KXBTC-26FEB1310-B67625 | no | count=9.00 | yes=31c
Kalshi WS trade #3442: KXBTC15M-26FEB131000-00 | no | count=1.00 | yes=95c
Kalshi WS trade #3443: KXATPMATCH-26FEB13DEVAN-VAN | yes | count=33.00 | yes=56c
Kalshi WS trade #3444: KXATPMATCH-26FEB13DEVAN-VAN | yes | count=50.00 | yes=57c
Kalshi WS trade #3445: KXBTCD-26FEB1317-T72499.99 | yes | count=68.00 | yes=2c
Kalshi WS trade #3446: KXLOWTMIA-26FEB13-B61.5 | no | count=11.00 | yes=88c
Kalshi WS trade #3447: KXLOWTMIA-26FEB13-B61.5 | no | count=25.00 | yes=88c
Kalshi WS trade #3448: KXLOWTMIA-26FEB13-B61.5 | no | count=6.00 | yes=87c
Kalshi WS trade #3449: KXLOWTMIA-26FEB13-B61.5 | no | count=7.00 | yes=85c
Kalshi WS trade #3450: KXATPCHALLENGERMATCH-26FEB13LLAMIK-MIK | yes | count=2507.00 | yes=13c
Kalshi WS trade #3451: KXATPCHALLENGERMATCH-26FEB13LLAMIK-MIK | yes | count=393.00 | yes=13c
Kalshi WS trade #3452: KXATPCHALLENGERMATCH-26FEB13LLAMIK-MIK | yes | count=72.00 | yes=13c
Kalshi WS trade #3453: KXBTC-26FEB1310-B67625 | yes | count=50.00 | yes=31c
Kalshi WS trade #3454: KXBTC-26FEB1310-B67625 | yes | count=150.00 | yes=32c
Kalshi WS trade #3455: KXETH-26FEB1310-B1980 | no | count=30.00 | yes=39c
Kalshi WS trade #3456: KXETHD-26FEB1310-T1969.99 | yes | count=30.00 | yes=99c
Kalshi WS trade #3457: KXETH-26FEB1310-B2020 | no | count=30.00 | yes=1c
Kalshi WS trade #3458: KXETH-26FEB1310-B2000 | no | count=30.00 | yes=64c
Kalshi WS trade #3459: KXATPMATCH-26FEB13DEVAN-DE | yes | count=2.00 | yes=48c
Kalshi WS trade #3460: KXETHD-26FEB1310-T1989.99 | yes | count=50.00 | yes=62c
Kalshi WS trade #3461: KXGOVTSHUTDOWN-26FEB14 | yes | count=27.00 | yes=89c
Kalshi WS trade #3462: KXDHSFUND-26FEB23 | yes | count=21.00 | yes=14c
Kalshi WS trade #3463: KXDHSFUND-26FEB23 | yes | count=12.00 | yes=14c
Kalshi WS trade #3464: KXBTC-26FEB1310-B68125 | yes | count=10.00 | yes=16c
Kalshi WS trade #3465: KXINXU-26FEB13H1000-T6839.9999 | yes | count=20.00 | yes=27c
Kalshi WS trade #3466: KXATPMATCH-26FEB13DEVAN-VAN | yes | count=8.00 | yes=58c
Kalshi WS trade #3467: KXWTAMATCH-26FEB13OSTMBO-MBO | yes | count=1.00 | yes=69c
Kalshi WS trade #3468: KXATPCHALLENGERMATCH-26FEB13LLAMIK-MIK | yes | count=3.00 | yes=13c
Kalshi WS trade #3469: KXATPMATCH-26FEB13DEVAN-DE | yes | count=9.00 | yes=48c
Kalshi WS trade #3470: KXATPMATCH-26FEB13DEVAN-DE | yes | count=89.00 | yes=48c
Kalshi WS trade #3471: KXBTCD-26FEB1310-T67499.99 | yes | count=100.00 | yes=89c
Kalshi WS trade #3472: KXATPCHALLENGERMATCH-26FEB13LLAMIK-MIK | no | count=143.00 | yes=11c
Kalshi WS trade #3473: KXT20MATCH-26FEB13NEDUSA-USA | yes | count=100.00 | yes=82c
Kalshi WS trade #3474: KXT20MATCH-26FEB13NEDUSA-USA | yes | count=714.00 | yes=82c
Kalshi WS trade #3475: KXBTC-26FEB1310-B67875 | no | count=50.00 | yes=40c
Kalshi WS trade #3476: KXBTCD-26FEB1310-T67749.99 | no | count=22.00 | yes=58c
Kalshi WS trade #3477: KXINXU-26FEB13H1000-T6814.9999 | no | count=33.00 | yes=91c
Kalshi WS trade #3478: KXWTAMATCH-26FEB13COCVEK-COC | yes | count=13.00 | yes=74c
Kalshi WS trade #3479: KXSAUDIPLGAME-26FEB13SHAAAS-TIE | yes | count=37.00 | yes=5c
Kalshi WS trade #3480: KXSAUDIPLGAME-26FEB13SHAAAS-SHA | yes | count=467.00 | yes=2c
Kalshi WS trade #3481: KXATPCHALLENGERMATCH-26FEB13LLAMIK-LLA | yes | count=92.00 | yes=89c
Kalshi WS trade #3482: KXBERNIEMENTION-26FEB14-EPST | yes | count=1.00 | yes=26c
Kalshi WS trade #3483: KXBERNIEMENTION-26FEB14-EPST | yes | count=32.00 | yes=27c
Kalshi WS trade #3484: KXBERNIEMENTION-26FEB14-EPST | yes | count=2.00 | yes=28c
Kalshi WS trade #3485: KXINXU-26FEB13H1600-T6824.9999 | yes | count=20.00 | yes=57c
Kalshi WS trade #3486: KXBTCD-26FEB1310-T67749.99 | yes | count=3.00 | yes=60c
Kalshi WS trade #3487: KXINXU-26FEB13H1000-T6839.9999 | yes | count=20.00 | yes=31c
Kalshi WS trade #3488: KXWTAMATCH-26FEB13COCVEK-VEK | no | count=15.00 | yes=26c
Kalshi WS trade #3489: KXATPCHALLENGERMATCH-26FEB13LLAMIK-MIK | no | count=31.00 | yes=11c
Kalshi WS trade #3490: KXTRUMPSAYMONTH-26MAR01-TURN | yes | count=1.00 | yes=57c
Kalshi WS trade #3491: KXTRUMPSAYMONTH-26MAR01-TURN | yes | count=1.00 | yes=62c
Kalshi WS trade #3492: KXTRUMPSAYMONTH-26MAR01-TURN | yes | count=13.00 | yes=63c
Kalshi WS trade #3493: KXBTCD-26FEB1317-T69999.99 | yes | count=1.00 | yes=8c
Kalshi WS trade #3494: KXNCAAMBSPREAD-26FEB13GMUGW-GW2 | yes | count=273.00 | yes=49c
Kalshi WS trade #3495: KXNCAAMBSPREAD-26FEB13GMUGW-GW2 | yes | count=309.00 | yes=50c
Kalshi WS trade #3496: KXBTC15M-26FEB131000-00 | no | count=72.00 | yes=97c
Kalshi WS trade #3497: KXNASDAQ100U-26FEB13H1000-T24839.99 | yes | count=100.00 | yes=1c
Kalshi WS trade #3498: KXNASDAQ100U-26FEB13H1000-T24739.99 | yes | count=1.00 | yes=38c
Kalshi WS trade #3499: KXHIGHTSATX-26FEB13-B79.5 | yes | count=50.00 | yes=39c
Kalshi WS trade #3500: KXEARNINGSMENTIONDKNG-26JUN30-COMP | no | count=51.00 | yes=99c
Kalshi WS trade #3501: KXBTCD-26FEB1310-T67749.99 | no | count=10.00 | yes=61c
Kalshi WS trade #3502: KXBTCD-26FEB1310-T67749.99 | no | count=50.00 | yes=60c
Kalshi WS trade #3503: KXBTCD-26FEB1310-T67749.99 | no | count=10.00 | yes=60c
Kalshi WS trade #3504: KXATPMATCH-26FEB13DEVAN-DE | yes | count=411.00 | yes=48c
Kalshi WS trade #3505: KXATPMATCH-26FEB13DEVAN-DE | yes | count=18.00 | yes=48c
Kalshi WS trade #3506: KXATPMATCH-26FEB13DEVAN-DE | yes | count=28.00 | yes=48c
Kalshi WS trade #3507: KXPGATOUR-ATPBP26-SSCH | no | count=10.00 | yes=3c
Kalshi WS trade #3508: KXINXU-26FEB13H1000-T6829.9999 | no | count=73.00 | yes=66c
Kalshi WS trade #3509: KXATPMATCH-26FEB13DEVAN-VAN | no | count=30.00 | yes=52c
Kalshi WS trade #3510: KXATPMATCH-26FEB13DEVAN-VAN | no | count=70.00 | yes=52c
Kalshi WS trade #3511: KXATPCHALLENGERMATCH-26FEB13LLAMIK-MIK | no | count=125.00 | yes=11c
Kalshi WS trade #3512: KXT20MATCH-26FEB13NEDUSA-USA | yes | count=57.00 | yes=82c
Kalshi WS trade #3513: KXT20MATCH-26FEB13NEDUSA-USA | yes | count=48.00 | yes=83c
Kalshi WS trade #3514: KXBTCD-26FEB1310-T67749.99 | no | count=111.00 | yes=60c
Kalshi WS trade #3515: KXATPCHALLENGERMATCH-26FEB13LLAMIK-MIK | no | count=134.00 | yes=11c
Kalshi WS trade #3516: KXWTAMATCH-26FEB13COCVEK-COC | no | count=24.00 | yes=73c
Kalshi WS trade #3517: KXWTAMATCH-26FEB13COCVEK-COC | no | count=19.00 | yes=73c
Kalshi WS trade #3518: KXNCAAMBTOTAL-26FEB13MSUWIS-145 | yes | count=89.00 | yes=54c
Kalshi WS trade #3519: KXWTACHALLENGERMATCH-26FEB13STEJOR-JOR | yes | count=59.00 | yes=40c
Kalshi WS trade #3520: KXSAUDIPLGAME-26FEB13SHAAAS-TIE | yes | count=187.00 | yes=5c
Kalshi WS trade #3521: KXBTCD-26FEB1310-T67999.99 | no | count=6.00 | yes=21c
Kalshi WS trade #3522: KXATPCHALLENGERMATCH-26FEB13LLAMIK-LLA | no | count=29.00 | yes=88c
Kalshi WS trade #3523: KXHIGHMIA-26FEB13-B79.5 | yes | count=35.00 | yes=40c
Kalshi WS trade #3524: KXNBA-26-SAS | no | count=100.00 | yes=13c
Poly WS trade #86: asset=47283790556415459233... | SELL | size=200.2 | price=0.999
Kalshi WS trade #3525: KXBTCD-26FEB1317-T70499.99 | yes | count=14.00 | yes=5c
Kalshi WS trade #3526: KXETHD-26FEB1310-T1989.99 | no | count=50.00 | yes=66c
Kalshi WS trade #3527: KXLIGUE1SPREAD-26FEB13RENPSG-PSG1 | yes | count=41.00 | yes=47c
Kalshi WS trade #3528: KXXRP15M-26FEB131000-00 | yes | count=5.00 | yes=94c
Kalshi WS trade #3529: KXBTCD-26FEB1310-T67499.99 | yes | count=2.00 | yes=91c
Kalshi WS trade #3530: KXETHD-26FEB1310-T1989.99 | yes | count=50.00 | yes=64c
Kalshi WS trade #3531: KXMVESPORTSMULTIGAMEEXTENDED-S202666B6A56A2E5-1DB6589B5E0 | yes | count=83.00 | yes=27c
Kalshi WS trade #3532: KXBTCD-26FEB1310-T67749.99 | no | count=50.00 | yes=62c
Poly WS trade #87: asset=85285091029101061598... | SELL | size=24.02 | price=0.997
Kalshi WS trade #3533: KXBTC-26FEB1310-B67625 | yes | count=50.00 | yes=29c
Kalshi WS trade #3534: KXATPCHALLENGERMATCH-26FEB13LLAMIK-LLA | no | count=135.00 | yes=88c
Kalshi WS trade #3535: KXBTCD-26FEB1310-T67499.99 | no | count=250.00 | yes=90c
Kalshi WS trade #3536: KXBTC-26FEB1310-B68125 | no | count=50.00 | yes=14c
Kalshi WS trade #3537: KXNASDAQ100U-26FEB13H1000-T24639.99 | no | count=49.00 | yes=89c
Kalshi WS trade #3538: KXNBA3PTCONTEST-26-DLIL | yes | count=10.00 | yes=18c
Kalshi WS trade #3539: KXATPCHALLENGERMATCH-26FEB13LLAMIK-LLA | no | count=1000.00 | yes=88c
Kalshi WS trade #3540: KXBTCD-26FEB1310-T67999.99 | no | count=100.00 | yes=20c
Kalshi WS trade #3541: KXGOVTSHUTDOWN-26FEB14 | yes | count=27.00 | yes=89c
Kalshi WS trade #3542: KXBTCD-26FEB1310-T67249.99 | no | count=3.00 | yes=97c
Kalshi WS trade #3543: KXETHD-26FEB1317-T1899.99 | no | count=155.00 | yes=92c
Kalshi WS trade #3544: KXWTAMATCH-26FEB13COCVEK-VEK | yes | count=528.00 | yes=27c
Kalshi WS trade #3545: KXWTAMATCH-26FEB13COCVEK-COC | yes | count=100.00 | yes=74c
Kalshi WS trade #3546: KXBTCD-26FEB1310-T67499.99 | yes | count=75.00 | yes=91c
Kalshi WS trade #3547: KXBTC15M-26FEB131000-00 | yes | count=2.00 | yes=98c
Kalshi WS trade #3548: KXBTCD-26FEB1310-T67499.99 | yes | count=25.00 | yes=91c
Kalshi WS trade #3549: KXBTCD-26FEB1310-T67499.99 | yes | count=248.00 | yes=91c
Kalshi WS trade #3550: KXATPCHALLENGERMATCH-26FEB13TRAMOR-TRA | yes | count=76.00 | yes=15c
Kalshi WS trade #3551: KXATPCHALLENGERMATCH-26FEB13TABECH-ECH | yes | count=7.00 | yes=40c
Poly WS trade #88: asset=43946269812975261940... | BUY | size=26.315787 | price=0.76
Kalshi WS trade #3552: KXDHSFUND-26FEB23 | yes | count=107.00 | yes=14c
Kalshi WS trade #3553: KXLIGUE1GAME-26FEB13RENPSG-PSG | yes | count=27.00 | yes=70c
Poly WS trade #89: asset=76489251550443972870... | BUY | size=110 | price=0.244
Poly WS trade #90: asset=76489251550443972870... | BUY | size=100 | price=0.244
Kalshi WS trade #3554: KXBTC15M-26FEB131000-00 | yes | count=1.00 | yes=97c
Kalshi WS trade #3555: KXBTC15M-26FEB131000-00 | yes | count=157.00 | yes=98c
Kalshi WS trade #3556: KXBTCD-26FEB1310-T67749.99 | yes | count=1.00 | yes=62c
Kalshi WS trade #3557: KXGOVTSHUTDOWN-26FEB14 | no | count=2.00 | yes=88c
Kalshi WS trade #3558: KXETH-26FEB1310-B1980 | no | count=30.00 | yes=39c
Kalshi WS trade #3559: KXBTCD-26FEB1310-T67999.99 | no | count=1.00 | yes=21c
Kalshi WS trade #3560: KXHIGHLAX-26FEB13-B68.5 | yes | count=5.00 | yes=36c
Kalshi WS trade #3561: KXINXU-26FEB13H1000-T6799.9999 | yes | count=15.00 | yes=99c
Kalshi WS trade #3562: KXINXU-26FEB13H1000-T6799.9999 | yes | count=10.00 | yes=99c
Kalshi WS trade #3563: KXWTAMATCH-26FEB13COCVEK-VEK | no | count=541.00 | yes=26c
Kalshi WS trade #3564: KXHIGHMIA-26FEB13-T80 | no | count=10.00 | yes=50c
Poly WS trade #91: asset=43946269812975261940... | SELL | size=5.26 | price=0.756
Kalshi WS trade #3565: KXATPMATCH-26FEB13DEVAN-DE | yes | count=500.00 | yes=48c
Kalshi WS trade #3566: KXATPMATCH-26FEB13DEVAN-DE | yes | count=50.00 | yes=48c
Kalshi WS trade #3567: KXATPMATCH-26FEB13DEVAN-DE | yes | count=50.00 | yes=48c
Kalshi WS trade #3568: KXETHD-26FEB1310-T1989.99 | no | count=800.00 | yes=62c
Kalshi WS trade #3569: KXNBARISINGSTARS-26-MELO | yes | count=12.00 | yes=38c
Kalshi WS trade #3570: KXMEASLES-26-10000 | yes | count=5.00 | yes=34c
Kalshi WS trade #3571: KXWTACHALLENGERMATCH-26FEB13STEJOR-STE | yes | count=30.00 | yes=60c
Kalshi WS trade #3572: KXWTACHALLENGERMATCH-26FEB13STEJOR-STE | yes | count=2.00 | yes=61c
Kalshi WS trade #3573: KXHIGHTLV-26FEB13-B70.5 | yes | count=41.00 | yes=13c
Kalshi WS trade #3574: KXHIGHTLV-26FEB13-B70.5 | yes | count=25.00 | yes=13c
Kalshi WS trade #3575: KXHIGHTLV-26FEB13-B70.5 | yes | count=6.00 | yes=13c
Kalshi WS trade #3576: KXBTCMINMON-BTC-26FEB28-5750000 | no | count=9.00 | yes=22c
Kalshi WS trade #3577: KXWOWHOCKEY-26FEB13USAITA-ITA | yes | count=46.00 | yes=1c
Kalshi WS trade #3578: KXWTAMATCH-26FEB13COCVEK-VEK | no | count=398.00 | yes=26c
Kalshi WS trade #3579: KXT20MATCH-26FEB13NEDUSA-NED | no | count=1.00 | yes=17c
Kalshi WS trade #3580: KXT20MATCH-26FEB13NEDUSA-NED | no | count=14.00 | yes=17c
Kalshi WS trade #3581: KXTOP10BILLBOARDSPOTSJC-26FEB21-1 | yes | count=855.00 | yes=11c
Kalshi WS trade #3582: KXTOP10BILLBOARDSPOTSJC-26FEB21-1 | yes | count=243.00 | yes=12c
Kalshi WS trade #3583: KXTOP10BILLBOARDSPOTSJC-26FEB21-1 | yes | count=10.00 | yes=17c
Kalshi WS trade #3584: KXTOP10BILLBOARDSPOTSJC-26FEB21-1 | yes | count=6.00 | yes=17c
Kalshi WS trade #3585: KXTOP10BILLBOARDSPOTSJC-26FEB21-1 | yes | count=8.00 | yes=17c
Kalshi WS trade #3586: KXTOP10BILLBOARDSPOTSJC-26FEB21-1 | yes | count=23.00 | yes=17c
Kalshi WS trade #3587: KXTOP10BILLBOARDSPOTSJC-26FEB21-1 | yes | count=50.00 | yes=17c
Kalshi WS trade #3588: KXTOP10BILLBOARDSPOTSJC-26FEB21-1 | yes | count=400.00 | yes=18c
Kalshi WS trade #3589: KXTOP10BILLBOARDSPOTSJC-26FEB21-1 | yes | count=8.00 | yes=20c
Kalshi WS trade #3590: KXTOP10BILLBOARDSPOTSJC-26FEB21-1 | yes | count=11.00 | yes=20c
Kalshi WS trade #3591: KXTOP10BILLBOARDSPOTSJC-26FEB21-1 | yes | count=1.00 | yes=20c
Kalshi WS trade #3592: KXTOP10BILLBOARDSPOTSJC-26FEB21-1 | yes | count=13.00 | yes=20c
Kalshi WS trade #3593: KXTOP10BILLBOARDSPOTSJC-26FEB21-1 | yes | count=19.00 | yes=20c
Kalshi WS trade #3594: KXTOP10BILLBOARDSPOTSJC-26FEB21-1 | yes | count=4.00 | yes=20c
Kalshi WS trade #3595: KXTOP10BILLBOARDSPOTSJC-26FEB21-1 | yes | count=60.00 | yes=21c
Kalshi WS trade #3596: KXTOP10BILLBOARDSPOTSJC-26FEB21-1 | yes | count=100.00 | yes=22c
Kalshi WS trade #3597: KXTOP10BILLBOARDSPOTSJC-26FEB21-1 | yes | count=51.00 | yes=29c
Kalshi WS trade #3598: KXTOP10BILLBOARDSPOTSJC-26FEB21-1 | yes | count=60.00 | yes=31c
Kalshi WS trade #3599: KXTOP10BILLBOARDSPOTSJC-26FEB21-1 | yes | count=100.00 | yes=32c
Kalshi WS trade #3600: KXTOP10BILLBOARDSPOTSJC-26FEB21-1 | yes | count=60.00 | yes=41c
Kalshi WS trade #3601: KXTOP10BILLBOARDSPOTSJC-26FEB21-1 | yes | count=50.00 | yes=50c
Kalshi WS trade #3602: KXTOP10BILLBOARDSPOTSJC-26FEB21-1 | yes | count=60.00 | yes=51c
Kalshi WS trade #3603: KXTOP10BILLBOARDSPOTSJC-26FEB21-1 | yes | count=100.00 | yes=52c
Kalshi WS trade #3604: KXTOP10BILLBOARDSPOTSJC-26FEB21-1 | yes | count=35.00 | yes=60c
Kalshi WS trade #3605: KXGOVTSHUTDOWN-26FEB14 | yes | count=82.00 | yes=89c
Kalshi WS trade #3606: KXBTC15M-26FEB131000-00 | no | count=70.00 | yes=97c
Kalshi WS trade #3607: KXBTCD-26FEB1310-T67749.99 | no | count=50.00 | yes=62c
Kalshi WS trade #3608: KXBTCD-26FEB1310-T67749.99 | no | count=10.00 | yes=60c
Kalshi WS trade #3609: KXBTCD-26FEB1310-T67749.99 | no | count=56.00 | yes=60c
Kalshi WS trade #3610: KXATPCHALLENGERMATCH-26FEB13LLAMIK-LLA | yes | count=17.00 | yes=89c
Kalshi WS trade #3611: KXATPCHALLENGERMATCH-26FEB13LLAMIK-MIK | no | count=51.00 | yes=11c
Kalshi WS trade #3612: KXTOPSONG-26FEB21-MAN | yes | count=3194.00 | yes=1c
Kalshi WS trade #3613: KXTOPSONG-26FEB21-MAN | yes | count=100.00 | yes=1c
Kalshi WS trade #3614: KXTOPSONG-26FEB21-MAN | yes | count=2000.00 | yes=1c
Kalshi WS trade #3615: KXTOPSONG-26FEB21-MAN | yes | count=66.00 | yes=1c
Kalshi WS trade #3616: KXTOPSONG-26FEB21-MAN | yes | count=313.00 | yes=2c
Kalshi WS trade #3617: KXTOPSONG-26FEB21-MAN | yes | count=343.00 | yes=3c
Kalshi WS trade #3618: KXBTC-26FEB1310-B67875 | no | count=50.00 | yes=40c
Kalshi WS trade #3619: KXETHD-26FEB1310-T1989.99 | yes | count=50.00 | yes=61c
Kalshi WS trade #3620: KXBTC-26FEB1310-B67625 | yes | count=50.00 | yes=30c
Kalshi WS trade #3621: KXBTC-26FEB1310-B68125 | no | count=50.00 | yes=14c
Kalshi WS trade #3622: KXBTCD-26FEB1310-T67999.99 | no | count=50.00 | yes=20c
Kalshi WS trade #3623: KXBTCD-26FEB1310-T67499.99 | no | count=250.00 | yes=90c
Kalshi WS trade #3624: KXBTCD-26FEB1310-T67749.99 | no | count=19.00 | yes=59c
Kalshi WS trade #3625: KXMVESPORTSMULTIGAMEEXTENDED-S2026F0CA5282EB5-398F0F4B7F2 | yes | count=23.00 | yes=18c
Kalshi WS trade #3626: KXMVESPORTSMULTIGAMEEXTENDED-S2026B8B8F067A42-D73B0C8CC3E | yes | count=27.00 | yes=3c
Kalshi WS trade #3627: KXCABOUT-29JAN-KNOE | no | count=24.00 | yes=19c
Kalshi WS trade #3628: KXTRUMPMENTION-26FEB14-TRAN | yes | count=8.00 | yes=58c
Kalshi WS trade #3629: KXIMPEACH-27-JAN01 | yes | count=10.00 | yes=15c
Kalshi WS trade #3630: KXBTC-26FEB1310-B67625 | no | count=200.00 | yes=33c
Kalshi WS trade #3631: KXWOSSKATE-M10K26GOLD-DGHI | no | count=3.00 | yes=55c
Kalshi WS trade #3632: KXWOSSKATE-M10K26GOLD-DGHI | no | count=22.00 | yes=54c
Kalshi WS trade #3633: KXWOSBOARD-WSX26MEDAL-NWIE | yes | count=76.00 | yes=1c
Kalshi WS trade #3634: KXBTCD-26FEB1310-T67249.99 | no | count=7.00 | yes=97c
Kalshi WS trade #3635: KXBTCD-26FEB1310-T67249.99 | no | count=7.00 | yes=97c
Kalshi WS trade #3636: KXBTCD-26FEB1310-T68249.99 | yes | count=90.00 | yes=6c
Kalshi WS trade #3637: KXBTCD-26FEB1310-T68249.99 | yes | count=66.00 | yes=6c
Kalshi WS trade #3638: KXDOTA2GAME-26FEB13LIQUIDFLC-FLC | no | count=5.00 | yes=64c
Kalshi WS trade #3639: KXATPCHALLENGERMATCH-26FEB13LLAMIK-MIK | no | count=59.00 | yes=11c
Kalshi WS trade #3640: KXBTC15M-26FEB131000-00 | yes | count=26.00 | yes=98c
Kalshi WS trade #3641: KXBTCD-26FEB1310-T67499.99 | yes | count=15.00 | yes=90c
Kalshi WS trade #3642: KXATPCHALLENGERMATCH-26FEB13LLAMIK-MIK | yes | count=72.00 | yes=13c
Kalshi WS trade #3643: KXATPCHALLENGERMATCH-26FEB13LLAMIK-MIK | no | count=1005.00 | yes=11c
Kalshi WS trade #3644: KXATPCHALLENGERMATCH-26FEB13TABECH-ECH | yes | count=11.00 | yes=40c
Kalshi WS trade #3645: KXETHD-26FEB1317-T1899.99 | no | count=155.00 | yes=92c
Kalshi WS trade #3646: KXBTCD-26FEB1310-T67249.99 | no | count=72.00 | yes=97c
Kalshi WS trade #3647: KXWTAMATCH-26FEB13COCVEK-COC | no | count=14.00 | yes=73c
Kalshi WS trade #3648: KXWTAMATCH-26FEB13COCVEK-COC | no | count=63.00 | yes=73c
Kalshi WS trade #3649: KXSENATETXR-26-KP | no | count=4.00 | yes=70c
Kalshi WS trade #3650: KXNBA3PTCONTEST-26-JMUR | yes | count=13.00 | yes=14c
Kalshi WS trade #3651: KXBTCD-26FEB1310-T67749.99 | yes | count=1.00 | yes=61c
Poly WS trade #92: asset=11396725528572998309... | BUY | size=166.666666 | price=0.006
Kalshi WS trade #3652: KXWOMHOCKEY-26FEB14USADNK-USA | yes | count=4975.00 | yes=96c
Kalshi WS trade #3653: KXWOMHOCKEY-26FEB14USADNK-USA | yes | count=218.00 | yes=96c
Kalshi WS trade #3654: KXMVESPORTSMULTIGAMEEXTENDED-S202695A2174EBA6-5BBE1685EBC | yes | count=215.00 | yes=2c
Kalshi WS trade #3655: KXVALORANTGAME-26FEB13BBLGM-BBL | yes | count=1.00 | yes=50c
Kalshi WS trade #3656: KXWTAMATCH-26FEB13COCVEK-COC | yes | count=432.00 | yes=74c
Kalshi WS trade #3657: KXWTACHALLENGERMATCH-26FEB13STEJOR-STE | yes | count=295.00 | yes=60c
Kalshi WS trade #3658: KXATPCHALLENGERMATCH-26FEB13LLAMIK-MIK | yes | count=666.00 | yes=13c
Kalshi WS trade #3659: KXWTAMATCH-26FEB13COCVEK-COC | no | count=3.00 | yes=73c
Kalshi WS trade #3660: KXATPCHALLENGERMATCH-26FEB13TABECH-TAB | yes | count=392.00 | yes=62c
Kalshi WS trade #3661: KXNCAAMBGAME-26FEB13SPCSHU-SPC | yes | count=8.00 | yes=57c
Kalshi WS trade #3662: KXWTACHALLENGERMATCH-26FEB13STEJOR-STE | yes | count=50.00 | yes=61c
Kalshi WS trade #3663: KXT20MATCH-26FEB13NEDUSA-NED | no | count=386.00 | yes=17c
Kalshi WS trade #3664: KXT20MATCH-26FEB13NEDUSA-NED | no | count=1000.00 | yes=17c
Kalshi WS trade #3665: KXT20MATCH-26FEB13NEDUSA-NED | no | count=2428.00 | yes=17c
Kalshi WS trade #3666: KXT20MATCH-26FEB13NEDUSA-NED | no | count=50.00 | yes=17c
Kalshi WS trade #3667: KXT20MATCH-26FEB13NEDUSA-NED | no | count=553.00 | yes=17c
Kalshi WS trade #3668: KXBTC15M-26FEB131000-00 | yes | count=72.00 | yes=97c
Kalshi WS trade #3669: KXBTCD-26FEB1310-T67249.99 | yes | count=117.00 | yes=98c
Kalshi WS trade #3670: KXGOVTSHUTDOWN-26FEB14 | no | count=78.00 | yes=88c
Kalshi WS trade #3671: KXBTCD-26FEB1310-T67999.99 | no | count=40.00 | yes=19c
Kalshi WS trade #3672: KXWTACHALLENGERMATCH-26FEB13STEJOR-STE | yes | count=247.00 | yes=61c
Kalshi WS trade #3673: KXPGATOP10-ATPBP26-JKNA | yes | count=22.00 | yes=43c
Kalshi WS trade #3674: KXBTC15M-26FEB131000-00 | no | count=23.00 | yes=96c
Kalshi WS trade #3675: KXATTENDSOTU-NGOR | no | count=1.00 | yes=78c
Kalshi WS trade #3676: KXATTENDSOTU-NGOR | no | count=1.00 | yes=78c
Kalshi WS trade #3677: KXATTENDSOTU-NGOR | no | count=2.00 | yes=78c
Kalshi WS trade #3678: KXATTENDSOTU-NGOR | no | count=18.00 | yes=78c
Kalshi WS trade #3679: KXATTENDSOTU-NGOR | no | count=100.00 | yes=78c
Kalshi WS trade #3680: KXATTENDSOTU-NGOR | no | count=10.00 | yes=78c
Kalshi WS trade #3681: KXSOL15M-26FEB131000-00 | no | count=1.00 | yes=95c
Kalshi WS trade #3682: KXATPCHALLENGERMATCH-26FEB13LLAMIK-MIK | no | count=12.00 | yes=11c
Kalshi WS trade #3683: KXBTC-26FEB1317-B68250 | no | count=29.00 | yes=14c
Kalshi WS trade #3684: KXATPCHALLENGERMATCH-26FEB13LLAMIK-MIK | no | count=99.00 | yes=11c
Kalshi WS trade #3685: KXMVESPORTSMULTIGAMEEXTENDED-S2026938AC78FF1F-96A3D0105AE | yes | count=44.00 | yes=43c
Kalshi WS trade #3686: KXATPCHALLENGERMATCH-26FEB13LLAMIK-MIK | yes | count=625.00 | yes=13c
Kalshi WS trade #3687: KXNCAAMBGAME-26FEB14AUBARK-ARK | yes | count=1.00 | yes=74c
Kalshi WS trade #3688: KXBTC15M-26FEB131000-00 | yes | count=600.00 | yes=98c
Kalshi WS trade #3689: KXATPCHALLENGERMATCH-26FEB13LLAMIK-MIK | yes | count=7.00 | yes=13c
Kalshi WS trade #3690: KXSAUDIPLGAME-26FEB13ITJFAY-ITJ | yes | count=20.00 | yes=70c
Kalshi WS trade #3691: KXATPMATCH-26FEB13DEVAN-VAN | yes | count=19.00 | yes=54c
Kalshi WS trade #3692: KXBTC-26FEB1310-B67875 | no | count=1.00 | yes=37c
Kalshi WS trade #3693: KXNCAAMBGAME-26FEB13BRWNHARV-BRWN | yes | count=83.00 | yes=22c
Kalshi WS trade #3694: KXWTAMATCH-26FEB13COCVEK-COC | yes | count=94.00 | yes=74c
Kalshi WS trade #3695: KXATPCHALLENGERMATCH-26FEB13LLAMIK-LLA | no | count=64.00 | yes=88c
Kalshi WS trade #3696: KXINXU-26FEB13H1000-T6809.9999 | yes | count=300.00 | yes=96c
Kalshi WS trade #3697: KXBTCD-26FEB1317-T68499.99 | no | count=90.00 | yes=27c
Kalshi WS trade #3698: KXBTCD-26FEB1317-T68499.99 | no | count=76.00 | yes=27c
Kalshi WS trade #3699: KXINXU-26FEB13H1000-T6834.9999 | no | count=120.00 | yes=55c
Kalshi WS trade #3700: KXT20MATCH-26FEB13NEDUSA-USA | no | count=218.00 | yes=81c
Kalshi WS trade #3701: KXATPCHALLENGERMATCH-26FEB13LLAMIK-LLA | yes | count=16.00 | yes=89c
Kalshi WS trade #3702: KXWTAMATCH-26FEB13COCVEK-COC | yes | count=657.00 | yes=74c
Kalshi WS trade #3703: KXATPMATCH-26FEB13DEVAN-DE | yes | count=500.00 | yes=48c
Kalshi WS trade #3704: KXWTAMATCH-26FEB13COCVEK-COC | no | count=10.00 | yes=73c
Kalshi WS trade #3705: KXWOCURL-WOMEN26CGOLD-CHE | no | count=129.00 | yes=24c
Kalshi WS trade #3706: KXWOHOCKEY-WOMEN26CGOLD-CAN | yes | count=39.00 | yes=24c
Kalshi WS trade #3707: KXBTC15M-26FEB131000-00 | no | count=1.00 | yes=96c
Kalshi WS trade #3708: KXAUCTIONPIKACHU-26-12 | yes | count=5.00 | yes=33c
Kalshi WS trade #3709: KXBTCD-26FEB1317-T68499.99 | yes | count=61.00 | yes=28c
Kalshi WS trade #3710: KXETHD-26FEB1317-T1899.99 | no | count=155.00 | yes=92c
Kalshi WS trade #3711: KXETHD-26FEB1310-T2009.99 | yes | count=50.00 | yes=3c
Kalshi WS trade #3712: KXETHD-26FEB1310-T2009.99 | yes | count=79.00 | yes=4c
Kalshi WS trade #3713: KXWTAMATCH-26FEB13COCVEK-VEK | no | count=65.00 | yes=25c
Kalshi WS trade #3714: KXBTCD-26FEB1310-T67499.99 | yes | count=50.00 | yes=90c
Kalshi WS trade #3715: KXBTCD-26FEB1310-T67499.99 | yes | count=5.00 | yes=90c
Kalshi WS trade #3716: KXINXU-26FEB13H1000-T6839.9999 | yes | count=1.00 | yes=38c
Kalshi WS trade #3717: KXINXU-26FEB13H1000-T6839.9999 | yes | count=16.00 | yes=38c
Kalshi WS trade #3718: KXATPCHALLENGERMATCH-26FEB13TRAMOR-TRA | no | count=1.00 | yes=10c
Kalshi WS trade #3719: KXINXU-26FEB13H1000-T6809.9999 | no | count=2.00 | yes=97c
Kalshi WS trade #3720: KXINXU-26FEB13H1000-T6809.9999 | no | count=12.00 | yes=96c
Kalshi WS trade #3721: KXNCAAMBGAME-26FEB13MSMRID-MSM | yes | count=20.00 | yes=71c
Kalshi WS trade #3722: KXINXU-26FEB13H1000-T6824.9999 | no | count=10.00 | yes=83c
Kalshi WS trade #3723: KXATPMATCH-26FEB13GRIAUG-AUG | yes | count=32.00 | yes=74c
Kalshi WS trade #3724: KXWOSSKATE-M10K26GOLD-DGHI | no | count=5.00 | yes=54c
Kalshi WS trade #3725: KXBTCD-26FEB1310-T67499.99 | no | count=8.00 | yes=88c
Kalshi WS trade #3726: KXATPCHALLENGERMATCH-26FEB13LLAMIK-LLA | yes | count=32.00 | yes=89c
Kalshi WS trade #3727: KXATPMATCH-26FEB13DEVAN-VAN | yes | count=5.00 | yes=55c
Kalshi WS trade #3728: KXATPMATCH-26FEB13DEVAN-VAN | yes | count=14.00 | yes=56c
Kalshi WS trade #3729: KXATPMATCH-26FEB13DEVAN-VAN | yes | count=10.00 | yes=56c
Kalshi WS trade #3730: KXATPCHALLENGERMATCH-26FEB13LLAMIK-MIK | yes | count=7.00 | yes=13c
Kalshi WS trade #3731: KXWOSSKATE-M10K26GOLD-DGHI | no | count=25.00 | yes=54c
Kalshi WS trade #3732: KXBTCD-26FEB1310-T67499.99 | yes | count=9.00 | yes=90c
Kalshi WS trade #3733: KXETHD-26FEB1310-T1989.99 | no | count=100.00 | yes=59c
Kalshi WS trade #3734: KXETHD-26FEB1310-T1989.99 | no | count=700.00 | yes=59c
Kalshi WS trade #3735: KXT20MATCH-26FEB15NEPWI-NEP | no | count=142.00 | yes=15c
Kalshi WS trade #3736: KXEARNINGSMENTIONWEN-26JUN30-TARI | yes | count=93.00 | yes=1c
Kalshi WS trade #3737: KXATPCHALLENGERMATCH-26FEB13LLAMIK-MIK | no | count=69.00 | yes=11c
Kalshi WS trade #3738: KXETH-26FEB1310-B1980 | yes | count=60.00 | yes=39c
Kalshi WS trade #3739: KXWTAMATCH-26FEB13COCVEK-COC | yes | count=21.00 | yes=74c
Kalshi WS trade #3740: KXBTC15M-26FEB131000-00 | no | count=1.00 | yes=96c
Kalshi WS trade #3741: KXATPMATCH-26FEB13DEVAN-VAN | yes | count=2.00 | yes=55c
Kalshi WS trade #3742: KXATPMATCH-26FEB13DEVAN-VAN | yes | count=10.00 | yes=56c
Kalshi WS trade #3743: KXTRUMPMENTION-26FEB14-AMER | yes | count=4.00 | yes=48c
Kalshi WS trade #3744: KXNASCARRACE-DAY26-CHBE | yes | count=1.00 | yes=4c
Kalshi WS trade #3745: KXNASCARRACE-DAY26-CHBE | yes | count=2.00 | yes=4c
Kalshi WS trade #3746: KXNASCARRACE-DAY26-CHBE | yes | count=35.00 | yes=5c
Kalshi WS trade #3747: KXATPCHALLENGERMATCH-26FEB13LLAMIK-LLA | yes | count=20.00 | yes=89c
Kalshi WS trade #3748: KXBTC15M-26FEB131000-00 | no | count=1.00 | yes=96c
Kalshi WS trade #3749: KXINXU-26FEB13H1000-T6829.9999 | no | count=45.00 | yes=72c
Kalshi WS trade #3750: KXBTCD-26FEB1310-T67749.99 | no | count=10.00 | yes=58c
Kalshi WS trade #3751: KXATPCHALLENGERMATCH-26FEB13TRAMOR-TRA | yes | count=1.00 | yes=16c
Kalshi WS trade #3752: KXATPCHALLENGERMATCH-26FEB13TRAMOR-TRA | yes | count=4.00 | yes=19c
Kalshi WS trade #3753: KXINXU-26FEB13H1000-T6839.9999 | yes | count=100.00 | yes=40c
Kalshi WS trade #3754: KXNCAAMBGAME-26FEB13GMUGW-GW | yes | count=25.00 | yes=56c
Kalshi WS trade #3755: KXHNLGAME-26FEB13SLALOK-SLA | yes | count=11.00 | yes=40c
Kalshi WS trade #3756: KXATPCHALLENGERMATCH-26FEB13LLAMIK-MIK | yes | count=100.00 | yes=13c
Kalshi WS trade #3757: KXXRP15M-26FEB131000-00 | no | count=10.00 | yes=92c
Kalshi WS trade #3758: KXBTC15M-26FEB131000-00 | yes | count=26.00 | yes=98c
Kalshi WS trade #3759: KXATPCHALLENGERMATCH-26FEB13LLAMIK-LLA | yes | count=111.00 | yes=89c
Kalshi WS trade #3760: KXGOVTSHUTDOWN-26FEB14 | no | count=35.00 | yes=88c
INFO:     35.145.33.17:0 - "GET /api/insiders?max_days_ago=7&include_bots=false&limit=80 HTTP/1.1" 200 OK
Kalshi WS trade #3761: KXLIGUE1GAME-26FEB13RENPSG-REN | no | count=42.00 | yes=13c
Kalshi WS trade #3762: KXLIGUE1GAME-26FEB13RENPSG-REN | no | count=299.00 | yes=13c
Poly WS trade #93: asset=20939351535690701474... | SELL | size=20.71 | price=0.966
Kalshi WS trade #3763: KXWOFSKATE-WOMENS26GOLD-KSAK | yes | count=9.00 | yes=52c
Kalshi WS trade #3764: KXWOHOCKEY-WOMEN26CGOLD-CAN | yes | count=57.00 | yes=24c
Kalshi WS trade #3765: KXBTCD-26FEB1310-T67499.99 | yes | count=55.00 | yes=90c
Kalshi WS trade #3766: KXBTCD-26FEB1310-T67499.99 | no | count=39.00 | yes=89c
Kalshi WS trade #3767: KXTRUMPMENTION-26FEB14-BAD | no | count=3.00 | yes=3c
Kalshi WS trade #3768: KXGOVTSHUTDOWN-26FEB14 | no | count=7.00 | yes=88c
Kalshi WS trade #3769: KXBTCD-26FEB1310-T67749.99 | yes | count=40.00 | yes=60c
Kalshi WS trade #3770: KXHIGHPHIL-26FEB13-T40 | no | count=1.00 | yes=14c
Kalshi WS trade #3771: KXHIGHPHIL-26FEB13-T40 | no | count=1.00 | yes=14c
Kalshi WS trade #3772: KXWO-MEDALS-26-NOR | yes | count=5.00 | yes=76c
Kalshi WS trade #3773: KXBTCD-26FEB1310-T67499.99 | yes | count=20.00 | yes=90c
Kalshi WS trade #3774: KXHIGHTSFO-26FEB13-B56.5 | no | count=13.00 | yes=10c
Kalshi WS trade #3775: KXHIGHTSFO-26FEB13-B56.5 | no | count=2.00 | yes=10c
Kalshi WS trade #3776: KXHIGHTSFO-26FEB13-B56.5 | no | count=1.00 | yes=10c
Kalshi WS trade #3777: KXHIGHTSFO-26FEB13-B56.5 | no | count=2.00 | yes=10c
Kalshi WS trade #3778: KXHIGHTSFO-26FEB13-B56.5 | no | count=1.00 | yes=10c
Kalshi WS trade #3779: KXHIGHTSFO-26FEB13-B56.5 | no | count=2.00 | yes=10c
Kalshi WS trade #3780: KXHIGHTSFO-26FEB13-B56.5 | no | count=1.00 | yes=10c
Kalshi WS trade #3781: KXHIGHTSFO-26FEB13-B56.5 | no | count=2.00 | yes=10c
Kalshi WS trade #3782: KXHIGHTSFO-26FEB13-B56.5 | no | count=1.00 | yes=10c
Kalshi WS trade #3783: KXHIGHTSFO-26FEB13-B56.5 | no | count=2.00 | yes=10c
Kalshi WS trade #3784: KXHIGHTSFO-26FEB13-B56.5 | no | count=115.00 | yes=10c
Kalshi WS trade #3785: KXT20MATCH-26FEB13NEDUSA-USA | yes | count=50.00 | yes=82c
Kalshi WS trade #3786: KXWTACHALLENGERMATCH-26FEB13CHWLAM-LAM | yes | count=284.00 | yes=17c
Kalshi WS trade #3787: KXWTACHALLENGERMATCH-26FEB13CHWLAM-LAM | yes | count=120.00 | yes=17c
Kalshi WS trade #3788: KXWTACHALLENGERMATCH-26FEB13CHWLAM-LAM | yes | count=100.00 | yes=17c
Kalshi WS trade #3789: KXWTACHALLENGERMATCH-26FEB13CHWLAM-LAM | yes | count=51.00 | yes=17c
Kalshi WS trade #3790: KXATPCHALLENGERMATCH-26FEB13LLAMIK-MIK | yes | count=1.00 | yes=13c
Kalshi WS trade #3791: KXBTC-26FEB1310-B67875 | yes | count=23.00 | yes=41c
Kalshi WS trade #3792: KXWTACHALLENGERMATCH-26FEB13CHWLAM-CHW | yes | count=98.00 | yes=86c
Kalshi WS trade #3793: KXBTCD-26FEB1310-T67749.99 | no | count=45.00 | yes=58c
Kalshi WS trade #3794: KXNBACELEBRITYGAME-26-ANT | yes | count=20.00 | yes=79c
Kalshi WS trade #3795: KXNBACELEBRITYGAME-26-ANT | yes | count=4.00 | yes=80c
Kalshi WS trade #3796: KXATPCHALLENGERMATCH-26FEB13LLAMIK-MIK | yes | count=72.00 | yes=13c
Kalshi WS trade #3797: KXBTCD-26FEB1310-T67249.99 | yes | count=47.00 | yes=98c
Kalshi WS trade #3798: KXBESSENTMTPMENTION-26FEB14-GDP | no | count=11.00 | yes=99c
Kalshi WS trade #3799: KXBTC-26FEB1310-B67875 | yes | count=14.00 | yes=41c
Kalshi WS trade #3800: KXPGATOUR-ATPBP26-KBRA | yes | count=1044.00 | yes=9c
Kalshi WS trade #3801: KXMVESPORTSMULTIGAMEEXTENDED-S20268F0E7CBF8EC-530F91369CA | yes | count=7.00 | yes=13c
Kalshi WS trade #3802: KXATPCHALLENGERMATCH-26FEB13LLAMIK-MIK | yes | count=3.00 | yes=13c
Kalshi WS trade #3803: KXINXU-26FEB13H1000-T6839.9999 | no | count=20.00 | yes=39c
Kalshi WS trade #3804: KXETH15M-26FEB131000-00 | yes | count=2.00 | yes=97c
Kalshi WS trade #3805: KXETH15M-26FEB131000-00 | yes | count=42.00 | yes=97c
Kalshi WS trade #3806: KXATPMATCH-26FEB13DEVAN-VAN | yes | count=32.00 | yes=55c
Kalshi WS trade #3807: KXBTC15M-26FEB131000-00 | yes | count=9.00 | yes=98c
Kalshi WS trade #3808: KXTRUMPMENTION-26FEB14-AMER | yes | count=2.00 | yes=48c
Kalshi WS trade #3809: KXNCAAMBGAME-26FEB13BRWNHARV-HARV | yes | count=61.00 | yes=80c
Kalshi WS trade #3810: KXATPCHALLENGERMATCH-26FEB13LLAMIK-MIK | no | count=141.00 | yes=10c
Kalshi WS trade #3811: KXBTCD-26FEB1310-T67999.99 | no | count=24.00 | yes=18c
Kalshi WS trade #3812: KXBTC-26FEB1310-B68125 | yes | count=20.00 | yes=14c
Kalshi WS trade #3813: KXATPCHALLENGERMATCH-26FEB13LLAMIK-MIK | yes | count=14.00 | yes=13c
Kalshi WS trade #3814: KXBIG10REG-26-MSU | yes | count=400.00 | yes=3c
Kalshi WS trade #3815: KXPGATOUR-ATPBP26-TFIN | yes | count=780.00 | yes=3c
Kalshi WS trade #3816: KXATPCHALLENGERMATCH-26FEB13LLAMIK-MIK | yes | count=94.00 | yes=13c
Kalshi WS trade #3817: KXBTCD-26FEB1310-T67499.99 | yes | count=110.00 | yes=90c
Kalshi WS trade #3818: KXT20MATCH-26FEB13NEDUSA-USA | yes | count=50.00 | yes=82c
Kalshi WS trade #3819: KXNASDAQ100U-26FEB13H1000-T24659.99 | no | count=10.00 | yes=90c
Kalshi WS trade #3820: KXMVESPORTSMULTIGAMEEXTENDED-S20268B005F861A2-1C654AF237E | yes | count=76.00 | yes=0c
Kalshi WS trade #3821: KXATPMATCH-26FEB13DEVAN-DE | yes | count=19.00 | yes=49c
Kalshi WS trade #3822: KXWTAMATCH-26FEB13COCVEK-VEK | yes | count=50.00 | yes=27c
Kalshi WS trade #3823: KXBTC15M-26FEB131000-00 | yes | count=5.00 | yes=98c
Kalshi WS trade #3824: KXBTCD-26FEB1310-T67499.99 | yes | count=22.00 | yes=90c
Kalshi WS trade #3825: KXETH15M-26FEB131000-00 | no | count=5.00 | yes=97c
Kalshi WS trade #3826: KXBTCD-26FEB1310-T67499.99 | yes | count=22.00 | yes=90c
Kalshi WS trade #3827: KXATPCHALLENGERMATCH-26FEB13LLAMIK-MIK | no | count=359.00 | yes=10c
Kalshi WS trade #3828: KXATPCHALLENGERMATCH-26FEB13LLAMIK-MIK | no | count=100.00 | yes=10c
Kalshi WS trade #3829: KXATPCHALLENGERMATCH-26FEB13LLAMIK-MIK | no | count=74.00 | yes=9c
Kalshi WS trade #3830: KXATPCHALLENGERMATCH-26FEB13TRAMOR-MOR | no | count=20.00 | yes=88c
Kalshi WS trade #3831: KXWOSSKATE-M10K26GOLD-DGHI | no | count=23.00 | yes=54c
Kalshi WS trade #3832: KXBTCD-26FEB1310-T67749.99 | yes | count=14.00 | yes=59c
Kalshi WS trade #3833: KXATPMATCH-26FEB13DEVAN-VAN | yes | count=1.00 | yes=54c
Kalshi WS trade #3834: KXATPMATCH-26FEB13DEVAN-VAN | yes | count=7.00 | yes=54c
Kalshi WS trade #3835: KXJULYCHARTER26-26 | no | count=31.00 | yes=97c
Kalshi WS trade #3836: KXBTCD-26FEB1310-T67499.99 | yes | count=14.00 | yes=90c
Kalshi WS trade #3837: KXATPMATCH-26FEB13DEVAN-DE | yes | count=31.00 | yes=49c
Kalshi WS trade #3838: KXATPMATCH-26FEB13DEVAN-DE | yes | count=363.00 | yes=49c
Kalshi WS trade #3839: KXBTCD-26FEB1317-T67499.99 | yes | count=100.00 | yes=62c
Kalshi WS trade #3840: KXBTCD-26FEB1317-T67499.99 | yes | count=56.00 | yes=62c
Kalshi WS trade #3841: KXBTCD-26FEB1310-T67749.99 | yes | count=10.00 | yes=57c
Kalshi WS trade #3842: KXXRP15M-26FEB131000-00 | yes | count=26.00 | yes=94c
Kalshi WS trade #3843: KXATPMATCH-26FEB13DEVAN-DE | no | count=5.00 | yes=48c
Kalshi WS trade #3844: KXMVESPORTSMULTIGAMEEXTENDED-S20266B211C4EB4B-DF2FF1490D3 | yes | count=17.00 | yes=27c
Kalshi WS trade #3845: KXBTCD-26FEB1310-T67749.99 | yes | count=8.00 | yes=59c
Kalshi WS trade #3846: KXBTCD-26FEB1310-T67749.99 | yes | count=1.00 | yes=59c
Kalshi WS trade #3847: KXBTCD-26FEB1310-T67499.99 | yes | count=100.00 | yes=90c
Kalshi WS trade #3848: KXBTCD-26FEB1310-T66749.99 | no | count=6.00 | yes=99c
Kalshi WS trade #3849: KXWOSBOARD-MHP26CGOLD-AUS | yes | count=10.00 | yes=81c
Kalshi WS trade #3850: KXWOSBOARD-MHP26CGOLD-AUS | yes | count=1.00 | yes=91c
Kalshi WS trade #3851: KXWOSBOARD-MHP26CGOLD-USA | no | count=4.00 | yes=11c
Kalshi WS trade #3852: KXWOSBOARD-MHP26CGOLD-USA | no | count=2.00 | yes=10c
Kalshi WS trade #3853: KXWOSBOARD-MHP26CGOLD-USA | no | count=4.00 | yes=9c
Kalshi WS trade #3854: KXWOSBOARD-MHP26CGOLD-JPN | no | count=1.00 | yes=18c
Kalshi WS trade #3855: KXWOSBOARD-MHP26CGOLD-JPN | no | count=9.00 | yes=17c
Kalshi WS trade #3856: KXBTCD-26FEB1310-T67749.99 | yes | count=100.00 | yes=59c
Kalshi WS trade #3857: KXATPMATCH-26FEB13DEVAN-DE | yes | count=9.00 | yes=48c
Kalshi WS trade #3858: KXWO-GOLD-26-ITA | yes | count=250.00 | yes=2c
Kalshi WS trade #3859: KXATPCHALLENGERMATCH-26FEB13LLAMIK-MIK | yes | count=130.00 | yes=13c
Kalshi WS trade #3860: KXATPCHALLENGERMATCH-26FEB13LLAMIK-LLA | no | count=8.00 | yes=86c
Kalshi WS trade #3861: KXATPCHALLENGERMATCH-26FEB13LLAMIK-LLA | no | count=163.00 | yes=85c
Kalshi WS trade #3862: KXATPCHALLENGERMATCH-26FEB13LLAMIK-MIK | yes | count=86.00 | yes=13c
Kalshi WS trade #3863: KXATPCHALLENGERMATCH-26FEB13LLAMIK-MIK | yes | count=77.00 | yes=13c
Kalshi WS trade #3864: KXTRUMPMENTION-26FEB14-CRYP | no | count=3.00 | yes=3c
Kalshi WS trade #3865: KXBTC15M-26FEB131000-00 | yes | count=40.00 | yes=98c
Kalshi WS trade #3866: KXATPCHALLENGERMATCH-26FEB13LLAMIK-LLA | no | count=76.00 | yes=85c
Kalshi WS trade #3867: KXATPCHALLENGERMATCH-26FEB13LLAMIK-MIK | yes | count=23.00 | yes=13c
Kalshi WS trade #3868: KXATPCHALLENGERMATCH-26FEB13LLAMIK-MIK | yes | count=53.00 | yes=13c
Kalshi WS trade #3869: KXNASDAQ100U-26FEB13H1000-T24649.99 | no | count=28.00 | yes=87c
Kalshi WS trade #3870: KXSAVEACT-27-JAN04 | no | count=1.00 | yes=16c
Kalshi WS trade #3871: KXBTCD-26FEB1310-T67499.99 | yes | count=80.00 | yes=90c
Kalshi WS trade #3872: KXWTACHALLENGERMATCH-26FEB13STEJOR-JOR | yes | count=250.00 | yes=37c
Kalshi WS trade #3873: KXWOSBOARD-MHP26CGOLD-JPN | no | count=1.00 | yes=17c
Kalshi WS trade #3874: KXBTCD-26FEB1310-T67999.99 | no | count=250.00 | yes=17c
Kalshi WS trade #3875: KXINXU-26FEB13H1000-T6819.9999 | yes | count=23.00 | yes=94c
Kalshi WS trade #3876: KXINXU-26FEB13H1000-T6839.9999 | no | count=20.00 | yes=36c
Kalshi WS trade #3877: KXBTC15M-26FEB131000-00 | yes | count=794.00 | yes=98c
Kalshi WS trade #3878: KXINXU-26FEB13H1000-T6839.9999 | no | count=1.00 | yes=35c
Kalshi WS trade #3879: KXBTCD-26FEB1310-T67749.99 | no | count=100.00 | yes=55c
Kalshi WS trade #3880: KXWTACHALLENGERMATCH-26FEB13CHWLAM-LAM | yes | count=31.00 | yes=14c
Kalshi WS trade #3881: KXATPMATCH-26FEB13DEVAN-DE | yes | count=86.00 | yes=48c
Kalshi WS trade #3882: KXATPMATCH-26FEB13DEVAN-DE | yes | count=118.00 | yes=48c
Kalshi WS trade #3883: KXHIGHLAX-26FEB13-B68.5 | yes | count=39.00 | yes=36c
Kalshi WS trade #3884: KXHIGHMIA-26FEB13-T80 | yes | count=3.00 | yes=52c
Kalshi WS trade #3885: KXHIGHMIA-26FEB13-T80 | yes | count=33.00 | yes=53c
Kalshi WS trade #3886: KXWTACHALLENGERMATCH-26FEB13STEJOR-STE | no | count=7.00 | yes=62c
Kalshi WS trade #3887: KXATPCHALLENGERMATCH-26FEB13LLAMIK-MIK | yes | count=7.00 | yes=13c
Kalshi WS trade #3888: KXNCAAMBGAME-26FEB13CORPRIN-COR | yes | count=312.00 | yes=62c
Kalshi WS trade #3889: KXBTCD-26FEB1310-T67749.99 | yes | count=120.00 | yes=55c
Kalshi WS trade #3890: KXWOMHOCKEY-26FEB13FRACZE-FRA | yes | count=156.00 | yes=6c
Kalshi WS trade #3891: KXBTC-26FEB1310-B67625 | no | count=26.00 | yes=33c
Kalshi WS trade #3892: KXATPCHALLENGERMATCH-26FEB13TRAMOR-MOR | yes | count=16.00 | yes=92c
Kalshi WS trade #3893: KXPGATOUR-ATPBP26-KBRA | yes | count=344.00 | yes=9c
Kalshi WS trade #3894: KXATPMATCH-26FEB13GRIAUG-GRI | yes | count=17.00 | yes=27c
Kalshi WS trade #3895: KXSOL15M-26FEB131000-00 | yes | count=20.00 | yes=98c
Kalshi WS trade #3896: KXT20MATCH-26FEB13NEDUSA-NED | yes | count=30.00 | yes=19c
Kalshi WS trade #3897: KXT20MATCH-26FEB13NEDUSA-NED | yes | count=12.00 | yes=19c
Kalshi WS trade #3898: KXT20MATCH-26FEB13NEDUSA-NED | yes | count=4.00 | yes=19c
Kalshi WS trade #3899: KXT20MATCH-26FEB13NEDUSA-NED | yes | count=203.00 | yes=19c
Kalshi WS trade #3900: KXNBASLAMDUNK-26-KJOH | yes | count=15.00 | yes=25c
Kalshi WS trade #3901: KXATPCHALLENGERMATCH-26FEB13LLAMIK-LLA | yes | count=50.00 | yes=89c
Kalshi WS trade #3902: KXATPCHALLENGERMATCH-26FEB13LLAMIK-LLA | yes | count=42.00 | yes=90c
Kalshi WS trade #3903: KXNCAAWBGAME-26FEB13HARVYALE-YALE | yes | count=100.00 | yes=8c
Kalshi WS trade #3904: KXWTACHALLENGERMATCH-26FEB13STEJOR-STE | no | count=712.00 | yes=63c
Kalshi WS trade #3905: KXNCAAWBGAME-26FEB13HARVYALE-HARV | no | count=100.00 | yes=93c
Kalshi WS trade #3906: KXETHD-26FEB1310-T1989.99 | no | count=2.00 | yes=54c
Kalshi WS trade #3907: KXSAUDIPLGAME-26FEB13SHAAAS-TIE | yes | count=47.00 | yes=5c
Kalshi WS trade #3908: KXSAUDIPLGAME-26FEB13SHAAAS-TIE | yes | count=20.00 | yes=5c
Kalshi WS trade #3909: KXT20MATCH-26FEB13NEDUSA-NED | yes | count=197.00 | yes=19c
Kalshi WS trade #3910: KXWTACHALLENGERMATCH-26FEB13STEJOR-JOR | yes | count=12.00 | yes=37c
Kalshi WS trade #3911: KXATPMATCH-26FEB13DEVAN-DE | yes | count=69.00 | yes=49c
Kalshi WS trade #3912: KXATPMATCH-26FEB13DEVAN-DE | yes | count=86.00 | yes=49c
Kalshi WS trade #3913: KXHIGHTSATX-26FEB13-T79 | yes | count=50.00 | yes=18c
Kalshi WS trade #3914: KXWOMHOCKEY-26FEB13CANCHE-CAN | yes | count=32.00 | yes=90c
Kalshi WS trade #3915: KXNCAAMBGAME-26FEB13MANNIAG-MAN | yes | count=20.00 | yes=48c
Poly WS trade #94: asset=10832696757358093775... | BUY | size=11 | price=0.9
Kalshi WS trade #3916: KXATPCHALLENGERMATCH-26FEB13LLAMIK-MIK | yes | count=36.00 | yes=13c
Kalshi WS trade #3917: KXBTC15M-26FEB131000-00 | no | count=234.00 | yes=96c
Kalshi WS trade #3918: KXBTC15M-26FEB131000-00 | yes | count=11.00 | yes=98c
Kalshi WS trade #3919: KXBTCD-26FEB1310-T67249.99 | no | count=1.00 | yes=97c
Kalshi WS trade #3920: KXBTCD-26FEB1310-T67499.99 | yes | count=54.00 | yes=90c
Kalshi WS trade #3921: KXATPCHALLENGERMATCH-26FEB13LLAMIK-LLA | yes | count=1.00 | yes=91c
Kalshi WS trade #3922: KXSERIEAGAME-26FEB13PISACM-ACM | yes | count=31.00 | yes=62c
Kalshi WS trade #3923: KXBTC15M-26FEB131000-00 | yes | count=18.00 | yes=98c
Kalshi WS trade #3924: KXWOFREESKI-WDMOG26MEDAL-PLAF | yes | count=19.00 | yes=86c
Kalshi WS trade #3925: KXBTCD-26FEB1310-T67749.99 | no | count=98.00 | yes=55c
Kalshi WS trade #3926: KXBTCD-26FEB1310-T67499.99 | no | count=250.00 | yes=89c
Kalshi WS trade #3927: KXBTCD-26FEB1310-T67499.99 | no | count=200.00 | yes=89c
Kalshi WS trade #3928: KXOSCARACTR-26-KAT | yes | count=42.00 | yes=2c
Kalshi WS trade #3929: KXOSCARACTR-26-KAT | yes | count=4.00 | yes=2c
Kalshi WS trade #3930: KXBTC15M-26FEB131000-00 | yes | count=1.00 | yes=98c
Kalshi WS trade #3931: KXWTAMATCH-26FEB13COCVEK-VEK | no | count=19.00 | yes=22c
Poly WS trade #95: asset=76489251550443972870... | BUY | size=100 | price=0.246
Poly WS trade #96: asset=76489251550443972870... | BUY | size=110 | price=0.246
Kalshi WS trade #3932: KXBERNIEMENTION-26FEB14-IMMI | yes | count=6.00 | yes=48c
Kalshi WS trade #3933: KXHIGHMIA-26FEB13-B77.5 | yes | count=63.00 | yes=8c
Kalshi WS trade #3934: KXETHD-26FEB1310-T1989.99 | yes | count=50.00 | yes=57c
Kalshi WS trade #3935: KXBTC15M-26FEB131000-00 | no | count=23.00 | yes=96c
Kalshi WS trade #3936: KXSAUDIPLGAME-26FEB13ITJFAY-ITJ | yes | count=32.00 | yes=70c
Kalshi WS trade #3937: KXTRUMPMENTION-26FEB14-EPST | no | count=3.00 | yes=3c
Kalshi WS trade #3938: KXXRP15M-26FEB131000-00 | yes | count=63.00 | yes=94c
Kalshi WS trade #3939: KXATPCHALLENGERMATCH-26FEB13LLAMIK-MIK | yes | count=36.00 | yes=11c
Kalshi WS trade #3940: KXATPMATCH-26FEB13DEVAN-VAN | yes | count=350.00 | yes=54c
Kalshi WS trade #3941: KXATPMATCH-26FEB13DEVAN-VAN | yes | count=6.00 | yes=54c
Kalshi WS trade #3942: KXBTC15M-26FEB131000-00 | yes | count=10.00 | yes=98c
Kalshi WS trade #3943: KXATPCHALLENGERMATCH-26FEB13LLAMIK-MIK | yes | count=36.00 | yes=11c
Kalshi WS trade #3944: KXBTCD-26FEB1310-T67999.99 | yes | count=38.00 | yes=18c
Kalshi WS trade #3945: KXBTCD-26FEB1310-T67499.99 | no | count=100.00 | yes=89c
Kalshi WS trade #3946: KXBTCD-26FEB1310-T67499.99 | no | count=82.00 | yes=88c
Kalshi WS trade #3947: KXBTCD-26FEB1310-T67499.99 | no | count=18.00 | yes=87c
Kalshi WS trade #3948: KXWTAMATCH-26FEB13COCVEK-VEK | yes | count=136.00 | yes=28c
Kalshi WS trade #3949: KXXRP15M-26FEB131000-00 | no | count=2.00 | yes=93c
Kalshi WS trade #3950: KXBTCD-26FEB1310-T67999.99 | no | count=200.00 | yes=17c
Kalshi WS trade #3951: KXWOSSKATE-M10K26GOLD-DGHI | no | count=8.00 | yes=54c
Kalshi WS trade #3952: KXLIVTOUR-LIGA26-BDEC | no | count=30.00 | yes=19c
Kalshi WS trade #3953: KXBTCD-26FEB1317-T65999.99 | no | count=90.00 | yes=87c
Kalshi WS trade #3954: KXBTCD-26FEB1317-T65999.99 | no | count=100.00 | yes=87c
Kalshi WS trade #3955: KXBTCD-26FEB1317-T65999.99 | no | count=10.00 | yes=87c
Kalshi WS trade #3956: KXLAXSNOWM-26FEB-0.5 | yes | count=467.00 | yes=1c
Kalshi WS trade #3957: KXATPMATCH-26FEB13DEVAN-DE | yes | count=85.00 | yes=49c
Kalshi WS trade #3958: KXWTACHALLENGERMATCH-26FEB13CHWLAM-CHW | yes | count=284.00 | yes=87c
Kalshi WS trade #3959: KXHIGHPHIL-26FEB13-B39.5 | yes | count=53.00 | yes=45c
Kalshi WS trade #3960: KXBTCD-26FEB1310-T67999.99 | yes | count=47.00 | yes=18c
Kalshi WS trade #3961: KXNCAAMBSPREAD-26FEB13MSUWIS-MSU1 | no | count=40.00 | yes=54c
Kalshi WS trade #3962: KXBTCD-26FEB1310-T67749.99 | no | count=250.00 | yes=57c
Kalshi WS trade #3963: KXBTCD-26FEB1310-T67749.99 | no | count=100.00 | yes=57c
Kalshi WS trade #3964: KXBTCD-26FEB1310-T67749.99 | no | count=50.00 | yes=56c
Kalshi WS trade #3965: KXBTCD-26FEB1310-T67749.99 | no | count=100.00 | yes=55c
Kalshi WS trade #3966: KXBTCD-26FEB1310-T67749.99 | no | count=2000.00 | yes=55c
Kalshi WS trade #3967: KXBTCD-26FEB1310-T67749.99 | no | count=200.00 | yes=54c
Kalshi WS trade #3968: KXBTCD-26FEB1310-T67749.99 | no | count=861.00 | yes=54c
Kalshi WS trade #3969: KXBTCD-26FEB1310-T67749.99 | no | count=366.00 | yes=54c
Kalshi WS trade #3970: KXBTCD-26FEB1310-T67749.99 | no | count=6136.00 | yes=54c
Kalshi WS trade #3971: KXWTAMATCH-26FEB13COCVEK-VEK | no | count=1.00 | yes=22c
Kalshi WS trade #3972: KXWTAMATCH-26FEB13COCVEK-VEK | no | count=17.00 | yes=22c
Kalshi WS trade #3973: KXWTAMATCH-26FEB13COCVEK-COC | yes | count=12.00 | yes=75c
Kalshi WS trade #3974: KXWTAMATCH-26FEB13COCVEK-COC | yes | count=30.00 | yes=75c
Kalshi WS trade #3975: KXWTAMATCH-26FEB13COCVEK-COC | yes | count=178.00 | yes=75c
Kalshi WS trade #3976: KXWTAMATCH-26FEB13COCVEK-COC | yes | count=17.00 | yes=75c
Kalshi WS trade #3977: KXBTCD-26FEB1310-T67749.99 | no | count=50.00 | yes=55c
Kalshi WS trade #3978: KXHIGHAUS-26FEB13-B78.5 | yes | count=6.00 | yes=14c
Kalshi WS trade #3979: KXBTCD-26FEB1310-T67749.99 | no | count=200.00 | yes=55c
Kalshi WS trade #3980: KXBTCD-26FEB1310-T67749.99 | no | count=10.00 | yes=55c
Kalshi WS trade #3981: KXT20MATCH-26FEB15NEPWI-WI | no | count=375.00 | yes=87c
Kalshi WS trade #3982: KXT20MATCH-26FEB15NEPWI-NEP | no | count=375.00 | yes=15c
Kalshi WS trade #3983: KXGOVTSHUTDOWN-26FEB14 | no | count=39.00 | yes=88c
Kalshi WS trade #3984: KXBTC-26FEB1310-B67625 | yes | count=50.00 | yes=33c
Kalshi WS trade #3985: KXNASCARRACE-DAY26-AUDI | yes | count=624.00 | yes=3c
Kalshi WS trade #3986: KXATPMATCH-26FEB13DEVAN-VAN | yes | count=7.00 | yes=54c
Kalshi WS trade #3987: KXATPMATCH-26FEB13DEVAN-VAN | yes | count=79.00 | yes=54c
Kalshi WS trade #3988: KXBTCD-26FEB1310-T67499.99 | yes | count=100.00 | yes=89c
Kalshi WS trade #3989: KXBTCD-26FEB1310-T67499.99 | no | count=100.00 | yes=89c
Kalshi WS trade #3990: KXGOVTSHUTDOWN-26FEB14 | no | count=107.00 | yes=88c
Kalshi WS trade #3991: KXBTCD-26FEB1310-T67999.99 | no | count=63.00 | yes=17c
Kalshi WS trade #3992: KXBTCD-26FEB1310-T67749.99 | no | count=44.00 | yes=57c
Kalshi WS trade #3993: KXSAUDIPLGAME-26FEB13SHAAAS-AAS | no | count=87.00 | yes=93c
Kalshi WS trade #3994: KXMVESPORTSMULTIGAMEEXTENDED-S20261D0F757BA10-7A24F81052B | yes | count=1401.00 | yes=2c
Kalshi WS trade #3995: KXWOMHOCKEY-26FEB13CANCHE-CAN | yes | count=2717.00 | yes=90c
Poly WS trade #97: asset=43946269812975261940... | BUY | size=415.33 | price=0.76
Kalshi WS trade #3996: KXBTCD-26FEB1310-T67749.99 | yes | count=39.00 | yes=59c
Kalshi WS trade #3997: KXBTCD-26FEB1310-T67499.99 | yes | count=2.00 | yes=90c
Kalshi WS trade #3998: KXSENATETXR-26-JC | no | count=2.00 | yes=22c
Kalshi WS trade #3999: KXSENATETXR-26-WHUN | no | count=1.00 | yes=8c
Kalshi WS trade #4000: KXSOL15M-26FEB131000-00 | no | count=1.00 | yes=97c
Kalshi WS trade #4001: KXBTCD-26FEB1310-T67749.99 | no | count=100.00 | yes=58c
Kalshi WS trade #4002: KXBTC15M-26FEB131000-00 | yes | count=45.00 | yes=98c
Kalshi WS trade #4003: KXETHD-26FEB1310-T1989.99 | no | count=10.00 | yes=60c
Kalshi WS trade #4004: KXETHD-26FEB1310-T1989.99 | no | count=100.00 | yes=61c
Kalshi WS trade #4005: KXETHD-26FEB1310-T1989.99 | no | count=700.00 | yes=60c
Kalshi WS trade #4006: KXBTCD-26FEB1310-T67749.99 | no | count=150.00 | yes=58c
Kalshi WS trade #4007: KXBTCD-26FEB1310-T67749.99 | no | count=90.00 | yes=58c
Kalshi WS trade #4008: KXBTCD-26FEB1310-T67749.99 | no | count=10.00 | yes=58c
Kalshi WS trade #4009: KXBTCD-26FEB1310-T67999.99 | no | count=20.00 | yes=18c
Kalshi WS trade #4010: KXBTCD-26FEB1317-T67999.99 | no | count=90.00 | yes=41c
Kalshi WS trade #4011: KXBTCD-26FEB1317-T67999.99 | no | count=100.00 | yes=41c
Kalshi WS trade #4012: KXBTCD-26FEB1317-T67999.99 | no | count=90.00 | yes=40c
Kalshi WS trade #4013: KXBTCD-26FEB1317-T67999.99 | no | count=36.00 | yes=40c
Kalshi WS trade #4014: KXT20MATCH-26FEB13NEDUSA-NED | yes | count=21.00 | yes=19c
Kalshi WS trade #4015: KXT20MATCH-26FEB13NEDUSA-NED | yes | count=26.00 | yes=19c
Kalshi WS trade #4016: KXBTCD-26FEB1310-T67999.99 | no | count=230.00 | yes=18c
Kalshi WS trade #4017: KXBTCD-26FEB1310-T67999.99 | no | count=90.00 | yes=18c
Kalshi WS trade #4018: KXBTCD-26FEB1310-T67999.99 | no | count=100.00 | yes=18c
Kalshi WS trade #4019: KXBTCD-26FEB1310-T67749.99 | no | count=50.00 | yes=58c
Kalshi WS trade #4020: KXBTCD-26FEB1310-T67749.99 | no | count=250.00 | yes=58c
Kalshi WS trade #4021: KXBTCD-26FEB1310-T67749.99 | no | count=100.00 | yes=58c
Kalshi WS trade #4022: KXBTC-26FEB1310-B67875 | no | count=50.00 | yes=41c
Kalshi WS trade #4023: KXBTCD-26FEB1310-T67749.99 | yes | count=8.00 | yes=58c
Kalshi WS trade #4024: KXBTC-26FEB1310-B67625 | yes | count=22.00 | yes=32c
Kalshi WS trade #4025: KXWOWHOCKEY-26FEB13CZESWE-CZE | yes | count=17.00 | yes=56c
Kalshi WS trade #4026: KXATPCHALLENGERMATCH-26FEB13LLAMIK-MIK | no | count=5.00 | yes=8c
Kalshi WS trade #4027: KXATPCHALLENGERMATCH-26FEB13LLAMIK-MIK | no | count=46.00 | yes=8c
Kalshi WS trade #4028: KXATPCHALLENGERMATCH-26FEB13LLAMIK-MIK | no | count=217.00 | yes=8c
Kalshi WS trade #4029: KXATPCHALLENGERMATCH-26FEB13LLAMIK-MIK | no | count=144.00 | yes=8c
Kalshi WS trade #4030: KXBTCD-26FEB1310-T67749.99 | yes | count=41.00 | yes=60c
Kalshi WS trade #4031: KXINXU-26FEB13H1000-T6844.9999 | yes | count=2.00 | yes=17c
Kalshi WS trade #4032: KXATPCHALLENGERMATCH-26FEB13TRAMOR-TRA | yes | count=4.00 | yes=19c
Kalshi WS trade #4033: KXATPCHALLENGERMATCH-26FEB13TRAMOR-TRA | no | count=27.00 | yes=10c
Kalshi WS trade #4034: KXBTCD-26FEB1310-T67999.99 | yes | count=30.00 | yes=18c
Kalshi WS trade #4035: KXSOLE-26FEB1310-B81 | yes | count=30.00 | yes=67c
Kalshi WS trade #4036: KXATPCHALLENGERMATCH-26FEB13LLAMIK-MIK | yes | count=8.00 | yes=10c
Kalshi WS trade #4037: KXBTCD-26FEB1310-T67249.99 | yes | count=40.00 | yes=98c
Kalshi WS trade #4038: KXWTACHALLENGERMATCH-26FEB13STEJOR-JOR | yes | count=256.00 | yes=37c
Kalshi WS trade #4039: KXWTAMATCH-26FEB13COCVEK-COC | yes | count=1.00 | yes=77c
Kalshi WS trade #4040: KXWTACHALLENGERMATCH-26FEB13CHWLAM-LAM | yes | count=33.00 | yes=14c
Kalshi WS trade #4041: KXBTC-26FEB1310-B67625 | yes | count=50.00 | yes=31c
Kalshi WS trade #4042: KXBTCD-26FEB1317-T68999.99 | yes | count=3.00 | yes=18c
Kalshi WS trade #4043: KXATPCHALLENGERMATCH-26FEB13LLAMIK-LLA | yes | count=54.00 | yes=91c
Kalshi WS trade #4044: KXBTCD-26FEB1310-T67749.99 | no | count=7.00 | yes=61c
Kalshi WS trade #4045: KXBTC15M-26FEB131000-00 | yes | count=108.00 | yes=98c
Kalshi WS trade #4046: KXT20MATCH-26FEB13NEDUSA-USA | yes | count=50.00 | yes=82c
Kalshi WS trade #4047: KXT20MATCH-26FEB13NEDUSA-USA | yes | count=37.00 | yes=82c
Kalshi WS trade #4048: KXT20MATCH-26FEB13NEDUSA-USA | yes | count=500.00 | yes=82c
Kalshi WS trade #4049: KXT20MATCH-26FEB13NEDUSA-USA | yes | count=70.00 | yes=82c
Kalshi WS trade #4050: KXT20MATCH-26FEB13NEDUSA-USA | yes | count=44.00 | yes=82c
Kalshi WS trade #4051: KXINXU-26FEB13H1000-T6839.9999 | no | count=20.00 | yes=33c
Kalshi WS trade #4052: KXATPCHALLENGERMATCH-26FEB13LLAMIK-MIK | yes | count=15.00 | yes=10c
Kalshi WS trade #4053: KXATPCHALLENGERMATCH-26FEB13LLAMIK-MIK | yes | count=50.00 | yes=11c
Kalshi WS trade #4054: KXINXU-26FEB13H1000-T6839.9999 | yes | count=30.00 | yes=30c
Kalshi WS trade #4055: KXATPCHALLENGERMATCH-26FEB13TRAMOR-TRA | yes | count=4.00 | yes=10c
Kalshi WS trade #4056: KXWOSSKATE-M10K26GOLD-DGHI | no | count=25.00 | yes=54c
Kalshi WS trade #4057: KXWTAMATCH-26FEB13COCVEK-VEK | no | count=4.00 | yes=21c
Kalshi WS trade #4058: KXWTAMATCH-26FEB13COCVEK-VEK | no | count=10.00 | yes=19c
Kalshi WS trade #4059: KXBTCD-26FEB1310-T67499.99 | yes | count=19.00 | yes=92c
Kalshi WS trade #4060: KXETHD-26FEB1310-T1989.99 | no | count=50.00 | yes=60c
Kalshi WS trade #4061: KXATPCHALLENGERMATCH-26FEB13LLAMIK-LLA | yes | count=45.00 | yes=91c
Kalshi WS trade #4062: KXATPCHALLENGERMATCH-26FEB13LLAMIK-LLA | yes | count=25.00 | yes=91c
Kalshi WS trade #4063: KXNASCARRACE-DAY26-CHEL | yes | count=26.00 | yes=7c
Kalshi WS trade #4064: KXNBA3PTCONTEST-26-DBOO | yes | count=47.00 | yes=12c
Kalshi WS trade #4065: KXWTAMATCH-26FEB13COCVEK-VEK | yes | count=10.00 | yes=28c
Kalshi WS trade #4066: KXBTC15M-26FEB131000-00 | no | count=1.00 | yes=97c
Kalshi WS trade #4067: KXBESSENTMTPMENTION-26FEB14-TAX | no | count=6.00 | yes=99c
Kalshi WS trade #4068: KXATPCHALLENGERMATCH-26FEB13LLAMIK-LLA | no | count=23.00 | yes=89c
Kalshi WS trade #4069: KXBTCD-26FEB1310-T67499.99 | no | count=109.00 | yes=90c
Kalshi WS trade #4070: KXBTCD-26FEB1310-T67499.99 | no | count=29.00 | yes=89c
Kalshi WS trade #4071: KXBTCD-26FEB1310-T67499.99 | no | count=100.00 | yes=89c
Kalshi WS trade #4072: KXBTCD-26FEB1310-T67499.99 | no | count=50.00 | yes=88c
Kalshi WS trade #4073: KXBTCD-26FEB1310-T67499.99 | no | count=590.00 | yes=88c
Kalshi WS trade #4074: KXNCAAMBGAME-26FEB13GMUGW-GMU | yes | count=52.00 | yes=46c
Kalshi WS trade #4075: KXNCAAMBSPREAD-26FEB13CORPRIN-COR3 | yes | count=32.00 | yes=50c
Kalshi WS trade #4076: KXATPCHALLENGERMATCH-26FEB13TABECH-ECH | no | count=5.00 | yes=39c
Kalshi WS trade #4077: KXATPCHALLENGERMATCH-26FEB13TABECH-ECH | no | count=7.00 | yes=39c
Kalshi WS trade #4078: KXSLCSNOWM-26FEB-1.0 | yes | count=10.00 | yes=76c
Kalshi WS trade #4079: KXSLCSNOWM-26FEB-1.0 | yes | count=1268.00 | yes=77c
Kalshi WS trade #4080: KXWOMHOCKEY-26FEB13FRACZE-FRA | yes | count=25.00 | yes=6c
Kalshi WS trade #4081: KXBTCD-26FEB1310-T67749.99 | no | count=50.00 | yes=60c
Kalshi WS trade #4082: KXATPMATCH-26FEB13DEVAN-DE | yes | count=329.00 | yes=49c
Kalshi WS trade #4083: KXATPMATCH-26FEB13DEVAN-DE | yes | count=81.00 | yes=49c
Kalshi WS trade #4084: KXATPMATCH-26FEB13DEVAN-DE | yes | count=82.00 | yes=49c
Kalshi WS trade #4085: KXATPMATCH-26FEB13DEVAN-VAN | yes | count=100.00 | yes=54c
Kalshi WS trade #4086: KXBTC-26FEB1310-B67625 | yes | count=50.00 | yes=30c
Kalshi WS trade #4087: KXVALORANTGAME-26FEB13BBLGM-BBL | yes | count=1.00 | yes=50c
Kalshi WS trade #4088: KXVALORANTGAME-26FEB13BBLGM-BBL | yes | count=93.00 | yes=51c
Kalshi WS trade #4089: KXATPCHALLENGERMATCH-26FEB13LLAMIK-LLA | yes | count=126.00 | yes=91c
Kalshi WS trade #4090: KXATPCHALLENGERMATCH-26FEB13LLAMIK-LLA | no | count=17.00 | yes=89c
Kalshi WS trade #4091: KXBTC-26FEB1310-B67875 | yes | count=55.00 | yes=42c
Kalshi WS trade #4092: KXGOVTSHUTDOWN-26FEB14 | yes | count=8.00 | yes=89c
Kalshi WS trade #4093: KXPGATOUR-ATPBP26-SBUR | yes | count=1174.00 | yes=8c
Kalshi WS trade #4094: KXWTAMATCH-26FEB13COCVEK-COC | yes | count=29.00 | yes=78c
Kalshi WS trade #4095: KXWTAMATCH-26FEB13COCVEK-COC | yes | count=200.00 | yes=78c
Kalshi WS trade #4096: KXWTAMATCH-26FEB13COCVEK-COC | yes | count=23.00 | yes=79c
Kalshi WS trade #4097: KXBTCD-26FEB1310-T67499.99 | yes | count=2.00 | yes=91c
Kalshi WS trade #4098: KXBTCD-26FEB1310-T67999.99 | yes | count=105.00 | yes=18c
Kalshi WS trade #4099: KXATPMATCH-26FEB13DEVAN-DE | yes | count=187.00 | yes=49c
Kalshi WS trade #4100: KXATPMATCH-26FEB13DEVAN-DE | yes | count=305.00 | yes=49c
Kalshi WS trade #4101: KXBTCD-26FEB1310-T67749.99 | yes | count=7.00 | yes=58c
Kalshi WS trade #4102: KXETH-26FEB1310-B2000 | yes | count=29.00 | yes=58c
Poly WS trade #98: asset=10150694304905327693... | BUY | size=49 | price=0.949
Kalshi WS trade #4103: KXPGATOP10-ATPBP26-TFIN | yes | count=90.00 | yes=33c
Kalshi WS trade #4104: KXATPCHALLENGERMATCH-26FEB13LLAMIK-MIK | yes | count=157.00 | yes=11c
Kalshi WS trade #4105: KXBTC-26FEB1310-B67875 | yes | count=8.00 | yes=41c
Kalshi WS trade #4106: KXWOSBOARD-WSX26MEDAL-NWIE | yes | count=93.00 | yes=1c
Kalshi WS trade #4107: KXBTCD-26FEB1310-T67749.99 | yes | count=39.00 | yes=58c
Kalshi WS trade #4108: KXBTCD-26FEB1310-T67749.99 | yes | count=16.00 | yes=58c
Kalshi WS trade #4109: KXWTAMATCH-26FEB13COCVEK-COC | yes | count=29.00 | yes=78c
Kalshi WS trade #4110: KXWTAMATCH-26FEB13COCVEK-COC | yes | count=109.00 | yes=79c
Kalshi WS trade #4111: KXWTAMATCH-26FEB13COCVEK-COC | yes | count=216.00 | yes=80c
Kalshi WS trade #4112: KXWTAMATCH-26FEB13COCVEK-COC | yes | count=32.00 | yes=80c
Kalshi WS trade #4113: KXBTC15M-26FEB131000-00 | yes | count=78.00 | yes=98c
Kalshi WS trade #4114: KXBTC15M-26FEB131000-00 | yes | count=6.00 | yes=98c
Kalshi WS trade #4115: KXBTC15M-26FEB131000-00 | yes | count=100.00 | yes=98c
Kalshi WS trade #4116: KXBTC15M-26FEB131000-00 | yes | count=3.00 | yes=98c
Kalshi WS trade #4117: KXBTC15M-26FEB131000-00 | yes | count=200.00 | yes=98c
Kalshi WS trade #4118: KXBTC15M-26FEB131000-00 | yes | count=100.00 | yes=99c
Kalshi WS trade #4119: KXBTC15M-26FEB131000-00 | yes | count=1.00 | yes=99c
Kalshi WS trade #4120: KXBTC15M-26FEB131000-00 | yes | count=50.00 | yes=99c
Kalshi WS trade #4121: KXNCAAMBTOTAL-26FEB13MSUWIS-145 | no | count=10.00 | yes=53c
Kalshi WS trade #4122: KXGOVTSHUTDOWN-26FEB14 | yes | count=1.00 | yes=89c
Kalshi WS trade #4123: KXVALORANTGAME-26FEB13BBLGM-BBL | yes | count=327.00 | yes=51c
Kalshi WS trade #4124: KXWTAMATCH-26FEB13COCVEK-VEK | yes | count=40.00 | yes=28c
Kalshi WS trade #4125: KXGOVTSHUTDOWN-26FEB14 | no | count=188.00 | yes=88c
Kalshi WS trade #4126: KXATPCHALLENGERMATCH-26FEB13TRAMOR-MOR | no | count=8.00 | yes=91c
Kalshi WS trade #4127: KXATPCHALLENGERMATCH-26FEB13TRAMOR-MOR | no | count=100.00 | yes=90c
Poly WS trade #99: asset=43946269812975261940... | BUY | size=81.43 | price=0.759
Kalshi WS trade #4128: KXPGATOUR-ATPBP26-SSCH | yes | count=117.00 | yes=4c
Kalshi WS trade #4129: KXBTCD-26FEB1317-T65999.99 | no | count=200.00 | yes=87c
Kalshi WS trade #4130: KXBTCD-26FEB1310-T67749.99 | yes | count=25.00 | yes=59c
Kalshi WS trade #4131: KXMVESPORTSMULTIGAMEEXTENDED-S2026FC799D45AAD-C0F8BFD8E4D | yes | count=167.00 | yes=5c
Kalshi WS trade #4132: KXMVESPORTSMULTIGAMEEXTENDED-S2026E3B1246D894-AA852580028 | yes | count=59.00 | yes=5c
Kalshi WS trade #4133: KXATPCHALLENGERMATCH-26FEB13LLAMIK-MIK | yes | count=258.00 | yes=11c
Kalshi WS trade #4134: KXBTC-26FEB1317-B68250 | yes | count=23.00 | yes=18c
Kalshi WS trade #4135: KXNCAAMBGAME-26FEB14TEXMIZZ-MIZZ | yes | count=1.00 | yes=56c
Kalshi WS trade #4136: KXNBA3PTCONTEST-26-KKNU | yes | count=19.00 | yes=24c
Kalshi WS trade #4137: KXBTCD-26FEB1310-T67999.99 | yes | count=5.00 | yes=18c
Kalshi WS trade #4138: KXATPCHALLENGERMATCH-26FEB13TABECH-TAB | yes | count=50.00 | yes=66c
Kalshi WS trade #4139: KXBTC-26FEB1310-B67875 | yes | count=45.00 | yes=42c
Kalshi WS trade #4140: KXEPLTOP4-26-CHE | yes | count=119.00 | yes=40c
Kalshi WS trade #4141: KXWTAMATCH-26FEB13COCVEK-VEK | no | count=1.00 | yes=18c
Kalshi WS trade #4142: KXWTAMATCH-26FEB13COCVEK-VEK | no | count=23.00 | yes=17c
Kalshi WS trade #4143: KXATPCHALLENGERMATCH-26FEB13TABECH-ECH | yes | count=4.00 | yes=38c
Kalshi WS trade #4144: KXATPCHALLENGERMATCH-26FEB13TABECH-ECH | yes | count=1340.00 | yes=38c
Poly WS trade #100: asset=20939351535690701474... | SELL | size=12.44 | price=0.965
Kalshi WS trade #4145: KXPGATOP20-ATPBP26-ABHA | yes | count=1.00 | yes=57c
INFO:     35.145.33.17:0 - "GET /api/stats HTTP/1.1" 200 OK
Kalshi WS trade #4146: KXBTCD-26FEB1310-T67249.99 | yes | count=188.00 | yes=98c
Kalshi WS trade #4147: KXNCAAMBGAME-26FEB13QUINSIE-QUIN | yes | count=6.00 | yes=38c
Kalshi WS trade #4148: KXNCAAMBGAME-26FEB13QUINSIE-QUIN | yes | count=31.00 | yes=39c
INFO:     35.145.33.17:0 - "GET /api/trades/stream?limit=20 HTTP/1.1" 200 OK
Kalshi WS trade #4149: KXWOSSKATE-M10K26GOLD-DGHI | no | count=25.00 | yes=54c
Kalshi WS trade #4150: KXETHD-26FEB1310-T1989.99 | no | count=50.00 | yes=56c
Kalshi WS trade #4151: KXT20MATCH-26FEB13NEDUSA-USA | no | count=782.00 | yes=81c
Kalshi WS trade #4152: KXT20MATCH-26FEB13NEDUSA-USA | no | count=400.00 | yes=81c
Kalshi WS trade #4153: KXT20MATCH-26FEB13NEDUSA-USA | no | count=2500.00 | yes=80c
Kalshi WS trade #4154: KXNCAAWBGAME-26FEB13WICHRICE-WICH | yes | count=5.00 | yes=4c
Kalshi WS trade #4155: KXATPCHALLENGERMATCH-26FEB13LLAMIK-MIK | yes | count=427.00 | yes=11c
INFO:     35.145.33.17:0 - "GET /api/stats HTTP/1.1" 200 OK
Kalshi WS trade #4156: KXBTCD-26FEB1310-T67749.99 | no | count=50.00 | yes=58c
Kalshi WS trade #4157: KXBTCD-26FEB1310-T67749.99 | no | count=100.00 | yes=57c
Kalshi WS trade #4158: KXBTCD-26FEB1310-T67749.99 | no | count=10.00 | yes=57c
Kalshi WS trade #4159: KXBTCD-26FEB1310-T67749.99 | no | count=61.00 | yes=56c
Kalshi WS trade #4160: KXATPCHALLENGERMATCH-26FEB13LLAMIK-MIK | no | count=65.00 | yes=9c
Kalshi WS trade #4161: KXWOMHOCKEYSPREAD-26FEB13FRACZE-CZE2 | no | count=2.00 | yes=71c
Kalshi WS trade #4162: KXATPCHALLENGERMATCH-26FEB13LLAMIK-MIK | yes | count=1.00 | yes=11c
Kalshi WS trade #4163: KXWTACHALLENGERMATCH-26FEB13CHWLAM-CHW | yes | count=5.00 | yes=87c
Kalshi WS trade #4164: KXBTCD-26FEB1310-T67499.99 | yes | count=100.00 | yes=90c
Kalshi WS trade #4165: KXATPCHALLENGERMATCH-26FEB13LLAMIK-LLA | no | count=95.00 | yes=89c
Kalshi WS trade #4166: KXBTCD-26FEB1310-T67999.99 | yes | count=110.00 | yes=18c
Kalshi WS trade #4167: KXBTC15M-26FEB131000-00 | yes | count=3.00 | yes=99c
Kalshi WS trade #4168: KXMVESPORTSMULTIGAMEEXTENDED-S2026A54E3AA4AE2-1E0FBE644C3 | yes | count=297.00 | yes=6c
Kalshi WS trade #4169: KXWOMHOCKEY-26FEB13FRACZE-CZE | yes | count=13.00 | yes=95c
Kalshi WS trade #4170: KXNCAAMBSPREAD-26FEB13SLULCHI-SLU16 | yes | count=39.00 | yes=61c
Kalshi WS trade #4171: KXATPCHALLENGERMATCH-26FEB13LLAMIK-LLA | no | count=960.00 | yes=89c
Kalshi WS trade #4172: KXBTCD-26FEB1310-T67749.99 | no | count=152.00 | yes=59c
Kalshi WS trade #4173: KXBTC15M-26FEB131000-00 | yes | count=97.00 | yes=99c
Kalshi WS trade #4174: KXBTC15M-26FEB131000-00 | yes | count=2.00 | yes=99c
Kalshi WS trade #4175: KXBTC15M-26FEB131000-00 | yes | count=153.00 | yes=99c
Kalshi WS trade #4176: KXWOMHOCKEYTOTAL-26FEB13FRACZE-5 | yes | count=375.00 | yes=65c
Kalshi WS trade #4177: KXBTCD-26FEB1317-T66999.99 | yes | count=10.00 | yes=74c
Poly WS trade #101: asset=20939351535690701474... | SELL | size=26.53 | price=0.965
Kalshi WS trade #4178: KXBTC15M-26FEB131000-00 | yes | count=2.00 | yes=99c
Kalshi WS trade #4179: KXTRUMPMENTION-26FEB14-HEGS | yes | count=3.00 | yes=84c
Kalshi WS trade #4180: KXBTCD-26FEB1310-T67749.99 | no | count=30.00 | yes=60c
Kalshi WS trade #4181: KXSOL15M-26FEB131000-00 | yes | count=2.00 | yes=98c
Kalshi WS trade #4182: KXBTCD-26FEB1317-T69999.99 | yes | count=2.00 | yes=7c
Kalshi WS trade #4183: KXATPCHALLENGERMATCH-26FEB13LLAMIK-MIK | yes | count=23.00 | yes=11c
Kalshi WS trade #4184: KXATPCHALLENGERMATCH-26FEB13LLAMIK-MIK | no | count=25.00 | yes=9c
Kalshi WS trade #4185: KXATPCHALLENGERMATCH-26FEB13LLAMIK-MIK | yes | count=85.00 | yes=11c
Kalshi WS trade #4186: KXBTCD-26FEB1310-T67499.99 | no | count=51.00 | yes=89c
Kalshi WS trade #4187: KXETHD-26FEB1317-T2019.99 | yes | count=10.00 | yes=27c
Kalshi WS trade #4188: KXT20MATCH-26FEB13NEDUSA-NED | yes | count=109.00 | yes=19c
Kalshi WS trade #4189: KXWOMHOCKEY-26FEB13CANCHE-CAN | yes | count=55.00 | yes=90c
Kalshi WS trade #4190: KXWTAMATCH-26FEB13COCVEK-COC | no | count=30.00 | yes=75c
Kalshi WS trade #4191: KXBTCD-26FEB1310-T67749.99 | no | count=11.00 | yes=58c
Kalshi WS trade #4192: KXWTAMATCH-26FEB13COCVEK-COC | yes | count=189.00 | yes=78c
Kalshi WS trade #4193: KXATPCHALLENGERMATCH-26FEB13LLAMIK-MIK | no | count=34.00 | yes=9c
Kalshi WS trade #4194: KXBTCD-26FEB1310-T67999.99 | no | count=50.00 | yes=18c
Kalshi WS trade #4195: KXINXU-26FEB13H1000-T6824.9999 | no | count=9.00 | yes=83c
Kalshi WS trade #4196: KXINXU-26FEB13H1000-T6839.9999 | no | count=20.00 | yes=39c
Kalshi WS trade #4197: KXINXU-26FEB13H1000-T6839.9999 | no | count=1.00 | yes=39c
Kalshi WS trade #4198: KXBTC15M-26FEB131000-00 | no | count=1.00 | yes=98c
Kalshi WS trade #4199: KXATPMATCH-26FEB13DEVAN-DE | no | count=420.00 | yes=46c
Kalshi WS trade #4200: KXATPMATCH-26FEB13DEVAN-VAN | yes | count=6.00 | yes=56c
Kalshi WS trade #4201: KXATPMATCH-26FEB13DEVAN-VAN | yes | count=350.00 | yes=56c
Kalshi WS trade #4202: KXATPMATCH-26FEB13DEVAN-VAN | yes | count=287.00 | yes=56c
Kalshi WS trade #4203: KXATPMATCH-26FEB13DEVAN-DE | no | count=1.00 | yes=45c
Kalshi WS trade #4204: KXATPMATCH-26FEB13DEVAN-DE | no | count=100.00 | yes=44c
Kalshi WS trade #4205: KXATPMATCH-26FEB13DEVAN-DE | no | count=149.00 | yes=44c
Kalshi WS trade #4206: KXATPMATCH-26FEB13DEVAN-VAN | yes | count=500.00 | yes=57c
Kalshi WS trade #4207: KXATPCHALLENGERMATCH-26FEB13TRAMOR-MOR | yes | count=3.00 | yes=91c
Kalshi WS trade #4208: KXATPCHALLENGERMATCH-26FEB13TRAMOR-MOR | yes | count=76.00 | yes=92c
Kalshi WS trade #4209: KXNCAAMBSPREAD-26FEB13SLULCHI-SLU10 | yes | count=4.00 | yes=81c
Kalshi WS trade #4210: KXNBA3PTCONTEST-26-KKNU | yes | count=39.00 | yes=24c
Kalshi WS trade #4211: KXT20MATCH-26FEB13NEDUSA-NED | yes | count=1.00 | yes=19c
Kalshi WS trade #4212: KXATPMATCH-26FEB13DEVAN-DE | no | count=151.00 | yes=43c
Kalshi WS trade #4213: KXATPMATCH-26FEB13DEVAN-DE | no | count=32.00 | yes=43c
Kalshi WS trade #4214: KXATPMATCH-26FEB13DEVAN-DE | no | count=418.00 | yes=41c
Kalshi WS trade #4215: KXATPMATCH-26FEB13DEVAN-DE | no | count=27.00 | yes=41c
Kalshi WS trade #4216: KXATPMATCH-26FEB13DEVAN-VAN | yes | count=350.00 | yes=57c
Kalshi WS trade #4217: KXATPMATCH-26FEB13DEVAN-VAN | yes | count=20.00 | yes=60c
Kalshi WS trade #4218: KXATPMATCH-26FEB13DEVAN-VAN | yes | count=100.00 | yes=60c
Kalshi WS trade #4219: KXATPMATCH-26FEB13DEVAN-VAN | yes | count=144.00 | yes=60c
Kalshi WS trade #4220: KXWOWHOCKEY-26FEB13CZESWE-SWE | yes | count=21.00 | yes=45c
Kalshi WS trade #4221: KXBTCD-26FEB1310-T67749.99 | yes | count=100.00 | yes=60c
Kalshi WS trade #4222: KXBTCD-26FEB1310-T67749.99 | yes | count=100.00 | yes=60c
Kalshi WS trade #4223: KXBTCD-26FEB1310-T67749.99 | yes | count=192.00 | yes=60c
Kalshi WS trade #4224: KXNCAAMBGAME-26FEB13MSUWIS-WIS | yes | count=53.00 | yes=47c
Kalshi WS trade #4225: KXETH15M-26FEB131000-00 | no | count=2.00 | yes=97c
Kalshi WS trade #4226: KXATPCHALLENGERMATCH-26FEB13TRAMOR-TRA | yes | count=47.00 | yes=10c
Kalshi WS trade #4227: KXBTCD-26FEB1310-T67749.99 | no | count=50.00 | yes=58c
Kalshi WS trade #4228: KXATPCHALLENGERMATCH-26FEB13LLAMIK-MIK | yes | count=35.00 | yes=11c
Kalshi WS trade #4229: KXNASDAQ100U-26FEB13H1000-T24709.99 | no | count=10.00 | yes=62c
Kalshi WS trade #4230: KXNASDAQ100U-26FEB13H1000-T24599.99 | no | count=100.00 | yes=99c
Kalshi WS trade #4231: KXWOMHOCKEY-26FEB13FRACZE-CZE | yes | count=524.00 | yes=95c
INFO:     35.145.33.17:0 - "GET /api/whales?limit=50 HTTP/1.1" 200 OK
Kalshi WS trade #4232: KXBTCD-26FEB1310-T67749.99 | yes | count=28.00 | yes=59c
Kalshi WS trade #4233: KXBTCD-26FEB1310-T67999.99 | no | count=50.00 | yes=17c
Kalshi WS trade #4234: KXNCAAMBGAME-26FEB13MSUWIS-WIS | yes | count=2.00 | yes=47c
Kalshi WS trade #4235: KXMVESPORTSMULTIGAMEEXTENDED-S2026EC7E90E4E6D-F3D2B180D56 | yes | count=74.00 | yes=12c
Kalshi WS trade #4236: KXETHD-26FEB1310-T1989.99 | yes | count=100.00 | yes=53c
Kalshi WS trade #4237: KXWOSSKATE-M10K26GOLD-DGHI | no | count=25.00 | yes=54c
Kalshi WS trade #4238: KXBTCD-26FEB1310-T67999.99 | yes | count=100.00 | yes=16c
Kalshi WS trade #4239: KXATPMATCH-26FEB13DEVAN-DE | yes | count=394.00 | yes=40c
Kalshi WS trade #4240: KXATPCHALLENGERMATCH-26FEB13TRAMOR-MOR | no | count=12.00 | yes=91c
Kalshi WS trade #4241: KXATPCHALLENGERMATCH-26FEB13TRAMOR-MOR | no | count=15.00 | yes=91c
Poly WS trade #102: asset=20939351535690701474... | BUY | size=10 | price=0.967
Kalshi WS trade #4242: KXWTAMATCH-26FEB13COCVEK-COC | yes | count=6.00 | yes=78c
Kalshi WS trade #4243: KXATPCHALLENGERMATCH-26FEB13LLAMIK-MIK | no | count=25.00 | yes=9c
Kalshi WS trade #4244: KXHIGHMIA-26FEB13-B79.5 | yes | count=23.00 | yes=40c
Kalshi WS trade #4245: KXBTCD-26FEB1310-T67749.99 | no | count=20.00 | yes=56c
INFO:     35.145.33.17:0 - "GET /api/whales?limit=50 HTTP/1.1" 200 OK
Kalshi WS trade #4246: KXATPCHALLENGERMATCH-26FEB13TRAMOR-MOR | no | count=34.00 | yes=91c
Kalshi WS trade #4247: KXATPCHALLENGERMATCH-26FEB13TRAMOR-MOR | no | count=281.00 | yes=90c
Kalshi WS trade #4248: KXATPMATCH-26FEB13DEVAN-DE | yes | count=89.00 | yes=40c
Kalshi WS trade #4249: KXBTC-26FEB1310-B67125 | no | count=10.00 | yes=2c
Kalshi WS trade #4250: KXATPCHALLENGERMATCH-26FEB13LLAMIK-MIK | yes | count=79.00 | yes=11c
Kalshi WS trade #4251: KXATPCHALLENGERMATCH-26FEB13TRAMOR-TRA | yes | count=94.00 | yes=10c
Kalshi WS trade #4252: KXWO-MEDALS-26-USA | yes | count=26.00 | yes=21c
Kalshi WS trade #4253: KXBTC15M-26FEB131000-00 | no | count=6.00 | yes=98c
Kalshi WS trade #4254: KXNBA3PTCONTEST-26-DMIT | yes | count=47.00 | yes=12c
Kalshi WS trade #4255: KXATPCHALLENGERMATCH-26FEB13LLAMIK-LLA | no | count=23.00 | yes=89c
Kalshi WS trade #4256: KXBTC-26FEB1310-B67375 | no | count=100.00 | yes=8c
Kalshi WS trade #4257: KXBTC-26FEB1310-B67375 | no | count=90.00 | yes=8c
INFO:     35.145.33.17:0 - "GET /api/trades/stream?limit=200 HTTP/1.1" 200 OK
INFO:     35.145.33.17:0 - "GET /api/execution/stream HTTP/1.1" 200 OK
Kalshi WS trade #4258: KXATPCHALLENGERMATCH-26FEB13LLAMIK-MIK | yes | count=8.00 | yes=10c
Kalshi WS trade #4259: KXBTCD-26FEB1317-T67499.99 | no | count=80.00 | yes=59c
Kalshi WS trade #4260: KXBTCD-26FEB1317-T67499.99 | no | count=10.00 | yes=59c
Kalshi WS trade #4261: KXWTAMATCH-26FEB13COCVEK-COC | yes | count=15.00 | yes=78c
Kalshi WS trade #4262: KXATPCHALLENGERMATCH-26FEB13LLAMIK-MIK | no | count=35.00 | yes=9c
Kalshi WS trade #4263: KXT20MATCH-26FEB13NEDUSA-USA | no | count=50.00 | yes=79c
Kalshi WS trade #4264: KXBTCD-26FEB1310-T67749.99 | no | count=100.00 | yes=55c
Kalshi WS trade #4265: KXBTCD-26FEB1310-T67749.99 | no | count=50.00 | yes=55c
Kalshi WS trade #4266: KXBTCD-26FEB1310-T67749.99 | no | count=47.00 | yes=55c
Kalshi WS trade #4267: KXBTCD-26FEB1310-T67249.99 | no | count=11.00 | yes=98c
Kalshi WS trade #4268: KXT20MATCH-26FEB13NEDUSA-NED | yes | count=265.00 | yes=19c
Kalshi WS trade #4269: KXEREDIVISIEGAME-26FEB13VOLPSV-VOL | yes | count=20.00 | yes=9c
Kalshi WS trade #4270: KXATPCHALLENGERMATCH-26FEB13TABECH-TAB | yes | count=4.00 | yes=66c
Kalshi WS trade #4271: KXETH15M-26FEB131000-00 | yes | count=11.00 | yes=97c
Kalshi WS trade #4272: KXMVESPORTSMULTIGAMEEXTENDED-S20261D2E9A8EF35-0C4AD9ADEBC | yes | count=63.00 | yes=50c
Kalshi WS trade #4273: KXMVESPORTSMULTIGAMEEXTENDED-S2026AFC17CBB583-3B58055DFED | yes | count=34.00 | yes=27c
Kalshi WS trade #4274: KXNCAAMBGAME-26FEB13SPCSHU-SPC | yes | count=7.00 | yes=57c
Kalshi WS trade #4275: KXNCAAMBGAME-26FEB13SPCSHU-SPC | yes | count=100.00 | yes=57c
Kalshi WS trade #4276: KXNCAAMBGAME-26FEB13SPCSHU-SPC | yes | count=100.00 | yes=57c
Kalshi WS trade #4277: KXNCAAMBGAME-26FEB13SPCSHU-SPC | yes | count=12.00 | yes=57c
Kalshi WS trade #4278: KXNCAAMBGAME-26FEB13SPCSHU-SPC | yes | count=243.00 | yes=57c
Kalshi WS trade #4279: KXNCAAMBGAME-26FEB13SPCSHU-SPC | yes | count=2.00 | yes=57c
Kalshi WS trade #4280: KXNCAAMBGAME-26FEB13SPCSHU-SPC | yes | count=100.00 | yes=57c
Kalshi WS trade #4281: KXBTC-26FEB1310-B67875 | yes | count=18.00 | yes=41c
Kalshi WS trade #4282: KXBTCD-26FEB1310-T67499.99 | yes | count=1.00 | yes=90c
Kalshi WS trade #4283: KXGOVTSHUTDOWN-26FEB14 | yes | count=318.00 | yes=89c
Kalshi WS trade #4284: KXGOVTSHUTDOWN-26FEB14 | yes | count=50.00 | yes=89c
Kalshi WS trade #4285: KXGOVTSHUTDOWN-26FEB14 | yes | count=670.00 | yes=89c
Kalshi WS trade #4286: KXPGATOUR-ATPBP26-MFIT | yes | count=214.00 | yes=5c
Kalshi WS trade #4287: KXBTCD-26FEB1310-T67999.99 | no | count=3.00 | yes=16c
Kalshi WS trade #4288: KXMRBEASTGAMES-26MAY01-167 | yes | count=9.00 | yes=76c
Kalshi WS trade #4289: KXINXU-26FEB13H1000-T6819.9999 | no | count=12.00 | yes=90c
Kalshi WS trade #4290: KXINXU-26FEB13H1000-T6819.9999 | no | count=39.00 | yes=90c
Kalshi WS trade #4291: KXATPMATCH-26FEB13DEVAN-DE | yes | count=50.00 | yes=40c
Kalshi WS trade #4292: KXBTCD-26FEB1310-T67749.99 | yes | count=100.00 | yes=58c
Kalshi WS trade #4293: KXBTCD-26FEB1310-T67749.99 | yes | count=11.00 | yes=59c
Kalshi WS trade #4294: KXNBA-26-PHI | yes | count=1.00 | yes=3c
Kalshi WS trade #4295: KXWTAMATCH-26FEB13COCVEK-COC | yes | count=63.00 | yes=78c
Kalshi WS trade #4296: KXBTCD-26FEB1310-T67499.99 | yes | count=11.00 | yes=90c
Kalshi WS trade #4297: KXBTCD-26FEB1310-T67999.99 | yes | count=1.00 | yes=18c
Kalshi WS trade #4298: KXBTCD-26FEB1310-T67499.99 | yes | count=98.00 | yes=90c
Kalshi WS trade #4299: KXATPCHALLENGERMATCH-26FEB13LLAMIK-MIK | yes | count=15.00 | yes=10c
Kalshi WS trade #4300: KXATPCHALLENGERMATCH-26FEB13LLAMIK-MIK | yes | count=30.00 | yes=11c
Kalshi WS trade #4301: KXLLM1-26FEB14-A | no | count=45.00 | yes=95c
Kalshi WS trade #4302: KXLOWTDEN-26FEB13-T28 | yes | count=1.00 | yes=9c
Kalshi WS trade #4303: KXNBA3PTCONTEST-26-KKNU | yes | count=19.00 | yes=24c
Kalshi WS trade #4304: KXWTAMATCH-26FEB13COCVEK-COC | yes | count=462.00 | yes=78c
Kalshi WS trade #4305: KXWTAMATCH-26FEB13COCVEK-COC | yes | count=288.00 | yes=78c
Kalshi WS trade #4306: KXT20MATCH-26FEB13NEDUSA-NED | yes | count=75.00 | yes=19c
Kalshi WS trade #4307: KXLOWTDEN-26FEB13-B28.5 | no | count=4.00 | yes=91c
Kalshi WS trade #4308: KXATPMATCH-26FEB13DEVAN-DE | yes | count=238.00 | yes=40c
Kalshi WS trade #4309: KXATPMATCH-26FEB13DEVAN-DE | yes | count=11.00 | yes=40c
Kalshi WS trade #4310: KXSENATETXR-26-KP | no | count=3.00 | yes=70c
Kalshi WS trade #4311: KXNCAAMBGAME-26FEB13MASSAKR-MASS | yes | count=71.00 | yes=12c
Kalshi WS trade #4312: KXSAUDIPLGAME-26FEB13SHAAAS-TIE | yes | count=65.00 | yes=7c
Kalshi WS trade #4313: KXBTCD-26FEB1310-T67499.99 | no | count=30.00 | yes=89c
Kalshi WS trade #4314: KXWTAMATCH-26FEB13COCVEK-VEK | no | count=97.00 | yes=22c
Kalshi WS trade #4315: KXSAUDIPLSPREAD-26FEB13HILITT-HIL2 | no | count=254.00 | yes=40c
Kalshi WS trade #4316: KXSAUDIPLSPREAD-26FEB13HILITT-HIL2 | no | count=151.00 | yes=40c
Kalshi WS trade #4317: KXOSCARPIC-26-ONE | yes | count=4.00 | yes=75c
Kalshi WS trade #4318: KXWTAMATCH-26FEB13COCVEK-COC | no | count=4.00 | yes=77c
Kalshi WS trade #4319: KXATPCHALLENGERMATCH-26FEB13LLAMIK-MIK | no | count=287.00 | yes=9c
Kalshi WS trade #4320: KXBTCD-26FEB1310-T67749.99 | yes | count=16.00 | yes=59c
INFO:     35.145.33.17:0 - "GET /api/markets HTTP/1.1" 200 OK
Kalshi WS trade #4321: KXR6GAME-26FEB13SECRETWCG-SECRET | yes | count=16.00 | yes=72c
Kalshi WS trade #4322: KXR6GAME-26FEB13SECRETWCG-SECRET | yes | count=50.00 | yes=72c
Kalshi WS trade #4323: KXR6GAME-26FEB13SECRETWCG-SECRET | yes | count=7.00 | yes=74c
Kalshi WS trade #4324: KXBTCD-26FEB1310-T67499.99 | yes | count=30.00 | yes=90c
Kalshi WS trade #4325: KXNCAAMBGAME-26FEB13SPCSHU-SPC | yes | count=5.00 | yes=57c
Kalshi WS trade #4326: KXATPCHALLENGERMATCH-26FEB13LLAMIK-MIK | no | count=239.00 | yes=9c
Kalshi WS trade #4327: KXBTC-26FEB1310-B67875 | no | count=50.00 | yes=41c
Kalshi WS trade #4328: KXBTC15M-26FEB131000-00 | yes | count=200.00 | yes=99c
Kalshi WS trade #4329: KXBTC15M-26FEB131000-00 | yes | count=52.00 | yes=99c
Kalshi WS trade #4330: KXBTC-26FEB1310-B67375 | no | count=12.00 | yes=8c
INFO:     35.145.33.17:0 - "GET /api/markets HTTP/1.1" 200 OK
Kalshi WS trade #4331: KXBTCD-26FEB1310-T67499.99 | yes | count=43.00 | yes=90c
Kalshi WS trade #4332: KXWTAMATCH-26FEB13COCVEK-VEK | no | count=456.00 | yes=22c
Kalshi WS trade #4333: KXSAUDIPLSPREAD-26FEB13SHAAAS-AAS2 | yes | count=3.00 | yes=49c
Kalshi WS trade #4334: KXSAUDIPLSPREAD-26FEB13SHAAAS-AAS2 | yes | count=7.00 | yes=49c
Kalshi WS trade #4335: KXETHD-26FEB1310-T1989.99 | yes | count=50.00 | yes=58c
Kalshi WS trade #4336: KXATPCHALLENGERMATCH-26FEB13LLAMIK-LLA | yes | count=200.00 | yes=91c
Kalshi WS trade #4337: KXATPMATCH-26FEB13DEVAN-VAN | yes | count=157.00 | yes=62c
Kalshi WS trade #4338: KXINXU-26FEB13H1000-T6839.9999 | yes | count=1.00 | yes=39c
Kalshi WS trade #4339: KXT20MATCH-26FEB13NEDUSA-USA | yes | count=6318.00 | yes=80c
Kalshi WS trade #4340: KXT20MATCH-26FEB13NEDUSA-USA | yes | count=50.00 | yes=80c
Kalshi WS trade #4341: KXT20MATCH-26FEB13NEDUSA-USA | yes | count=50.00 | yes=80c
Kalshi WS trade #4342: KXT20MATCH-26FEB13NEDUSA-USA | yes | count=500.00 | yes=80c
Kalshi WS trade #4343: KXT20MATCH-26FEB13NEDUSA-USA | yes | count=300.00 | yes=80c
Kalshi WS trade #4344: KXATPCHALLENGERMATCH-26FEB13LLAMIK-MIK | no | count=359.00 | yes=9c
Kalshi WS trade #4345: KXINXU-26FEB13H1000-T6829.9999 | yes | count=1.00 | yes=74c
Kalshi WS trade #4346: KXWTACHALLENGERMATCH-26FEB13CHWLAM-CHW | yes | count=17.00 | yes=86c
Kalshi WS trade #4347: KXAUCTIONPIKACHU-26-13 | yes | count=9.00 | yes=27c
Kalshi WS trade #4348: KXBTCD-26FEB1310-T67999.99 | no | count=101.00 | yes=18c
Kalshi WS trade #4349: KXWTAMATCH-26FEB13COCVEK-VEK | yes | count=395.00 | yes=24c
Kalshi WS trade #4350: KXBTCD-26FEB1310-T67499.99 | no | count=50.00 | yes=89c
Kalshi WS trade #4351: KXBTCD-26FEB1310-T68249.99 | yes | count=100.00 | yes=5c
Kalshi WS trade #4352: KXLIVTOUR-LIGA26-JRAH | yes | count=90.00 | yes=56c
Kalshi WS trade #4353: KXBTCD-26FEB1310-T68249.99 | no | count=100.00 | yes=5c
Kalshi WS trade #4354: KXGOVTSHUTLENGTH-26FEB07-G20 | yes | count=1.00 | yes=42c
Kalshi WS trade #4355: KXATPCHALLENGERMATCH-26FEB13LLAMIK-LLA | no | count=281.00 | yes=89c
Kalshi WS trade #4356: KXWTAMATCH-26FEB13COCVEK-COC | yes | count=233.00 | yes=78c
Kalshi WS trade #4357: KXATPMATCH-26FEB13DEVAN-DE | yes | count=714.00 | yes=40c
Kalshi WS trade #4358: KXGOVTSHUTLENGTH-26FEB07-G15 | no | count=1.00 | yes=64c
Kalshi WS trade #4359: KXBTCD-26FEB1310-T67749.99 | no | count=44.00 | yes=61c
Kalshi WS trade #4360: KXLIGAMXGAME-26FEB13PUEPUM-PUM | yes | count=43.00 | yes=37c
Kalshi WS trade #4361: KXWTAMATCH-26FEB13COCVEK-COC | yes | count=12.00 | yes=78c
Kalshi WS trade #4362: KXBTCD-26FEB1310-T67499.99 | yes | count=217.00 | yes=90c
Kalshi WS trade #4363: KXBTC15M-26FEB131000-00 | yes | count=200.00 | yes=99c
Kalshi WS trade #4364: KXFEDDECISION-26MAR-C25 | yes | count=670.00 | yes=7c
Kalshi WS trade #4365: KXMVESPORTSMULTIGAMEEXTENDED-S20267E226959612-68DF064D179 | yes | count=26.00 | yes=36c
Kalshi WS trade #4366: KXT20MATCH-26FEB13NEDUSA-NED | yes | count=49.00 | yes=19c
Kalshi WS trade #4367: KXBTCD-26FEB1310-T67999.99 | no | count=149.00 | yes=18c
Kalshi WS trade #4368: KXBTCD-26FEB1310-T67999.99 | no | count=200.00 | yes=18c
Kalshi WS trade #4369: KXBTCD-26FEB1310-T67999.99 | no | count=100.00 | yes=18c
Kalshi WS trade #4370: KXBTCD-26FEB1310-T67999.99 | no | count=27.00 | yes=17c
Kalshi WS trade #4371: KXBTCD-26FEB1310-T67999.99 | no | count=349.00 | yes=17c
Kalshi WS trade #4372: KXBTCD-26FEB1310-T67999.99 | no | count=13.00 | yes=16c
Kalshi WS trade #4373: KXMRBEASTGAMES-26MAY01-172 | yes | count=1.00 | yes=10c
Kalshi WS trade #4374: KXMRBEASTGAMES-26MAY01-172 | yes | count=1.00 | yes=10c
Kalshi WS trade #4375: KXMRBEASTGAMES-26MAY01-172 | yes | count=25.00 | yes=11c
Kalshi WS trade #4376: KXMRBEASTGAMES-26MAY01-172 | yes | count=94.00 | yes=12c
Kalshi WS trade #4377: KXBTC-26FEB1310-B67875 | no | count=50.00 | yes=42c
Kalshi WS trade #4378: KXATPMATCH-26FEB13DEVAN-DE | no | count=25.00 | yes=39c
Kalshi WS trade #4379: KXBTCD-26FEB1317-T67999.99 | yes | count=140.00 | yes=42c
Kalshi WS trade #4380: KXBTCD-26FEB1317-T67999.99 | yes | count=100.00 | yes=42c
Kalshi WS trade #4381: KXATPMATCH-26FEB13DEVAN-VAN | yes | count=31.00 | yes=62c
Kalshi WS trade #4382: KXBTCD-26FEB1310-T67749.99 | no | count=50.00 | yes=60c
Kalshi WS trade #4383: KXBTCD-26FEB1310-T67749.99 | no | count=50.00 | yes=59c
Kalshi WS trade #4384: KXGOVTSHUTDOWN-26FEB14 | yes | count=2.00 | yes=89c
Kalshi WS trade #4385: KXBTCD-26FEB1310-T67499.99 | no | count=1.00 | yes=90c
Kalshi WS trade #4386: KXT20MATCH-26FEB15NEPWI-NEP | yes | count=531.00 | yes=16c
Kalshi WS trade #4387: KXATPCHALLENGERMATCH-26FEB13LLAMIK-LLA | yes | count=3.00 | yes=91c
Kalshi WS trade #4388: KXPGATOUR-ATPBP26-SSCH | no | count=142.00 | yes=3c
Kalshi WS trade #4389: KXATPCHALLENGERMATCH-26FEB13LLAMIK-LLA | yes | count=218.00 | yes=91c
Kalshi WS trade #4390: KXETH15M-26FEB131000-00 | yes | count=15.00 | yes=98c
Kalshi WS trade #4391: KXWTAMATCH-26FEB13COCVEK-VEK | no | count=37.00 | yes=22c
Kalshi WS trade #4392: KXMVESPORTSMULTIGAMEEXTENDED-S2026AC4AB5A304C-D079A378FE1 | yes | count=555.00 | yes=3c
Kalshi WS trade #4393: KXETH15M-26FEB131000-00 | yes | count=3.00 | yes=98c
Kalshi WS trade #4394: KXDOTA2GAME-26FEB13LIQUIDFLC-FLC | yes | count=1.00 | yes=66c
Kalshi WS trade #4395: KXWTAMATCH-26FEB13COCVEK-COC | yes | count=1010.00 | yes=78c
Kalshi WS trade #4396: KXPGATOUR-ATPBP26-RMCI | yes | count=1368.00 | yes=5c
Kalshi WS trade #4397: KXRT-CRI-87 | yes | count=6.00 | yes=30c
Kalshi WS trade #4398: KXRT-CRI-87 | yes | count=9.00 | yes=30c
Kalshi WS trade #4399: KXRT-CRI-87 | yes | count=26.00 | yes=30c
Kalshi WS trade #4400: KXRT-CRI-87 | yes | count=23.00 | yes=30c
Kalshi WS trade #4401: KXNCAAMBGAME-26FEB13MSMRID-MSM | yes | count=96.00 | yes=71c
Kalshi WS trade #4402: KXBTCD-26FEB1310-T67749.99 | yes | count=39.00 | yes=61c
Kalshi WS trade #4403: KXWTAMATCH-26FEB13COCVEK-COC | yes | count=63.00 | yes=78c
Kalshi WS trade #4404: KXBTC15M-26FEB131000-00 | no | count=28.00 | yes=99c
Kalshi WS trade #4405: KXATPCHALLENGERMATCH-26FEB13TABECH-ECH | yes | count=31.00 | yes=38c
Kalshi WS trade #4406: KXATPMATCH-26FEB13DEVAN-DE | yes | count=7.00 | yes=39c
Kalshi WS trade #4407: KXATPCHALLENGERMATCH-26FEB13LLAMIK-MIK | no | count=607.00 | yes=9c
Kalshi WS trade #4408: KXATPMATCH-26FEB13DEVAN-DE | yes | count=61.00 | yes=39c
Kalshi WS trade #4409: KXATPCHALLENGERMATCH-26FEB13LLAMIK-MIK | yes | count=85.00 | yes=11c
Kalshi WS trade #4410: KXATPMATCH-26FEB13DEVAN-VAN | yes | count=315.00 | yes=62c
Kalshi WS trade #4411: KXWTACHALLENGERMATCH-26FEB13STEJOR-STE | yes | count=22.00 | yes=66c
Kalshi WS trade #4412: KXBTCD-26FEB1310-T67749.99 | yes | count=7.00 | yes=61c
Kalshi WS trade #4413: KXBTCD-26FEB1310-T67749.99 | no | count=50.00 | yes=60c
Kalshi WS trade #4414: KXBTCD-26FEB1310-T67749.99 | no | count=63.00 | yes=59c
Kalshi WS trade #4415: KXATPMATCH-26FEB13DEVAN-DE | yes | count=96.00 | yes=39c
Kalshi WS trade #4416: KXT20MATCH-26FEB13NEDUSA-NED | yes | count=24.00 | yes=19c
Kalshi WS trade #4417: KXATPCHALLENGERMATCH-26FEB13LLAMIK-MIK | no | count=2839.00 | yes=9c
Kalshi WS trade #4418: KXTRUMPMENTION-26FEB14-NOBE | no | count=1.00 | yes=19c
Kalshi WS trade #4419: KXBTCD-26FEB1310-T67749.99 | yes | count=50.00 | yes=62c
Kalshi WS trade #4420: KXBTCD-26FEB1310-T67749.99 | yes | count=100.00 | yes=62c
Kalshi WS trade #4421: KXBTCD-26FEB1310-T67749.99 | yes | count=200.00 | yes=62c
Kalshi WS trade #4422: KXBTCD-26FEB1310-T67749.99 | yes | count=118.00 | yes=62c
Kalshi WS trade #4423: KXWOMHOCKEY-26FEB13FRACZE-FRA | yes | count=156.00 | yes=6c
Kalshi WS trade #4424: KXATPCHALLENGERMATCH-26FEB13LLAMIK-LLA | no | count=58.00 | yes=89c
Kalshi WS trade #4425: KXNCAAMBSPREAD-26FEB13MSUWIS-MSU1 | no | count=229.00 | yes=54c
Kalshi WS trade #4426: KXNCAAMBSPREAD-26FEB13MSUWIS-MSU1 | no | count=385.00 | yes=53c
Kalshi WS trade #4427: KXATPCHALLENGERMATCH-26FEB13LLAMIK-MIK | yes | count=42.00 | yes=11c
Kalshi WS trade #4428: KXATPMATCH-26FEB13DEVAN-DE | yes | count=309.00 | yes=39c
Kalshi WS trade #4429: KXPGATOP20-ATPBP26-JSPI | yes | count=10.00 | yes=50c
Kalshi WS trade #4430: KXHIGHMIA-26FEB13-T80 | yes | count=9.00 | yes=52c
Kalshi WS trade #4431: KXWTAMATCH-26FEB13COCVEK-COC | yes | count=423.00 | yes=78c
Kalshi WS trade #4432: KXBTCD-26FEB1310-T67749.99 | yes | count=15.00 | yes=59c
Kalshi WS trade #4433: KXBTCD-26FEB1310-T67749.99 | no | count=50.00 | yes=58c
Kalshi WS trade #4434: KXATPCHALLENGERMATCH-26FEB13LLAMIK-LLA | no | count=18.00 | yes=89c
Kalshi WS trade #4435: KXLIVTOUR-LIGA26-JRAH | yes | count=5.00 | yes=56c
Kalshi WS trade #4436: KXATPCHALLENGERMATCH-26FEB13LLAMIK-MIK | no | count=96.00 | yes=9c
Kalshi WS trade #4437: KXATPCHALLENGERMATCH-26FEB13LLAMIK-MIK | no | count=108.00 | yes=9c
Kalshi WS trade #4438: KXBTC-26FEB1310-B67875 | no | count=50.00 | yes=41c
Kalshi WS trade #4439: KXBUNDESLIGASPREAD-26FEB14SVWBMU-BMU2 | yes | count=27.00 | yes=35c
Kalshi WS trade #4440: KXBTCD-26FEB1310-T67749.99 | yes | count=39.00 | yes=58c
Kalshi WS trade #4441: KXETH-26FEB1310-B2000 | no | count=100.00 | yes=54c
Kalshi WS trade #4442: KXETH-26FEB1310-B2000 | no | count=50.00 | yes=54c
Kalshi WS trade #4443: KXETHD-26FEB1310-T1989.99 | no | count=50.00 | yes=54c
Kalshi WS trade #4444: KXMVESPORTSMULTIGAMEEXTENDED-S202600A6267B29C-7B565A8AD62 | yes | count=949.00 | yes=10c
Kalshi WS trade #4445: KXATPCHALLENGERMATCH-26FEB13TRAMOR-TRA | yes | count=13.00 | yes=9c
Kalshi WS trade #4446: KXBTCD-26FEB1310-T67499.99 | no | count=14.00 | yes=89c
Kalshi WS trade #4447: KXHIGHMIA-26FEB13-B77.5 | no | count=48.00 | yes=7c
Kalshi WS trade #4448: KXFACUPSPREAD-26FEB13HULCFC-CFC2 | yes | count=25.00 | yes=38c
Kalshi WS trade #4449: KXATPCHALLENGERMATCH-26FEB13LLAMIK-MIK | yes | count=265.00 | yes=11c
Kalshi WS trade #4450: KXWOHOCKEY-MEN26MEDAL-USA | yes | count=5.00 | yes=83c
Kalshi WS trade #4451: KXBTCD-26FEB1310-T67749.99 | yes | count=100.00 | yes=58c
Kalshi WS trade #4452: KXBTCD-26FEB1310-T67749.99 | yes | count=1152.00 | yes=58c
Kalshi WS trade #4453: KXNCAAMBTOTAL-26FEB13CORPRIN-154 | yes | count=131.00 | yes=54c
Kalshi WS trade #4454: KXBTC-26FEB1310-B67875 | no | count=50.00 | yes=41c
Kalshi WS trade #4455: KXATPCHALLENGERMATCH-26FEB13TRAMOR-TRA | yes | count=1.00 | yes=9c
Kalshi WS trade #4456: KXATPCHALLENGERMATCH-26FEB13TRAMOR-TRA | yes | count=281.00 | yes=10c
Kalshi WS trade #4457: KXBTCD-26FEB1310-T67749.99 | yes | count=8.00 | yes=58c
Kalshi WS trade #4458: KXT20MATCH-26FEB13NEDUSA-NED | no | count=41.00 | yes=18c
Kalshi WS trade #4459: KXATPCHALLENGERMATCH-26FEB13TABECH-TAB | yes | count=1.00 | yes=65c
Kalshi WS trade #4460: KXWTAMATCH-26FEB13COCVEK-COC | yes | count=23.00 | yes=78c
Kalshi WS trade #4461: KXATPCHALLENGERMATCH-26FEB13TRAMOR-TRA | no | count=261.00 | yes=7c
Kalshi WS trade #4462: KXETH15M-26FEB131000-00 | no | count=10.00 | yes=97c
Poly WS trade #103: asset=43946269812975261940... | BUY | size=210 | price=0.76
Kalshi WS trade #4463: KXWTAMATCH-26FEB13COCVEK-COC | yes | count=230.00 | yes=78c
Kalshi WS trade #4464: KXWTAMATCH-26FEB13COCVEK-COC | yes | count=248.00 | yes=78c
Kalshi WS trade #4465: KXWTAMATCH-26FEB13COCVEK-COC | yes | count=2047.00 | yes=78c
Kalshi WS trade #4466: KXBTCD-26FEB1310-T67499.99 | yes | count=100.00 | yes=90c
Kalshi WS trade #4467: KXBTCD-26FEB1310-T67499.99 | yes | count=71.00 | yes=90c
Kalshi WS trade #4468: KXBTCD-26FEB1310-T67499.99 | yes | count=90.00 | yes=91c
Kalshi WS trade #4469: KXBTCD-26FEB1310-T67499.99 | yes | count=258.00 | yes=91c
Kalshi WS trade #4470: KXBTCD-26FEB1310-T67499.99 | no | count=135.00 | yes=89c
Kalshi WS trade #4471: KXNASDAQ100U-26FEB13H1000-T24829.99 | no | count=100.00 | yes=1c
Kalshi WS trade #4472: KXBTCD-26FEB1310-T67749.99 | yes | count=82.00 | yes=58c
Kalshi WS trade #4473: KXBTCD-26FEB1310-T67749.99 | no | count=418.00 | yes=58c
Kalshi WS trade #4474: KXWOSKIJUMP-MLH26GOLD-PRAI | yes | count=9.00 | yes=20c
Kalshi WS trade #4475: KXETH15M-26FEB131000-00 | yes | count=399.00 | yes=97c
Kalshi WS trade #4476: KXETH15M-26FEB131000-00 | yes | count=110.00 | yes=99c
Kalshi WS trade #4477: KXATPCHALLENGERMATCH-26FEB13TABECH-ECH | yes | count=1.00 | yes=38c
Kalshi WS trade #4478: KXWTACHALLENGERMATCH-26FEB13STEJOR-STE | no | count=5.00 | yes=59c
Kalshi WS trade #4479: KXWTACHALLENGERMATCH-26FEB13STEJOR-STE | no | count=45.00 | yes=58c
Kalshi WS trade #4480: KXATPMATCH-26FEB13DEVAN-VAN | yes | count=31.00 | yes=62c
Kalshi WS trade #4481: KXCABOUT-29JAN-PBON | yes | count=4.00 | yes=24c
INFO:     35.145.33.17:0 - "GET /api/trades?limit=100 HTTP/1.1" 200 OK
Kalshi WS trade #4482: KXINXU-26FEB13H1000-T6839.9999 | no | count=20.00 | yes=38c
Kalshi WS trade #4483: KXINXU-26FEB13H1000-T6839.9999 | no | count=25.00 | yes=37c
Kalshi WS trade #4484: KXETH-26FEB1310-B1980 | no | count=25.00 | yes=51c
Kalshi WS trade #4485: KXATPMATCH-26FEB13DEVAN-DE | yes | count=12.00 | yes=39c
Kalshi WS trade #4486: KXETHD-26FEB1317-T2059.99 | yes | count=83.00 | yes=8c
Kalshi WS trade #4487: KXWTAMATCH-26FEB13COCVEK-VEK | yes | count=31.00 | yes=24c
Kalshi WS trade #4488: KXATPCHALLENGERMATCH-26FEB13TABECH-ECH | yes | count=4.00 | yes=38c
Kalshi WS trade #4489: KXBTCD-26FEB1310-T67499.99 | yes | count=100.00 | yes=90c
Kalshi WS trade #4490: KXBTCD-26FEB1310-T67499.99 | yes | count=250.00 | yes=90c
Kalshi WS trade #4491: KXBTCD-26FEB1310-T67499.99 | yes | count=200.00 | yes=91c
Kalshi WS trade #4492: KXBTCD-26FEB1310-T67499.99 | yes | count=200.00 | yes=91c
Kalshi WS trade #4493: KXBTCD-26FEB1310-T67499.99 | yes | count=342.00 | yes=91c
Kalshi WS trade #4494: KXBTCD-26FEB1310-T67499.99 | yes | count=853.00 | yes=91c
INFO:     35.145.33.17:0 - "GET /api/markets HTTP/1.1" 200 OK
Kalshi WS trade #4495: KXWTAMATCH-26FEB13COCVEK-VEK | yes | count=197.00 | yes=24c
Kalshi WS trade #4496: KXATPMATCH-26FEB13DEVAN-VAN | yes | count=87.00 | yes=62c
Kalshi WS trade #4497: KXMVESPORTSMULTIGAMEEXTENDED-S2026D684D0A61B5-DCC7FB1E2E7 | yes | count=310.00 | yes=1c
Kalshi WS trade #4498: KXWTACHALLENGERMATCH-26FEB13STEJOR-STE | no | count=701.00 | yes=56c
Kalshi WS trade #4499: KXWTACHALLENGERMATCH-26FEB13STEJOR-JOR | yes | count=701.00 | yes=44c
Kalshi WS trade #4500: KXWTAMATCH-26FEB13COCVEK-COC | yes | count=12.00 | yes=78c
Kalshi WS trade #4501: KXWTACHALLENGERMATCH-26FEB13STEJOR-JOR | yes | count=595.00 | yes=44c
Kalshi WS trade #4502: KXINXU-26FEB13H1000-T6829.9999 | no | count=967.00 | yes=73c
Kalshi WS trade #4503: KXBTC-26FEB1310-B67375 | no | count=113.00 | yes=8c
Kalshi WS trade #4504: KXWTACHALLENGERMATCH-26FEB13STEJOR-STE | no | count=595.00 | yes=56c
Kalshi WS trade #4505: KXETHD-26FEB1310-T1989.99 | yes | count=50.00 | yes=53c
Kalshi WS trade #4506: KXBTCD-26FEB1310-T67749.99 | yes | count=3.00 | yes=58c
Kalshi WS trade #4507: KXBTCD-26FEB1310-T67249.99 | no | count=24.00 | yes=98c
Kalshi WS trade #4508: KXWTAMATCH-26FEB13COCVEK-VEK | yes | count=39.00 | yes=24c
INFO:     35.145.33.17:0 - "GET /api/spreads?min_spread_pct=0.05 HTTP/1.1" 200 OK
Kalshi WS trade #4509: KXATPMATCH-26FEB13DEVAN-VAN | no | count=13.00 | yes=61c
Kalshi WS trade #4510: KXWTAMATCH-26FEB13COCVEK-VEK | yes | count=22.00 | yes=24c
Kalshi WS trade #4511: KXT20MATCH-26FEB13NEDUSA-NED | yes | count=24.00 | yes=19c
Kalshi WS trade #4512: KXWOHOCKEY-WOMEN26CGOLD-JPN | yes | count=33.00 | yes=1c
Kalshi WS trade #4513: KXBERNIEMENTION-26FEB14-IMMI | yes | count=10.00 | yes=48c
Kalshi WS trade #4514: KXATPMATCH-26FEB13DEVAN-VAN | yes | count=31.00 | yes=62c
Kalshi WS trade #4515: KXEARNINGSMENTIONDKNG-26JUN30-SUPE | no | count=187.00 | yes=99c
Kalshi WS trade #4516: KXETHD-26FEB1317-T1899.99 | no | count=155.00 | yes=92c
Kalshi WS trade #4517: KXATPMATCH-26FEB13DEVAN-VAN | no | count=394.00 | yes=61c
Kalshi WS trade #4518: KXWTAMATCH-26FEB13COCVEK-VEK | no | count=120.00 | yes=22c
Kalshi WS trade #4519: KXNASDAQ100U-26FEB13H1000-T24639.99 | no | count=200.00 | yes=91c
Kalshi WS trade #4520: KXBTCD-26FEB1317-T67499.99 | yes | count=31.00 | yes=62c
Kalshi WS trade #4521: KXT20MATCH-26FEB13NEDUSA-USA | yes | count=97.00 | yes=81c
Kalshi WS trade #4522: KXATPMATCH-26FEB13DEVAN-DE | yes | count=24.00 | yes=39c
Kalshi WS trade #4523: KXBTCD-26FEB1310-T67749.99 | no | count=4.00 | yes=57c
Kalshi WS trade #4524: KXATPMATCH-26FEB13DEVAN-DE | no | count=1.00 | yes=38c
Kalshi WS trade #4525: KXATPMATCH-26FEB13DEVAN-DE | no | count=118.00 | yes=38c
Kalshi WS trade #4526: KXETH-26FEB1310-B2000 | yes | count=8.00 | yes=55c
Kalshi WS trade #4527: KXPGATOUR-ATPBP26-TFIN | yes | count=31.00 | yes=3c
Kalshi WS trade #4528: KXLIGUE1SPREAD-26FEB13ASMFCN-ASM1 | yes | count=21.00 | yes=44c
Kalshi WS trade #4529: KXBTCD-26FEB1310-T67749.99 | no | count=100.00 | yes=56c
Kalshi WS trade #4530: KXBTCD-26FEB1310-T67499.99 | no | count=250.00 | yes=90c
Kalshi WS trade #4531: KXHIGHNY-26FEB13-B37.5 | yes | count=7.00 | yes=53c
Kalshi WS trade #4532: KXNCAAMBGAME-26FEB13MSUWIS-MSU | yes | count=192.00 | yes=56c
Kalshi WS trade #4533: KXNCAAMBGAME-26FEB13MSUWIS-MSU | yes | count=152.00 | yes=56c
Kalshi WS trade #4534: KXATPCHALLENGERMATCH-26FEB13COLVAN-COL | no | count=408.00 | yes=62c
Kalshi WS trade #4535: KXWTACHALLENGERMATCH-26FEB13STEJOR-JOR | yes | count=3.00 | yes=45c
Kalshi WS trade #4536: KXSB-27-CHI | yes | count=78.00 | yes=4c
Kalshi WS trade #4537: KXBTCD-26FEB1310-T67749.99 | yes | count=69.00 | yes=56c
Kalshi WS trade #4538: KXBTCD-26FEB1310-T67749.99 | yes | count=92.00 | yes=56c
Kalshi WS trade #4539: KXBTCD-26FEB1310-T67749.99 | yes | count=89.00 | yes=56c
Kalshi WS trade #4540: KXBTCD-26FEB1310-T67749.99 | yes | count=100.00 | yes=56c
Kalshi WS trade #4541: KXBTCD-26FEB1310-T67749.99 | yes | count=11.00 | yes=56c
Kalshi WS trade #4542: KXCABOUT-29JAN-HLUT | yes | count=375.00 | yes=18c
Kalshi WS trade #4543: KXCABOUT-29JAN-HLUT | yes | count=25.00 | yes=18c
Kalshi WS trade #4544: KXCABOUT-29JAN-HLUT | yes | count=3.00 | yes=18c
Kalshi WS trade #4545: KXCABOUT-29JAN-HLUT | yes | count=2.00 | yes=18c
Kalshi WS trade #4546: KXCABOUT-29JAN-HLUT | yes | count=2.00 | yes=18c
Kalshi WS trade #4547: KXCABOUT-29JAN-HLUT | yes | count=2.00 | yes=18c
Kalshi WS trade #4548: KXCABOUT-29JAN-HLUT | yes | count=1.00 | yes=18c
Kalshi WS trade #4549: KXCABOUT-29JAN-HLUT | yes | count=44.00 | yes=18c
Kalshi WS trade #4550: KXCABOUT-29JAN-HLUT | yes | count=46.00 | yes=18c
Kalshi WS trade #4551: KXWTAMATCH-26FEB13COCVEK-VEK | no | count=41.00 | yes=22c
Kalshi WS trade #4552: KXATPCHALLENGERMATCH-26FEB13LLAMIK-MIK | yes | count=59.00 | yes=11c
Kalshi WS trade #4553: KXBTCD-26FEB1310-T67999.99 | no | count=500.00 | yes=13c
Kalshi WS trade #4554: KXBTCD-26FEB1310-T67999.99 | no | count=200.00 | yes=13c
Kalshi WS trade #4555: KXBTCD-26FEB1310-T67999.99 | no | count=500.00 | yes=13c
Kalshi WS trade #4556: KXBTCD-26FEB1310-T67999.99 | no | count=100.00 | yes=13c
Kalshi WS trade #4557: KXBTCMAX150-25-26FEB28-149999.99 | yes | count=1.00 | yes=1c
Kalshi WS trade #4558: KXMVESPORTSMULTIGAMEEXTENDED-S2026708B37300A7-CEB1FAA8FAD | yes | count=144.00 | yes=7c
Kalshi WS trade #4559: KXGOVTSHUTDOWN-26FEB14 | no | count=357.00 | yes=88c
Kalshi WS trade #4560: KXETHD-26FEB1310-T1969.99 | yes | count=50.00 | yes=99c
Kalshi WS trade #4561: KXWTAMATCH-26FEB13COCVEK-VEK | no | count=15.00 | yes=22c
Kalshi WS trade #4562: KXETHD-26FEB1310-T1989.99 | yes | count=50.00 | yes=55c
Kalshi WS trade #4563: KXBTC-26FEB1310-B68125 | no | count=100.00 | yes=12c
Kalshi WS trade #4564: KXBTCD-26FEB1310-T68249.99 | no | count=100.00 | yes=3c
Kalshi WS trade #4565: KXBTCD-26FEB1310-T67999.99 | yes | count=100.00 | yes=13c
Kalshi WS trade #4566: KXETHD-26FEB1317-T1979.99 | yes | count=5.00 | yes=59c
Kalshi WS trade #4567: KXATPCHALLENGERMATCH-26FEB13LLAMIK-LLA | no | count=24.00 | yes=89c
Kalshi WS trade #4568: KXATPCHALLENGERMATCH-26FEB13LLAMIK-LLA | no | count=7.00 | yes=89c
Kalshi WS trade #4569: KXBTCD-26FEB1310-T67749.99 | yes | count=50.00 | yes=58c
Kalshi WS trade #4570: KXBTCD-26FEB1310-T67249.99 | yes | count=11.00 | yes=99c
Kalshi WS trade #4571: KXBTCD-26FEB1310-T67249.99 | yes | count=82.00 | yes=99c
Kalshi WS trade #4572: KXNCAAWBGAME-26FEB13VALPMURR-VALP | yes | count=7.00 | yes=3c
Kalshi WS trade #4573: KXWTAMATCH-26FEB13COCVEK-COC | yes | count=362.00 | yes=78c
Kalshi WS trade #4574: KXWTAMATCH-26FEB13COCVEK-COC | yes | count=703.00 | yes=78c
Kalshi WS trade #4575: KXWTAMATCH-26FEB13COCVEK-COC | yes | count=197.00 | yes=78c
Kalshi WS trade #4576: KXINXU-26FEB13H1000-T6834.9999 | yes | count=500.00 | yes=60c
Kalshi WS trade #4577: KXBTCD-26FEB1310-T67499.99 | no | count=200.00 | yes=91c
Kalshi WS trade #4578: KXATPCHALLENGERMATCH-26FEB13LLAMIK-MIK | yes | count=51.00 | yes=10c
Kalshi WS trade #4579: KXATPCHALLENGERMATCH-26FEB13LLAMIK-MIK | yes | count=196.00 | yes=11c
Kalshi WS trade #4580: KXWTAMATCH-26FEB13COCVEK-COC | no | count=32.00 | yes=77c
Kalshi WS trade #4581: KXWTAMATCH-26FEB13COCVEK-COC | no | count=13.00 | yes=77c
Kalshi WS trade #4582: KXATPCHALLENGERMATCH-26FEB13TRAMOR-TRA | yes | count=1486.00 | yes=10c
Kalshi WS trade #4583: KXMVESPORTSMULTIGAMEEXTENDED-S2026CB873EFF59F-A12E47B0A73 | yes | count=530.00 | yes=5c
Kalshi WS trade #4584: KXMVESPORTSMULTIGAMEEXTENDED-S2026B71653A217E-D75E2C2FD56 | yes | count=506.00 | yes=3c
Kalshi WS trade #4585: KXATPMATCH-26FEB13MUNBUB-MUN | no | count=4.00 | yes=34c
Kalshi WS trade #4586: KXBTC15M-26FEB131000-00 | no | count=84.00 | yes=99c
Kalshi WS trade #4587: KXBTC15M-26FEB131000-00 | no | count=196.00 | yes=99c
Kalshi WS trade #4588: KXWTAMATCH-26FEB13COCVEK-VEK | yes | count=19.00 | yes=24c
Kalshi WS trade #4589: KXBTCD-26FEB1310-T67499.99 | no | count=22.00 | yes=91c
Kalshi WS trade #4590: KXBTCD-26FEB1310-T67999.99 | yes | count=500.00 | yes=13c
Kalshi WS trade #4591: KXBTCD-26FEB1310-T67749.99 | yes | count=41.00 | yes=59c
Kalshi WS trade #4592: KXSAUDIPLGAME-26FEB13SHAAAS-SHA | yes | count=93.00 | yes=1c
Kalshi WS trade #4593: KXBTC-26FEB1310-B67875 | no | count=50.00 | yes=42c
Kalshi WS trade #4594: KXBTCD-26FEB1310-T67999.99 | yes | count=100.00 | yes=13c
Kalshi WS trade #4595: KXBTCD-26FEB1310-T67999.99 | yes | count=1.00 | yes=13c
Kalshi WS trade #4596: KXT20MATCH-26FEB13NEDUSA-NED | yes | count=348.00 | yes=19c
Kalshi WS trade #4597: KXGOVTSHUTDOWN-26FEB14 | no | count=203.00 | yes=88c
Kalshi WS trade #4598: KXBTCD-26FEB1310-T67499.99 | yes | count=177.00 | yes=92c
Kalshi WS trade #4599: KXATPCHALLENGERMATCH-26FEB13TRAMOR-MOR | yes | count=216.00 | yes=92c
Kalshi WS trade #4600: KXBTC-26FEB1310-B67875 | yes | count=1.00 | yes=42c
Kalshi WS trade #4601: KXHIGHPHIL-26FEB13-T40 | no | count=1.00 | yes=14c
Kalshi WS trade #4602: KXBTC-26FEB1310-B67875 | yes | count=50.00 | yes=42c
Kalshi WS trade #4603: KXINXU-26FEB13H1000-T6844.9999 | yes | count=300.00 | yes=12c
Poly WS trade #104: asset=43946269812975261940... | BUY | size=3.931846 | price=0.763
Kalshi WS trade #4604: KXHIGHTPHX-26FEB13-T75 | yes | count=10.00 | yes=25c
Kalshi WS trade #4605: KXHIGHTPHX-26FEB13-T75 | yes | count=6.00 | yes=25c
Kalshi WS trade #4606: KXBTCD-26FEB1310-T67749.99 | yes | count=33.00 | yes=58c
Kalshi WS trade #4607: KXHIGHMIA-26FEB13-B77.5 | no | count=9.00 | yes=7c
Kalshi WS trade #4608: KXETH15M-26FEB131000-00 | yes | count=110.00 | yes=98c
INFO:     35.145.33.17:0 - "GET /api/trades?limit=100 HTTP/1.1" 200 OK
Kalshi WS trade #4609: KXNBA3PTCONTEST-26-BPOR | yes | count=14.00 | yes=5c
Kalshi WS trade #4610: KXSENATETXR-26-WHUN | no | count=1.00 | yes=8c
Kalshi WS trade #4611: KXSENATETXR-26-JC | no | count=3.00 | yes=22c
Kalshi WS trade #4612: KXATPMATCH-26FEB13DEVAN-VAN | yes | count=628.00 | yes=62c
Kalshi WS trade #4613: KXBTCD-26FEB1310-T67999.99 | yes | count=3.00 | yes=15c
Kalshi WS trade #4614: KXNBAALLSTARS-26-JEMB | no | count=10.00 | yes=1c
Kalshi WS trade #4615: KXWOSSKATE-M10K26GOLD-MJLE | yes | count=500.00 | yes=30c
Kalshi WS trade #4616: KXATPMATCH-26FEB13DEVAN-VAN | yes | count=200.00 | yes=62c
Kalshi WS trade #4617: KXBTCD-26FEB1310-T67749.99 | no | count=10.00 | yes=60c
Kalshi WS trade #4618: KXWTAMATCH-26FEB13COCVEK-VEK | yes | count=1.00 | yes=24c
Kalshi WS trade #4619: KXETHD-26FEB1310-T1989.99 | no | count=50.00 | yes=58c
Kalshi WS trade #4620: KXBTCD-26FEB1310-T67749.99 | no | count=12.00 | yes=60c
Kalshi WS trade #4621: KXT20MATCH-26FEB13NEDUSA-NED | yes | count=249.00 | yes=19c
Kalshi WS trade #4622: KXETHD-26FEB1310-T1989.99 | no | count=50.00 | yes=58c
Kalshi WS trade #4623: KXETH-26FEB1310-B2000 | no | count=50.00 | yes=58c
Kalshi WS trade #4624: KXINXU-26FEB13H1000-T6839.9999 | no | count=20.00 | yes=41c
Kalshi WS trade #4625: KXETH-26FEB1310-B1960 | no | count=50.00 | yes=1c
Kalshi WS trade #4626: KXETH-26FEB1310-B1980 | yes | count=25.00 | yes=44c
Kalshi WS trade #4627: KXATPMATCH-26FEB13DEVAN-VAN | no | count=133.00 | yes=61c
INFO:     35.145.33.17:0 - "GET /api/spreads?min_spread_pct=0.05 HTTP/1.1" 200 OK
Kalshi WS trade #4628: KXBTC15M-26FEB131000-00 | no | count=1.00 | yes=99c
Kalshi WS trade #4629: KXWTAMATCH-26FEB13COCVEK-COC | yes | count=6.00 | yes=78c
Kalshi WS trade #4630: KXATPMATCH-26FEB13DEVAN-DE | no | count=1045.00 | yes=38c
Kalshi WS trade #4631: KXBTC-26FEB1310-B67625 | yes | count=50.00 | yes=32c
Kalshi WS trade #4632: KXATPCHALLENGERMATCH-26FEB13LLAMIK-MIK | no | count=16.00 | yes=6c
Kalshi WS trade #4633: KXATPCHALLENGERMATCH-26FEB13LLAMIK-MIK | no | count=196.00 | yes=6c
Kalshi WS trade #4634: KXATPCHALLENGERMATCH-26FEB13LLAMIK-MIK | no | count=110.00 | yes=6c
Kalshi WS trade #4635: KXATPCHALLENGERMATCH-26FEB13LLAMIK-MIK | no | count=20.00 | yes=5c
Kalshi WS trade #4636: KXATPCHALLENGERMATCH-26FEB13LLAMIK-MIK | no | count=22.00 | yes=5c
Kalshi WS trade #4637: KXATPCHALLENGERMATCH-26FEB13LLAMIK-LLA | yes | count=100.00 | yes=92c
Kalshi WS trade #4638: KXATPCHALLENGERMATCH-26FEB13LLAMIK-LLA | yes | count=10.00 | yes=92c
Kalshi WS trade #4639: KXBTC-26FEB1310-B67875 | no | count=50.00 | yes=42c
Kalshi WS trade #4640: KXNCAAMBGAME-26FEB14TTUARIZ-TTU | yes | count=4.00 | yes=20c
Kalshi WS trade #4641: KXBTCD-26FEB1310-T67749.99 | no | count=50.00 | yes=58c
Kalshi WS trade #4642: KXWTACHALLENGERMATCH-26FEB13CHWLAM-LAM | no | count=34.00 | yes=11c
Kalshi WS trade #4643: KXWTACHALLENGERMATCH-26FEB13CHWLAM-LAM | no | count=100.00 | yes=11c
Kalshi WS trade #4644: KXWTACHALLENGERMATCH-26FEB13CHWLAM-LAM | no | count=20.00 | yes=11c
Kalshi WS trade #4645: KXWTACHALLENGERMATCH-26FEB13CHWLAM-LAM | no | count=10.00 | yes=11c
Kalshi WS trade #4646: KXWTACHALLENGERMATCH-26FEB13CHWLAM-LAM | no | count=32.00 | yes=10c
Kalshi WS trade #4647: KXWTACHALLENGERMATCH-26FEB13CHWLAM-CHW | yes | count=10.00 | yes=87c
Kalshi WS trade #4648: KXETH-26FEB1310-B2000 | yes | count=50.00 | yes=52c
Kalshi WS trade #4649: KXINXU-26FEB13H1000-T6839.9999 | no | count=20.00 | yes=36c
Kalshi WS trade #4650: KXBTC-26FEB1310-B67125 | no | count=34.00 | yes=2c
Kalshi WS trade #4651: KXHIGHMIA-26FEB13-B77.5 | no | count=300.00 | yes=7c
Kalshi WS trade #4652: KXHIGHMIA-26FEB13-B77.5 | no | count=6.00 | yes=7c
Kalshi WS trade #4653: KXHIGHMIA-26FEB13-B77.5 | no | count=50.00 | yes=7c
Kalshi WS trade #4654: KXBTC-26FEB1310-B67625 | no | count=15.00 | yes=34c
Kalshi WS trade #4655: KXMVESPORTSMULTIGAMEEXTENDED-S2026094FEF4C640-943CA587DB8 | yes | count=27.00 | yes=17c
Kalshi WS trade #4656: KXBTCD-26FEB1310-T67749.99 | no | count=100.00 | yes=56c
Kalshi WS trade #4657: KXBERNIEMENTION-26FEB14-ROBO | no | count=13.00 | yes=65c
Kalshi WS trade #4658: KXWTAMATCH-26FEB13COCVEK-COC | no | count=58.00 | yes=77c
Kalshi WS trade #4659: KXVALORANTGAME-26FEB13BBLGM-BBL | yes | count=5.00 | yes=51c
Kalshi WS trade #4660: KXBTC-26FEB1310-B67875 | yes | count=52.00 | yes=42c
Kalshi WS trade #4661: KXLIVTOUR-LIGA26-BDEC | no | count=208.00 | yes=19c
Kalshi WS trade #4662: KXETHD-26FEB1310-T1989.99 | yes | count=50.00 | yes=52c
Kalshi WS trade #4663: KXBTCD-26FEB1310-T67749.99 | yes | count=17.00 | yes=60c
Kalshi WS trade #4664: KXWTACHALLENGERMATCH-26FEB13STEJOR-JOR | no | count=32.00 | yes=44c
Kalshi WS trade #4665: KXWTACHALLENGERMATCH-26FEB13STEJOR-JOR | no | count=16.00 | yes=43c
Kalshi WS trade #4666: KXPGATOUR-ATPBP26-CGOT | yes | count=59.00 | yes=11c
Kalshi WS trade #4667: KXBTCD-26FEB1310-T67749.99 | no | count=100.00 | yes=58c
Kalshi WS trade #4668: KXT20MATCH-26FEB13NEDUSA-USA | yes | count=12.00 | yes=81c
Kalshi WS trade #4669: KXATPMATCH-26FEB13DEVAN-DE | yes | count=12.00 | yes=39c
Kalshi WS trade #4670: KXBTCD-26FEB1310-T67499.99 | yes | count=50.00 | yes=90c
Kalshi WS trade #4671: KXATPCHALLENGERMATCH-26FEB13LLAMIK-LLA | no | count=178.00 | yes=89c
Kalshi WS trade #4672: KXATPCHALLENGERMATCH-26FEB13LLAMIK-LLA | no | count=100.00 | yes=89c
Kalshi WS trade #4673: KXATPCHALLENGERMATCH-26FEB13LLAMIK-LLA | no | count=100.00 | yes=88c
Kalshi WS trade #4674: KXATPCHALLENGERMATCH-26FEB13LLAMIK-LLA | no | count=71.00 | yes=88c
Kalshi WS trade #4675: KXBTC-26FEB1310-B67875 | no | count=50.00 | yes=41c
Kalshi WS trade #4676: KXATPCHALLENGERMATCH-26FEB13LLAMIK-MIK | yes | count=71.00 | yes=10c
Kalshi WS trade #4677: KXMVESPORTSMULTIGAMEEXTENDED-S2026CF71C88B46D-F31D4CE5882 | yes | count=58.00 | yes=4c
Kalshi WS trade #4678: KXWTAMATCH-26FEB13COCVEK-COC | yes | count=330.00 | yes=78c
Kalshi WS trade #4679: KXWTAMATCH-26FEB13COCVEK-COC | yes | count=500.00 | yes=78c
Kalshi WS trade #4680: KXWTAMATCH-26FEB13COCVEK-COC | yes | count=432.00 | yes=78c
Kalshi WS trade #4681: KXBTCD-26FEB1310-T68499.99 | yes | count=14.00 | yes=1c
Kalshi WS trade #4682: KXATPMATCH-26FEB13DEVAN-DE | yes | count=73.00 | yes=39c
Kalshi WS trade #4683: KXINXU-26FEB13H1000-T6849.9999 | yes | count=6.00 | yes=8c
Kalshi WS trade #4684: KXINXU-26FEB13H1000-T6849.9999 | yes | count=12.00 | yes=9c
Kalshi WS trade #4685: KXETH-26FEB1310-B2000 | yes | count=50.00 | yes=48c
Kalshi WS trade #4686: KXNCAAMBSPREAD-26FEB13MSUWIS-MSU1 | no | count=10.00 | yes=54c
Kalshi WS trade #4687: KXNBAMVP-26-TMAX | yes | count=1.00 | yes=1c
Kalshi WS trade #4688: KXNCAAMBGAME-26FEB15HCLMD-HC | yes | count=2.00 | yes=68c
Kalshi WS trade #4689: KXSAUDIPLGAME-26FEB13HILITT-ITT | yes | count=26.00 | yes=7c
Kalshi WS trade #4690: KXBTCD-26FEB1310-T67749.99 | yes | count=32.00 | yes=55c
Poly WS trade #105: asset=43946269812975261940... | SELL | size=6 | price=0.754
Kalshi WS trade #4691: KXGOVTSHUTDOWN-26FEB14 | no | count=7.00 | yes=88c
Kalshi WS trade #4692: KXBTCD-26FEB1310-T67749.99 | yes | count=100.00 | yes=56c
Kalshi WS trade #4693: KXBTCD-26FEB1310-T67749.99 | yes | count=68.00 | yes=57c
Kalshi WS trade #4694: KXBTCD-26FEB1310-T67749.99 | yes | count=2.00 | yes=57c
Kalshi WS trade #4695: KXHIGHNY-26FEB13-B39.5 | yes | count=11.00 | yes=37c
Kalshi WS trade #4696: KXWTAMATCH-26FEB13COCVEK-COC | yes | count=641.00 | yes=78c
Kalshi WS trade #4697: KXWTAMATCH-26FEB13COCVEK-COC | yes | count=676.00 | yes=78c
Kalshi WS trade #4698: KXWTAMATCH-26FEB13COCVEK-COC | yes | count=1283.00 | yes=78c
Kalshi WS trade #4699: KXHIGHNY-26FEB13-B39.5 | yes | count=44.00 | yes=37c
Kalshi WS trade #4700: KXMVESPORTSMULTIGAMEEXTENDED-S2026655BA27E736-353034975EC | yes | count=174.00 | yes=10c
Kalshi WS trade #4701: KXBERNIEMENTION-26FEB14-IMMI | yes | count=8.00 | yes=48c
Kalshi WS trade #4702: KXBERNIEMENTION-26FEB14-IMMI | yes | count=6.00 | yes=48c
Kalshi WS trade #4703: KXBERNIEMENTION-26FEB14-IMMI | yes | count=6.00 | yes=48c
Kalshi WS trade #4704: KXMVESPORTSMULTIGAMEEXTENDED-S2026805781750ED-43924BE61E7 | yes | count=40.00 | yes=11c
Kalshi WS trade #4705: KXATPCHALLENGERMATCH-26FEB13TABECH-ECH | yes | count=125.00 | yes=38c
Kalshi WS trade #4706: KXATPCHALLENGERMATCH-26FEB13LLAMIK-MIK | no | count=1.00 | yes=7c
Kalshi WS trade #4707: KXATPMATCH-26FEB13DEVAN-DE | yes | count=50.00 | yes=39c
Kalshi WS trade #4708: KXATPCHALLENGERMATCH-26FEB13LLAMIK-LLA | yes | count=1.00 | yes=91c
Kalshi WS trade #4709: KXETHD-26FEB1310-T1989.99 | yes | count=50.00 | yes=53c
Kalshi WS trade #4710: KXETHD-26FEB1310-T1989.99 | yes | count=750.00 | yes=53c
Kalshi WS trade #4711: KXNCAAMBGAME-26FEB13UNLVBSU-UNLV | yes | count=40.00 | yes=18c
Kalshi WS trade #4712: KXATPCHALLENGERMATCH-26FEB13TRAMOR-TRA | yes | count=47.00 | yes=10c
Kalshi WS trade #4713: KXBTCD-26FEB1310-T67749.99 | yes | count=50.00 | yes=58c
Kalshi WS trade #4714: KXATPMATCH-26FEB13DEVAN-VAN | yes | count=100.00 | yes=62c
Kalshi WS trade #4715: KXBTC-26FEB1310-B67625 | no | count=50.00 | yes=33c
Kalshi WS trade #4716: KXATPCHALLENGERMATCH-26FEB13LLAMIK-LLA | yes | count=54.00 | yes=91c
Kalshi WS trade #4717: KXATPCHALLENGERMATCH-26FEB13LLAMIK-LLA | yes | count=54.00 | yes=92c
Kalshi WS trade #4718: KXATPCHALLENGERMATCH-26FEB13TRAMOR-MOR | yes | count=21.00 | yes=92c
Kalshi WS trade #4719: KXNBA3PTCONTEST-26-DLIL | yes | count=15.00 | yes=18c
Kalshi WS trade #4720: KXT20MATCH-26FEB13NEDUSA-USA | yes | count=12.00 | yes=81c
Kalshi WS trade #4721: KXT20MATCH-26FEB13NEDUSA-NED | yes | count=238.00 | yes=19c
Kalshi WS trade #4722: KXETH-26FEB1310-B2000 | yes | count=1.00 | yes=55c
Kalshi WS trade #4723: KXBTCD-26FEB1310-T67499.99 | yes | count=50.00 | yes=92c
Kalshi WS trade #4724: KXBTCD-26FEB1310-T67499.99 | yes | count=90.00 | yes=92c
Kalshi WS trade #4725: KXBTCD-26FEB1310-T67499.99 | yes | count=217.00 | yes=92c
Kalshi WS trade #4726: KXATPCHALLENGERMATCH-26FEB13LLAMIK-MIK | no | count=9.00 | yes=7c
Kalshi WS trade #4727: KXATPCHALLENGERMATCH-26FEB13LLAMIK-MIK | no | count=6.00 | yes=6c
Kalshi WS trade #4728: KXATPCHALLENGERMATCH-26FEB13LLAMIK-LLA | yes | count=9.00 | yes=93c
Kalshi WS trade #4729: KXAUCTIONPIKACHU-26-10 | yes | count=1.00 | yes=50c
Kalshi WS trade #4730: KXT20MATCH-26FEB13NEDUSA-USA | no | count=75.00 | yes=80c
Kalshi WS trade #4731: KXCABOUT-29JAN-HLUT | yes | count=15.00 | yes=18c
Kalshi WS trade #4732: KXSAUDIPLTOTAL-26FEB13HILITT-1 | yes | count=358.00 | yes=89c
INFO:     35.145.33.17:0 - "GET /api/markets HTTP/1.1" 200 OK
Kalshi WS trade #4733: KXDOTA2GAME-26FEB13LIQUIDFLC-FLC | no | count=1.00 | yes=64c
Kalshi WS trade #4734: KXATPCHALLENGERMATCH-26FEB13TRAMOR-TRA | yes | count=115.00 | yes=10c
Kalshi WS trade #4735: KXATPCHALLENGERMATCH-26FEB13LLAMIK-MIK | no | count=100.00 | yes=5c
Kalshi WS trade #4736: KXATPCHALLENGERMATCH-26FEB13LLAMIK-MIK | no | count=11.00 | yes=5c
INFO:     35.145.33.17:0 - "GET /api/spreads?min_spread_pct=0.05 HTTP/1.1" 200 OK
Kalshi WS trade #4737: KXWTAMATCH-26FEB13COCVEK-COC | yes | count=103.00 | yes=78c
Kalshi WS trade #4738: KXBUNDESLIGAGAME-26FEB13BVBM05-BVB | yes | count=158.00 | yes=61c
Kalshi WS trade #4739: KXBTCD-26FEB1310-T67749.99 | no | count=90.00 | yes=59c
Kalshi WS trade #4740: KXBTCD-26FEB1310-T67749.99 | yes | count=79.00 | yes=59c
Kalshi WS trade #4741: KXBTCD-26FEB1310-T67749.99 | no | count=15.00 | yes=58c
Kalshi WS trade #4742: KXBTCD-26FEB1310-T67749.99 | yes | count=15.00 | yes=58c
Kalshi WS trade #4743: KXBTCD-26FEB1310-T67749.99 | no | count=50.00 | yes=57c
Kalshi WS trade #4744: KXGOVTSHUTDOWN-26FEB14 | no | count=51.00 | yes=88c
Kalshi WS trade #4745: KXBTC-26FEB1310-B67875 | no | count=50.00 | yes=41c
Kalshi WS trade #4746: KXBTC-26FEB1310-B67375 | yes | count=200.00 | yes=9c
Kalshi WS trade #4747: KXVALORANTGAME-26FEB13VITFNC-FNC | no | count=113.00 | yes=99c
Kalshi WS trade #4748: KXBTCD-26FEB1310-T67749.99 | yes | count=15.00 | yes=56c
Kalshi WS trade #4749: KXETHD-26FEB1310-T1989.99 | yes | count=95.00 | yes=51c
Kalshi WS trade #4750: KXBTCD-26FEB1310-T67749.99 | no | count=90.00 | yes=55c
Kalshi WS trade #4751: KXETHD-26FEB1310-T1989.99 | no | count=1.00 | yes=48c
Kalshi WS trade #4752: KXINXU-26FEB13H1600-T6849.9999 | no | count=10.00 | yes=48c
Kalshi WS trade #4753: KXINXU-26FEB13H1000-T6829.9999 | no | count=5.00 | yes=72c
Kalshi WS trade #4754: KXNCAAWBGAME-26FEB14CONNMARQ-MARQ | yes | count=280.00 | yes=1c
Kalshi WS trade #4755: KXT20MATCH-26FEB13NEDUSA-NED | yes | count=4.00 | yes=19c
Kalshi WS trade #4756: KXNBACELEBRITY3PT-26-JEFF | yes | count=9.00 | yes=21c
Kalshi WS trade #4757: KXNBACELEBRITY3PT-26-JEFF | yes | count=4.00 | yes=22c
Kalshi WS trade #4758: KXSAUDIPLGAME-26FEB13SHAAAS-AAS | yes | count=64.00 | yes=95c
Kalshi WS trade #4759: KXSAUDIPLGAME-26FEB13SHAAAS-AAS | yes | count=2.00 | yes=96c
Kalshi WS trade #4760: KXNBACELEBRITY3PT-26-PLAQ | no | count=9.00 | yes=2c
Kalshi WS trade #4761: KXNBACELEBRITY3PT-26-WILL | no | count=9.00 | yes=2c
Kalshi WS trade #4762: KXNBACELEBRITY3PT-26-MCCA | no | count=9.00 | yes=76c
Kalshi WS trade #4763: KXNBACELEBRITY3PT-26-WILD | no | count=8.00 | yes=6c
Kalshi WS trade #4764: KXNBACELEBRITY3PT-26-WILD | no | count=1.00 | yes=5c
Kalshi WS trade #4765: KXMVESPORTSMULTIGAMEEXTENDED-S20269C10E4F5DBC-4BFA921AB22 | yes | count=29.00 | yes=16c
Kalshi WS trade #4766: KXXRP15M-26FEB131000-00 | yes | count=51.00 | yes=95c
Kalshi WS trade #4767: KXATPMATCH-26FEB13DEVAN-DE | yes | count=60.00 | yes=39c
Kalshi WS trade #4768: KXWTACHALLENGERMATCH-26FEB13STEJOR-STE | yes | count=3.00 | yes=57c
Kalshi WS trade #4769: KXWTACHALLENGERMATCH-26FEB13STEJOR-STE | yes | count=194.00 | yes=57c
Kalshi WS trade #4770: KXSAUDIPLTOTAL-26FEB13HILITT-1 | yes | count=491.00 | yes=89c
Kalshi WS trade #4771: KXNCAAMBGAME-26FEB13SPCSHU-SPC | yes | count=376.00 | yes=57c
Kalshi WS trade #4772: KXBERNIEMENTION-26FEB14-ONE | yes | count=65.00 | yes=81c
Kalshi WS trade #4773: KXBERNIEMENTION-26FEB14-ONE | yes | count=40.00 | yes=81c
Kalshi WS trade #4774: KXBERNIEMENTION-26FEB14-ONE | yes | count=100.00 | yes=82c
Kalshi WS trade #4775: KXBERNIEMENTION-26FEB14-ONE | yes | count=295.00 | yes=85c
Kalshi WS trade #4776: KXBTCD-26FEB1310-T67499.99 | yes | count=30.00 | yes=91c
Kalshi WS trade #4777: KXBTCD-26FEB1310-T67249.99 | no | count=35.00 | yes=98c
Kalshi WS trade #4778: KXBTCD-26FEB1310-T67749.99 | no | count=250.00 | yes=51c
Kalshi WS trade #4779: KXBTCD-26FEB1310-T67749.99 | no | count=100.00 | yes=51c
Kalshi WS trade #4780: KXWOCURLGAME-26FEB13CHNCHE-CHE | yes | count=3.00 | yes=92c
Kalshi WS trade #4781: KXWOCURLGAME-26FEB13CHNCHE-CHN | no | count=1.00 | yes=11c
Kalshi WS trade #4782: KXWOCURLGAME-26FEB13CHNCHE-CHN | no | count=2.00 | yes=10c
Kalshi WS trade #4783: KXSOL15M-26FEB131000-00 | yes | count=3.00 | yes=98c
Kalshi WS trade #4784: KXLIVTOUR-LIGA26-JRAH | yes | count=17.00 | yes=56c
Kalshi WS trade #4785: KXWTAMATCH-26FEB13COCVEK-COC | no | count=12.00 | yes=77c
Kalshi WS trade #4786: KXBTCD-26FEB1310-T67749.99 | yes | count=3.00 | yes=52c
Kalshi WS trade #4787: KXBTC-26FEB1310-B67875 | no | count=139.00 | yes=39c
Kalshi WS trade #4788: KXINXU-26FEB13H1000-T6839.9999 | no | count=20.00 | yes=30c
Kalshi WS trade #4789: KXINXU-26FEB13H1000-T6839.9999 | no | count=17.00 | yes=29c
Kalshi WS trade #4790: KXINXU-26FEB13H1000-T6839.9999 | no | count=30.00 | yes=29c
Kalshi WS trade #4791: KXRATECUTCOUNT-26DEC31-T2 | yes | count=47.00 | yes=26c
Kalshi WS trade #4792: KXWTAMATCH-26FEB13COCVEK-COC | yes | count=25.00 | yes=78c
Kalshi WS trade #4793: KXINXU-26FEB13H1000-T6819.9999 | no | count=11.00 | yes=93c
Kalshi WS trade #4794: KXINXU-26FEB13H1000-T6819.9999 | no | count=20.00 | yes=93c
Kalshi WS trade #4795: KXATPMATCH-26FEB13DEVAN-DE | yes | count=12.00 | yes=39c
Kalshi WS trade #4796: KXATPMATCH-26FEB13DEVAN-VAN | no | count=51.00 | yes=61c
Kalshi WS trade #4797: KXBTC15M-26FEB131000-00 | no | count=108.00 | yes=99c
Kalshi WS trade #4798: KXATPCHALLENGERMATCH-26FEB13LLAMIK-MIK | no | count=4.00 | yes=7c
Kalshi WS trade #4799: KXATPMATCH-26FEB13DEVAN-DE | no | count=98.00 | yes=38c
Kalshi WS trade #4800: KXATPCHALLENGERMATCH-26FEB13LLAMIK-MIK | no | count=15.00 | yes=7c
Kalshi WS trade #4801: KXNCAAMBSPREAD-26FEB13MASSAKR-AKR13 | no | count=68.00 | yes=47c
Kalshi WS trade #4802: KXFACUPGAME-26FEB13HULCFC-HUL | yes | count=11.00 | yes=8c
Kalshi WS trade #4803: KXMRBEASTGAMES-26MAY01-167 | yes | count=129.00 | yes=76c
Kalshi WS trade #4804: KXWTAMATCH-26FEB13COCVEK-COC | yes | count=506.00 | yes=78c
Kalshi WS trade #4805: KXBTCD-26FEB1310-T67749.99 | no | count=45.00 | yes=47c
Kalshi WS trade #4806: KXWTACHALLENGERMATCH-26FEB13STEJOR-JOR | no | count=64.00 | yes=43c
Kalshi WS trade #4807: KXETH-26FEB1310-B2000 | yes | count=50.00 | yes=41c
Kalshi WS trade #4808: KXETH-26FEB1310-B1980 | yes | count=1.00 | yes=58c
Kalshi WS trade #4809: KXBTCD-26FEB1310-T67999.99 | yes | count=195.00 | yes=11c
Kalshi WS trade #4810: KXETH-26FEB1310-B1980 | no | count=50.00 | yes=59c
Kalshi WS trade #4811: KXETHD-26FEB1310-T1989.99 | yes | count=800.00 | yes=41c
Kalshi WS trade #4812: KXWOMHOCKEYSPREAD-26FEB13CANCHE-CAN2 | yes | count=10.00 | yes=59c
Kalshi WS trade #4813: KXBTCD-26FEB1310-T67499.99 | yes | count=15.00 | yes=88c
Kalshi WS trade #4814: KXINXU-26FEB13H1000-T6839.9999 | no | count=20.00 | yes=28c
Kalshi WS trade #4815: KXINXU-26FEB13H1000-T6839.9999 | no | count=23.00 | yes=25c
Kalshi WS trade #4816: KXGOVTSHUTDOWN-26FEB14 | no | count=78.00 | yes=88c
Kalshi WS trade #4817: KXBTC-26FEB1310-B67625 | no | count=1.00 | yes=40c
Kalshi WS trade #4818: KXNCAAMBGAME-26FEB14COLOBYU-COLO | yes | count=18.00 | yes=10c
Kalshi WS trade #4819: KXATPMATCH-26FEB13DEVAN-VAN | yes | count=207.00 | yes=62c
Kalshi WS trade #4820: KXINXU-26FEB13H1000-T6839.9999 | yes | count=20.00 | yes=24c
Kalshi WS trade #4821: KXBTCD-26FEB1310-T67499.99 | yes | count=8.00 | yes=88c
Kalshi WS trade #4822: KXBTC-26FEB1310-B67625 | no | count=1.00 | yes=39c
Kalshi WS trade #4823: KXPGATOUR-ATPBP26-SSCH | yes | count=117.00 | yes=4c
Kalshi WS trade #4824: KXBTC-26FEB1310-B67875 | no | count=1.00 | yes=36c
Kalshi WS trade #4825: KXSOL15M-26FEB131000-00 | no | count=4.00 | yes=97c
Kalshi WS trade #4826: KXATPMATCH-26FEB13DEVAN-VAN | no | count=11.00 | yes=61c
Kalshi WS trade #4827: KXINXU-26FEB13H1000-T6839.9999 | yes | count=30.00 | yes=24c
Kalshi WS trade #4828: KXBTCD-26FEB1310-T67749.99 | yes | count=20.00 | yes=47c
Kalshi WS trade #4829: KXNCAAMBGAME-26FEB13MSUWIS-MSU | yes | count=24.00 | yes=56c
Kalshi WS trade #4830: KXSOL15M-26FEB131000-00 | yes | count=11.00 | yes=97c
Kalshi WS trade #4831: KXETH15M-26FEB131000-00 | yes | count=33.00 | yes=97c
INFO:     35.145.33.17:0 - "GET /api/spreads?min_spread_pct=0.05 HTTP/1.1" 200 OK
Kalshi WS trade #4832: KXATPMATCH-26FEB13DEVAN-DE | yes | count=1219.00 | yes=39c
Kalshi WS trade #4833: KXNCAAMBGAME-26FEB13MANNIAG-MAN | yes | count=100.00 | yes=48c
Kalshi WS trade #4834: KXWTACHALLENGERMATCH-26FEB13STEJOR-JOR | yes | count=2.00 | yes=44c
Kalshi WS trade #4835: KXATPMATCH-26FEB13DEVAN-DE | no | count=365.00 | yes=38c
Kalshi WS trade #4836: KXETH15M-26FEB131000-00 | no | count=33.00 | yes=96c
Kalshi WS trade #4837: KXWOMHOCKEY-26FEB13FRACZE-FRA | yes | count=15.00 | yes=6c
Kalshi WS trade #4838: KXMLBWORLD-26-JP | no | count=12.00 | yes=24c
Kalshi WS trade #4839: KXBTC-26FEB1310-B67125 | no | count=55.00 | yes=2c
Kalshi WS trade #4840: KXBTC-26FEB1310-B67125 | no | count=200.00 | yes=2c
Kalshi WS trade #4841: KXBTC-26FEB1310-B67125 | no | count=12.00 | yes=1c
Kalshi WS trade #4842: KXBTC-26FEB1310-B67875 | yes | count=1.00 | yes=35c
Kalshi WS trade #4843: KXT20MATCH-26FEB13NEDUSA-USA | yes | count=379.00 | yes=81c
Kalshi WS trade #4844: KXT20MATCH-26FEB13NEDUSA-USA | yes | count=50.00 | yes=81c
Kalshi WS trade #4845: KXT20MATCH-26FEB13NEDUSA-USA | yes | count=500.00 | yes=81c
Kalshi WS trade #4846: KXT20MATCH-26FEB13NEDUSA-USA | yes | count=500.00 | yes=81c
Kalshi WS trade #4847: KXT20MATCH-26FEB13NEDUSA-USA | yes | count=50.00 | yes=81c
Kalshi WS trade #4848: KXT20MATCH-26FEB13NEDUSA-USA | yes | count=50.00 | yes=81c
Kalshi WS trade #4849: KXT20MATCH-26FEB13NEDUSA-USA | yes | count=1000.00 | yes=82c
Kalshi WS trade #4850: KXT20MATCH-26FEB13NEDUSA-USA | yes | count=43.00 | yes=82c
Kalshi WS trade #4851: KXT20MATCH-26FEB13NEDUSA-USA | yes | count=90.00 | yes=82c
Kalshi WS trade #4852: KXT20MATCH-26FEB13NEDUSA-USA | yes | count=6859.00 | yes=82c
Kalshi WS trade #4853: KXMVESPORTSMULTIGAMEEXTENDED-S202690009A129E5-08F772EEB23 | yes | count=2.00 | yes=31c
Kalshi WS trade #4854: KXETH15M-26FEB131000-00 | no | count=3.00 | yes=96c
Kalshi WS trade #4855: KXNETFLIXRANKSHOW-26FEB16-ISI | yes | count=6.00 | yes=1c
Kalshi WS trade #4856: KXT20MATCH-26FEB13NEDUSA-NED | yes | count=476.00 | yes=19c
Kalshi WS trade #4857: KXATPMATCH-26FEB13DEVAN-VAN | yes | count=15.00 | yes=62c
Kalshi WS trade #4858: KXETHD-26FEB1310-T1989.99 | yes | count=4.00 | yes=41c
Kalshi WS trade #4859: KXETHD-26FEB1310-T1989.99 | yes | count=46.00 | yes=48c
Kalshi WS trade #4860: KXETHD-26FEB1317-T2019.99 | no | count=82.00 | yes=24c
Kalshi WS trade #4861: KXETH15M-26FEB131000-00 | no | count=64.00 | yes=96c
Kalshi WS trade #4862: KXETH15M-26FEB131000-00 | no | count=1.00 | yes=96c
Kalshi WS trade #4863: KXATPMATCH-26FEB13DEVAN-DE | yes | count=19.00 | yes=39c
Kalshi WS trade #4864: KXNBA-26-OKC | yes | count=19.00 | yes=39c
Kalshi WS trade #4865: KXBTCD-26FEB1317-T68999.99 | yes | count=1.00 | yes=16c
Kalshi WS trade #4866: KXATPCHALLENGERMATCH-26FEB13LLAMIK-MIK | no | count=45.00 | yes=7c
Poly WS trade #106: asset=10249390055164570152... | SELL | size=136.36 | price=0.7
Kalshi WS trade #4867: KXTRUMPSAY-26FEB16-DRIL | yes | count=5.00 | yes=17c
Kalshi WS trade #4868: KXINXU-26FEB13H1600-T6849.9999 | no | count=26.00 | yes=46c
Kalshi WS trade #4869: KXNETFLIXRANKSHOW-26FEB16-THE | yes | count=66.00 | yes=20c
Kalshi WS trade #4870: KXNETFLIXRANKSHOW-26FEB16-THE | yes | count=28.00 | yes=21c
Kalshi WS trade #4871: KXNETFLIXRANKSHOW-26FEB16-THE | yes | count=47.00 | yes=21c
Kalshi WS trade #4872: KXNETFLIXRANKSHOW-26FEB16-THE | yes | count=3.00 | yes=22c
Kalshi WS trade #4873: KXNETFLIXRANKSHOW-26FEB16-THE | yes | count=219.00 | yes=23c
Kalshi WS trade #4874: KXNETFLIXRANKSHOW-26FEB16-THE | yes | count=200.00 | yes=24c
Kalshi WS trade #4875: KXNETFLIXRANKSHOW-26FEB16-THE | yes | count=350.00 | yes=25c
Kalshi WS trade #4876: KXNETFLIXRANKSHOW-26FEB16-THE | yes | count=84.00 | yes=26c
Kalshi WS trade #4877: KXINXU-26FEB13H1000-T6844.9999 | no | count=2.00 | yes=9c
Kalshi WS trade #4878: KXBTCD-26FEB1310-T67999.99 | yes | count=31.00 | yes=9c
Kalshi WS trade #4879: KXNETFLIXRANKSHOW-26FEB16-KAT | no | count=3.00 | yes=81c
Kalshi WS trade #4880: KXNETFLIXRANKSHOW-26FEB16-KAT | no | count=63.00 | yes=80c
Kalshi WS trade #4881: KXNETFLIXRANKSHOW-26FEB16-HOW | no | count=66.00 | yes=2c
Kalshi WS trade #4882: KXNETFLIXRANKSHOW-26FEB16-LOV | no | count=66.00 | yes=5c
Kalshi WS trade #4883: KXWOHOCKEY-MEN26CGOLD-USA | yes | count=13.00 | yes=36c
Kalshi WS trade #4884: KXATPMATCH-26FEB13DEVAN-VAN | yes | count=210.00 | yes=62c
Kalshi WS trade #4885: KXBTCD-26FEB1310-T67499.99 | yes | count=6.00 | yes=85c
Kalshi WS trade #4886: KXATPCHALLENGERMATCH-26FEB13LLAMIK-LLA | yes | count=107.00 | yes=93c
Kalshi WS trade #4887: KXWTAMATCH-26FEB13OSTMBO-OST | yes | count=27.00 | yes=34c
Kalshi WS trade #4888: KXATPMATCH-26FEB13DEVAN-VAN | yes | count=192.00 | yes=62c
Kalshi WS trade #4889: KXCPICOREYOY-26FEB-T2.5 | yes | count=10.00 | yes=35c
Kalshi WS trade #4890: KXETHD-26FEB1310-T1989.99 | yes | count=50.00 | yes=39c
Kalshi WS trade #4891: KXBTCD-26FEB1310-T67749.99 | yes | count=100.00 | yes=42c
Kalshi WS trade #4892: KXINXU-26FEB13H1000-T6839.9999 | no | count=20.00 | yes=23c
Kalshi WS trade #4893: KXBTCD-26FEB1310-T67499.99 | yes | count=112.00 | yes=85c
Kalshi WS trade #4894: KXNBASLAMDUNK-26-KJOH | yes | count=37.00 | yes=25c
Kalshi WS trade #4895: KXBTCD-26FEB1310-T67999.99 | yes | count=15.00 | yes=8c
Kalshi WS trade #4896: KXMVESPORTSMULTIGAMEEXTENDED-S202611835B26A40-970180A820D | yes | count=22.00 | yes=21c
Kalshi WS trade #4897: KXHNLGAME-26FEB13SLALOK-SLA | yes | count=23.00 | yes=40c
Kalshi WS trade #4898: KXBTCD-26FEB1310-T67749.99 | yes | count=70.00 | yes=45c
Kalshi WS trade #4899: KXFEDDECISION-26MAR-C25 | yes | count=576.00 | yes=7c
Kalshi WS trade #4900: KXWTACHALLENGERMATCH-26FEB13STEJOR-STE | yes | count=17.00 | yes=57c
Kalshi WS trade #4901: KXUFCFIGHT-26FEB21VANLEB-LEB | yes | count=2.00 | yes=71c
Kalshi WS trade #4902: KXUFCFIGHT-26FEB21VANLEB-LEB | yes | count=4.00 | yes=72c
Kalshi WS trade #4903: KXUFCFIGHT-26FEB21VANLEB-VAN | no | count=2.00 | yes=40c
Kalshi WS trade #4904: KXATPCHALLENGERMATCH-26FEB13TRAMOR-MOR | yes | count=55.00 | yes=92c
Kalshi WS trade #4905: KXBTC-26FEB1310-B67875 | yes | count=50.00 | yes=36c
Kalshi WS trade #4906: KXBTC-26FEB1310-B67875 | yes | count=81.00 | yes=36c
Kalshi WS trade #4907: KXBTC-26FEB1310-B67875 | yes | count=2.00 | yes=36c
Kalshi WS trade #4908: KXATPCHALLENGERMATCH-26FEB13LLAMIK-MIK | no | count=12.00 | yes=7c
Kalshi WS trade #4909: KXBTC-26FEB1310-B67625 | no | count=50.00 | yes=40c
Kalshi WS trade #4910: KXATPCHALLENGERMATCH-26FEB13LLAMIK-LLA | no | count=28.00 | yes=91c
Kalshi WS trade #4911: KXATPCHALLENGERMATCH-26FEB13LLAMIK-LLA | no | count=100.00 | yes=91c
Kalshi WS trade #4912: KXATPCHALLENGERMATCH-26FEB13LLAMIK-LLA | no | count=863.00 | yes=91c
Kalshi WS trade #4913: KXWOSSKATE-M10K26GOLD-VSEM | yes | count=200.00 | yes=9c
Kalshi WS trade #4914: KXOSCARSUPACTO-26-DEL | no | count=9.00 | yes=2c
Kalshi WS trade #4915: KXLALIGA2GAME-26FEB13ALMAND-ALM | yes | count=30.00 | yes=57c
Kalshi WS trade #4916: KXETH15M-26FEB131000-00 | yes | count=18.00 | yes=97c
Kalshi WS trade #4917: KXBTC-26FEB1310-B67625 | yes | count=1.00 | yes=40c
Kalshi WS trade #4918: KXBERNIEMENTION-26FEB14-GREE | yes | count=72.00 | yes=67c
Kalshi WS trade #4919: KXBTCD-26FEB1310-T67749.99 | yes | count=50.00 | yes=48c
Kalshi WS trade #4920: KXWTAMATCH-26FEB13COCVEK-VEK | no | count=41.00 | yes=18c
Kalshi WS trade #4921: KXWTAMATCH-26FEB13COCVEK-COC | yes | count=41.00 | yes=79c
Kalshi WS trade #4922: KXSAUDIPLGAME-26FEB13SHAAAS-AAS | yes | count=64.00 | yes=95c
Kalshi WS trade #4923: KXSAUDIPLGAME-26FEB13SHAAAS-AAS | yes | count=1741.00 | yes=96c
Kalshi WS trade #4924: KXATPCHALLENGERMATCH-26FEB13LLAMIK-MIK | yes | count=100.00 | yes=9c
Kalshi WS trade #4925: KXATPCHALLENGERMATCH-26FEB13LLAMIK-MIK | yes | count=10.00 | yes=9c
Kalshi WS trade #4926: KXATPCHALLENGERMATCH-26FEB13LLAMIK-MIK | yes | count=98.00 | yes=9c
Kalshi WS trade #4927: KXJULYCHARTER26-26 | yes | count=2.00 | yes=98c
Kalshi WS trade #4928: KXJULYCHARTER26-26 | yes | count=3.00 | yes=98c
Kalshi WS trade #4929: KXBTC-26FEB1310-B67625 | no | count=199.00 | yes=39c
Kalshi WS trade #4930: KXHIGHPHIL-26FEB13-B37.5 | yes | count=49.00 | yes=29c
Kalshi WS trade #4931: KXETHD-26FEB1310-T1989.99 | no | count=50.00 | yes=43c
Kalshi WS trade #4932: KXHIGHLAX-26FEB13-B70.5 | yes | count=2.00 | yes=45c
Kalshi WS trade #4933: KXBTC-26FEB1310-B67625 | no | count=200.00 | yes=39c
Kalshi WS trade #4934: KXWTACHALLENGERMATCH-26FEB13STEJOR-STE | yes | count=30.00 | yes=57c
Kalshi WS trade #4935: KXATPCHALLENGERMATCH-26FEB13LLAMIK-MIK | yes | count=52.00 | yes=9c
Kalshi WS trade #4936: KXBTCD-26FEB1310-T67999.99 | yes | count=1.00 | yes=9c
Kalshi WS trade #4937: KXSENATETXR-26-KP | no | count=4.00 | yes=70c
Kalshi WS trade #4938: KXBTCD-26FEB1310-T67249.99 | no | count=47.00 | yes=98c
Kalshi WS trade #4939: KXBTC-26FEB1310-B67625 | no | count=200.00 | yes=38c
Kalshi WS trade #4940: KXINXU-26FEB13H1000-T6839.9999 | no | count=10.00 | yes=21c
Kalshi WS trade #4941: KXWOFSKATE-MENS26GOLD-IMAL | yes | count=10.00 | yes=92c
Kalshi WS trade #4942: KXDHSFUNDING-26MAR20 | yes | count=18.00 | yes=51c
Kalshi WS trade #4943: KXBTC15M-26FEB131000-00 | no | count=280.00 | yes=99c
Kalshi WS trade #4944: KXGOVTSHUTDOWN-26FEB14 | no | count=39.00 | yes=88c
Kalshi WS trade #4945: KXGOVTSHUTLENGTH-26FEB07-G30 | yes | count=20.00 | yes=23c
Kalshi WS trade #4946: KXATPMATCH-26FEB13DEVAN-VAN | yes | count=86.00 | yes=62c
Kalshi WS trade #4947: KXWOHOCKEY-MEN26MEDAL-CAN | yes | count=2.00 | yes=91c
Kalshi WS trade #4948: KXBUNDESLIGAGAME-26FEB13BVBM05-BVB | yes | count=47.00 | yes=61c
Kalshi WS trade #4949: KXATPCHALLENGERMATCH-26FEB13LLAMIK-MIK | no | count=20.00 | yes=7c
Kalshi WS trade #4950: KXATPCHALLENGERMATCH-26FEB13LLAMIK-MIK | yes | count=10.00 | yes=9c
Kalshi WS trade #4951: KXBTCD-26FEB1310-T67499.99 | yes | count=2.00 | yes=89c
Kalshi WS trade #4952: KXTRUMPMENTION-26FEB14-VENE | yes | count=2.00 | yes=89c
Kalshi WS trade #4953: KXWTACHALLENGERMATCH-26FEB13CHWLAM-CHW | yes | count=1002.00 | yes=88c
Kalshi WS trade #4954: KXWTACHALLENGERMATCH-26FEB13CHWLAM-CHW | yes | count=200.00 | yes=88c
Kalshi WS trade #4955: KXWTACHALLENGERMATCH-26FEB13CHWLAM-CHW | yes | count=3500.00 | yes=88c
Poly WS trade #107: asset=43946269812975261940... | SELL | size=68.3 | price=0.756
Kalshi WS trade #4956: KXNCAAMBGAME-26FEB13SLULCHI-LCHI | yes | count=390.00 | yes=6c
Kalshi WS trade #4957: KXBTC-26FEB1310-B67625 | no | count=200.00 | yes=39c
Kalshi WS trade #4958: KXPGATOUR-ATPBP26-RMCI | yes | count=93.00 | yes=5c
Kalshi WS trade #4959: KXBTCD-26FEB1310-T67499.99 | yes | count=5.00 | yes=90c
Kalshi WS trade #4960: KXWTAMATCH-26FEB13COCVEK-VEK | no | count=1.00 | yes=18c
Kalshi WS trade #4961: KXWTAMATCH-26FEB13COCVEK-COC | yes | count=1.00 | yes=80c
Kalshi WS trade #4962: KXBTC-26FEB1310-B67625 | yes | count=24.00 | yes=39c
Kalshi WS trade #4963: KXNBAALLSTARGAME-26-STRIP | yes | count=5.00 | yes=34c
Kalshi WS trade #4964: KXT20MATCH-26FEB13NEDUSA-USA | no | count=957.00 | yes=80c
Kalshi WS trade #4965: KXATPCHALLENGERMATCH-26FEB13LLAMIK-MIK | yes | count=141.00 | yes=9c
Kalshi WS trade #4966: KXETH-26FEB1310-B2000 | yes | count=50.00 | yes=46c
Kalshi WS trade #4967: KXPGATOUR-ATPBP26-ABHA | yes | count=117.00 | yes=4c
Kalshi WS trade #4968: KXT20MATCH-26FEB13NEDUSA-NED | yes | count=75.00 | yes=19c
Kalshi WS trade #4969: KXGOVTSHUTDOWN-26FEB14 | no | count=39.00 | yes=88c
Kalshi WS trade #4970: KXBTC-26FEB1310-B67625 | no | count=200.00 | yes=38c
Kalshi WS trade #4971: KXATPCHALLENGERMATCH-26FEB13TRAMOR-TRA | no | count=1148.00 | yes=7c
Kalshi WS trade #4972: KXBTC-26FEB1310-B67875 | yes | count=4.00 | yes=40c
Kalshi WS trade #4973: KXATPMATCH-26FEB13DEVAN-DE | yes | count=73.00 | yes=39c
Kalshi WS trade #4974: KXWOWHOCKEY-26FEB13CZESWE-SWE | yes | count=15.00 | yes=45c
Kalshi WS trade #4975: KXATPCHALLENGERMATCH-26FEB13LLAMIK-MIK | no | count=7.00 | yes=7c
Poly WS trade #108: asset=43946269812975261940... | BUY | size=92 | price=0.76
Kalshi WS trade #4976: KXBTCD-26FEB1310-T67499.99 | yes | count=109.00 | yes=90c
Kalshi WS trade #4977: KXATPCHALLENGERMATCH-26FEB13LLAMIK-MIK | no | count=15.00 | yes=7c
Kalshi WS trade #4978: KXATPCHALLENGERMATCH-26FEB13LLAMIK-LLA | yes | count=22.00 | yes=93c
Kalshi WS trade #4979: KXBTC-26FEB1310-B67625 | yes | count=7.00 | yes=39c
Kalshi WS trade #4980: KXATPMATCH-26FEB13DEVAN-DE | yes | count=806.00 | yes=39c
Kalshi WS trade #4981: KXETH-26FEB1310-B2000 | yes | count=50.00 | yes=48c
Kalshi WS trade #4982: KXATPMATCH-26FEB13DEVAN-VAN | yes | count=38.00 | yes=62c
Kalshi WS trade #4983: KXWOCURLGAME-26FEB14USAJPN-USA | yes | count=32.00 | yes=60c
Kalshi WS trade #4984: KXETH-26FEB1317-B2000 | no | count=47.00 | yes=35c
Kalshi WS trade #4985: KXBTCD-26FEB1310-T67749.99 | yes | count=100.00 | yes=52c
Kalshi WS trade #4986: KXATPMATCH-26FEB13DEVAN-DE | yes | count=255.00 | yes=39c
Kalshi WS trade #4987: KXLIGAMXGAME-26FEB14CDGAME-AME | yes | count=142.00 | yes=32c
Kalshi WS trade #4988: KXLIVTOUR-LIGA26-BCAM | yes | count=15.00 | yes=6c
Kalshi WS trade #4989: KXHIGHTMIN-26FEB13-B48.5 | yes | count=4.00 | yes=37c
Kalshi WS trade #4990: KXHIGHTMIN-26FEB13-B48.5 | yes | count=2.00 | yes=37c
Kalshi WS trade #4991: KXATPMATCH-26FEB13DEVAN-DE | yes | count=12.00 | yes=39c
Kalshi WS trade #4992: KXINXU-26FEB13H1000-T6799.9999 | yes | count=100.00 | yes=99c
Kalshi WS trade #4993: KXNCAAMBGAME-26FEB13IONACAN-IONA | yes | count=20.00 | yes=68c
INFO:     35.145.33.17:0 - "GET /api/markets HTTP/1.1" 200 OK
Kalshi WS trade #4994: KXETHD-26FEB1310-T1989.99 | yes | count=4.00 | yes=50c
Kalshi WS trade #4995: KXATPCHALLENGERMATCH-26FEB13LLAMIK-MIK | no | count=131.00 | yes=7c
Kalshi WS trade #4996: KXATPCHALLENGERMATCH-26FEB13TRAMOR-TRA | yes | count=13.00 | yes=9c
Kalshi WS trade #4997: KXATPCHALLENGERMATCH-26FEB13TRAMOR-TRA | yes | count=7.00 | yes=10c
Kalshi WS trade #4998: KXBTC-26FEB1310-B67625 | yes | count=2.00 | yes=38c
Kalshi WS trade #4999: KXBTC-26FEB1310-B67625 | yes | count=198.00 | yes=38c
Kalshi WS trade #5000: KXARREST-27JAN-KPAT | yes | count=235.00 | yes=10c
Kalshi WS trade #5001: KXBTC-26FEB1310-B67625 | no | count=2.00 | yes=38c
Kalshi WS trade #5002: KXMVESPORTSMULTIGAMEEXTENDED-S202619B83B258C8-D68DF5FAC78 | yes | count=234.00 | yes=8c
Kalshi WS trade #5003: KXBTCD-26FEB1310-T67499.99 | yes | count=27.00 | yes=91c
Kalshi WS trade #5004: KXINXU-26FEB13H1000-T6839.9999 | no | count=20.00 | yes=24c
Kalshi WS trade #5005: KXBTC-26FEB1310-B67625 | yes | count=50.00 | yes=39c
Kalshi WS trade #5006: KXBTC-26FEB1310-B67625 | yes | count=80.00 | yes=39c
Kalshi WS trade #5007: KXPGATOUR-ATPBP26-WKIM | yes | count=1171.00 | yes=4c
Kalshi WS trade #5008: KXBTC-26FEB1310-B67625 | no | count=2.00 | yes=39c
Kalshi WS trade #5009: KXBTC-26FEB1310-B67625 | no | count=2.00 | yes=39c
Kalshi WS trade #5010: KXSAUDIPLGAME-26FEB13HILITT-HIL | yes | count=1.00 | yes=85c
Kalshi WS trade #5011: KXBTCD-26FEB1310-T68249.99 | no | count=9.00 | yes=2c
Kalshi WS trade #5012: KXWTACHALLENGERMATCH-26FEB13STEJOR-JOR | no | count=5.00 | yes=43c
Kalshi WS trade #5013: KXATPCHALLENGERMATCH-26FEB13LLAMIK-MIK | no | count=10.00 | yes=7c
Kalshi WS trade #5014: KXBTC-26FEB1310-B67875 | yes | count=71.00 | yes=40c
Kalshi WS trade #5015: KXBTCD-26FEB1310-T67999.99 | yes | count=1.00 | yes=12c
Kalshi WS trade #5016: KXBTCD-26FEB1310-T67999.99 | yes | count=70.00 | yes=12c
Kalshi WS trade #5017: KXWTAMATCH-26FEB13COCVEK-COC | yes | count=18.00 | yes=80c
Poly WS trade #109: asset=10832696757358093775... | SELL | size=197.67 | price=0.89
Kalshi WS trade #5018: KXSOL15M-26FEB131000-00 | yes | count=1.00 | yes=97c
Kalshi WS trade #5019: KXSOL15M-26FEB131000-00 | yes | count=19.00 | yes=98c
Kalshi WS trade #5020: KXATPCHALLENGERMATCH-26FEB13LLAMIK-LLA | no | count=123.00 | yes=91c
Kalshi WS trade #5021: KXBTCD-26FEB1310-T68249.99 | no | count=64.00 | yes=2c
Kalshi WS trade #5022: KXETHD-26FEB1310-T1989.99 | yes | count=800.00 | yes=49c
Kalshi WS trade #5023: KXBTC-26FEB1310-B67625 | no | count=20.00 | yes=36c
Kalshi WS trade #5024: KXBTC-26FEB1310-B67625 | no | count=50.00 | yes=36c
Kalshi WS trade #5025: KXBTCD-26FEB1310-T67749.99 | yes | count=250.00 | yes=53c
Kalshi WS trade #5026: KXATPCHALLENGERMATCH-26FEB13LLAMIK-MIK | yes | count=10.00 | yes=9c
Kalshi WS trade #5027: KXATPCHALLENGERMATCH-26FEB13LLAMIK-MIK | no | count=10.00 | yes=7c
Kalshi WS trade #5028: KXWTACHALLENGERMATCH-26FEB13STEJOR-JOR | yes | count=11.00 | yes=44c
Kalshi WS trade #5029: KXEARNINGSMENTIONWEN-26JUN30-BACO | no | count=28.00 | yes=99c
Kalshi WS trade #5030: KXXRP15M-26FEB131000-00 | yes | count=5.00 | yes=97c
Kalshi WS trade #5031: KXWTACHALLENGERMATCH-26FEB13STEJOR-STE | yes | count=2.00 | yes=56c
Kalshi WS trade #5032: KXWTACHALLENGERMATCH-26FEB13STEJOR-STE | yes | count=423.00 | yes=57c
Poly WS trade #110: asset=43946269812975261940... | BUY | size=110 | price=0.76
Kalshi WS trade #5033: KXATPCHALLENGERMATCH-26FEB13LLAMIK-MIK | no | count=3018.00 | yes=7c
Kalshi WS trade #5034: KXATPCHALLENGERMATCH-26FEB13LLAMIK-MIK | no | count=832.00 | yes=7c
Kalshi WS trade #5035: KXATPMATCH-26FEB13DEVAN-VAN | yes | count=23.00 | yes=62c
Kalshi WS trade #5036: KXT20MATCH-26FEB13NEDUSA-USA | yes | count=12.00 | yes=81c
Kalshi WS trade #5037: KXINXU-26FEB13H1000-T6844.9999 | no | count=300.00 | yes=8c
Kalshi WS trade #5038: KXT20MATCH-26FEB13NEDUSA-USA | yes | count=15.00 | yes=81c
Kalshi WS trade #5039: KXWTAMATCH-26FEB13COCVEK-VEK | no | count=158.00 | yes=20c
Kalshi WS trade #5040: KXBTCD-26FEB1310-T67499.99 | yes | count=60.00 | yes=92c
Kalshi WS trade #5041: KXBTCD-26FEB1310-T67499.99 | yes | count=1.00 | yes=92c
Kalshi WS trade #5042: KXDJTVOSTARIFFS | no | count=5.00 | yes=28c
Kalshi WS trade #5043: KXLIVTOUR-LIGA26-BCAM | yes | count=125.00 | yes=6c
Kalshi WS trade #5044: KXBTCD-26FEB1310-T67749.99 | no | count=1.00 | yes=53c
Kalshi WS trade #5045: KXBTCD-26FEB1310-T67749.99 | no | count=9.00 | yes=53c
Kalshi WS trade #5046: KXNCAAMBGAME-26FEB13MSUWIS-MSU | yes | count=86.00 | yes=56c
Kalshi WS trade #5047: KXNBA3PTCONTEST-26-JMUR | yes | count=5.00 | yes=14c
Kalshi WS trade #5048: KXLIVTOUR-LIGA26-BDEC | no | count=1.00 | yes=19c
INFO:     35.145.33.17:0 - "GET /api/spreads?min_spread_pct=0.05 HTTP/1.1" 200 OK
Kalshi WS trade #5049: KXHIGHTPHX-26FEB13-B74.5 | yes | count=5.00 | yes=35c
Kalshi WS trade #5050: KXBTCD-26FEB1310-T68249.99 | no | count=40.00 | yes=2c
Kalshi WS trade #5051: KXT20MATCH-26FEB13NEDUSA-NED | yes | count=124.00 | yes=19c
Kalshi WS trade #5052: KXATPCHALLENGERMATCH-26FEB13TABECH-TAB | yes | count=52.00 | yes=64c
Kalshi WS trade #5053: KXWTACHALLENGERMATCH-26FEB13STEJOR-STE | yes | count=340.00 | yes=57c
Kalshi WS trade #5054: KXBTCD-26FEB1310-T67749.99 | no | count=24.00 | yes=56c
Kalshi WS trade #5055: KXWTACHALLENGERMATCH-26FEB13CHWLAM-LAM | yes | count=30.00 | yes=11c
Kalshi WS trade #5056: KXETH-26FEB1310-B2000 | yes | count=50.00 | yes=51c
Kalshi WS trade #5057: KXWTAMATCH-26FEB13COCVEK-VEK | yes | count=451.00 | yes=21c
Kalshi WS trade #5058: KXETH15M-26FEB131000-00 | yes | count=1.00 | yes=98c
Kalshi WS trade #5059: KXNCAAMBGAME-26FEB13MSUWIS-MSU | yes | count=86.00 | yes=56c
Kalshi WS trade #5060: KXETHD-26FEB1310-T1989.99 | no | count=50.00 | yes=52c
Kalshi WS trade #5061: KXWOMHOCKEYTOTAL-26FEB13CANCHE-5 | yes | count=32.00 | yes=59c
Kalshi WS trade #5062: KXBTC15M-26FEB131000-00 | no | count=93.00 | yes=99c
Kalshi WS trade #5063: KXNCAAMBTOTAL-26FEB13UNLVBSU-154 | yes | count=71.00 | yes=52c
Kalshi WS trade #5064: KXNCAAMBTOTAL-26FEB13UNLVBSU-154 | yes | count=1.00 | yes=53c
Kalshi WS trade #5065: KXNCAAMBTOTAL-26FEB13UNLVBSU-154 | yes | count=3.00 | yes=53c
Kalshi WS trade #5066: KXNCAAMBTOTAL-26FEB13UNLVBSU-154 | yes | count=839.00 | yes=53c
Kalshi WS trade #5067: KXBTCD-26FEB1317-T66999.99 | no | count=100.00 | yes=73c
Kalshi WS trade #5068: KXPGATOUR-ATPBP26-CGOT | yes | count=111.00 | yes=11c
Kalshi WS trade #5069: KXATPCHALLENGERMATCH-26FEB13LLAMIK-MIK | no | count=23.00 | yes=7c
Kalshi WS trade #5070: KXBTCD-26FEB1310-T67749.99 | no | count=50.00 | yes=55c
Kalshi WS trade #5071: KXWTACHALLENGERMATCH-26FEB13CHWLAM-LAM | no | count=25.00 | yes=10c
Kalshi WS trade #5072: KXNCAAMBSPREAD-26FEB13YALEDART-YALE9 | no | count=10.00 | yes=49c
Kalshi WS trade #5073: KXWOMHOCKEY-26FEB13CANCHE-CHE | yes | count=14.00 | yes=12c
Kalshi WS trade #5074: KXETHD-26FEB1310-T1989.99 | no | count=50.00 | yes=51c
Kalshi WS trade #5075: KXBTCD-26FEB1310-T67749.99 | no | count=5.00 | yes=53c
Kalshi WS trade #5076: KXBTCD-26FEB1310-T67749.99 | no | count=47.00 | yes=53c
Kalshi WS trade #5077: KXWTAMATCH-26FEB13COCVEK-COC | yes | count=6.00 | yes=80c
Kalshi WS trade #5078: KXATPCHALLENGERMATCH-26FEB13LLAMIK-MIK | no | count=18.00 | yes=7c
Kalshi WS trade #5079: KXINXU-26FEB13H1000-T6824.9999 | no | count=10.00 | yes=73c
Kalshi WS trade #5080: KXBTC-26FEB1310-B67875 | no | count=50.00 | yes=42c
Kalshi WS trade #5081: KXETH-26FEB1310-B2000 | no | count=50.00 | yes=49c
Kalshi WS trade #5082: KXNBAALLSTARS-26SDC-GANT | yes | count=93.00 | yes=1c
Kalshi WS trade #5083: KXWTAMATCH-26FEB13COCVEK-COC | no | count=13.00 | yes=79c
Kalshi WS trade #5084: KXNBA3PTCONTEST-26-DLIL | yes | count=5.00 | yes=18c
Poly WS trade #111: asset=11435008330551587660... | BUY | size=12.5 | price=0.08
Kalshi WS trade #5085: KXSAUDIPLGAME-26FEB13SHAAAS-SHA | yes | count=467.00 | yes=1c
Kalshi WS trade #5086: KXATPMATCH-26FEB13DEVAN-VAN | yes | count=7.00 | yes=65c
Kalshi WS trade #5087: KXNCAAMBSPREAD-26FEB13MSUWIS-MSU4 | yes | count=22.00 | yes=42c
Kalshi WS trade #5088: KXT20MATCH-26FEB13NEDUSA-NED | yes | count=75.00 | yes=19c
Kalshi WS trade #5089: KXETHD-26FEB1310-T1989.99 | yes | count=50.00 | yes=52c
Kalshi WS trade #5090: KXWTACHALLENGERMATCH-26FEB13STEJOR-JOR | yes | count=54.00 | yes=44c
Kalshi WS trade #5091: KXT20MATCH-26FEB13NEDUSA-NED | yes | count=476.00 | yes=19c
Kalshi WS trade #5092: KXWOMHOCKEY-26FEB13CANCHE-CAN | yes | count=29.00 | yes=90c
Kalshi WS trade #5093: KXETHD-26FEB1310-T1989.99 | no | count=100.00 | yes=51c
Kalshi WS trade #5094: KXETHD-26FEB1310-T1989.99 | no | count=100.00 | yes=51c
Kalshi WS trade #5095: KXETH-26FEB1310-B2000 | yes | count=50.00 | yes=52c
Kalshi WS trade #5096: KXMVESPORTSMULTIGAMEEXTENDED-S2026041C7F35E97-651A5A3B923 | yes | count=28.00 | yes=7c
Kalshi WS trade #5097: KXMVESPORTSMULTIGAMEEXTENDED-S202666617CB3CD5-35CC7777FCF | yes | count=34.00 | yes=2c
Kalshi WS trade #5098: KXINXU-26FEB13H1000-T6839.9999 | no | count=20000.00 | yes=17c
Kalshi WS trade #5099: KXATPCHALLENGERMATCH-26FEB13TRAMOR-TRA | yes | count=8.00 | yes=11c
Kalshi WS trade #5100: KXBTCD-26FEB1310-T67249.99 | no | count=11.00 | yes=98c
Kalshi WS trade #5101: KXPGATOUR-ATPBP26-CGOT | yes | count=8.00 | yes=11c
Kalshi WS trade #5102: KXATPCHALLENGERMATCH-26FEB13LLAMIK-LLA | yes | count=1380.00 | yes=93c
Poly WS trade #112: asset=12517852287819593117... | SELL | size=179.17 | price=0.997
Kalshi WS trade #5103: KXHIGHLAX-26FEB13-B72.5 | no | count=1.00 | yes=13c
Kalshi WS trade #5104: KXWTAMATCH-26FEB13COCVEK-COC | yes | count=156.00 | yes=80c
Kalshi WS trade #5105: KXWTAMATCH-26FEB13COCVEK-COC | yes | count=30.00 | yes=80c
Kalshi WS trade #5106: KXWTAMATCH-26FEB13COCVEK-COC | yes | count=1111.00 | yes=80c
Kalshi WS trade #5107: KXWTAMATCH-26FEB13COCVEK-COC | yes | count=412.00 | yes=80c
Kalshi WS trade #5108: KXETHD-26FEB1310-T1989.99 | yes | count=100.00 | yes=57c
Kalshi WS trade #5109: KXETHD-26FEB1310-T1989.99 | yes | count=50.00 | yes=57c
Kalshi WS trade #5110: KXSERIEAGAME-26FEB13PISACM-ACM | yes | count=370.00 | yes=62c
Kalshi WS trade #5111: KXBTCD-26FEB1310-T67999.99 | no | count=90.00 | yes=14c
Kalshi WS trade #5112: KXBTCD-26FEB1310-T67999.99 | no | count=90.00 | yes=13c
Kalshi WS trade #5113: KXBTCD-26FEB1310-T67999.99 | no | count=100.00 | yes=13c
Kalshi WS trade #5114: KXBTCD-26FEB1310-T67999.99 | no | count=50.00 | yes=12c
Kalshi WS trade #5115: KXBTCD-26FEB1310-T67999.99 | no | count=170.00 | yes=12c
Kalshi WS trade #5116: KXATPMATCH-26FEB13DEVAN-DE | no | count=1.00 | yes=36c
Kalshi WS trade #5117: KXATPMATCH-26FEB13DEVAN-DE | no | count=22.00 | yes=36c
Kalshi WS trade #5118: KXATPMATCH-26FEB13DEVAN-DE | no | count=27.00 | yes=35c
Kalshi WS trade #5119: KXATPMATCH-26FEB13DEVAN-DE | no | count=1.00 | yes=34c
Kalshi WS trade #5120: KXATPMATCH-26FEB13DEVAN-DE | no | count=64.00 | yes=33c
Kalshi WS trade #5121: KXBTCD-26FEB1310-T68249.99 | yes | count=100.00 | yes=3c
Kalshi WS trade #5122: KXLIGUE1GAME-26FEB13ASMFCN-FCN | yes | count=16.00 | yes=14c
Poly WS trade #113: asset=76489251550443972870... | BUY | size=4.098359 | price=0.244
Kalshi WS trade #5123: KXNCAAMBGAME-26FEB14KUISU-KU | yes | count=12.00 | yes=37c
Kalshi WS trade #5124: KXETHD-26FEB1310-T1989.99 | no | count=50.00 | yes=57c
Kalshi WS trade #5125: KXATPCHALLENGERMATCH-26FEB13LLAMIK-MIK | no | count=235.00 | yes=7c
Kalshi WS trade #5126: KXBTCD-26FEB1310-T67499.99 | yes | count=53.00 | yes=93c
Kalshi WS trade #5127: KXBTCD-26FEB1310-T67749.99 | no | count=2.00 | yes=58c
Kalshi WS trade #5128: KXATPCHALLENGERMATCH-26FEB13COLVAN-COL | no | count=92.00 | yes=62c
Kalshi WS trade #5129: KXATPMATCH-26FEB13DEVAN-DE | yes | count=22.00 | yes=36c
Kalshi WS trade #5130: KXATPMATCH-26FEB13DEVAN-DE | yes | count=500.00 | yes=36c
Kalshi WS trade #5131: KXATPMATCH-26FEB13DEVAN-DE | yes | count=707.00 | yes=37c
Kalshi WS trade #5132: KXRATECUTCOUNT-26DEC31-T3 | yes | count=2.00 | yes=28c
Kalshi WS trade #5133: KXNCAAMBSPREAD-26FEB13MANNIAG-NIAG2 | no | count=10.00 | yes=45c
Kalshi WS trade #5134: KXATPCHALLENGERMATCH-26FEB13TABECH-TAB | yes | count=1.00 | yes=66c
Kalshi WS trade #5135: KXATPCHALLENGERMATCH-26FEB13LLAMIK-MIK | no | count=12.00 | yes=7c
Kalshi WS trade #5136: KXATPCHALLENGERMATCH-26FEB13TRAMOR-TRA | yes | count=29.00 | yes=11c
Kalshi WS trade #5137: KXATPCHALLENGERMATCH-26FEB13LLAMIK-MIK | no | count=284.00 | yes=7c
Kalshi WS trade #5138: KXBTCD-26FEB1310-T67249.99 | yes | count=7.00 | yes=99c
Kalshi WS trade #5139: KXBTCD-26FEB1310-T67249.99 | yes | count=10.00 | yes=99c
Kalshi WS trade #5140: KXWTAMATCH-26FEB13OSTMBO-MBO | yes | count=2.00 | yes=69c
Kalshi WS trade #5141: KXBTCD-26FEB1310-T67499.99 | no | count=10.00 | yes=91c
Kalshi WS trade #5142: KXATPCHALLENGERMATCH-26FEB13LLAMIK-LLA | no | count=27.00 | yes=92c
Kalshi WS trade #5143: KXATPCHALLENGERMATCH-26FEB13LLAMIK-LLA | no | count=7.00 | yes=92c
Kalshi WS trade #5144: KXWTAMATCH-26FEB13COCVEK-VEK | no | count=850.00 | yes=20c
Kalshi WS trade #5145: KXETHD-26FEB1310-T1969.99 | yes | count=50.00 | yes=99c
Kalshi WS trade #5146: KXETH-26FEB1310-B1960 | no | count=50.00 | yes=1c
Kalshi WS trade #5147: KXMVESPORTSMULTIGAMEEXTENDED-S2026278594DE1A0-C14FD233319 | yes | count=308.00 | yes=30c
Kalshi WS trade #5148: KXBTC-26FEB1310-B67875 | yes | count=41.00 | yes=46c
Kalshi WS trade #5149: KXWTAMATCH-26FEB13COCVEK-COC | no | count=35.00 | yes=79c
Kalshi WS trade #5150: KXWTAMATCH-26FEB13COCVEK-COC | yes | count=30.00 | yes=80c
Kalshi WS trade #5151: KXATPMATCH-26FEB13DEVAN-VAN | no | count=20.00 | yes=63c
Kalshi WS trade #5152: KXWOSSKATE-M10K26GOLD-MJLE | yes | count=8.00 | yes=33c
Kalshi WS trade #5153: KXSAUDIPLGAME-26FEB13HILITT-TIE | yes | count=85.00 | yes=11c
Kalshi WS trade #5154: KXBTCD-26FEB1317-T66999.99 | yes | count=20.00 | yes=74c
Kalshi WS trade #5155: KXETHD-26FEB1310-T1989.99 | no | count=50.00 | yes=59c
Kalshi WS trade #5156: KXWO-MEDALS-26-ITA | yes | count=62.00 | yes=6c
Kalshi WS trade #5157: KXFACUPGAME-26FEB13HULCFC-CFC | yes | count=29.00 | yes=80c
Kalshi WS trade #5158: KXWTAMATCH-26FEB13COCVEK-COC | yes | count=308.00 | yes=80c
Kalshi WS trade #5159: KXETH-26FEB1310-B1960 | no | count=50.00 | yes=1c
Kalshi WS trade #5160: KXBTCD-26FEB1310-T67499.99 | yes | count=105.00 | yes=94c
Kalshi WS trade #5161: KXMARMAD-26-ARIZ | yes | count=5.00 | yes=18c
Kalshi WS trade #5162: KXPGATOUR-ATPBP26-KBRA | yes | count=10.00 | yes=9c
Kalshi WS trade #5163: KXBTCD-26FEB1310-T67249.99 | no | count=2.00 | yes=99c
Kalshi WS trade #5164: KXPGATOUR-ATPBP26-CGOT | yes | count=427.00 | yes=11c
Kalshi WS trade #5165: KXBTC-26FEB1310-B67625 | yes | count=14.00 | yes=33c
Kalshi WS trade #5166: KXBTCD-26FEB1310-T67749.99 | no | count=10.00 | yes=60c
Kalshi WS trade #5167: KXBTCD-26FEB1310-T67749.99 | no | count=13.00 | yes=59c
Kalshi WS trade #5168: KXATPMATCH-26FEB13DEVAN-VAN | yes | count=75.00 | yes=65c
Kalshi WS trade #5169: KXATPCHALLENGERMATCH-26FEB13LLAMIK-MIK | no | count=288.00 | yes=7c
Kalshi WS trade #5170: KXNASDAQ100U-26FEB13H1000-T24749.99 | yes | count=7.00 | yes=16c
Kalshi WS trade #5171: KXATPCHALLENGERMATCH-26FEB13TRAMOR-MOR | yes | count=55.00 | yes=91c
Kalshi WS trade #5172: KXATPCHALLENGERMATCH-26FEB13TRAMOR-MOR | yes | count=45.00 | yes=91c
Kalshi WS trade #5173: KXETH15M-26FEB131000-00 | yes | count=2.00 | yes=99c
Kalshi WS trade #5174: KXBTCD-26FEB1310-T67499.99 | yes | count=1.00 | yes=94c
Kalshi WS trade #5175: KXT20MATCH-26FEB13NEDUSA-NED | yes | count=75.00 | yes=19c
Kalshi WS trade #5176: KXBTCD-26FEB1310-T67749.99 | no | count=23.00 | yes=60c
Kalshi WS trade #5177: KXWOSSKATE-M10K26GOLD-VSEM | yes | count=166.00 | yes=9c
Kalshi WS trade #5178: KXBTCD-26FEB1310-T67499.99 | no | count=90.00 | yes=92c
Kalshi WS trade #5179: KXBTCD-26FEB1310-T67499.99 | no | count=100.00 | yes=92c
Kalshi WS trade #5180: KXATPCHALLENGERMATCH-26FEB13TABECH-ECH | yes | count=2.00 | yes=38c
Kalshi WS trade #5181: KXLIGUE1GAME-26FEB13RENPSG-REN | yes | count=5.00 | yes=14c
Kalshi WS trade #5182: KXATPCHALLENGERMATCH-26FEB13LLAMIK-MIK | no | count=17.00 | yes=7c
Kalshi WS trade #5183: KXR6GAME-26FEB13SECRETWCG-SECRET | yes | count=43.00 | yes=74c
Kalshi WS trade #5184: KXR6GAME-26FEB13SECRETWCG-SECRET | yes | count=50.00 | yes=74c
Kalshi WS trade #5185: KXR6GAME-26FEB13SECRETWCG-SECRET | yes | count=11.00 | yes=74c
Kalshi WS trade #5186: KXR6GAME-26FEB13SECRETWCG-SECRET | yes | count=1.00 | yes=74c
Kalshi WS trade #5187: KXR6GAME-26FEB13SECRETWCG-SECRET | yes | count=24.00 | yes=75c
Kalshi WS trade #5188: KXBTCD-26FEB1310-T68249.99 | no | count=6.00 | yes=3c
Kalshi WS trade #5189: KXXRP15M-26FEB131000-00 | yes | count=3.00 | yes=98c
Kalshi WS trade #5190: KXNCAAMBSPREAD-26FEB13SLULCHI-SLU19 | yes | count=28.00 | yes=50c
Kalshi WS trade #5191: KXATPMATCH-26FEB13DEVAN-VAN | yes | count=42.00 | yes=65c
Kalshi WS trade #5192: KXETHD-26FEB1310-T1989.99 | no | count=11.00 | yes=57c
Kalshi WS trade #5193: KXATPMATCH-26FEB13DEVAN-VAN | yes | count=105.00 | yes=65c
INFO:     35.145.33.17:0 - "GET /api/markets HTTP/1.1" 200 OK
Kalshi WS trade #5194: KXBTCD-26FEB1310-T67999.99 | no | count=1.00 | yes=14c
Kalshi WS trade #5195: KXT20MATCH-26FEB13NEDUSA-USA | yes | count=2.00 | yes=81c
Kalshi WS trade #5196: KXPGATOUR-ATPBP26-CGOT | yes | count=4.00 | yes=11c
Kalshi WS trade #5197: KXTXSENCOMBO-26NOV-TALPAX | yes | count=288.00 | yes=44c
Kalshi WS trade #5198: KXWOWHOCKEY-26FEB13CZESWE-CZE | yes | count=1366.00 | yes=56c
Kalshi WS trade #5199: KXWOWHOCKEY-26FEB13CZESWE-CZE | yes | count=100.00 | yes=56c
Kalshi WS trade #5200: KXWOWHOCKEY-26FEB13CZESWE-CZE | yes | count=34.00 | yes=56c
Kalshi WS trade #5201: KXWOWHOCKEY-26FEB13CZESWE-CZE | yes | count=228.00 | yes=57c
Kalshi WS trade #5202: KXBTCD-26FEB1310-T67499.99 | no | count=100.00 | yes=92c
Kalshi WS trade #5203: KXBTCD-26FEB1310-T67499.99 | no | count=51.00 | yes=92c
Kalshi WS trade #5204: KXWTAMATCH-26FEB13COCVEK-VEK | yes | count=36.00 | yes=21c
Kalshi WS trade #5205: KXWTAMATCH-26FEB13COCVEK-VEK | no | count=4.00 | yes=19c
Kalshi WS trade #5206: KXXRP15M-26FEB131000-00 | yes | count=10.00 | yes=98c
Kalshi WS trade #5207: KXATPCHALLENGERMATCH-26FEB13LLAMIK-MIK | no | count=1.00 | yes=7c
Kalshi WS trade #5208: KXETH-26FEB1310-B1960 | no | count=41.00 | yes=1c
Kalshi WS trade #5209: KXBTCD-26FEB1310-T67749.99 | yes | count=61.00 | yes=62c
Kalshi WS trade #5210: KXVALORANTGAME-26FEB13VITFNC-VIT | yes | count=187.00 | yes=1c
Kalshi WS trade #5211: KXMVESPORTSMULTIGAMEEXTENDED-S2026F2667D45772-0F0D7A1D153 | yes | count=104.00 | yes=4c
Kalshi WS trade #5212: KXATPMATCH-26FEB13DEVAN-VAN | yes | count=60.00 | yes=64c
Kalshi WS trade #5213: KXBTCD-26FEB1310-T67999.99 | no | count=1.00 | yes=13c
Kalshi WS trade #5214: KXGREENLAND-29-27 | no | count=6.00 | yes=13c
Kalshi WS trade #5215: KXATPCHALLENGERMATCH-26FEB13TABECH-ECH | yes | count=1.00 | yes=38c
Kalshi WS trade #5216: KXATPCHALLENGERMATCH-26FEB13TABECH-ECH | yes | count=58.00 | yes=39c
Kalshi WS trade #5217: KXBUNDESLIGAGAME-26FEB13BVBM05-BVB | yes | count=2.00 | yes=61c
Kalshi WS trade #5218: KXHIGHLAX-26FEB13-B70.5 | no | count=15.00 | yes=44c
Kalshi WS trade #5219: KXHIGHLAX-26FEB13-B70.5 | no | count=71.00 | yes=44c
Kalshi WS trade #5220: KXHIGHLAX-26FEB13-B70.5 | no | count=1.00 | yes=44c
Kalshi WS trade #5221: KXHIGHLAX-26FEB13-B70.5 | no | count=4.00 | yes=43c
Kalshi WS trade #5222: KXHIGHLAX-26FEB13-B70.5 | no | count=12.00 | yes=43c
Kalshi WS trade #5223: KXHIGHLAX-26FEB13-B70.5 | no | count=26.00 | yes=42c
Kalshi WS trade #5224: KXATPCHALLENGERMATCH-26FEB13LLAMIK-LLA | yes | count=53.00 | yes=93c
Kalshi WS trade #5225: KXT20MATCH-26FEB13NEDUSA-USA | yes | count=21.00 | yes=81c
Kalshi WS trade #5226: KXT20MATCH-26FEB13NEDUSA-USA | yes | count=50.00 | yes=81c
Kalshi WS trade #5227: KXT20MATCH-26FEB13NEDUSA-USA | yes | count=49.00 | yes=81c
Kalshi WS trade #5228: KXWTAMATCH-26FEB13COCVEK-COC | yes | count=308.00 | yes=80c
Kalshi WS trade #5229: KXNCAAMBGAME-26FEB14CLEMDUKE-DUKE | yes | count=1.00 | yes=89c
Kalshi WS trade #5230: KXATPCHALLENGERMATCH-26FEB13COLVAN-VAN | yes | count=254.00 | yes=39c
Kalshi WS trade #5231: KXBERNIEMENTION-26FEB14-EPST | yes | count=3.00 | yes=27c
Kalshi WS trade #5232: KXBERNIEMENTION-26FEB14-EPST | yes | count=7.00 | yes=28c
Kalshi WS trade #5233: KXBTCD-26FEB1310-T67999.99 | yes | count=100.00 | yes=15c
Kalshi WS trade #5234: KXBTCD-26FEB1310-T67999.99 | yes | count=250.00 | yes=15c
Kalshi WS trade #5235: KXBTCD-26FEB1310-T67999.99 | yes | count=200.00 | yes=15c
Kalshi WS trade #5236: KXBTCD-26FEB1310-T67999.99 | yes | count=200.00 | yes=15c
Kalshi WS trade #5237: KXBTCD-26FEB1310-T67999.99 | yes | count=200.00 | yes=15c
Kalshi WS trade #5238: KXBTCD-26FEB1310-T67999.99 | yes | count=90.00 | yes=15c
Kalshi WS trade #5239: KXBTCD-26FEB1310-T67999.99 | yes | count=20.00 | yes=16c
Kalshi WS trade #5240: KXBTCD-26FEB1310-T67999.99 | yes | count=50.00 | yes=16c
Kalshi WS trade #5241: KXBTCD-26FEB1310-T67999.99 | yes | count=200.00 | yes=16c
Kalshi WS trade #5242: KXBTCD-26FEB1310-T67999.99 | yes | count=200.00 | yes=17c
Kalshi WS trade #5243: KXBTCD-26FEB1310-T67999.99 | yes | count=500.00 | yes=17c
Kalshi WS trade #5244: KXBTCD-26FEB1310-T67999.99 | yes | count=500.00 | yes=17c
Kalshi WS trade #5245: KXUFCFIGHT-26FEB21MILJUD-MIL | yes | count=33.00 | yes=18c
Kalshi WS trade #5246: KXUFCFIGHT-26FEB21MILJUD-MIL | yes | count=19.00 | yes=18c
Kalshi WS trade #5247: KXT20MATCH-26FEB13NEDUSA-NED | no | count=40.00 | yes=18c
Kalshi WS trade #5248: KXWTAMATCH-26FEB13COCVEK-COC | yes | count=14.00 | yes=80c
Poly WS trade #114: asset=11396725528572998309... | SELL | size=71.42 | price=0.005
Kalshi WS trade #5249: KXSENATETXR-26-JC | no | count=3.00 | yes=22c
Kalshi WS trade #5250: KXSENATETXR-26-WHUN | no | count=1.00 | yes=8c
Kalshi WS trade #5251: KXTRUMPMENTION-26FEB28-TRUM | yes | count=25.00 | yes=83c
Kalshi WS trade #5252: KXNBA3PTCONTEST-26-DMIT | yes | count=15.00 | yes=12c
Kalshi WS trade #5253: KXWOSBOARD-WSX26MEDAL-AMCM | yes | count=208.00 | yes=9c
Kalshi WS trade #5254: KXWOSBOARD-WSX26MEDAL-SSIE | yes | count=78.00 | yes=6c
Kalshi WS trade #5255: KXETHD-26FEB1310-T1989.99 | no | count=100.00 | yes=51c
Kalshi WS trade #5256: KXATPCHALLENGERMATCH-26FEB13LLAMIK-MIK | no | count=139.00 | yes=7c
Kalshi WS trade #5257: KXWTAMATCH-26FEB13COCVEK-COC | yes | count=75.00 | yes=80c
Kalshi WS trade #5258: KXLIGUE1GAME-26FEB13ASMFCN-ASM | yes | count=1064.00 | yes=67c
Kalshi WS trade #5259: KXETH15M-26FEB131000-00 | yes | count=1.00 | yes=99c
Kalshi WS trade #5260: KXETH15M-26FEB131000-00 | yes | count=249.00 | yes=99c
Kalshi WS trade #5261: KXWTAMATCH-26FEB13COCVEK-COC | yes | count=7.00 | yes=80c
Kalshi WS trade #5262: KXBTCD-26FEB1310-T67999.99 | yes | count=1.00 | yes=13c
Kalshi WS trade #5263: KXATPCHALLENGERMATCH-26FEB13LLAMIK-LLA | no | count=2.00 | yes=92c
Kalshi WS trade #5264: KXWTACHALLENGERMATCH-26FEB13CHWLAM-CHW | yes | count=55.00 | yes=90c
Kalshi WS trade #5265: KXNCAAMBGAME-26FEB13MSUWIS-MSU | yes | count=8.00 | yes=56c
Kalshi WS trade #5266: KXATPCHALLENGERMATCH-26FEB13LLAMIK-MIK | no | count=10.00 | yes=7c
Kalshi WS trade #5267: KXBTCD-26FEB1310-T67499.99 | yes | count=3.00 | yes=92c
Kalshi WS trade #5268: KXWTAMATCH-26FEB13COCVEK-COC | yes | count=187.00 | yes=80c
Kalshi WS trade #5269: KXBTC-26FEB1310-B67875 | yes | count=17.00 | yes=44c
Kalshi WS trade #5270: KXETH15M-26FEB131000-00 | yes | count=3.00 | yes=99c
Kalshi WS trade #5271: KXHIGHTOKC-26FEB13-T76 | no | count=14.00 | yes=48c
Kalshi WS trade #5272: KXHIGHTOKC-26FEB13-T76 | no | count=50.00 | yes=47c
Kalshi WS trade #5273: KXHIGHTOKC-26FEB13-T76 | no | count=36.00 | yes=47c
Poly WS trade #115: asset=43946269812975261940... | BUY | size=50 | price=0.76
Kalshi WS trade #5274: KXATPMATCH-26FEB13DEVAN-VAN | yes | count=1.00 | yes=65c
Kalshi WS trade #5275: KXBTCD-26FEB1310-T67499.99 | yes | count=3.00 | yes=92c
Kalshi WS trade #5276: KXBTC-26FEB1317-B67750 | yes | count=1.00 | yes=22c
Kalshi WS trade #5277: KXBTC-26FEB1317-B67750 | yes | count=19.00 | yes=22c
Kalshi WS trade #5278: KXWTAMATCH-26FEB13COCVEK-COC | yes | count=13.00 | yes=80c
Kalshi WS trade #5279: KXT20MATCH-26FEB13NEDUSA-NED | yes | count=75.00 | yes=19c
Kalshi WS trade #5280: KXWTAMATCH-26FEB13COCVEK-COC | yes | count=53.00 | yes=80c
Kalshi WS trade #5281: KXLIVTOUR-LIGA26-BCAM | no | count=1.00 | yes=3c
Kalshi WS trade #5282: KXBTCD-26FEB1310-T67999.99 | yes | count=33.00 | yes=13c
Kalshi WS trade #5283: KXLALIGAGAME-26FEB13ELCOSA-ELC | yes | count=1.00 | yes=33c
Kalshi WS trade #5284: KXLALIGAGAME-26FEB13ELCOSA-ELC | yes | count=4.00 | yes=33c
Kalshi WS trade #5285: KXLALIGAGAME-26FEB13ELCOSA-ELC | yes | count=23.00 | yes=34c
Kalshi WS trade #5286: KXINXU-26FEB13H1000-T6799.9999 | yes | count=890.00 | yes=99c
Kalshi WS trade #5287: KXBTCD-26FEB1310-T67749.99 | yes | count=100.00 | yes=57c
Kalshi WS trade #5288: KXBTCD-26FEB1310-T67749.99 | yes | count=69.00 | yes=57c
Kalshi WS trade #5289: KXNCAAMBGAME-26FEB13MSUWIS-MSU | yes | count=43.00 | yes=56c
Kalshi WS trade #5290: KXATPCHALLENGERMATCH-26FEB13LLAMIK-MIK | no | count=11.00 | yes=7c
Kalshi WS trade #5291: KXETHD-26FEB1310-T1989.99 | yes | count=33.00 | yes=52c
Kalshi WS trade #5292: KXKHAMENEIOUT-AKHA-26SEP01 | yes | count=1261.00 | yes=38c
Kalshi WS trade #5293: KXATPCHALLENGERMATCH-26FEB13LLAMIK-MIK | no | count=72.00 | yes=7c
Kalshi WS trade #5294: KXT20MATCH-26FEB13NEDUSA-NED | yes | count=952.00 | yes=19c
Kalshi WS trade #5295: KXATPCHALLENGERMATCH-26FEB13TABECH-TAB | yes | count=11.00 | yes=66c
Kalshi WS trade #5296: KXGOVTSHUTDOWN-26FEB14 | no | count=357.00 | yes=88c
INFO:     35.145.33.17:0 - "GET /api/spreads?min_spread_pct=0.05 HTTP/1.1" 200 OK
Kalshi WS trade #5297: KXBTCD-26FEB1310-T67749.99 | yes | count=90.00 | yes=53c
Kalshi WS trade #5298: KXBTCD-26FEB1310-T67749.99 | yes | count=50.00 | yes=54c
Kalshi WS trade #5299: KXBTCD-26FEB1310-T67749.99 | yes | count=33.00 | yes=55c
Kalshi WS trade #5300: KXWTAMATCH-26FEB13COCVEK-COC | yes | count=101.00 | yes=80c
Kalshi WS trade #5301: KXATPCHALLENGERMATCH-26FEB13LLAMIK-LLA | no | count=26.00 | yes=92c
Kalshi WS trade #5302: KXBTCD-26FEB1310-T67749.99 | no | count=30.00 | yes=52c
Kalshi WS trade #5303: KXWTAMATCH-26FEB13COCVEK-VEK | no | count=2.00 | yes=20c
Kalshi WS trade #5304: KXWTAMATCH-26FEB13COCVEK-VEK | no | count=356.00 | yes=20c
Kalshi WS trade #5305: KXNCAAMBGAME-26FEB13MSUWIS-WIS | yes | count=30.00 | yes=47c
Kalshi WS trade #5306: KXATPMATCH-26FEB13DEVAN-VAN | yes | count=32.00 | yes=65c
Kalshi WS trade #5307: KXHIGHAUS-26FEB13-B80.5 | yes | count=1.00 | yes=42c
Kalshi WS trade #5308: KXETHD-26FEB1317-T1899.99 | no | count=175.00 | yes=93c
Kalshi WS trade #5309: KXCABOUT-29JAN-HLUT | no | count=11.00 | yes=16c
Kalshi WS trade #5310: KXT20MATCH-26FEB13NEDUSA-NED | yes | count=249.00 | yes=19c
Kalshi WS trade #5311: KXETH15M-26FEB131000-00 | no | count=1.00 | yes=98c
Kalshi WS trade #5312: KXATPCHALLENGERMATCH-26FEB13LLAMIK-LLA | yes | count=34.00 | yes=93c
Kalshi WS trade #5313: KXBTCD-26FEB1310-T67749.99 | yes | count=200.00 | yes=52c
Kalshi WS trade #5314: KXBTCD-26FEB1310-T67749.99 | yes | count=82.00 | yes=52c
Kalshi WS trade #5315: KXWTAMATCH-26FEB13COCVEK-VEK | no | count=782.00 | yes=20c
Kalshi WS trade #5316: KXBTCD-26FEB1310-T67499.99 | yes | count=3.00 | yes=90c
Kalshi WS trade #5317: KXBTCD-26FEB1310-T67749.99 | no | count=25.00 | yes=48c
Kalshi WS trade #5318: KXBTC-26FEB1310-B67375 | yes | count=100.00 | yes=9c
Kalshi WS trade #5319: KXBTCD-26FEB1310-T67749.99 | yes | count=100.00 | yes=52c
Kalshi WS trade #5320: KXSERIEAGAME-26FEB13PISACM-ACM | yes | count=1259.00 | yes=62c
Kalshi WS trade #5321: KXBTCD-26FEB1310-T67749.99 | yes | count=35.00 | yes=50c
Kalshi WS trade #5322: KXLALIGAGAME-26FEB13ELCOSA-TIE | yes | count=2.00 | yes=31c
Kalshi WS trade #5323: KXATPCHALLENGERMATCH-26FEB13LLAMIK-LLA | no | count=25.00 | yes=92c
Kalshi WS trade #5324: KXBTCD-26FEB1310-T67749.99 | yes | count=24.00 | yes=48c
Kalshi WS trade #5325: KXPGATOP20-ATPBP26-SSCH | yes | count=182.00 | yes=53c
Kalshi WS trade #5326: KXNCAAMBGAME-26FEB14KUISU-KU | yes | count=207.00 | yes=37c
Kalshi WS trade #5327: KXBTC-26FEB1310-B67375 | yes | count=100.00 | yes=9c
Kalshi WS trade #5328: KXBTC-26FEB1310-B67375 | no | count=44.00 | yes=8c
Kalshi WS trade #5329: KXSAUDIPLGAME-26FEB13SHAAAS-TIE | yes | count=27.00 | yes=5c
Kalshi WS trade #5330: KXBTCD-26FEB1310-T67499.99 | yes | count=2.00 | yes=89c
Kalshi WS trade #5331: KXATPMATCH-26FEB13DEVAN-VAN | yes | count=4738.00 | yes=65c
Kalshi WS trade #5332: KXATPMATCH-26FEB13DEVAN-VAN | yes | count=27.00 | yes=66c
Kalshi WS trade #5333: KXBTC-26FEB1310-B67375 | yes | count=200.00 | yes=10c
Kalshi WS trade #5334: KXBTC-26FEB1310-B67375 | yes | count=200.00 | yes=10c
Kalshi WS trade #5335: KXATPCHALLENGERMATCH-26FEB13LLAMIK-MIK | no | count=87.00 | yes=7c
Kalshi WS trade #5336: KXNCAAMBGAME-26FEB14CLEMDUKE-CLEM | yes | count=29.00 | yes=15c
Kalshi WS trade #5337: KXATPCHALLENGERMATCH-26FEB13LLAMIK-LLA | no | count=7.00 | yes=92c
Kalshi WS trade #5338: KXMVESPORTSMULTIGAMEEXTENDED-S2026158D67DBEAB-E56EF3F5EFD | yes | count=29.00 | yes=66c
Kalshi WS trade #5339: KXBTCD-26FEB1310-T67749.99 | yes | count=50.00 | yes=49c
Kalshi WS trade #5340: KXBTCD-26FEB1310-T67749.99 | yes | count=136.00 | yes=49c
Kalshi WS trade #5341: KXHIGHTBOS-26FEB13-B33.5 | no | count=25.00 | yes=13c
Kalshi WS trade #5342: KXBTC-26FEB1310-B67375 | no | count=76.00 | yes=9c
Kalshi WS trade #5343: KXBTC-26FEB1310-B67375 | no | count=100.00 | yes=9c
Kalshi WS trade #5344: KXT20MATCH-26FEB13NEDUSA-NED | yes | count=500.00 | yes=19c
Kalshi WS trade #5345: KXPGATOUR-ATPBP26-RHEN | yes | count=117.00 | yes=4c
Kalshi WS trade #5346: KXBTC-26FEB1310-B67375 | yes | count=200.00 | yes=10c
Kalshi WS trade #5347: KXBTC-26FEB1310-B67375 | yes | count=200.00 | yes=10c
Kalshi WS trade #5348: KXBTC-26FEB1310-B67375 | yes | count=200.00 | yes=10c
Kalshi WS trade #5349: KXMENWORLDCUP-26-ES | yes | count=74.00 | yes=19c
Kalshi WS trade #5350: KXBTCD-26FEB1310-T67749.99 | yes | count=10.00 | yes=49c
Kalshi WS trade #5351: KXBTCD-26FEB1310-T67749.99 | yes | count=7.00 | yes=50c
Kalshi WS trade #5352: KXECONSTATCPIYOY-26MAR-T3.5 | yes | count=500.00 | yes=50c
Kalshi WS trade #5353: KXWTAMATCH-26FEB13COCVEK-VEK | no | count=569.00 | yes=20c
Kalshi WS trade #5354: KXATPCHALLENGERMATCH-26FEB13LLAMIK-MIK | no | count=100.00 | yes=5c
Kalshi WS trade #5355: KXATPCHALLENGERMATCH-26FEB13LLAMIK-MIK | no | count=28.00 | yes=5c
Kalshi WS trade #5356: KXWTACHALLENGERMATCH-26FEB13STEJOR-STE | yes | count=7.00 | yes=60c
Poly WS trade #116: asset=43946269812975261940... | BUY | size=1.310614 | price=0.763
Kalshi WS trade #5357: KXATPCHALLENGERMATCH-26FEB13TABECH-ECH | yes | count=96.00 | yes=40c
Kalshi WS trade #5358: KXNCAAMBGAME-26FEB14PSUORE-PSU | yes | count=25.00 | yes=37c
Kalshi WS trade #5359: KXATPCHALLENGERMATCH-26FEB13LLAMIK-LLA | yes | count=100.00 | yes=93c
Kalshi WS trade #5360: KXWTAMATCH-26FEB13COCVEK-COC | yes | count=45.00 | yes=80c
Kalshi WS trade #5361: KXWTACHALLENGERMATCH-26FEB13STEJOR-JOR | yes | count=4.00 | yes=45c
Kalshi WS trade #5362: KXBTC-26FEB1310-B68125 | yes | count=36.00 | yes=9c
Kalshi WS trade #5363: KXBTCD-26FEB1310-T68249.99 | no | count=111.00 | yes=2c
Kalshi WS trade #5364: KXBTCD-26FEB1310-T67749.99 | yes | count=88.00 | yes=49c
Kalshi WS trade #5365: KXT20MATCH-26FEB13NEDUSA-NED | yes | count=75.00 | yes=19c
Kalshi WS trade #5366: KXBTCD-26FEB1310-T67749.99 | no | count=20.00 | yes=47c
Kalshi WS trade #5367: KXBTCD-26FEB1317-T67999.99 | yes | count=11.00 | yes=42c
Kalshi WS trade #5368: KXBTCD-26FEB1310-T67999.99 | yes | count=47.00 | yes=10c
Kalshi WS trade #5369: KXT20MATCH-26FEB13NEDUSA-NED | yes | count=498.00 | yes=19c
Kalshi WS trade #5370: KXBTCD-26FEB1310-T67749.99 | yes | count=50.00 | yes=48c
Kalshi WS trade #5371: KXBTCD-26FEB1310-T67749.99 | yes | count=200.00 | yes=48c
Kalshi WS trade #5372: KXBTCD-26FEB1310-T67749.99 | yes | count=200.00 | yes=48c
Kalshi WS trade #5373: KXBTCD-26FEB1310-T67749.99 | yes | count=15.00 | yes=48c
Kalshi WS trade #5374: KXWOMHOCKEYSPREAD-26FEB13CANCHE-CAN2 | yes | count=32.00 | yes=59c
Kalshi WS trade #5375: KXATPMATCH-26FEB13DEVAN-DE | yes | count=22.00 | yes=34c
Kalshi WS trade #5376: KXATPMATCH-26FEB13DEVAN-DE | no | count=4.00 | yes=33c
Kalshi WS trade #5377: KXWTAMATCH-26FEB13COCVEK-COC | no | count=13.00 | yes=79c
Kalshi WS trade #5378: KXBTC15M-26FEB131000-00 | no | count=95.00 | yes=99c
Kalshi WS trade #5379: KXBTC15M-26FEB131000-00 | no | count=39.00 | yes=99c
Kalshi WS trade #5380: KXBTC15M-26FEB131000-00 | no | count=9.00 | yes=99c
Kalshi WS trade #5381: KXBTC15M-26FEB131000-00 | no | count=9.00 | yes=99c
Kalshi WS trade #5382: KXBTC15M-26FEB131000-00 | no | count=9.00 | yes=99c
Kalshi WS trade #5383: KXBTC15M-26FEB131000-00 | no | count=450.00 | yes=98c
Kalshi WS trade #5384: KXBTC15M-26FEB131000-00 | no | count=75.00 | yes=98c
Kalshi WS trade #5385: KXBTC15M-26FEB131000-00 | no | count=200.00 | yes=98c
Kalshi WS trade #5386: KXBTC15M-26FEB131000-00 | no | count=404.00 | yes=98c
Kalshi WS trade #5387: KXBTCD-26FEB1310-T67749.99 | yes | count=8.00 | yes=48c
Kalshi WS trade #5388: KXNCAAMBGAME-26FEB13CORPRIN-COR | yes | count=73.00 | yes=62c
Kalshi WS trade #5389: KXNCAAMBGAME-26FEB13CORPRIN-COR | yes | count=10.00 | yes=62c
Kalshi WS trade #5390: KXNCAAMBGAME-26FEB13CORPRIN-COR | yes | count=73.00 | yes=62c
Kalshi WS trade #5391: KXBTC15M-26FEB131000-00 | no | count=17.00 | yes=99c
Kalshi WS trade #5392: KXWTAMATCH-26FEB13COCVEK-VEK | yes | count=6.00 | yes=22c
Poly WS trade #117: asset=10150694304905327693... | BUY | size=31.41 | price=0.95
Kalshi WS trade #5393: KXETHD-26FEB1310-T2009.99 | no | count=50.00 | yes=1c
Kalshi WS trade #5394: KXETH-26FEB1310-B2020 | no | count=50.00 | yes=1c
Kalshi WS trade #5395: KXBTCD-26FEB1310-T67749.99 | yes | count=31.00 | yes=49c
Kalshi WS trade #5396: KXNCAAMBGAME-26FEB13YALEDART-YALE | yes | count=10.00 | yes=82c
Kalshi WS trade #5397: KXR6GAME-26FEB13SECRETWCG-SECRET | yes | count=5.00 | yes=73c
Kalshi WS trade #5398: KXBTCD-26FEB1310-T67749.99 | yes | count=19.00 | yes=49c
Kalshi WS trade #5399: KXDOTA2GAME-26FEB13LIQUIDFLC-FLC | no | count=15.00 | yes=65c
Kalshi WS trade #5400: KXDOTA2GAME-26FEB13LIQUIDFLC-FLC | no | count=2.00 | yes=64c
Kalshi WS trade #5401: KXBTCD-26FEB1310-T67749.99 | yes | count=3.00 | yes=49c
Kalshi WS trade #5402: KXT20MATCH-26FEB15NEPWI-NEP | yes | count=58.00 | yes=16c
Kalshi WS trade #5403: KXT20MATCH-26FEB15NEPWI-NEP | yes | count=53.00 | yes=16c
Kalshi WS trade #5404: KXT20MATCH-26FEB13NEDUSA-USA | yes | count=1.00 | yes=81c
Kalshi WS trade #5405: KXT20MATCH-26FEB13NEDUSA-USA | yes | count=119.00 | yes=81c
Kalshi WS trade #5406: KXBTCD-26FEB1310-T67999.99 | yes | count=43.00 | yes=10c
Kalshi WS trade #5407: KXBTCD-26FEB1310-T67999.99 | yes | count=4.00 | yes=10c
Kalshi WS trade #5408: KXBTCD-26FEB1310-T67749.99 | yes | count=19.00 | yes=48c
Kalshi WS trade #5409: KXFACUPGAME-26FEB13HULCFC-CFC | yes | count=24.00 | yes=80c
Kalshi WS trade #5410: KXNCAAMBTOTAL-26FEB13YALEDART-152 | no | count=89.00 | yes=46c
Kalshi WS trade #5411: KXNASDAQ100U-26FEB13H1000-T24739.99 | no | count=1.00 | yes=9c
Kalshi WS trade #5412: KXT20MATCH-26FEB13NEDUSA-NED | yes | count=90.00 | yes=19c
Kalshi WS trade #5413: KXBTCD-26FEB1310-T67749.99 | yes | count=5.00 | yes=49c
Kalshi WS trade #5414: KXATPMATCH-26FEB13DEVAN-VAN | yes | count=27.00 | yes=70c
Kalshi WS trade #5415: KXBTCD-26FEB1310-T67499.99 | yes | count=1.00 | yes=89c
Kalshi WS trade #5416: KXATPMATCH-26FEB13DEVAN-VAN | yes | count=4.00 | yes=70c
Kalshi WS trade #5417: KXATPMATCH-26FEB13DEVAN-VAN | yes | count=31.00 | yes=70c
Kalshi WS trade #5418: KXATPMATCH-26FEB13DEVAN-VAN | yes | count=19.00 | yes=70c
Kalshi WS trade #5419: KXNCAAMBGAME-26FEB13NCATHAMP-HAMP | yes | count=191.00 | yes=58c
Kalshi WS trade #5420: KXNCAAMBGAME-26FEB13NCATHAMP-HAMP | yes | count=309.00 | yes=58c
Kalshi WS trade #5421: KXEARNINGSMENTIONDKNG-26JUN30-FEAT | yes | count=467.00 | yes=1c
Kalshi WS trade #5422: KXNBA3PTCONTEST-26-DLIL | yes | count=9.00 | yes=18c
Kalshi WS trade #5423: KXETHD-26FEB1310-T2009.99 | no | count=50.00 | yes=1c
Kalshi WS trade #5424: KXETH-26FEB1310-B2020 | no | count=50.00 | yes=1c
Kalshi WS trade #5425: KXBTCD-26FEB1310-T67749.99 | yes | count=4.00 | yes=50c
Kalshi WS trade #5426: KXUFCLHEAVYWEIGHTTITLE-26-MANK | yes | count=71.00 | yes=12c
Kalshi WS trade #5427: KXUFCLHEAVYWEIGHTTITLE-26-MANK | yes | count=1.00 | yes=13c
Kalshi WS trade #5428: KXUFCLHEAVYWEIGHTTITLE-26-MANK | yes | count=5.00 | yes=13c
Kalshi WS trade #5429: KXBTCD-26FEB1310-T67999.99 | no | count=52.00 | yes=8c
Kalshi WS trade #5430: KXWTACHALLENGERMATCH-26FEB13STEJOR-JOR | yes | count=5.00 | yes=41c
Kalshi WS trade #5431: KXATPMATCH-26FEB13DEVAN-VAN | yes | count=6.00 | yes=70c
Kalshi WS trade #5432: KXATPMATCH-26FEB13DEVAN-DE | no | count=100.00 | yes=29c
Kalshi WS trade #5433: KXATPMATCH-26FEB13DEVAN-DE | no | count=98.00 | yes=28c
Kalshi WS trade #5434: KXATPMATCH-26FEB13DEVAN-DE | no | count=20.00 | yes=28c
Kalshi WS trade #5435: KXATPMATCH-26FEB13DEVAN-DE | no | count=18.00 | yes=28c
Kalshi WS trade #5436: KXATPMATCH-26FEB13DEVAN-DE | no | count=412.00 | yes=26c
Kalshi WS trade #5437: KXATPMATCH-26FEB13DEVAN-DE | no | count=22.00 | yes=26c
Kalshi WS trade #5438: KXPGATOUR-ATPBP26-RHEN | yes | count=117.00 | yes=4c
Kalshi WS trade #5439: KXWTACHALLENGERMATCH-26FEB13STEJOR-STE | yes | count=6.00 | yes=60c
Kalshi WS trade #5440: KXWTACHALLENGERMATCH-26FEB13STEJOR-STE | yes | count=16.00 | yes=61c
Kalshi WS trade #5441: KXWTACHALLENGERMATCH-26FEB13STEJOR-STE | yes | count=73.00 | yes=61c
Kalshi WS trade #5442: KXATPMATCH-26FEB13DEVAN-DE | yes | count=31.00 | yes=34c
Kalshi WS trade #5443: KXATPCHALLENGERMATCH-26FEB13LLAMIK-LLA | no | count=5.00 | yes=90c
Kalshi WS trade #5444: KXATPCHALLENGERMATCH-26FEB13LLAMIK-MIK | yes | count=5.00 | yes=8c
Kalshi WS trade #5445: KXBTCD-26FEB1310-T67749.99 | yes | count=50.00 | yes=49c
Kalshi WS trade #5446: KXATPMATCH-26FEB13DEVAN-DE | yes | count=26.00 | yes=34c
Kalshi WS trade #5447: KXBTCD-26FEB1310-T67749.99 | no | count=100.00 | yes=48c
Kalshi WS trade #5448: KXSOL15M-26FEB131000-00 | no | count=28.00 | yes=97c
Kalshi WS trade #5449: KXWOSSKATE-M10K26MEDAL-TLOU | yes | count=5.00 | yes=19c
Kalshi WS trade #5450: KXWOSSKATE-M10K26MEDAL-TLOU | yes | count=18.00 | yes=20c
Kalshi WS trade #5451: KXINXU-26FEB13H1000-T6844.9999 | no | count=1.00 | yes=7c
Kalshi WS trade #5452: KXETH15M-26FEB131000-00 | no | count=1.00 | yes=97c
Kalshi WS trade #5453: KXBTCD-26FEB1310-T67749.99 | yes | count=2.00 | yes=45c
Kalshi WS trade #5454: KXBTC-26FEB1310-B67875 | no | count=20.00 | yes=37c
Kalshi WS trade #5455: KXBTC-26FEB1310-B67375 | yes | count=200.00 | yes=12c
Kalshi WS trade #5456: KXETH-26FEB1310-B2000 | yes | count=50.00 | yes=40c
INFO:     35.145.33.17:0 - "GET /api/markets HTTP/1.1" 200 OK
Kalshi WS trade #5457: KXBTCD-26FEB1310-T67749.99 | no | count=100.00 | yes=44c
Kalshi WS trade #5458: KXWTACHALLENGERMATCH-26FEB13CHWLAM-LAM | yes | count=85.00 | yes=11c
Kalshi WS trade #5459: KXATPCHALLENGERMATCH-26FEB13TABECH-ECH | yes | count=599.00 | yes=40c
Kalshi WS trade #5460: KXATPMATCH-26FEB13DEVAN-VAN | no | count=15.00 | yes=66c
Kalshi WS trade #5461: KXWOSBOARD-WSX26MEDAL-CBAN | yes | count=62.00 | yes=3c
Kalshi WS trade #5462: KXBTCD-26FEB1310-T67499.99 | yes | count=20.00 | yes=88c
Kalshi WS trade #5463: KXETHD-26FEB1310-T2009.99 | no | count=50.00 | yes=1c
Kalshi WS trade #5464: KXETH-26FEB1310-B2020 | no | count=50.00 | yes=1c
Kalshi WS trade #5465: KXBTCD-26FEB1310-T67749.99 | yes | count=50.00 | yes=44c
Kalshi WS trade #5466: KXBTCD-26FEB1310-T67749.99 | yes | count=48.00 | yes=45c
Kalshi WS trade #5467: KXT20MATCH-26FEB13NEDUSA-NED | yes | count=75.00 | yes=19c
Kalshi WS trade #5468: KXATPMATCH-26FEB13DEVAN-VAN | yes | count=139.00 | yes=70c
Kalshi WS trade #5469: KXATPMATCH-26FEB13DEVAN-VAN | yes | count=139.00 | yes=70c
Kalshi WS trade #5470: KXBTC-26FEB1310-B67875 | no | count=1.00 | yes=35c
Kalshi WS trade #5471: KXVALORANTGAME-26FEB13BBLGM-BBL | yes | count=5.00 | yes=51c
Kalshi WS trade #5472: KXBTCD-26FEB1310-T67749.99 | yes | count=2.00 | yes=47c
Kalshi WS trade #5473: KXLIVTOUR-LIGA26-BDEC | yes | count=236.00 | yes=20c
Kalshi WS trade #5474: KXBTCD-26FEB1310-T67999.99 | yes | count=47.00 | yes=8c
Kalshi WS trade #5475: KXBTC-26FEB1310-B67625 | yes | count=20.00 | yes=43c
Kalshi WS trade #5476: KXINXU-26FEB13H1000-T6844.9999 | no | count=30.00 | yes=6c
Kalshi WS trade #5477: KXINXU-26FEB13H1000-T6844.9999 | no | count=5.00 | yes=6c
Kalshi WS trade #5478: KXINXU-26FEB13H1000-T6814.9999 | no | count=12.00 | yes=93c
Kalshi WS trade #5479: KXBTCD-26FEB1310-T67499.99 | no | count=1.00 | yes=86c
Kalshi WS trade #5480: KXPGATOUR-ATPBP26-RFOW | yes | count=1560.00 | yes=3c
Kalshi WS trade #5481: KXGOVTSHUTDOWN-26FEB14 | no | count=156.00 | yes=88c
Kalshi WS trade #5482: KXBTC15M-26FEB131000-00 | no | count=3.00 | yes=98c
Kalshi WS trade #5483: KXBTC15M-26FEB131000-00 | no | count=5.00 | yes=98c
Kalshi WS trade #5484: KXBTC15M-26FEB131000-00 | no | count=135.00 | yes=98c
Kalshi WS trade #5485: KXSAUDIPLGAME-26FEB13SHAAAS-AAS | yes | count=64.00 | yes=95c
Kalshi WS trade #5486: KXSAUDIPLGAME-26FEB13SHAAAS-AAS | yes | count=30.00 | yes=96c
Kalshi WS trade #5487: KXBTCD-26FEB1310-T67749.99 | no | count=90.00 | yes=41c
Kalshi WS trade #5488: KXBTCD-26FEB1310-T67749.99 | no | count=100.00 | yes=41c
Kalshi WS trade #5489: KXATPCHALLENGERMATCH-26FEB13LLAMIK-MIK | yes | count=49.00 | yes=8c
Kalshi WS trade #5490: KXATPCHALLENGERMATCH-26FEB13LLAMIK-MIK | yes | count=4.00 | yes=8c
Kalshi WS trade #5491: KXATPCHALLENGERMATCH-26FEB13LLAMIK-MIK | yes | count=100.00 | yes=8c
Kalshi WS trade #5492: KXATPCHALLENGERMATCH-26FEB13LLAMIK-MIK | yes | count=23.00 | yes=8c
Kalshi WS trade #5493: KXBTCD-26FEB1317-T66999.99 | yes | count=133.00 | yes=73c
Kalshi WS trade #5494: KXBTCD-26FEB1310-T67749.99 | yes | count=1.00 | yes=41c
Kalshi WS trade #5495: KXATPMATCH-26FEB13DEVAN-VAN | yes | count=21.00 | yes=70c
Kalshi WS trade #5496: KXATPMATCH-26FEB13DEVAN-VAN | yes | count=6.00 | yes=70c
Kalshi WS trade #5497: KXETHD-26FEB1310-T2009.99 | no | count=50.00 | yes=1c
Kalshi WS trade #5498: KXETH-26FEB1310-B2020 | no | count=50.00 | yes=1c
Kalshi WS trade #5499: KXBTC15M-26FEB131000-00 | yes | count=9.00 | yes=99c
Kalshi WS trade #5500: KXBTCD-26FEB1317-T67499.99 | yes | count=4.00 | yes=59c
Kalshi WS trade #5501: KXMVESPORTSMULTIGAMEEXTENDED-S2026C7563048229-6B248D908CE | yes | count=15.00 | yes=0c
Kalshi WS trade #5502: KXGOVTSHUTDOWN-26FEB14 | no | count=39.00 | yes=88c
Kalshi WS trade #5503: KXBTCD-26FEB1310-T67999.99 | yes | count=89.00 | yes=8c
Kalshi WS trade #5504: KXBTCD-26FEB1310-T67999.99 | yes | count=25.00 | yes=8c
Kalshi WS trade #5505: KXBTCD-26FEB1310-T67999.99 | yes | count=11.00 | yes=8c
Kalshi WS trade #5506: KXTRUMPMENTION-26FEB14-EIGH | yes | count=1.00 | yes=60c
Kalshi WS trade #5507: KXNCAAMBGAME-26FEB14KSUHOU-KSU | yes | count=80.00 | yes=5c
Kalshi WS trade #5508: KXNCAAMBGAME-26FEB14KSUHOU-KSU | yes | count=32.00 | yes=5c
Kalshi WS trade #5509: KXNCAAMBGAME-26FEB14KSUHOU-KSU | yes | count=53.00 | yes=7c
Kalshi WS trade #5510: KXNCAAMBSPREAD-26FEB13OHIOMOH-MOH10 | yes | count=13.00 | yes=50c
Kalshi WS trade #5511: KXNCAAMBSPREAD-26FEB13OHIOMOH-MOH10 | yes | count=25.00 | yes=50c
Kalshi WS trade #5512: KXHIGHNY-26FEB13-B37.5 | no | count=1.00 | yes=50c
Kalshi WS trade #5513: KXATPCHALLENGERMATCH-26FEB13LLAMIK-MIK | yes | count=11.00 | yes=8c
Kalshi WS trade #5514: KXATPCHALLENGERMATCH-26FEB13TRAMOR-TRA | yes | count=5.00 | yes=17c
Kalshi WS trade #5515: KXBTC15M-26FEB131000-00 | yes | count=200.00 | yes=99c
Kalshi WS trade #5516: KXATPMATCH-26FEB13DEVAN-DE | no | count=27.00 | yes=30c
Kalshi WS trade #5517: KXATPMATCH-26FEB13DEVAN-DE | no | count=12.00 | yes=29c
Kalshi WS trade #5518: KXATPMATCH-26FEB13DEVAN-DE | no | count=4.00 | yes=29c
Kalshi WS trade #5519: KXBTCD-26FEB1310-T67749.99 | yes | count=20.00 | yes=42c
Kalshi WS trade #5520: KXNCAAMBSPREAD-26FEB13MSUWIS-MSU4 | yes | count=34.00 | yes=42c
Kalshi WS trade #5521: KXNCAAMBSPREAD-26FEB13MSUWIS-MSU4 | yes | count=31.00 | yes=43c
Kalshi WS trade #5522: KXNBA3PTCONTEST-26-TMAX | yes | count=15.00 | yes=12c
Kalshi WS trade #5523: KXBTCD-26FEB1310-T67749.99 | yes | count=70.00 | yes=42c
Kalshi WS trade #5524: KXBTCD-26FEB1310-T67749.99 | yes | count=32.00 | yes=43c
Kalshi WS trade #5525: KXBTCD-26FEB1310-T67749.99 | yes | count=10.00 | yes=43c
Kalshi WS trade #5526: KXBTCD-26FEB1310-T67499.99 | yes | count=56.00 | yes=87c
Kalshi WS trade #5527: KXLOLGAME-26FEB14VKSLEV-LEV | yes | count=40.00 | yes=22c
Kalshi WS trade #5528: KXLOLGAME-26FEB14VKSLEV-VKS | yes | count=30.00 | yes=75c
Kalshi WS trade #5529: KXLOLGAME-26FEB14VKSLEV-VKS | yes | count=5.00 | yes=75c
Kalshi WS trade #5530: KXLOLGAME-26FEB14VKSLEV-VKS | yes | count=5.00 | yes=75c
Kalshi WS trade #5531: KXLOLGAME-26FEB14VKSLEV-LEV | yes | count=12.00 | yes=23c
Kalshi WS trade #5532: KXLOLGAME-26FEB14VKSLEV-VKS | yes | count=12.00 | yes=74c
Kalshi WS trade #5533: KXATPCHALLENGERMATCH-26FEB13LLAMIK-MIK | yes | count=11.00 | yes=8c
Kalshi WS trade #5534: KXSENATETXR-26-KP | no | count=4.00 | yes=70c
Kalshi WS trade #5535: KXT20MATCH-26FEB13NEDUSA-USA | no | count=39.00 | yes=80c
Kalshi WS trade #5536: KXT20MATCH-26FEB13NEDUSA-NED | yes | count=47.00 | yes=19c
Kalshi WS trade #5537: KXMVESPORTSMULTIGAMEEXTENDED-S2026B88B09B6373-C358DB9B3A2 | yes | count=2.00 | yes=16c
Kalshi WS trade #5538: KXSOL15M-26FEB131000-00 | no | count=100.00 | yes=96c
Kalshi WS trade #5539: KXBTCD-26FEB1310-T67499.99 | yes | count=4.00 | yes=87c
Kalshi WS trade #5540: KXBTCD-26FEB1310-T67499.99 | yes | count=123.00 | yes=87c
Kalshi WS trade #5541: KXBTCD-26FEB1310-T67499.99 | yes | count=11.00 | yes=87c
Kalshi WS trade #5542: KXATPCHALLENGERMATCH-26FEB13LLAMIK-MIK | yes | count=117.00 | yes=8c
Kalshi WS trade #5543: KXATPMATCH-26FEB13DEVAN-VAN | yes | count=6.00 | yes=70c
Kalshi WS trade #5544: KXBTC-26FEB1310-B67875 | yes | count=1.00 | yes=33c
Kalshi WS trade #5545: KXBTC-26FEB1310-B67875 | yes | count=200.00 | yes=33c
Kalshi WS trade #5546: KXBTC-26FEB1310-B67875 | yes | count=200.00 | yes=33c
Kalshi WS trade #5547: KXBTCD-26FEB1310-T67749.99 | yes | count=3.00 | yes=41c
Kalshi WS trade #5548: KXWTACHALLENGERMATCH-26FEB13STEJOR-JOR | yes | count=11.00 | yes=42c
Kalshi WS trade #5549: KXR6GAME-26FEB13SECRETWCG-WCG | yes | count=2.00 | yes=31c
Kalshi WS trade #5550: KXR6GAME-26FEB13SECRETWCG-WCG | yes | count=27.00 | yes=32c
Kalshi WS trade #5551: KXBTCD-26FEB1310-T67749.99 | yes | count=10.00 | yes=41c
Kalshi WS trade #5552: KXBTC-26FEB1310-B67625 | yes | count=1.00 | yes=46c
Kalshi WS trade #5553: KXTRUMPMENTION-26FEB14-BIDE | no | count=20.00 | yes=77c
Kalshi WS trade #5554: KXTRUMPMENTION-26FEB14-BIDE | no | count=8.00 | yes=76c
Kalshi WS trade #5555: KXWTACHALLENGERMATCH-26FEB13STEJOR-JOR | yes | count=42.00 | yes=41c
Kalshi WS trade #5556: KXBTCD-26FEB1310-T67499.99 | yes | count=10.00 | yes=87c
INFO:     35.145.33.17:0 - "GET /api/spreads?min_spread_pct=0.05 HTTP/1.1" 200 OK
Kalshi WS trade #5557: KXATPMATCH-26FEB13DEVAN-DE | yes | count=10.00 | yes=32c
Kalshi WS trade #5558: KXBTCD-26FEB1310-T67749.99 | yes | count=20.00 | yes=41c
Kalshi WS trade #5559: KXXRP15M-26FEB131000-00 | yes | count=75.00 | yes=95c
Kalshi WS trade #5560: KXETHD-26FEB1310-T2009.99 | no | count=46.00 | yes=1c
Kalshi WS trade #5561: KXETH-26FEB1310-B2020 | no | count=50.00 | yes=1c
Kalshi WS trade #5562: KXATPCHALLENGERMATCH-26FEB13LLAMIK-LLA | yes | count=1.00 | yes=93c
Kalshi WS trade #5563: KXSOL15M-26FEB131000-00 | yes | count=2.00 | yes=96c
Kalshi WS trade #5564: KXMVESPORTSMULTIGAMEEXTENDED-S2026BE524211EE6-DAE9FBDD825 | yes | count=67.00 | yes=13c
Kalshi WS trade #5565: KXATPMATCH-26FEB13DEVAN-DE | no | count=12.00 | yes=30c
Kalshi WS trade #5566: KXATPMATCH-26FEB13DEVAN-DE | no | count=15.00 | yes=29c
Kalshi WS trade #5567: KXATPMATCH-26FEB13DEVAN-DE | no | count=23.00 | yes=27c
Kalshi WS trade #5568: KXATPMATCH-26FEB13DEVAN-DE | no | count=50.00 | yes=27c
Kalshi WS trade #5569: KXATPMATCH-26FEB13DEVAN-DE | no | count=100.00 | yes=25c
Kalshi WS trade #5570: KXWOWHOCKEY-26FEB13CZESWE-SWE | yes | count=4.00 | yes=45c
Kalshi WS trade #5571: KXBTCD-26FEB1310-T67499.99 | yes | count=2.00 | yes=87c
Kalshi WS trade #5572: KXATPMATCH-26FEB13DEVAN-VAN | yes | count=14.00 | yes=70c
Kalshi WS trade #5573: KXATPMATCH-26FEB13DEVAN-VAN | yes | count=36.00 | yes=70c
Kalshi WS trade #5574: KXBTC-26FEB1310-B67625 | yes | count=1.00 | yes=47c
Kalshi WS trade #5575: KXBTCD-26FEB1310-T67499.99 | yes | count=60.00 | yes=87c
Kalshi WS trade #5576: KXBTCD-26FEB1310-T68249.99 | no | count=155.00 | yes=2c
Kalshi WS trade #5577: KXBTCD-26FEB1310-T68249.99 | no | count=65.00 | yes=1c
Kalshi WS trade #5578: KXPRESNOMD-28-AB | yes | count=93.00 | yes=5c
Kalshi WS trade #5579: KXBTCD-26FEB1310-T67499.99 | yes | count=34.00 | yes=87c
Kalshi WS trade #5580: KXBTCD-26FEB1310-T67999.99 | no | count=50.00 | yes=6c
Kalshi WS trade #5581: KXATPMATCH-26FEB13DEVAN-DE | yes | count=14.00 | yes=32c
Kalshi WS trade #5582: KXETH-26FEB1310-B2000 | no | count=50.00 | yes=40c
Kalshi WS trade #5583: KXBTCD-26FEB1310-T67749.99 | yes | count=48.00 | yes=40c
Kalshi WS trade #5584: KXBTCD-26FEB1310-T67749.99 | yes | count=10.00 | yes=40c
Kalshi WS trade #5585: KXWTAMATCH-26FEB13COCVEK-VEK | yes | count=172.00 | yes=22c
Kalshi WS trade #5586: KXNCAAMBGAME-26FEB13BRWNHARV-HARV | yes | count=487.00 | yes=80c
Kalshi WS trade #5587: KXATPCHALLENGERMATCH-26FEB13LLAMIK-MIK | no | count=352.00 | yes=6c
Kalshi WS trade #5588: KXINXU-26FEB13H1600-T6849.9999 | no | count=6.00 | yes=46c
Kalshi WS trade #5589: KXNCAAMBSPREAD-26FEB13GMUGW-GW2 | no | count=10.00 | yes=48c
Kalshi WS trade #5590: KXINXU-26FEB13H1000-T6844.9999 | no | count=30.00 | yes=7c
Kalshi WS trade #5591: KXWTACHALLENGERMATCH-26FEB13VIDGAL-GAL | yes | count=5.00 | yes=65c
Kalshi WS trade #5592: KXWTACHALLENGERMATCH-26FEB13VIDGAL-GAL | yes | count=5.00 | yes=66c
Kalshi WS trade #5593: KXBTCD-26FEB1310-T67749.99 | yes | count=50.00 | yes=39c
Kalshi WS trade #5594: KXBTCD-26FEB1310-T67749.99 | yes | count=177.00 | yes=41c
Kalshi WS trade #5595: KXATPMATCH-26FEB13DEVAN-DE | yes | count=98.00 | yes=31c
Kalshi WS trade #5596: KXATPMATCH-26FEB13DEVAN-DE | yes | count=51.00 | yes=31c
Kalshi WS trade #5597: KXATPMATCH-26FEB13DEVAN-VAN | no | count=40.00 | yes=68c
Kalshi WS trade #5598: KXT20MATCH-26FEB13NEDUSA-NED | yes | count=75.00 | yes=19c
Kalshi WS trade #5599: KXBTCD-26FEB1317-T66999.99 | yes | count=8.00 | yes=73c
Kalshi WS trade #5600: KXETH-26FEB1310-B2020 | no | count=20.00 | yes=1c
Kalshi WS trade #5601: KXEPLGAME-26MAR01FULTOT-TOT | yes | count=52.00 | yes=35c
Kalshi WS trade #5602: KXATPMATCH-26FEB13DEVAN-DE | yes | count=81.00 | yes=32c
Kalshi WS trade #5603: KXATPMATCH-26FEB13DEVAN-DE | yes | count=98.00 | yes=30c
Kalshi WS trade #5604: KXBTCD-26FEB1310-T67749.99 | yes | count=111.00 | yes=39c
Kalshi WS trade #5605: KXINXU-26FEB13H1600-T6849.9999 | no | count=30.00 | yes=46c
Kalshi WS trade #5606: KXPGATOUR-ATPBP26-SBUR | yes | count=58.00 | yes=8c
Kalshi WS trade #5607: KXBTCD-26FEB1310-T67499.99 | no | count=1.00 | yes=86c
Kalshi WS trade #5608: KXSOL15M-26FEB131000-00 | no | count=2.00 | yes=95c
Kalshi WS trade #5609: KXBTCD-26FEB1310-T67749.99 | no | count=90.00 | yes=37c
Kalshi WS trade #5610: KXHIGHNY-26FEB13-B39.5 | yes | count=23.00 | yes=37c
Kalshi WS trade #5611: KXHIGHNY-26FEB13-B39.5 | yes | count=28.00 | yes=37c
Kalshi WS trade #5612: KXATPMATCH-26FEB13DEVAN-VAN | no | count=54.00 | yes=70c
Kalshi WS trade #5613: KXATPCHALLENGERMATCH-26FEB13LLAMIK-LLA | no | count=546.00 | yes=92c
Kalshi WS trade #5614: KXBTC-26FEB1310-B67375 | yes | count=1.00 | yes=15c
Kalshi WS trade #5615: KXATPMATCH-26FEB13KECSHE-KEC | yes | count=26.00 | yes=18c
Kalshi WS trade #5616: KXGOVTSHUTDOWN-26FEB14 | no | count=156.00 | yes=88c
Kalshi WS trade #5617: KXETH15M-26FEB131000-00 | no | count=1.00 | yes=97c
Kalshi WS trade #5618: KXINXU-26FEB13H1600-T6849.9999 | no | count=30.00 | yes=46c
Kalshi WS trade #5619: KXINXU-26FEB13H1600-T6849.9999 | no | count=270.00 | yes=45c
Kalshi WS trade #5620: KXBTCD-26FEB1310-T67999.99 | no | count=6.00 | yes=5c
Kalshi WS trade #5621: KXBTCD-26FEB1310-T67999.99 | no | count=46.00 | yes=5c
Kalshi WS trade #5622: KXVALORANTGAME-26FEB13BBLGM-BBL | yes | count=47.00 | yes=51c
Kalshi WS trade #5623: KXWTACHALLENGERMATCH-26FEB13STEJOR-JOR | yes | count=5.00 | yes=39c
Kalshi WS trade #5624: KXETHD-26FEB1310-T1989.99 | no | count=50.00 | yes=36c
Kalshi WS trade #5625: KXHIGHLAX-26FEB13-B70.5 | yes | count=2.00 | yes=44c
Kalshi WS trade #5626: KXBTCD-26FEB1310-T67999.99 | no | count=148.00 | yes=5c
Kalshi WS trade #5627: KXBTC-26FEB1310-B68125 | no | count=109.00 | yes=5c
Kalshi WS trade #5628: KXBTC-26FEB1310-B68375 | no | count=109.00 | yes=2c
Kalshi WS trade #5629: KXBTCD-26FEB1310-T67999.99 | yes | count=54.00 | yes=5c
Kalshi WS trade #5630: KXBTCD-26FEB1310-T67999.99 | yes | count=55.00 | yes=6c
Kalshi WS trade #5631: KXBTCD-26FEB1310-T67499.99 | no | count=50.00 | yes=82c
Kalshi WS trade #5632: KXSOL15M-26FEB131000-00 | no | count=8.00 | yes=95c
Kalshi WS trade #5633: KXBTC-26FEB1310-B67875 | yes | count=5.00 | yes=29c
Kalshi WS trade #5634: KXBTC-26FEB1310-B67875 | yes | count=9.00 | yes=29c
Kalshi WS trade #5635: KXLIVTOUR-LIGA26-JRAH | yes | count=43.00 | yes=56c
Kalshi WS trade #5636: KXETH-26FEB1310-B1980 | yes | count=12.00 | yes=64c
Kalshi WS trade #5637: KXBTC-26FEB1310-B68125 | no | count=91.00 | yes=5c
Kalshi WS trade #5638: KXWTAMATCH-26FEB13COCVEK-VEK | no | count=48.00 | yes=20c
Kalshi WS trade #5639: KXINXU-26FEB13H1600-T6849.9999 | no | count=30.00 | yes=46c
Kalshi WS trade #5640: KXBTCD-26FEB1310-T67249.99 | no | count=64.00 | yes=98c
Kalshi WS trade #5641: KXBTCD-26FEB1310-T67249.99 | no | count=111.00 | yes=98c
Kalshi WS trade #5642: KXBTCD-26FEB1310-T67249.99 | no | count=25.00 | yes=98c
Kalshi WS trade #5643: KXBTCD-26FEB1310-T67249.99 | no | count=75.00 | yes=98c
Kalshi WS trade #5644: KXSUPERLIGGAME-26FEB13ANTSAM-ANT | no | count=162.00 | yes=23c
Kalshi WS trade #5645: KXINXU-26FEB13H1600-T6874.9999 | yes | count=1.00 | yes=32c
Kalshi WS trade #5646: KXBTCD-26FEB1310-T67499.99 | yes | count=11.00 | yes=82c
Kalshi WS trade #5647: KXBTCD-26FEB1310-T67999.99 | yes | count=100.00 | yes=5c
Kalshi WS trade #5648: KXBTCD-26FEB1310-T67999.99 | yes | count=10.00 | yes=5c
Kalshi WS trade #5649: KXBTCD-26FEB1310-T67999.99 | yes | count=71.00 | yes=5c
Kalshi WS trade #5650: KXTOP10BILLBOARDSPOTSBB-26FEB21-3 | yes | count=93.00 | yes=5c
Kalshi WS trade #5651: KXTRUMPADMINLEAVE-26DEC31-HLUT | yes | count=11.00 | yes=40c
Kalshi WS trade #5652: KXBTC-26FEB1310-B67625 | no | count=50.00 | yes=49c
Kalshi WS trade #5653: KXBTCD-26FEB1310-T67999.99 | yes | count=100.00 | yes=5c
Kalshi WS trade #5654: KXWTACHALLENGERMATCH-26FEB13STEJOR-JOR | yes | count=100.00 | yes=39c
Kalshi WS trade #5655: KXWTACHALLENGERMATCH-26FEB13STEJOR-JOR | yes | count=236.00 | yes=39c
Kalshi WS trade #5656: KXNBASIXTH-26-KJOH | yes | count=6.00 | yes=25c
Kalshi WS trade #5657: KXNBASIXTH-26-KJOH | yes | count=33.00 | yes=25c
Kalshi WS trade #5658: KXINXU-26FEB13H1600-T6849.9999 | no | count=29.00 | yes=46c
Kalshi WS trade #5659: KXBTCD-26FEB1310-T67999.99 | yes | count=40.00 | yes=6c
Kalshi WS trade #5660: KXLIVTOUR-LIGA26-BGRA | no | count=1.00 | yes=2c
Kalshi WS trade #5661: KXBTCD-26FEB1310-T67499.99 | yes | count=117.00 | yes=82c
Kalshi WS trade #5662: KXATPMATCH-26FEB13DEVAN-VAN | no | count=20.00 | yes=70c
Kalshi WS trade #5663: KXWOSBOARD-WSX26MEDAL-NWIE | yes | count=935.00 | yes=1c
Kalshi WS trade #5664: KXBTCD-26FEB1310-T67749.99 | yes | count=50.00 | yes=33c
Kalshi WS trade #5665: KXBTCD-26FEB1310-T67749.99 | yes | count=7.00 | yes=33c
Kalshi WS trade #5666: KXNETFLIXRANKMOVIE-26FEB16-JOE | no | count=1.00 | yes=67c
Kalshi WS trade #5667: KXNETFLIXRANKMOVIE-26FEB16-JOE | no | count=11.00 | yes=65c
Kalshi WS trade #5668: KXWOSBOARD-MIXSX26MEDAL-ITA | yes | count=20.00 | yes=78c
Kalshi WS trade #5669: KXATPMATCH-26FEB13DEVAN-VAN | no | count=15.00 | yes=69c
Kalshi WS trade #5670: KXATPMATCH-26FEB13DEVAN-VAN | no | count=21.00 | yes=68c
Kalshi WS trade #5671: KXBTCD-26FEB1310-T67999.99 | yes | count=1430.00 | yes=6c
Kalshi WS trade #5672: KXBTC-26FEB1310-B67875 | yes | count=4.00 | yes=29c
Kalshi WS trade #5673: KXBTC-26FEB1310-B67875 | yes | count=50.00 | yes=29c
Kalshi WS trade #5674: KXBTC-26FEB1310-B67875 | yes | count=105.00 | yes=30c
Kalshi WS trade #5675: KXTOPMODEL-26FEB14-CLAU | yes | count=13.00 | yes=7c
Kalshi WS trade #5676: KXINXU-26FEB13H1600-T6849.9999 | no | count=1.00 | yes=46c
Kalshi WS trade #5677: KXNCAAMBGAME-26FEB13YALEDART-DART | yes | count=100.00 | yes=20c
Kalshi WS trade #5678: KXNCAAMBGAME-26FEB13MSUWIS-MSU | yes | count=129.00 | yes=56c
Kalshi WS trade #5679: KXETHD-26FEB1310-T1989.99 | yes | count=35.00 | yes=36c
Kalshi WS trade #5680: KXINXU-26FEB13H1000-T6819.9999 | no | count=1.00 | yes=74c
Kalshi WS trade #5681: KXINXU-26FEB13H1000-T6819.9999 | no | count=3.00 | yes=74c
Kalshi WS trade #5682: KXBTCD-26FEB1310-T67499.99 | yes | count=100.00 | yes=82c
Kalshi WS trade #5683: KXBTCD-26FEB1310-T67499.99 | yes | count=20.00 | yes=82c
Kalshi WS trade #5684: KXWTACHALLENGERMATCH-26FEB13STEJOR-JOR | yes | count=12.00 | yes=39c
Kalshi WS trade #5685: KXPGATOUR-ATPBP26-KBRA | yes | count=10.00 | yes=9c
Kalshi WS trade #5686: KXATPMATCH-26FEB13DEVAN-DE | yes | count=1.00 | yes=30c
Kalshi WS trade #5687: KXATPMATCH-26FEB13DEVAN-DE | yes | count=4.00 | yes=30c
Kalshi WS trade #5688: KXBTCD-26FEB1310-T67749.99 | yes | count=93.00 | yes=33c
Kalshi WS trade #5689: KXBTCD-26FEB1310-T67749.99 | yes | count=7.00 | yes=33c
Kalshi WS trade #5690: KXATPMATCH-26FEB13DEVAN-DE | yes | count=54.00 | yes=29c
Kalshi WS trade #5691: KXBTC15M-26FEB131000-00 | no | count=293.00 | yes=99c
Kalshi WS trade #5692: KXATPMATCH-26FEB13DEVAN-DE | yes | count=191.00 | yes=30c
Kalshi WS trade #5693: KXATPMATCH-26FEB13DEVAN-DE | yes | count=5.00 | yes=30c
Kalshi WS trade #5694: KXBTC-26FEB1310-B67875 | yes | count=4.00 | yes=29c
Kalshi WS trade #5695: KXBTC-26FEB1310-B67875 | yes | count=12.00 | yes=29c
Kalshi WS trade #5696: KXATPCHALLENGERMATCH-26FEB13LLAMIK-LLA | no | count=145.00 | yes=92c
Kalshi WS trade #5697: KXLIGUE1GAME-26FEB13RENPSG-PSG | yes | count=1.00 | yes=70c
Kalshi WS trade #5698: KXBTC-26FEB1310-B67875 | no | count=251.00 | yes=28c
Kalshi WS trade #5699: KXBTCD-26FEB1310-T67749.99 | no | count=1.00 | yes=30c
Kalshi WS trade #5700: KXBTCD-26FEB1310-T67749.99 | no | count=100.00 | yes=30c
Kalshi WS trade #5701: KXBTCD-26FEB1310-T67749.99 | no | count=100.00 | yes=30c
Kalshi WS trade #5702: KXBTCD-26FEB1310-T67499.99 | no | count=50.00 | yes=80c
Kalshi WS trade #5703: KXPGATOUR-ATPBP26-SSCH | yes | count=117.00 | yes=4c
Kalshi WS trade #5704: KXBTC15M-26FEB131000-00 | no | count=296.00 | yes=99c
Kalshi WS trade #5705: KXINXU-26FEB13H1000-T6844.9999 | no | count=30.00 | yes=7c
Kalshi WS trade #5706: KXATPMATCH-26FEB13DEVAN-VAN | no | count=84.00 | yes=68c
Kalshi WS trade #5707: KXETH15M-26FEB131000-00 | no | count=1.00 | yes=96c
Kalshi WS trade #5708: KXT20MATCH-26FEB13NEDUSA-NED | yes | count=75.00 | yes=19c
Kalshi WS trade #5709: KXATPMATCH-26FEB13DEVAN-VAN | yes | count=500.00 | yes=76c
Kalshi WS trade #5710: KXATPMATCH-26FEB13DEVAN-VAN | yes | count=21.00 | yes=76c
Kalshi WS trade #5711: KXBTC-26FEB1310-B67375 | yes | count=1.00 | yes=20c
Kalshi WS trade #5712: KXBTCD-26FEB1310-T67999.99 | no | count=400.00 | yes=4c
Kalshi WS trade #5713: KXATPMATCH-26FEB13DEVAN-DE | yes | count=15.00 | yes=30c
Kalshi WS trade #5714: KXATPMATCH-26FEB13DEVAN-DE | no | count=21.00 | yes=26c
Kalshi WS trade #5715: KXATPMATCH-26FEB13DEVAN-DE | no | count=12.00 | yes=23c
Kalshi WS trade #5716: KXATPCHALLENGERMATCH-26FEB13LLAMIK-MIK | no | count=78.00 | yes=6c
Kalshi WS trade #5717: KXMVESPORTSMULTIGAMEEXTENDED-S2026805781750ED-BF4A4B92222 | yes | count=1420.00 | yes=6c
Kalshi WS trade #5718: KXNCAAMBSPREAD-26FEB13MSUWIS-MSU1 | yes | count=250.00 | yes=56c
Kalshi WS trade #5719: KXNCAAMBSPREAD-26FEB13MSUWIS-MSU1 | yes | count=600.00 | yes=56c
Kalshi WS trade #5720: KXNCAAMBSPREAD-26FEB13MSUWIS-MSU1 | yes | count=266.00 | yes=56c
Kalshi WS trade #5721: KXNCAAMBSPREAD-26FEB13MSUWIS-MSU1 | yes | count=14.00 | yes=57c
Kalshi WS trade #5722: KXATPCHALLENGERMATCH-26FEB13LLAMIK-MIK | no | count=659.00 | yes=6c
Kalshi WS trade #5723: KXATPCHALLENGERMATCH-26FEB13TABECH-ECH | yes | count=46.00 | yes=40c
Kalshi WS trade #5724: KXEARNINGSMENTIONWEN-26JUN30-BACO | no | count=3.00 | yes=99c
Kalshi WS trade #5725: KXWTACHALLENGERMATCH-26FEB13STEJOR-JOR | yes | count=80.00 | yes=39c
Kalshi WS trade #5726: KXINXU-26FEB13H1000-T6819.9999 | no | count=40.00 | yes=71c
Kalshi WS trade #5727: KXATPMATCH-26FEB13DEVAN-VAN | no | count=48.00 | yes=70c
Kalshi WS trade #5728: KXNCAAMBGAME-26FEB13SPCSHU-SPC | yes | count=10.00 | yes=57c
Kalshi WS trade #5729: KXATPMATCH-26FEB13DEVAN-VAN | no | count=20.00 | yes=68c
Kalshi WS trade #5730: KXWTAMATCH-26FEB13COCVEK-COC | yes | count=30.00 | yes=80c
Kalshi WS trade #5731: KXWTAMATCH-26FEB13COCVEK-COC | yes | count=91.00 | yes=80c
Kalshi WS trade #5732: KXGOVTSHUTDOWN-26FEB14 | no | count=392.00 | yes=88c
Kalshi WS trade #5733: KXSB-27-CHI | yes | count=234.00 | yes=4c
Kalshi WS trade #5734: KXNCAAMBGAME-26FEB13MSUWIS-WIS | yes | count=8.00 | yes=47c
Kalshi WS trade #5735: KXBTCD-26FEB1310-T67749.99 | yes | count=6.00 | yes=29c
Kalshi WS trade #5736: KXBTCD-26FEB1310-T67749.99 | yes | count=50.00 | yes=29c
Kalshi WS trade #5737: KXWTACHALLENGERMATCH-26FEB13STEJOR-JOR | yes | count=12.00 | yes=39c
Kalshi WS trade #5738: KXWTACHALLENGERMATCH-26FEB13STEJOR-JOR | yes | count=49.00 | yes=39c
Kalshi WS trade #5739: KXBTC-26FEB1310-B67875 | yes | count=50.00 | yes=26c
Kalshi WS trade #5740: KXATPMATCH-26FEB13DEVAN-DE | yes | count=3.00 | yes=31c
Kalshi WS trade #5741: KXMLBPLAYOFFS-26-ATH | yes | count=5.00 | yes=20c
Kalshi WS trade #5742: KXPGATOUR-ATPBP26-TFIN | yes | count=1560.00 | yes=3c
Kalshi WS trade #5743: KXHIGHTBOS-26FEB13-B35.5 | yes | count=55.00 | yes=43c
Kalshi WS trade #5744: KXATPMATCH-26FEB13DEVAN-VAN | no | count=67.00 | yes=71c
Kalshi WS trade #5745: KXATPMATCH-26FEB13DEVAN-DE | yes | count=33.00 | yes=30c
Kalshi WS trade #5746: KXWTAMATCH-26FEB13COCVEK-COC | yes | count=25.00 | yes=81c
Kalshi WS trade #5747: KXATPCHALLENGERMATCH-26FEB13LLAMIK-LLA | no | count=738.00 | yes=92c
Kalshi WS trade #5748: KXBTCD-26FEB1310-T67749.99 | no | count=18.00 | yes=31c
INFO:     35.145.33.17:0 - "GET /api/markets HTTP/1.1" 200 OK
Kalshi WS trade #5749: KXLOVEISBLINDENGAGEMENT-26-ELI | no | count=10.00 | yes=28c
Kalshi WS trade #5750: KXBUNDESLIGASPREAD-26FEB13BVBM05-BVB1 | yes | count=28.00 | yes=37c
Kalshi WS trade #5751: KXBTCD-26FEB1310-T67999.99 | yes | count=100.00 | yes=4c
Kalshi WS trade #5752: KXATPMATCH-26FEB13DEVAN-DE | yes | count=17.00 | yes=29c
Kalshi WS trade #5753: KXINXU-26FEB13H1600-T6849.9999 | no | count=30.00 | yes=45c
Kalshi WS trade #5754: KXATPMATCH-26FEB13DEVAN-DE | yes | count=54.00 | yes=29c
Kalshi WS trade #5755: KXATPMATCH-26FEB13DEVAN-DE | yes | count=193.00 | yes=30c
Kalshi WS trade #5756: KXBTCD-26FEB1310-T67499.99 | yes | count=4.00 | yes=80c
Kalshi WS trade #5757: KXWTAMATCH-26FEB13COCVEK-VEK | no | count=100.00 | yes=20c
Kalshi WS trade #5758: KXWTAMATCH-26FEB13COCVEK-VEK | no | count=20.00 | yes=20c
Kalshi WS trade #5759: KXWTAMATCH-26FEB13COCVEK-VEK | no | count=24.00 | yes=17c
Kalshi WS trade #5760: KXBTCD-26FEB1310-T67749.99 | yes | count=153.00 | yes=30c
Kalshi WS trade #5761: KXT20MATCH-26FEB13NEDUSA-USA | yes | count=381.00 | yes=81c
Kalshi WS trade #5762: KXT20MATCH-26FEB13NEDUSA-USA | yes | count=500.00 | yes=81c
Kalshi WS trade #5763: KXT20MATCH-26FEB13NEDUSA-USA | yes | count=500.00 | yes=81c
Kalshi WS trade #5764: KXT20MATCH-26FEB13NEDUSA-USA | yes | count=50.00 | yes=81c
Kalshi WS trade #5765: KXT20MATCH-26FEB13NEDUSA-USA | yes | count=50.00 | yes=81c
Kalshi WS trade #5766: KXT20MATCH-26FEB13NEDUSA-USA | yes | count=50.00 | yes=81c
Kalshi WS trade #5767: KXATPCHALLENGERMATCH-26FEB13LLAMIK-MIK | no | count=1111.00 | yes=6c
Kalshi WS trade #5768: KXATPMATCH-26FEB13DEVAN-VAN | no | count=13.00 | yes=71c
Kalshi WS trade #5769: KXBTCD-26FEB1310-T67749.99 | yes | count=146.00 | yes=30c
Kalshi WS trade #5770: KXATPMATCH-26FEB13DEVAN-DE | no | count=34.00 | yes=23c
Kalshi WS trade #5771: KXATPMATCH-26FEB13DEVAN-DE | no | count=54.00 | yes=23c
Kalshi WS trade #5772: KXATPMATCH-26FEB13DEVAN-DE | no | count=18.00 | yes=22c
Kalshi WS trade #5773: KXATPMATCH-26FEB13DEVAN-DE | no | count=20.00 | yes=21c
Kalshi WS trade #5774: KXATPMATCH-26FEB13DEVAN-DE | no | count=20.00 | yes=19c
Kalshi WS trade #5775: KXWTACHALLENGERMATCH-26FEB13STEJOR-JOR | yes | count=14.00 | yes=39c
Kalshi WS trade #5776: KXCABOUT-29JAN-HLUT | yes | count=29.00 | yes=18c
Kalshi WS trade #5777: KXCABOUT-29JAN-HLUT | yes | count=5.00 | yes=18c
Kalshi WS trade #5778: KXCABOUT-29JAN-HLUT | yes | count=5.00 | yes=18c
Kalshi WS trade #5779: KXCABOUT-29JAN-HLUT | yes | count=5.00 | yes=18c
Kalshi WS trade #5780: KXCABOUT-29JAN-HLUT | yes | count=5.00 | yes=18c
Kalshi WS trade #5781: KXCABOUT-29JAN-HLUT | yes | count=3.00 | yes=18c
Kalshi WS trade #5782: KXBTC-26FEB1310-B67375 | yes | count=1.00 | yes=20c
Kalshi WS trade #5783: KXBTCD-26FEB1310-T67499.99 | yes | count=24.00 | yes=79c
Kalshi WS trade #5784: KXNASDAQ100U-26FEB13H1000-T24639.99 | no | count=5.00 | yes=67c
Kalshi WS trade #5785: KXINXU-26FEB13H1000-T6834.9999 | no | count=1.00 | yes=12c
Kalshi WS trade #5786: KXETH15M-26FEB131000-00 | no | count=33.00 | yes=95c
Kalshi WS trade #5787: KXETH15M-26FEB131000-00 | no | count=10.00 | yes=95c
Kalshi WS trade #5788: KXETH15M-26FEB131000-00 | no | count=7.00 | yes=95c
Kalshi WS trade #5789: KXBTC15M-26FEB131000-00 | no | count=395.00 | yes=99c
Kalshi WS trade #5790: KXATPMATCH-26FEB13DEVAN-VAN | no | count=19.00 | yes=71c
Kalshi WS trade #5791: KXXRP15M-26FEB131000-00 | no | count=2.00 | yes=90c
Kalshi WS trade #5792: KXINXU-26FEB13H1000-T6829.9999 | no | count=2.00 | yes=21c
Kalshi WS trade #5793: KXINXU-26FEB13H1000-T6829.9999 | no | count=100.00 | yes=20c
Kalshi WS trade #5794: KXLOLGAME-26FEB14VKSLEV-VKS | yes | count=10.00 | yes=74c
Kalshi WS trade #5795: KXBTCD-26FEB1310-T67749.99 | yes | count=9.00 | yes=28c
Kalshi WS trade #5796: KXBTCD-26FEB1317-T67499.99 | no | count=100.00 | yes=56c
Kalshi WS trade #5797: KXT20MATCH-26FEB13NEDUSA-NED | yes | count=95.00 | yes=19c
Kalshi WS trade #5798: KXBTCD-26FEB1310-T67749.99 | yes | count=19.00 | yes=28c
Kalshi WS trade #5799: KXSAUDIPLGAME-26FEB13SHAAAS-AAS | no | count=13.00 | yes=94c
Kalshi WS trade #5800: KXATPCHALLENGERMATCH-26FEB13LLAMIK-MIK | no | count=94.00 | yes=6c
Kalshi WS trade #5801: KXATPMATCH-26FEB13DEVAN-VAN | no | count=2.00 | yes=73c
Kalshi WS trade #5802: KXATPCHALLENGERMATCH-26FEB13LLAMIK-LLA | yes | count=3.00 | yes=93c
Kalshi WS trade #5803: KXATPCHALLENGERMATCH-26FEB13LLAMIK-LLA | yes | count=96.00 | yes=93c
Kalshi WS trade #5804: KXATPCHALLENGERMATCH-26FEB13LLAMIK-LLA | yes | count=246.00 | yes=93c
Kalshi WS trade #5805: KXATPMATCH-26FEB13DEVAN-DE | yes | count=31.00 | yes=30c
Kalshi WS trade #5806: KXATPMATCH-26FEB13DEVAN-VAN | no | count=18.00 | yes=73c
Kalshi WS trade #5807: KXATPMATCH-26FEB13DEVAN-DE | yes | count=90.00 | yes=30c
Kalshi WS trade #5808: KXATPMATCH-26FEB13DEVAN-DE | yes | count=150.00 | yes=30c
Kalshi WS trade #5809: KXATPCHALLENGERMATCH-26FEB13LLAMIK-MIK | no | count=9.00 | yes=6c
Kalshi WS trade #5810: KXINXU-26FEB13H1000-T6844.9999 | no | count=30.00 | yes=6c
Kalshi WS trade #5811: KXINXU-26FEB13H1000-T6834.9999 | no | count=3.00 | yes=11c
Kalshi WS trade #5812: KXINXU-26FEB13H1000-T6814.9999 | no | count=20.00 | yes=79c
Kalshi WS trade #5813: KXBTC15M-26FEB131000-00 | no | count=150.00 | yes=99c
Kalshi WS trade #5814: KXBTC15M-26FEB131000-00 | no | count=578.00 | yes=99c
Kalshi WS trade #5815: KXLOVEISBLINDENGAGEMENT-26-ELI | no | count=2.00 | yes=29c
Kalshi WS trade #5816: KXLOVEISBLINDENGAGEMENT-26-ELI | no | count=8.00 | yes=28c
Kalshi WS trade #5817: KXINXU-26FEB13H1000-T6819.9999 | no | count=15.00 | yes=56c
Kalshi WS trade #5818: KXGOVTSHUTDOWN-26FEB14 | no | count=392.00 | yes=88c
Kalshi WS trade #5819: KXNBA-26-OKC | yes | count=245.00 | yes=39c
Kalshi WS trade #5820: KXBTCD-26FEB1310-T67749.99 | no | count=1.00 | yes=25c
Kalshi WS trade #5821: KXBTCD-26FEB1310-T67749.99 | no | count=1.00 | yes=25c
Kalshi WS trade #5822: KXINXU-26FEB13H1000-T6834.9999 | no | count=80.00 | yes=10c
Kalshi WS trade #5823: KXINXU-26FEB13H1000-T6834.9999 | no | count=84.00 | yes=10c
Kalshi WS trade #5824: KXT20MATCH-26FEB13NEDUSA-NED | yes | count=75.00 | yes=19c
Kalshi WS trade #5825: KXBTCD-26FEB1310-T68249.99 | yes | count=15.00 | yes=3c
Kalshi WS trade #5826: KXBTC15M-26FEB131000-00 | no | count=778.00 | yes=99c
Kalshi WS trade #5827: KXECONSTATCPIYOY-26MAR-T3.5 | no | count=500.00 | yes=1c
Kalshi WS trade #5828: KXATPCHALLENGERMATCH-26FEB13TABECH-ECH | yes | count=74.00 | yes=40c
Kalshi WS trade #5829: KXBTC15M-26FEB131000-00 | no | count=1027.00 | yes=99c
Kalshi WS trade #5830: KXETH15M-26FEB131000-00 | no | count=26.00 | yes=95c
Kalshi WS trade #5831: KXWOMHOCKEY-26FEB13FRACZE-FRA | yes | count=2.00 | yes=6c
Kalshi WS trade #5832: KXBTCD-26FEB1310-T67999.99 | yes | count=23.00 | yes=4c
Kalshi WS trade #5833: KXSAUDIPLGAME-26FEB13HILITT-ITT | yes | count=6.00 | yes=7c
Poly WS trade #118: asset=10832696757358093775... | SELL | size=11 | price=0.89
Kalshi WS trade #5834: KXWOMHOCKEY-26FEB14SWESVK-SVK | yes | count=9.00 | yes=19c
Kalshi WS trade #5835: KXACQUANNOUNCEPARAMOUNT-WARN-MAR | no | count=9.00 | yes=5c
Kalshi WS trade #5836: KXACQUANNOUNCEPARAMOUNT-WARN-MAR | no | count=36.00 | yes=5c
Kalshi WS trade #5837: KXACQUANNOUNCEPARAMOUNT-WARN-MAR | no | count=22.00 | yes=5c
Kalshi WS trade #5838: KXACQUANNOUNCEPARAMOUNT-WARN-MAR | no | count=37.00 | yes=5c
Kalshi WS trade #5839: KXBTCD-26FEB1310-T67749.99 | yes | count=50.00 | yes=22c
Kalshi WS trade #5840: KXBTCD-26FEB1310-T67749.99 | yes | count=55.00 | yes=25c
Kalshi WS trade #5841: KXATPMATCH-26FEB13DEVAN-VAN | no | count=33.00 | yes=69c
Kalshi WS trade #5842: KXBTC-26FEB1310-B67375 | no | count=73.00 | yes=24c
Kalshi WS trade #5843: KXXRP15M-26FEB131000-00 | no | count=2.00 | yes=85c
Kalshi WS trade #5844: KXATPMATCH-26FEB13DEVAN-DE | yes | count=15.00 | yes=31c
Kalshi WS trade #5845: KXATPMATCH-26FEB13DEVAN-DE | yes | count=142.00 | yes=31c
Kalshi WS trade #5846: KXBTCD-26FEB1310-T67749.99 | yes | count=10.00 | yes=24c
Kalshi WS trade #5847: KXNASDAQ100U-26FEB13H1000-T24649.99 | yes | count=6.00 | yes=40c
INFO:     35.145.33.17:0 - "GET /api/spreads?min_spread_pct=0.05 HTTP/1.1" 200 OK
Kalshi WS trade #5848: KXNASDAQ100U-26FEB13H1000-T24699.99 | yes | count=1000.00 | yes=11c
Kalshi WS trade #5849: KXT20MATCH-26FEB13NEDUSA-NED | yes | count=23.00 | yes=19c
Kalshi WS trade #5850: KXU3MAX-27-5 | yes | count=2000.00 | yes=32c
Kalshi WS trade #5851: KXATPMATCH-26FEB13DEVAN-DE | no | count=31.00 | yes=26c
Kalshi WS trade #5852: KXATPMATCH-26FEB13DEVAN-DE | no | count=19.00 | yes=26c
Kalshi WS trade #5853: KXSAUDIPLGAME-26FEB13SHAAAS-SHA | yes | count=110.00 | yes=1c
Kalshi WS trade #5854: KXSAUDIPLGAME-26FEB13SHAAAS-SHA | yes | count=10.00 | yes=1c
Kalshi WS trade #5855: KXSAUDIPLGAME-26FEB13SHAAAS-SHA | yes | count=9.00 | yes=2c
Kalshi WS trade #5856: KXATPMATCH-26FEB13DEVAN-DE | yes | count=63.00 | yes=31c
Kalshi WS trade #5857: KXBTCD-26FEB1310-T67749.99 | yes | count=24.00 | yes=22c
Kalshi WS trade #5858: KXBTCMINMON-BTC-26FEB28-5750000 | yes | count=4.00 | yes=22c
Kalshi WS trade #5859: KXNCAAMBGAME-26FEB13MSUWIS-MSU | yes | count=1.00 | yes=56c
Kalshi WS trade #5860: KXWTAMATCH-26FEB13COCVEK-COC | no | count=21.00 | yes=81c
Kalshi WS trade #5861: KXNETFLIXRANKSHOW-26FEB16-BRI | yes | count=6.00 | yes=2c
Kalshi WS trade #5862: KXBTCD-26FEB1310-T67749.99 | no | count=100.00 | yes=21c
Kalshi WS trade #5863: KXATPCHALLENGERMATCH-26FEB13TRAMOR-TRA | yes | count=194.00 | yes=15c
Kalshi WS trade #5864: KXBTCD-26FEB1310-T67749.99 | yes | count=3.00 | yes=22c
Kalshi WS trade #5865: KXATPCHALLENGERMATCH-26FEB13LLAMIK-MIK | no | count=36.00 | yes=6c
Kalshi WS trade #5866: KXSOL15M-26FEB131000-00 | yes | count=24.00 | yes=92c
Kalshi WS trade #5867: KXNASDAQ100U-26FEB13H1000-T24549.99 | no | count=1.00 | yes=93c
Kalshi WS trade #5868: KXGOVTSHUTDOWN-26FEB14 | no | count=23.00 | yes=88c
Kalshi WS trade #5869: KXATPCHALLENGERMATCH-26FEB13TRAMOR-MOR | yes | count=11.00 | yes=87c
Kalshi WS trade #5870: KXATPMATCH-26FEB13DEVAN-VAN | yes | count=19.00 | yes=73c
Kalshi WS trade #5871: KXATPCHALLENGERMATCH-26FEB13LLAMIK-MIK | no | count=140.00 | yes=6c
Kalshi WS trade #5872: KXWOSSKATE-M10K26CGOLD-CZE | yes | count=30.00 | yes=31c
Kalshi WS trade #5873: KXT20MATCH-26FEB13NEDUSA-USA | yes | count=50.00 | yes=81c
Kalshi WS trade #5874: KXT20MATCH-26FEB13NEDUSA-USA | yes | count=50.00 | yes=81c
Kalshi WS trade #5875: KXT20MATCH-26FEB13NEDUSA-USA | yes | count=50.00 | yes=81c
Kalshi WS trade #5876: KXT20MATCH-26FEB13NEDUSA-USA | no | count=111.00 | yes=80c
Kalshi WS trade #5877: KXBTCD-26FEB1310-T67999.99 | yes | count=20.00 | yes=4c
Kalshi WS trade #5878: KXBTC15M-26FEB131000-00 | no | count=1553.00 | yes=99c
Kalshi WS trade #5879: KXEPLGAME-26MAR01FULTOT-TIE | yes | count=41.00 | yes=33c
Kalshi WS trade #5880: KXVALORANTGAME-26FEB13BBLGM-BBL | yes | count=56.00 | yes=51c
Kalshi WS trade #5881: KXATPCHALLENGERMATCH-26FEB13LLAMIK-MIK | yes | count=58.00 | yes=8c
Kalshi WS trade #5882: KXNCAAMBGAME-26FEB13MSUWIS-WIS | no | count=333.00 | yes=46c
Kalshi WS trade #5883: KXNCAAMBSPREAD-26FEB13MSUWIS-MSU1 | no | count=333.00 | yes=55c
Kalshi WS trade #5884: KXATPCHALLENGERMATCH-26FEB13LLAMIK-LLA | no | count=119.00 | yes=92c
Kalshi WS trade #5885: KXBTC-26FEB1310-B67625 | yes | count=5.00 | yes=51c
Kalshi WS trade #5886: KXATPMATCH-26FEB13DEVAN-DE | yes | count=5.00 | yes=31c
Kalshi WS trade #5887: KXATPCHALLENGERMATCH-26FEB13LLAMIK-MIK | no | count=28.00 | yes=6c
Kalshi WS trade #5888: KXBERNIEMENTION-26FEB14-IMMI | yes | count=4.00 | yes=48c
Kalshi WS trade #5889: KXBERNIEMENTION-26FEB14-IMMI | yes | count=2.00 | yes=48c
Kalshi WS trade #5890: KXT20MATCH-26FEB13NEDUSA-NED | yes | count=500.00 | yes=19c
Kalshi WS trade #5891: KXWOMHOCKEY-26FEB13FRACZE-FRA | yes | count=46.00 | yes=6c
Kalshi WS trade #5892: KXDOTA2GAME-26FEB13LIQUIDFLC-FLC | yes | count=2.00 | yes=63c
Kalshi WS trade #5893: KXDOTA2GAME-26FEB13LIQUIDFLC-FLC | yes | count=14.00 | yes=63c
Kalshi WS trade #5894: KXMVESPORTSMULTIGAMEEXTENDED-S202671DC7FAAD28-B2849533B74 | yes | count=56.00 | yes=28c
Kalshi WS trade #5895: KXT20MATCH-26FEB13NEDUSA-NED | yes | count=75.00 | yes=19c
Kalshi WS trade #5896: KXBTCD-26FEB1317-T67499.99 | yes | count=3.00 | yes=56c
Kalshi WS trade #5897: KXBTCD-26FEB1317-T67499.99 | yes | count=14.00 | yes=56c
Kalshi WS trade #5898: KXETHD-26FEB1310-T1989.99 | yes | count=50.00 | yes=24c
Poly WS trade #119: asset=28946595841244317705... | SELL | size=0.66 | price=0.007
Kalshi WS trade #5899: KXHIGHMIA-26FEB13-T80 | yes | count=8.00 | yes=52c
Kalshi WS trade #5900: KXBTCD-26FEB1310-T67499.99 | yes | count=2.00 | yes=73c
Kalshi WS trade #5901: KXSAUDIPLGAME-26FEB13HILITT-HIL | yes | count=36.00 | yes=85c
Kalshi WS trade #5902: KXDOTA2GAME-26FEB13LIQUIDFLC-FLC | yes | count=2.00 | yes=68c
Kalshi WS trade #5903: KXDOTA2GAME-26FEB13LIQUIDFLC-LIQUID | no | count=2.00 | yes=36c
Kalshi WS trade #5904: KXSOL15M-26FEB131000-00 | yes | count=50.00 | yes=90c
Kalshi WS trade #5905: KXNCAAMBGAME-26FEB13MSUWIS-WIS | no | count=591.00 | yes=46c
Kalshi WS trade #5906: KXNCAAMBSPREAD-26FEB13MSUWIS-MSU1 | no | count=341.00 | yes=55c
Kalshi WS trade #5907: KXNCAAMBSPREAD-26FEB13MSUWIS-MSU1 | no | count=250.00 | yes=55c
Kalshi WS trade #5908: KXBTC-26FEB1310-B67875 | no | count=50.00 | yes=19c
Kalshi WS trade #5909: KXSENATETXR-26-WHUN | no | count=1.00 | yes=8c
Kalshi WS trade #5910: KXSENATETXR-26-JC | no | count=3.00 | yes=22c
Poly WS trade #120: asset=20939351535690701474... | SELL | size=10 | price=0.966
Kalshi WS trade #5911: KXATPMATCH-26FEB13DEVAN-DE | no | count=50.00 | yes=30c
Kalshi WS trade #5912: KXATPMATCH-26FEB13DEVAN-DE | no | count=11.00 | yes=30c
Kalshi WS trade #5913: KXBTCD-26FEB1310-T67749.99 | no | count=50.00 | yes=21c
Kalshi WS trade #5914: KXBTCD-26FEB1310-T67749.99 | yes | count=22.00 | yes=22c
Kalshi WS trade #5915: KXWTACHALLENGERMATCH-26FEB13STEJOR-JOR | yes | count=28.00 | yes=39c
Kalshi WS trade #5916: KXATPCHALLENGERMATCH-26FEB13LLAMIK-LLA | yes | count=767.00 | yes=93c
Kalshi WS trade #5917: KXBTC-26FEB1310-B67625 | yes | count=6.00 | yes=51c
Kalshi WS trade #5918: KXBTC-26FEB1310-B67875 | no | count=50.00 | yes=19c
Kalshi WS trade #5919: KXNCAAMLAXGAME-26FEB13DREUMB-DRE | yes | count=14.00 | yes=67c
Kalshi WS trade #5920: KXETH-26FEB1310-B2000 | no | count=50.00 | yes=24c
Kalshi WS trade #5921: KXNCAAMBGAME-26FEB13MANNIAG-MAN | yes | count=70.00 | yes=48c
Kalshi WS trade #5922: KXGOVTSHUTDOWN-26FEB14 | yes | count=16.00 | yes=89c
Kalshi WS trade #5923: KXCABOUT-29JAN-HLUT | no | count=41.00 | yes=16c
Kalshi WS trade #5924: KXVALORANTGAME-26FEB13BBLGM-BBL | yes | count=10.00 | yes=51c
Kalshi WS trade #5925: KXBTCD-26FEB1310-T67999.99 | no | count=30.00 | yes=3c
Kalshi WS trade #5926: KXBTCD-26FEB1310-T67749.99 | no | count=31.00 | yes=22c
Kalshi WS trade #5927: KXWTACHALLENGERMATCH-26FEB13STEJOR-JOR | yes | count=627.00 | yes=39c
Kalshi WS trade #5928: KXHIGHNY-26FEB13-B37.5 | yes | count=1.00 | yes=50c
Kalshi WS trade #5929: KXWTACHALLENGERMATCH-26FEB13STEJOR-JOR | yes | count=33.00 | yes=39c
Kalshi WS trade #5930: KXBTCD-26FEB1310-T67499.99 | no | count=17.00 | yes=72c
Kalshi WS trade #5931: KXT20MATCH-26FEB13NEDUSA-USA | yes | count=50.00 | yes=81c
Kalshi WS trade #5932: KXT20MATCH-26FEB13NEDUSA-USA | yes | count=10.00 | yes=81c
Kalshi WS trade #5933: KXGOVTSHUTDOWN-26FEB14 | no | count=39.00 | yes=88c
Kalshi WS trade #5934: KXATPCHALLENGERMATCH-26FEB13LLAMIK-LLA | yes | count=390.00 | yes=93c
Kalshi WS trade #5935: KXATPCHALLENGERMATCH-26FEB13TABECH-ECH | yes | count=910.00 | yes=42c
Kalshi WS trade #5936: KXBTCD-26FEB1310-T67749.99 | yes | count=50.00 | yes=23c
Kalshi WS trade #5937: KXMENWORLDCUP-26-ES | yes | count=199.00 | yes=19c
Kalshi WS trade #5938: KXWTACHALLENGERMATCH-26FEB13STEJOR-STE | yes | count=13.00 | yes=62c
Kalshi WS trade #5939: KXWTAMATCH-26FEB13OSTMBO-MBO | yes | count=1232.00 | yes=69c
Kalshi WS trade #5940: KXBUNDESLIGAGAME-26FEB13BVBM05-BVB | yes | count=15.00 | yes=61c
Poly WS trade #121: asset=43946269812975261940... | BUY | size=13.05 | price=0.763
Kalshi WS trade #5941: KXATPCHALLENGERMATCH-26FEB13LLAMIK-MIK | yes | count=5.00 | yes=8c
Kalshi WS trade #5942: KXLOLGAME-26FEB14VKSLEV-VKS | yes | count=8.00 | yes=74c
Kalshi WS trade #5943: KXLOLGAME-26FEB14VKSLEV-VKS | yes | count=2.00 | yes=74c
Kalshi WS trade #5944: KXBTCD-26FEB1310-T67499.99 | yes | count=50.00 | yes=75c
Kalshi WS trade #5945: KXWTAMATCH-26FEB13COCVEK-COC | yes | count=6.00 | yes=82c
Kalshi WS trade #5946: KXFACUPGAME-26FEB13HULCFC-TIE | yes | count=33.00 | yes=14c
Kalshi WS trade #5947: KXWTAMATCH-26FEB13COCVEK-COC | yes | count=2.00 | yes=82c
Kalshi WS trade #5948: KXATPMATCH-26FEB13DEVAN-DE | yes | count=14.00 | yes=31c
Kalshi WS trade #5949: KXHIGHMIA-26FEB13-B79.5 | yes | count=98.00 | yes=40c
Kalshi WS trade #5950: KXHIGHMIA-26FEB13-B79.5 | yes | count=20.00 | yes=40c
Kalshi WS trade #5951: KXHIGHMIA-26FEB13-B79.5 | yes | count=61.00 | yes=40c
Kalshi WS trade #5952: KXATPMATCH-26FEB13DEVAN-DE | yes | count=5.00 | yes=25c
Kalshi WS trade #5953: KXATPMATCH-26FEB13DEVAN-VAN | yes | count=5.00 | yes=72c
Kalshi WS trade #5954: KXBTCD-26FEB1310-T67749.99 | no | count=100.00 | yes=23c
Kalshi WS trade #5955: KXATPCHALLENGERMATCH-26FEB13TABECH-ECH | yes | count=22.00 | yes=42c
Kalshi WS trade #5956: KXSUPERLIGGAME-26FEB13GALEYU-EYU | yes | count=56.00 | yes=5c
Kalshi WS trade #5957: KXHIGHMIA-26FEB13-T80 | yes | count=6.00 | yes=52c
Kalshi WS trade #5958: KXHIGHMIA-26FEB13-T80 | yes | count=3.00 | yes=53c
Kalshi WS trade #5959: KXHIGHMIA-26FEB13-T80 | yes | count=30.00 | yes=53c
Kalshi WS trade #5960: KXHIGHMIA-26FEB13-T80 | yes | count=11.00 | yes=53c
Kalshi WS trade #5961: KXT20MATCH-26FEB13NEDUSA-NED | yes | count=75.00 | yes=19c
Poly WS trade #122: asset=52393600221905688380... | BUY | size=884.03 | price=0.056
Kalshi WS trade #5962: KXSONGRELEASE-27JAN01-BEB | yes | count=200.00 | yes=99c
Kalshi WS trade #5963: KXGOVTSHUTDOWN-26FEB14 | yes | count=1.00 | yes=89c
Kalshi WS trade #5964: KXWTAMATCH-26FEB13COCVEK-VEK | yes | count=37.00 | yes=20c
Kalshi WS trade #5965: KXBTCD-26FEB1310-T67749.99 | no | count=1.00 | yes=20c
Kalshi WS trade #5966: KXBTCD-26FEB1310-T67749.99 | no | count=57.00 | yes=20c
Kalshi WS trade #5967: KXBTCMAXMON-BTC-26FEB28-8500000 | yes | count=55.00 | yes=7c
Kalshi WS trade #5968: KXBTC-26FEB1310-B67625 | no | count=50.00 | yes=51c
Kalshi WS trade #5969: KXWOMHOCKEY-26FEB13FRACZE-FRA | yes | count=62.00 | yes=6c
Kalshi WS trade #5970: KXWTACHALLENGERMATCH-26FEB13STEJOR-STE | yes | count=31.00 | yes=62c
Kalshi WS trade #5971: KXBTCD-26FEB1310-T67499.99 | no | count=2.00 | yes=73c
Kalshi WS trade #5972: KXNBA3PTCONTEST-26-DLIL | yes | count=26.00 | yes=18c
Kalshi WS trade #5973: KXATPCHALLENGERMATCH-26FEB13TRAMOR-MOR | yes | count=113.00 | yes=87c
Kalshi WS trade #5974: KXNASDAQ100U-26FEB13H1000-T24589.99 | yes | count=8.00 | yes=83c
Kalshi WS trade #5975: KXNHL-26-COL | no | count=7.00 | yes=24c
Kalshi WS trade #5976: KXETH15M-26FEB131000-00 | yes | count=103.00 | yes=95c
Kalshi WS trade #5977: KXATPMATCH-26FEB13DEVAN-DE | yes | count=78.00 | yes=30c
INFO:     35.145.33.17:0 - "GET /api/markets HTTP/1.1" 200 OK
Kalshi WS trade #5978: KXATPCHALLENGERMATCH-26FEB13TRAMOR-TRA | no | count=78.00 | yes=13c
Kalshi WS trade #5979: KXBTC-26FEB1310-B67625 | yes | count=9.00 | yes=52c
Kalshi WS trade #5980: KXATPCHALLENGERMATCH-26FEB13LLAMIK-MIK | no | count=51.00 | yes=6c
INFO:     35.145.33.17:0 - "GET /api/spreads?min_spread_pct=0.05 HTTP/1.1" 200 OK
Kalshi WS trade #5981: KXT20MATCH-26FEB13NEDUSA-USA | yes | count=44.00 | yes=81c
Kalshi WS trade #5982: KXT20MATCH-26FEB13NEDUSA-USA | yes | count=50.00 | yes=81c
Kalshi WS trade #5983: KXT20MATCH-26FEB13NEDUSA-USA | yes | count=50.00 | yes=81c
Kalshi WS trade #5984: KXT20MATCH-26FEB13NEDUSA-USA | yes | count=86.00 | yes=82c
Kalshi WS trade #5985: KXLIGAPORTUGALGAME-26FEB13SCLBEN-BEN | yes | count=14.00 | yes=67c
Kalshi WS trade #5986: KXWTAMATCH-26FEB13COCVEK-COC | yes | count=514.00 | yes=82c
Kalshi WS trade #5987: KXBTCD-26FEB1310-T67749.99 | yes | count=13.00 | yes=23c
Kalshi WS trade #5988: KXPGATOP10-ATPBP26-TFIN | yes | count=1.00 | yes=32c
Kalshi WS trade #5989: KXATPMATCH-26FEB13DEVAN-VAN | yes | count=51.00 | yes=73c
Kalshi WS trade #5990: KXWTAMATCH-26FEB13COCVEK-COC | yes | count=1250.00 | yes=82c
Kalshi WS trade #5991: KXETHD-26FEB1310-T1989.99 | yes | count=50.00 | yes=22c
Kalshi WS trade #5992: KXBTCD-26FEB1310-T67499.99 | no | count=50.00 | yes=73c
Kalshi WS trade #5993: KXBTCD-26FEB1310-T67499.99 | no | count=100.00 | yes=73c
Poly WS trade #123: asset=10150694304905327693... | SELL | size=31.41 | price=0.948
Kalshi WS trade #5994: KXATPCHALLENGERMATCH-26FEB13TRAMOR-TRA | yes | count=346.00 | yes=15c
Kalshi WS trade #5995: KXWTACHALLENGERMATCH-26FEB13STEJOR-STE | yes | count=23.00 | yes=62c
Kalshi WS trade #5996: KXVALORANTGAME-26FEB13VITFNC-FNC | no | count=25.00 | yes=99c
Kalshi WS trade #5997: KXINXU-26FEB13H1000-T6819.9999 | yes | count=2.00 | yes=64c
Kalshi WS trade #5998: KXINXU-26FEB13H1000-T6819.9999 | yes | count=7.00 | yes=64c
Kalshi WS trade #5999: KXINXU-26FEB13H1000-T6819.9999 | yes | count=4.00 | yes=65c
Kalshi WS trade #6000: KXMVESPORTSMULTIGAMEEXTENDED-S2026813A3C0D47F-10BA1B622F0 | yes | count=2.00 | yes=47c
Kalshi WS trade #6001: KXETH15M-26FEB131000-00 | no | count=1.00 | yes=93c
Kalshi WS trade #6002: KXETH15M-26FEB131000-00 | no | count=9.00 | yes=93c
Kalshi WS trade #6003: KXBTC15M-26FEB131000-00 | no | count=935.00 | yes=99c
Kalshi WS trade #6004: KXBTCD-26FEB1310-T67499.99 | no | count=50.00 | yes=73c
Kalshi WS trade #6005: KXATPMATCH-26FEB13DEVAN-VAN | yes | count=12.00 | yes=72c
Kalshi WS trade #6006: KXHIGHTMIN-26FEB13-B48.5 | yes | count=5.00 | yes=39c
Kalshi WS trade #6007: KXSOL15M-26FEB131000-00 | yes | count=96.00 | yes=92c
Kalshi WS trade #6008: KXETH15M-26FEB131000-00 | yes | count=50.00 | yes=95c
Kalshi WS trade #6009: KXETH15M-26FEB131000-00 | yes | count=50.00 | yes=96c
Kalshi WS trade #6010: KXATPMATCH-26FEB13DEVAN-VAN | no | count=6.00 | yes=68c
Kalshi WS trade #6011: KXATPMATCH-26FEB13DEVAN-VAN | no | count=191.00 | yes=67c
Kalshi WS trade #6012: KXBTCD-26FEB1310-T67249.99 | no | count=35.00 | yes=96c
Kalshi WS trade #6013: KXNASCARRACE-FREFF26-CAHO | yes | count=10.00 | yes=17c
Kalshi WS trade #6014: KXBTC-26FEB1310-B67875 | no | count=17.00 | yes=18c
Kalshi WS trade #6015: KXBTCD-26FEB1310-T67749.99 | yes | count=8.00 | yes=22c
Kalshi WS trade #6016: KXBTCD-26FEB1310-T67499.99 | yes | count=61.00 | yes=74c
Kalshi WS trade #6017: KXBERNIEMENTION-26FEB14-IMMI | yes | count=10.00 | yes=48c
Kalshi WS trade #6018: KXGOVTSHUTDOWN-26FEB14 | no | count=714.00 | yes=88c
Kalshi WS trade #6019: KXBTCD-26FEB1317-T67499.99 | yes | count=86.00 | yes=56c
Kalshi WS trade #6020: KXATPMATCH-26FEB13DEVAN-VAN | yes | count=51.00 | yes=72c
Kalshi WS trade #6021: KXATPMATCH-26FEB13DEVAN-VAN | yes | count=500.00 | yes=72c
Kalshi WS trade #6022: KXATPMATCH-26FEB13DEVAN-VAN | yes | count=14.00 | yes=72c
Kalshi WS trade #6023: KXATPMATCH-26FEB13DEVAN-VAN | yes | count=14.00 | yes=72c
Kalshi WS trade #6024: KXATPMATCH-26FEB13DEVAN-VAN | yes | count=79.00 | yes=73c
Kalshi WS trade #6025: KXATPMATCH-26FEB13DEVAN-VAN | yes | count=18.00 | yes=73c
Poly WS trade #124: asset=10255981703463102222... | BUY | size=1.075267 | price=0.93
Kalshi WS trade #6026: KXATPCHALLENGERMATCH-26FEB13LLAMIK-MIK | yes | count=23.00 | yes=8c
Kalshi WS trade #6027: KXWTAMATCH-26FEB13COCVEK-COC | yes | count=12.00 | yes=82c
Kalshi WS trade #6028: KXATPCHALLENGERMATCH-26FEB13LLAMIK-MIK | no | count=139.00 | yes=6c
Kalshi WS trade #6029: KXETHD-26FEB1310-T1989.99 | yes | count=50.00 | yes=22c
Kalshi WS trade #6030: KXATPMATCH-26FEB13DEVAN-DE | no | count=10.00 | yes=31c
Kalshi WS trade #6031: KXATPMATCH-26FEB13DEVAN-DE | no | count=15.00 | yes=28c
Kalshi WS trade #6032: KXATPMATCH-26FEB13DEVAN-DE | no | count=18.00 | yes=26c
Kalshi WS trade #6033: KXATPMATCH-26FEB13DEVAN-DE | no | count=139.00 | yes=23c
Kalshi WS trade #6034: KXBTCD-26FEB1310-T67749.99 | no | count=11.00 | yes=20c
Kalshi WS trade #6035: KXATPMATCH-26FEB13DEVAN-DE | yes | count=20.00 | yes=32c
Kalshi WS trade #6036: KXATPMATCH-26FEB13DEVAN-VAN | no | count=10.00 | yes=68c
Kalshi WS trade #6037: KXBTCD-26FEB1310-T67749.99 | no | count=18.00 | yes=20c
Kalshi WS trade #6038: KXNBA3PTCONTEST-26-BPOR | yes | count=37.00 | yes=5c
Kalshi WS trade #6039: KXATPCHALLENGERMATCH-26FEB13LLAMIK-LLA | yes | count=3.00 | yes=93c
Kalshi WS trade #6040: KXBTCD-26FEB1310-T67749.99 | yes | count=50.00 | yes=21c
Kalshi WS trade #6041: KXBTCD-26FEB1310-T67749.99 | yes | count=50.00 | yes=22c
Kalshi WS trade #6042: KXBTCD-26FEB1310-T67499.99 | no | count=50.00 | yes=73c
Kalshi WS trade #6043: KXBTCD-26FEB1310-T67499.99 | yes | count=150.00 | yes=73c
Kalshi WS trade #6044: KXBTCD-26FEB1310-T67499.99 | yes | count=200.00 | yes=73c
Kalshi WS trade #6045: KXBTCD-26FEB1310-T67499.99 | yes | count=178.00 | yes=73c
Kalshi WS trade #6046: KXETH15M-26FEB131000-00 | no | count=17.00 | yes=93c
Kalshi WS trade #6047: KXT20MATCH-26FEB13NEDUSA-NED | yes | count=14.00 | yes=19c
Kalshi WS trade #6048: KXETH-26FEB1310-B2000 | yes | count=50.00 | yes=21c
Kalshi WS trade #6049: KXSERIEAGAME-26FEB13PISACM-ACM | yes | count=6.00 | yes=62c
Kalshi WS trade #6050: KXT20MATCH-26FEB13NEDUSA-NED | yes | count=75.00 | yes=19c
Kalshi WS trade #6051: KXBTC-26FEB1317-B67750 | yes | count=215.00 | yes=22c
Kalshi WS trade #6052: KXSOL15M-26FEB131000-00 | yes | count=1.00 | yes=92c
Kalshi WS trade #6053: KXBTC15M-26FEB131000-00 | no | count=5.00 | yes=99c
Kalshi WS trade #6054: KXATPMATCH-26FEB13MUNBUB-BUB | yes | count=1.00 | yes=66c
Kalshi WS trade #6055: KXWTAMATCH-26FEB13COCVEK-COC | no | count=1.00 | yes=81c
Poly WS trade #125: asset=82502710596437163348... | BUY | size=804.02 | price=0.995
Kalshi WS trade #6056: KXBTCD-26FEB1310-T67749.99 | yes | count=61.00 | yes=22c
Kalshi WS trade #6057: KXWTAMATCH-26FEB13COCVEK-COC | no | count=8.00 | yes=81c
Kalshi WS trade #6058: KXWTAMATCH-26FEB13COCVEK-COC | no | count=1.00 | yes=80c
Kalshi WS trade #6059: KXBTCD-26FEB1310-T67499.99 | yes | count=86.00 | yes=74c
Kalshi WS trade #6060: KXBTCD-26FEB1310-T67499.99 | yes | count=14.00 | yes=74c
Kalshi WS trade #6061: KXETHD-26FEB1310-T1989.99 | yes | count=50.00 | yes=22c
Kalshi WS trade #6062: KXBTCD-26FEB1310-T67499.99 | no | count=50.00 | yes=73c
Kalshi WS trade #6063: KXALIENS-27 | yes | count=50.00 | yes=18c
Kalshi WS trade #6064: KXHIGHTMIN-26FEB13-T49 | yes | count=1.00 | yes=21c
Kalshi WS trade #6065: KXHIGHTMIN-26FEB13-T42 | no | count=1.00 | yes=2c
Kalshi WS trade #6066: KXHIGHTMIN-26FEB13-B46.5 | no | count=1.00 | yes=27c
Kalshi WS trade #6067: KXHIGHTMIN-26FEB13-B42.5 | no | count=1.00 | yes=4c
Kalshi WS trade #6068: KXHIGHTMIN-26FEB13-B48.5 | no | count=1.00 | yes=39c
Kalshi WS trade #6069: KXHIGHTMIN-26FEB13-B44.5 | no | count=1.00 | yes=14c
Kalshi WS trade #6070: KXMVESPORTSMULTIGAMEEXTENDED-S2026CB8ACE135AF-008F55BD594 | yes | count=51.00 | yes=2c
Kalshi WS trade #6071: KXSOL15M-26FEB131000-00 | yes | count=2.00 | yes=91c
Kalshi WS trade #6072: KXATPCHALLENGERMATCH-26FEB13TRAMOR-TRA | yes | count=27.00 | yes=15c
Kalshi WS trade #6073: KXT20MATCH-26FEB13NEDUSA-NED | yes | count=238.00 | yes=19c
Kalshi WS trade #6074: KXNCAAMBTOTAL-26FEB13CORPRIN-154 | yes | count=2.00 | yes=54c
Kalshi WS trade #6075: KXBTCD-26FEB1310-T67499.99 | no | count=183.00 | yes=72c
Kalshi WS trade #6076: KXSOL15M-26FEB131000-00 | yes | count=121.00 | yes=91c
Kalshi WS trade #6077: KXBTC-26FEB1310-B67875 | no | count=50.00 | yes=17c
Kalshi WS trade #6078: KXHIGHTMIN-26FEB13-B44.5 | yes | count=2.00 | yes=18c
Kalshi WS trade #6079: KXBTCD-26FEB1310-T67499.99 | yes | count=17.00 | yes=72c
Kalshi WS trade #6080: KXBTCD-26FEB1310-T67499.99 | yes | count=110.00 | yes=72c
Kalshi WS trade #6081: KXHIGHTMIN-26FEB13-B42.5 | no | count=1.00 | yes=4c
Kalshi WS trade #6082: KXHIGHTMIN-26FEB13-B44.5 | no | count=1.00 | yes=18c
Kalshi WS trade #6083: KXHIGHTMIN-26FEB13-B46.5 | no | count=1.00 | yes=27c
Kalshi WS trade #6084: KXHIGHTMIN-26FEB13-T49 | no | count=1.00 | yes=21c
Kalshi WS trade #6085: KXHIGHTMIN-26FEB13-T42 | no | count=1.00 | yes=2c
Kalshi WS trade #6086: KXHIGHTMIN-26FEB13-B48.5 | no | count=1.00 | yes=39c
Kalshi WS trade #6087: KXHIGHTMIN-26FEB13-T42 | no | count=1.00 | yes=2c
Kalshi WS trade #6088: KXHIGHTMIN-26FEB13-T42 | no | count=1.00 | yes=1c
Kalshi WS trade #6089: KXSOL15M-26FEB131000-00 | no | count=8.00 | yes=89c
Kalshi WS trade #6090: KXHIGHTMIN-26FEB13-B42.5 | no | count=2.00 | yes=3c
Kalshi WS trade #6091: KXHIGHTMIN-26FEB13-T49 | no | count=2.00 | yes=21c
Kalshi WS trade #6092: KXHIGHTMIN-26FEB13-B48.5 | no | count=2.00 | yes=39c
Kalshi WS trade #6093: KXWTAMATCH-26FEB13OSTMBO-MBO | yes | count=69.00 | yes=69c
Kalshi WS trade #6094: KXHIGHTMIN-26FEB13-B46.5 | no | count=2.00 | yes=27c
Kalshi WS trade #6095: KXBTCD-26FEB1310-T67749.99 | yes | count=119.00 | yes=21c
Kalshi WS trade #6096: KXWOCURLGAME-26FEB14CHEUSA-USA | yes | count=33.00 | yes=41c
Kalshi WS trade #6097: KXWOCURLGAME-26FEB14CHEUSA-USA | yes | count=100.00 | yes=42c
Kalshi WS trade #6098: KXWOCURLGAME-26FEB14CHEUSA-USA | yes | count=94.00 | yes=43c
Kalshi WS trade #6099: KXWTAMATCH-26FEB14STERUS-RUS | no | count=4.00 | yes=45c
Kalshi WS trade #6100: KXBTCD-26FEB1310-T67749.99 | no | count=5.00 | yes=20c
Kalshi WS trade #6101: KXHIGHTMIN-26FEB13-B44.5 | no | count=1.00 | yes=18c
Kalshi WS trade #6102: KXHIGHTMIN-26FEB13-T49 | no | count=1.00 | yes=21c
Kalshi WS trade #6103: KXHIGHTMIN-26FEB13-B48.5 | no | count=1.00 | yes=39c
Kalshi WS trade #6104: KXWTAMATCH-26FEB13COCVEK-VEK | no | count=2820.00 | yes=18c
Kalshi WS trade #6105: KXWTAMATCH-26FEB13COCVEK-VEK | no | count=50.00 | yes=18c
Kalshi WS trade #6106: KXWTAMATCH-26FEB13COCVEK-VEK | no | count=283.00 | yes=18c
Kalshi WS trade #6107: KXWTAMATCH-26FEB13COCVEK-VEK | no | count=50.00 | yes=18c
Kalshi WS trade #6108: KXWTAMATCH-26FEB13COCVEK-VEK | no | count=2784.00 | yes=17c
Kalshi WS trade #6109: KXBTCD-26FEB1310-T67249.99 | yes | count=15.00 | yes=97c
Kalshi WS trade #6110: KXBTCD-26FEB1310-T67499.99 | no | count=34.00 | yes=72c
Kalshi WS trade #6111: KXBTCD-26FEB1310-T67499.99 | yes | count=58.00 | yes=73c
Kalshi WS trade #6112: KXATPCHALLENGERMATCH-26FEB13LLAMIK-MIK | yes | count=2130.00 | yes=8c
Kalshi WS trade #6113: KXSOL15M-26FEB131000-00 | no | count=42.00 | yes=89c
Kalshi WS trade #6114: KXBTCD-26FEB1310-T67749.99 | yes | count=20.00 | yes=21c
Kalshi WS trade #6115: KXDOTA2GAME-26FEB13LIQUIDFLC-LIQUID | yes | count=54.00 | yes=34c
Kalshi WS trade #6116: KXDOTA2GAME-26FEB13LIQUIDFLC-LIQUID | yes | count=11.00 | yes=34c
Kalshi WS trade #6117: KXDOTA2GAME-26FEB13LIQUIDFLC-LIQUID | yes | count=10.00 | yes=35c
Kalshi WS trade #6118: KXDOTA2GAME-26FEB13LIQUIDFLC-LIQUID | yes | count=37.00 | yes=38c
Kalshi WS trade #6119: KXDOTA2GAME-26FEB13LIQUIDFLC-LIQUID | yes | count=29.00 | yes=39c
Kalshi WS trade #6120: KXT20MATCH-26FEB16ITAENG-ITA | yes | count=153.00 | yes=11c
Kalshi WS trade #6121: KXDOTA2GAME-26FEB13LIQUIDFLC-FLC | no | count=3.00 | yes=68c
Kalshi WS trade #6122: KXDOTA2GAME-26FEB13LIQUIDFLC-FLC | no | count=7.00 | yes=68c
Kalshi WS trade #6123: KXDOTA2GAME-26FEB13LIQUIDFLC-FLC | no | count=37.00 | yes=68c
Kalshi WS trade #6124: KXDOTA2GAME-26FEB13LIQUIDFLC-FLC | no | count=7.00 | yes=68c
Kalshi WS trade #6125: KXDOTA2GAME-26FEB13LIQUIDFLC-FLC | no | count=5.00 | yes=62c
Kalshi WS trade #6126: KXDOTA2GAME-26FEB13LIQUIDFLC-FLC | no | count=42.00 | yes=61c
Kalshi WS trade #6127: KXSAUDIPLGAME-26FEB13SHAAAS-SHA | yes | count=2.00 | yes=1c
Kalshi WS trade #6128: KXSAUDIPLGAME-26FEB13SHAAAS-SHA | yes | count=2.00 | yes=1c
Kalshi WS trade #6129: KXSAUDIPLGAME-26FEB13SHAAAS-SHA | yes | count=16.00 | yes=2c
Kalshi WS trade #6130: KXBTCD-26FEB1310-T67499.99 | yes | count=200.00 | yes=73c
Kalshi WS trade #6131: KXBTCD-26FEB1310-T67499.99 | yes | count=68.00 | yes=73c
Kalshi WS trade #6132: KXWTAMATCH-26FEB13COCVEK-VEK | yes | count=23.00 | yes=19c
Kalshi WS trade #6133: KXETHD-26FEB1310-T1989.99 | yes | count=4.00 | yes=23c
Kalshi WS trade #6134: KXBTCD-26FEB1317-T64999.99 | no | count=1.00 | yes=95c
Kalshi WS trade #6135: KXETH15M-26FEB131000-00 | yes | count=20.00 | yes=96c
Kalshi WS trade #6136: KXATPCHALLENGERMATCH-26FEB13LLAMIK-LLA | yes | count=10.00 | yes=93c
Kalshi WS trade #6137: KXETH-26FEB1310-B2000 | yes | count=50.00 | yes=22c
Kalshi WS trade #6138: KXETH-26FEB1310-B1980 | no | count=50.00 | yes=78c
Kalshi WS trade #6139: KXETH-26FEB1310-B1980 | no | count=1.00 | yes=77c
Kalshi WS trade #6140: KXBTCD-26FEB1310-T67749.99 | yes | count=10.00 | yes=22c
Kalshi WS trade #6141: KXBTCD-26FEB1310-T67749.99 | yes | count=35.00 | yes=22c
Kalshi WS trade #6142: KXMVESPORTSMULTIGAMEEXTENDED-S2026B60EBE16DBB-2208FF3E636 | yes | count=122.00 | yes=39c
Kalshi WS trade #6143: KXT20MATCH-26FEB13NEDUSA-NED | yes | count=199.00 | yes=19c
Kalshi WS trade #6144: KXBTC-26FEB1310-B67875 | yes | count=100.00 | yes=18c
Kalshi WS trade #6145: KXBTC-26FEB1310-B67875 | no | count=50.00 | yes=17c
Kalshi WS trade #6146: KXLOLGAME-26FEB14VKSLEV-VKS | yes | count=10.00 | yes=74c
Kalshi WS trade #6147: KXSOL15M-26FEB131000-00 | yes | count=20.00 | yes=93c
Kalshi WS trade #6148: KXWTACHALLENGERMATCH-26FEB13CHWLAM-CHW | yes | count=14.00 | yes=90c
Kalshi WS trade #6149: KXT20MATCH-26FEB13NEDUSA-NED | yes | count=149.00 | yes=19c
Kalshi WS trade #6150: KXPGATOUR-ATPBP26-RMCI | yes | count=93.00 | yes=5c
Kalshi WS trade #6151: KXNCAAMBGAME-26FEB13MANNIAG-MAN | yes | count=4.00 | yes=48c
Kalshi WS trade #6152: KXATPMATCH-26FEB13DEVAN-DE | yes | count=14.00 | yes=30c
Kalshi WS trade #6153: KXATPCHALLENGERMATCH-26FEB13LLAMIK-LLA | no | count=7.00 | yes=92c
Kalshi WS trade #6154: KXEARNINGSMENTIONDKNG-26JUN30-CANA | yes | count=93.00 | yes=1c
Kalshi WS trade #6155: KXPRESPERSON-28-DTRU | yes | count=23.00 | yes=4c
Kalshi WS trade #6156: KXGOVTSHUTDOWN-26FEB14 | no | count=71.00 | yes=88c
Kalshi WS trade #6157: KXBTCD-26FEB1310-T67749.99 | no | count=5.00 | yes=22c
Kalshi WS trade #6158: KXATPCHALLENGERMATCH-26FEB13LLAMIK-LLA | no | count=38.00 | yes=92c
Kalshi WS trade #6159: KXWTAMATCH-26FEB13COCVEK-VEK | yes | count=269.00 | yes=18c
Kalshi WS trade #6160: KXXRP15M-26FEB131000-00 | yes | count=20.00 | yes=88c
Kalshi WS trade #6161: KXWOWHOCKEY-26FEB13CZESWE-CZE | yes | count=33.00 | yes=57c
Kalshi WS trade #6162: KXMEASLES-26-1250 | yes | count=854.00 | yes=98c
Kalshi WS trade #6163: KXMEASLES-26-1250 | yes | count=164.00 | yes=98c
Kalshi WS trade #6164: KXBTCD-26FEB1310-T67749.99 | yes | count=10.00 | yes=23c
Kalshi WS trade #6165: KXBTCD-26FEB1310-T67749.99 | yes | count=18.00 | yes=24c
Kalshi WS trade #6166: KXATPCHALLENGERMATCH-26FEB13LLAMIK-LLA | no | count=13.00 | yes=92c
Kalshi WS trade #6167: KXATPCHALLENGERMATCH-26FEB13LLAMIK-LLA | no | count=1.00 | yes=92c
Kalshi WS trade #6168: KXT20MATCH-26FEB13NEDUSA-NED | no | count=51.00 | yes=18c
Kalshi WS trade #6169: KXBTCD-26FEB1310-T67499.99 | no | count=100.00 | yes=75c
Kalshi WS trade #6170: KXBTCD-26FEB1310-T67499.99 | no | count=50.00 | yes=75c
Kalshi WS trade #6171: KXBTCD-26FEB1310-T67749.99 | no | count=100.00 | yes=21c
Kalshi WS trade #6172: KXETHD-26FEB1310-T1989.99 | no | count=100.00 | yes=22c
Kalshi WS trade #6173: KXBTC15M-26FEB131000-00 | no | count=93.00 | yes=99c
Kalshi WS trade #6174: KXATPCHALLENGERMATCH-26FEB13TRAMOR-TRA | yes | count=12.00 | yes=15c
Kalshi WS trade #6175: KXETH15M-26FEB131000-00 | no | count=33.00 | yes=93c
Kalshi WS trade #6176: KXETH15M-26FEB131000-00 | no | count=34.00 | yes=93c
Kalshi WS trade #6177: KXLALIGAGAME-26FEB13ELCOSA-OSA | yes | count=25.00 | yes=38c
Kalshi WS trade #6178: KXSOL15M-26FEB131000-00 | no | count=44.00 | yes=89c
Kalshi WS trade #6179: KXATPCHALLENGERMATCH-26FEB13LLAMIK-LLA | no | count=116.00 | yes=92c
Kalshi WS trade #6180: KXWOHOCKEY-WOMEN26CGOLD-CZE | yes | count=33.00 | yes=2c
Kalshi WS trade #6181: KXGOVTSHUTDOWN-26FEB14 | yes | count=1549.00 | yes=89c
Kalshi WS trade #6182: KXT20MATCH-26FEB13NEDUSA-NED | yes | count=75.00 | yes=19c
Kalshi WS trade #6183: KXWTAMATCH-26FEB13COCVEK-COC | no | count=32.00 | yes=80c
Kalshi WS trade #6184: KXXRP15M-26FEB131000-00 | yes | count=23.00 | yes=85c
Kalshi WS trade #6185: KXBERNIEMENTION-26FEB14-REVO | yes | count=6.00 | yes=28c
Kalshi WS trade #6186: KXBTCD-26FEB1310-T67999.99 | no | count=41.00 | yes=3c
Kalshi WS trade #6187: KXATPMATCH-26FEB13DEVAN-DE | yes | count=20.00 | yes=31c
Kalshi WS trade #6188: KXATPMATCH-26FEB13DEVAN-DE | yes | count=4.00 | yes=31c
Kalshi WS trade #6189: KXATPCHALLENGERMATCH-26FEB13TRAMOR-TRA | yes | count=6.00 | yes=15c
Kalshi WS trade #6190: KXBTCD-26FEB1317-T66999.99 | no | count=20.00 | yes=68c
Kalshi WS trade #6191: KXATPMATCH-26FEB13DEVAN-DE | yes | count=25.00 | yes=30c
Kalshi WS trade #6192: KXATPMATCH-26FEB13DEVAN-DE | no | count=99.00 | yes=26c
Kalshi WS trade #6193: KXMVESPORTSMULTIGAMEEXTENDED-S202617D8F028E3C-7D75BC00F73 | yes | count=195.00 | yes=29c
Kalshi WS trade #6194: KXBTC-26FEB1310-B67875 | no | count=50.00 | yes=17c
Kalshi WS trade #6195: KXATPMATCH-26FEB13DEVAN-DE | yes | count=20.00 | yes=30c
Kalshi WS trade #6196: KXATPMATCH-26FEB13DEVAN-DE | yes | count=496.00 | yes=31c
Kalshi WS trade #6197: KXATPMATCH-26FEB13DEVAN-DE | yes | count=11.00 | yes=32c
Kalshi WS trade #6198: KXATPMATCH-26FEB13DEVAN-DE | yes | count=331.00 | yes=34c
Kalshi WS trade #6199: KXATPMATCH-26FEB13DEVAN-DE | yes | count=483.00 | yes=35c
Kalshi WS trade #6200: KXATPMATCH-26FEB13DEVAN-DE | yes | count=2075.00 | yes=39c
Kalshi WS trade #6201: KXATPMATCH-26FEB13DEVAN-DE | yes | count=50.00 | yes=39c
Kalshi WS trade #6202: KXATPMATCH-26FEB13DEVAN-DE | yes | count=308.00 | yes=42c
Kalshi WS trade #6203: KXATPMATCH-26FEB13DEVAN-DE | yes | count=1500.00 | yes=42c
Kalshi WS trade #6204: KXATPMATCH-26FEB13DEVAN-DE | yes | count=20.00 | yes=42c
Kalshi WS trade #6205: KXATPMATCH-26FEB13DEVAN-DE | yes | count=300.00 | yes=43c
Kalshi WS trade #6206: KXATPMATCH-26FEB13DEVAN-DE | yes | count=1750.00 | yes=43c
Kalshi WS trade #6207: KXATPMATCH-26FEB13DEVAN-DE | yes | count=166.00 | yes=44c
Kalshi WS trade #6208: KXATPMATCH-26FEB13DEVAN-DE | yes | count=2500.00 | yes=44c
Kalshi WS trade #6209: KXATPMATCH-26FEB13DEVAN-DE | yes | count=238.00 | yes=45c
Kalshi WS trade #6210: KXATPMATCH-26FEB13DEVAN-VAN | no | count=15.00 | yes=69c
Kalshi WS trade #6211: KXATPMATCH-26FEB13DEVAN-VAN | no | count=13.00 | yes=68c
Kalshi WS trade #6212: KXATPMATCH-26FEB13DEVAN-VAN | no | count=100.00 | yes=68c
Kalshi WS trade #6213: KXATPMATCH-26FEB13DEVAN-VAN | no | count=20.00 | yes=68c
Kalshi WS trade #6214: KXATPMATCH-26FEB13DEVAN-VAN | no | count=50.00 | yes=66c
Kalshi WS trade #6215: KXATPMATCH-26FEB13DEVAN-VAN | no | count=259.00 | yes=66c
Kalshi WS trade #6216: KXATPMATCH-26FEB13DEVAN-VAN | no | count=500.00 | yes=65c
Kalshi WS trade #6217: KXATPMATCH-26FEB13DEVAN-VAN | no | count=200.00 | yes=64c
Kalshi WS trade #6218: KXATPMATCH-26FEB13DEVAN-VAN | no | count=20.00 | yes=56c
Kalshi WS trade #6219: KXATPMATCH-26FEB13DEVAN-VAN | no | count=365.00 | yes=55c
Kalshi WS trade #6220: KXATPMATCH-26FEB13DEVAN-DE | no | count=15.00 | yes=45c
Kalshi WS trade #6221: KXATPMATCH-26FEB13DEVAN-DE | no | count=457.00 | yes=45c
Kalshi WS trade #6222: KXATPMATCH-26FEB13DEVAN-DE | no | count=50.00 | yes=45c
Kalshi WS trade #6223: KXATPMATCH-26FEB13DEVAN-VAN | yes | count=1500.00 | yes=55c
Kalshi WS trade #6224: KXATPMATCH-26FEB13DEVAN-DE | no | count=50.00 | yes=45c
Kalshi WS trade #6225: KXATPCHALLENGERMATCH-26FEB13LLAMIK-LLA | yes | count=490.00 | yes=93c
Kalshi WS trade #6226: KXATPMATCH-26FEB13DEVAN-DE | yes | count=50.00 | yes=46c
Kalshi WS trade #6227: KXATPMATCH-26FEB13DEVAN-VAN | yes | count=12.00 | yes=55c
Kalshi WS trade #6228: KXATPCHALLENGERMATCH-26FEB13LLAMIK-MIK | no | count=123.00 | yes=6c
Kalshi WS trade #6229: KXATPMATCH-26FEB13DEVAN-VAN | yes | count=799.00 | yes=55c
Kalshi WS trade #6230: KXATPCHALLENGERMATCH-26FEB13LLAMIK-LLA | yes | count=8.00 | yes=94c
Kalshi WS trade #6231: KXNCAAWBGAME-26FEB14SCARLSU-LSU | yes | count=5.00 | yes=40c
Kalshi WS trade #6232: KXATPCHALLENGERMATCH-26FEB13TRAMOR-MOR | yes | count=5.00 | yes=92c
Kalshi WS trade #6233: KXBTCD-26FEB1310-T67749.99 | no | count=100.00 | yes=21c
Kalshi WS trade #6234: KXBTCD-26FEB1310-T67749.99 | no | count=90.00 | yes=21c
Kalshi WS trade #6235: KXBTCD-26FEB1310-T67499.99 | no | count=22.00 | yes=74c
Kalshi WS trade #6236: KXBTCD-26FEB1310-T67749.99 | yes | count=2.00 | yes=22c
Kalshi WS trade #6237: KXNCAAMBGAME-26FEB13CORPRIN-COR | yes | count=10.00 | yes=62c
Kalshi WS trade #6238: KXHIGHCHI-26FEB13-B52.5 | yes | count=26.00 | yes=45c
Kalshi WS trade #6239: KXHIGHCHI-26FEB13-B52.5 | yes | count=15.00 | yes=45c
Kalshi WS trade #6240: KXHIGHCHI-26FEB13-B52.5 | yes | count=8.00 | yes=45c
Kalshi WS trade #6241: KXATPCHALLENGERMATCH-26FEB13LLAMIK-MIK | yes | count=10.00 | yes=9c
Kalshi WS trade #6242: KXATPMATCH-26FEB13DEVAN-VAN | yes | count=238.00 | yes=55c
Kalshi WS trade #6243: KXETH15M-26FEB131000-00 | no | count=2.00 | yes=93c
Kalshi WS trade #6244: KXWTACHALLENGERMATCH-26FEB13STEJOR-STE | yes | count=1.00 | yes=65c
Kalshi WS trade #6245: KXATPCHALLENGERMATCH-26FEB13TRAMOR-TRA | no | count=59.00 | yes=9c
Kalshi WS trade #6246: KXATPCHALLENGERMATCH-26FEB13TRAMOR-TRA | no | count=14.00 | yes=8c
Kalshi WS trade #6247: KXBTC-26FEB1310-B67875 | yes | count=50.00 | yes=17c
Kalshi WS trade #6248: KXETH-26FEB1310-B1980 | yes | count=50.00 | yes=80c
Kalshi WS trade #6249: KXINXU-26FEB13H1000-T6819.9999 | yes | count=1.00 | yes=64c
Kalshi WS trade #6250: KXINXU-26FEB13H1000-T6819.9999 | yes | count=20.00 | yes=65c
Poly WS trade #126: asset=47283790556415459233... | SELL | size=1101.1 | price=0.999
Kalshi WS trade #6251: KXBTC15M-26FEB131000-00 | no | count=93.00 | yes=99c
Kalshi WS trade #6252: KXATPCHALLENGERMATCH-26FEB13LLAMIK-MIK | no | count=77.00 | yes=6c
Kalshi WS trade #6253: KXNCAAMBGAME-26FEB13MSUWIS-MSU | yes | count=76.00 | yes=56c
Kalshi WS trade #6254: KXSIXNATIONSMATCH-26FEB15FRAWAL-FRA | yes | count=19.00 | yes=97c
Kalshi WS trade #6255: KXSOL15M-26FEB131000-00 | no | count=1.00 | yes=90c
Kalshi WS trade #6256: KXBTCD-26FEB1310-T67749.99 | yes | count=56.00 | yes=22c
Kalshi WS trade #6257: KXMVESPORTSMULTIGAMEEXTENDED-S2026C58E0258DE6-DD6F3B37836 | yes | count=17.00 | yes=23c
Kalshi WS trade #6258: KXKHLGAME-26FEB130900METSAL-SAL | yes | count=7.00 | yes=60c
Poly WS trade #127: asset=11396725528572998309... | SELL | size=100 | price=0.005
Kalshi WS trade #6259: KXETHD-26FEB1310-T1989.99 | yes | count=4.00 | yes=22c
Kalshi WS trade #6260: KXETHD-26FEB1310-T1989.99 | yes | count=50.00 | yes=22c
Poly WS trade #128: asset=20939351535690701474... | BUY | size=30.34 | price=0.967
Kalshi WS trade #6261: KXT20MATCH-26FEB13NEDUSA-NED | yes | count=100.00 | yes=19c
Kalshi WS trade #6262: KXT20MATCH-26FEB13NEDUSA-USA | yes | count=50.00 | yes=81c
Kalshi WS trade #6263: KXT20MATCH-26FEB13NEDUSA-USA | yes | count=500.00 | yes=81c
Kalshi WS trade #6264: KXT20MATCH-26FEB13NEDUSA-USA | yes | count=413.00 | yes=81c
Kalshi WS trade #6265: KXGOVTSHUTDOWN-26FEB14 | no | count=37.00 | yes=88c
Kalshi WS trade #6266: KXATPCHALLENGERMATCH-26FEB13LLAMIK-LLA | no | count=84.00 | yes=89c
Kalshi WS trade #6267: KXATPCHALLENGERMATCH-26FEB13LLAMIK-LLA | no | count=190.00 | yes=89c
Kalshi WS trade #6268: KXHIGHTATL-26FEB13-B62.5 | no | count=9.00 | yes=43c
Kalshi WS trade #6269: KXATPCHALLENGERMATCH-26FEB13LLAMIK-MIK | yes | count=179.00 | yes=9c
Kalshi WS trade #6270: KXATPCHALLENGERMATCH-26FEB13LLAMIK-MIK | yes | count=11.00 | yes=9c
Kalshi WS trade #6271: KXETH15M-26FEB131000-00 | yes | count=1.00 | yes=95c
Kalshi WS trade #6272: KXLIGUE1GAME-26FEB13RENPSG-PSG | yes | count=8.00 | yes=70c
Kalshi WS trade #6273: KXBTCD-26FEB1317-T67999.99 | no | count=42.00 | yes=35c
INFO:     35.145.33.17:0 - "GET /api/markets HTTP/1.1" 200 OK
Kalshi WS trade #6274: KXUCLGAME-26FEB17BENRMA-RMA | yes | count=3.00 | yes=52c
Kalshi WS trade #6275: KXSERIEASPREAD-26FEB13PISACM-ACM1 | yes | count=26.00 | yes=36c
Kalshi WS trade #6276: KXBTCD-26FEB1310-T67999.99 | no | count=10.00 | yes=2c
Kalshi WS trade #6277: KXOSCARSPLAY-26-SIN | yes | count=200.00 | yes=81c
Kalshi WS trade #6278: KXATPCHALLENGERMATCH-26FEB13TABECH-ECH | yes | count=200.00 | yes=40c
Kalshi WS trade #6279: KXT20MATCH-26FEB13NEDUSA-NED | yes | count=149.00 | yes=19c
Kalshi WS trade #6280: KXWTAMATCH-26FEB13COCVEK-VEK | yes | count=9.00 | yes=19c
Kalshi WS trade #6281: KXATPCHALLENGERMATCH-26FEB13LLAMIK-LLA | yes | count=112.00 | yes=94c
Kalshi WS trade #6282: KXATPCHALLENGERMATCH-26FEB13LLAMIK-LLA | yes | count=100.00 | yes=94c
Kalshi WS trade #6283: KXATPCHALLENGERMATCH-26FEB13LLAMIK-LLA | yes | count=120.00 | yes=95c
Kalshi WS trade #6284: KXATPMATCH-26FEB13DEVAN-VAN | yes | count=88.00 | yes=55c
Kalshi WS trade #6285: KXATPCHALLENGERMATCH-26FEB13LLAMIK-MIK | no | count=310.00 | yes=6c
Kalshi WS trade #6286: KXBTCD-26FEB1310-T67499.99 | no | count=39.00 | yes=72c
Kalshi WS trade #6287: KXT20MATCH-26FEB13NEDUSA-NED | yes | count=75.00 | yes=19c
Kalshi WS trade #6288: KXBTCD-26FEB1310-T67749.99 | yes | count=25.00 | yes=22c
Kalshi WS trade #6289: KXATPCHALLENGERMATCH-26FEB13LLAMIK-LLA | yes | count=89.00 | yes=94c
Kalshi WS trade #6290: KXLIVTOUR-LIGA26-JRAH | yes | count=20.00 | yes=56c
Kalshi WS trade #6291: KXATPCHALLENGERMATCH-26FEB13TRAMOR-TRA | yes | count=31.00 | yes=15c
Kalshi WS trade #6292: KXBTC-26FEB1310-B67625 | yes | count=9.00 | yes=53c
Kalshi WS trade #6293: KXWTACHALLENGERMATCH-26FEB13CHWLAM-CHW | yes | count=131.00 | yes=90c
Kalshi WS trade #6294: KXINXY-26DEC31H1600-B7500 | yes | count=498.00 | yes=12c
Kalshi WS trade #6295: KXINXY-26DEC31H1600-B7500 | yes | count=2.00 | yes=12c
INFO:     35.145.33.17:0 - "GET /api/spreads?min_spread_pct=0.05 HTTP/1.1" 200 OK
Kalshi WS trade #6296: KXWTAMATCH-26FEB13COCVEK-VEK | no | count=132.00 | yes=16c
Kalshi WS trade #6297: KXBTC15M-26FEB131000-00 | no | count=1000.00 | yes=99c
Kalshi WS trade #6298: KXMVESPORTSMULTIGAMEEXTENDED-S2026288230800C0-BED01DEEFAC | yes | count=116.00 | yes=24c
Kalshi WS trade #6299: KXMVESPORTSMULTIGAMEEXTENDED-S2026004DCA51A3C-2E3E951CA5A | yes | count=28.00 | yes=33c
Kalshi WS trade #6300: KXWTACHALLENGERMATCH-26FEB13CHWLAM-LAM | no | count=50.00 | yes=9c
Kalshi WS trade #6301: KXNCAABASEBALL-26-USM | yes | count=468.00 | yes=4c
Kalshi WS trade #6302: KXWTAMATCH-26FEB13COCVEK-COC | yes | count=31.00 | yes=82c
Kalshi WS trade #6303: KXBTC-26FEB1310-B67875 | yes | count=50.00 | yes=18c
Kalshi WS trade #6304: KXBTC-26FEB1310-B67875 | yes | count=200.00 | yes=19c
Kalshi WS trade #6305: KXBTC-26FEB1310-B67875 | yes | count=200.00 | yes=19c
Kalshi WS trade #6306: KXBTC-26FEB1310-B67875 | yes | count=50.00 | yes=19c
Kalshi WS trade #6307: KXBTCD-26FEB1310-T67749.99 | yes | count=100.00 | yes=22c
Kalshi WS trade #6308: KXBTCD-26FEB1310-T67749.99 | yes | count=50.00 | yes=23c
Kalshi WS trade #6309: KXBTCD-26FEB1310-T67749.99 | yes | count=70.00 | yes=23c
Kalshi WS trade #6310: KXETH-26FEB1310-B2000 | no | count=50.00 | yes=22c
Kalshi WS trade #6311: KXNBA3PTCONTEST-26-TMAX | yes | count=15.00 | yes=12c
Kalshi WS trade #6312: KXBUNDESLIGA2GAME-26FEB13F95PMU-F95 | yes | count=5.00 | yes=50c
Kalshi WS trade #6313: KXBUNDESLIGA2GAME-26FEB13F95PMU-F95 | yes | count=4.00 | yes=50c
Kalshi WS trade #6314: KXXRP15M-26FEB131000-00 | yes | count=1.00 | yes=90c
Kalshi WS trade #6315: KXATPCHALLENGERMATCH-26FEB13LLAMIK-MIK | no | count=16.00 | yes=6c
Kalshi WS trade #6316: KXEUROLEAGUEGAME-26FEB131300HTAZAL-ZAL | yes | count=34.00 | yes=58c
Kalshi WS trade #6317: KXEUROLEAGUEGAME-26FEB131300HTAZAL-ZAL | yes | count=5.00 | yes=58c
Kalshi WS trade #6318: KXEUROLEAGUEGAME-26FEB131300HTAZAL-ZAL | yes | count=100.00 | yes=58c
Kalshi WS trade #6319: KXEUROLEAGUEGAME-26FEB131300HTAZAL-ZAL | yes | count=100.00 | yes=58c
Kalshi WS trade #6320: KXEUROLEAGUEGAME-26FEB131300HTAZAL-ZAL | yes | count=331.00 | yes=59c
Kalshi WS trade #6321: KXEUROLEAGUEGAME-26FEB131300HTAZAL-ZAL | yes | count=85.00 | yes=59c
Kalshi WS trade #6322: KXATPMATCH-26FEB13DEVAN-VAN | no | count=10.00 | yes=54c
Kalshi WS trade #6323: KXATPMATCH-26FEB13DEVAN-VAN | no | count=43.00 | yes=53c
Kalshi WS trade #6324: KXBTCD-26FEB1310-T67749.99 | no | count=90.00 | yes=22c
Kalshi WS trade #6325: KXBTCD-26FEB1310-T67749.99 | no | count=100.00 | yes=21c
Kalshi WS trade #6326: KXBTCD-26FEB1310-T67749.99 | no | count=100.00 | yes=21c
Kalshi WS trade #6327: KXBTCD-26FEB1310-T67749.99 | no | count=50.00 | yes=19c
Kalshi WS trade #6328: KXBTCD-26FEB1310-T67749.99 | no | count=263.00 | yes=19c
Kalshi WS trade #6329: KXNCAAMBGAME-26FEB14UCLAMICH-UCLA | yes | count=10.00 | yes=12c
Kalshi WS trade #6330: KXNCAAMBGAME-26FEB13IONACAN-IONA | yes | count=50.00 | yes=68c
Kalshi WS trade #6331: KXBTCD-26FEB1317-T67999.99 | yes | count=20.00 | yes=36c
Kalshi WS trade #6332: KXSAUDIPLTOTAL-26FEB13ITJFAY-2 | yes | count=13.00 | yes=57c
Kalshi WS trade #6333: KXBTCD-26FEB1310-T67749.99 | no | count=3.00 | yes=20c
Kalshi WS trade #6334: KXBTC15M-26FEB131000-00 | no | count=5.00 | yes=99c
Kalshi WS trade #6335: KXBTCD-26FEB1310-T67749.99 | no | count=168.00 | yes=20c
Kalshi WS trade #6336: KXBTCD-26FEB1310-T67999.99 | no | count=61.00 | yes=2c
Kalshi WS trade #6337: KXBTCD-26FEB1310-T67749.99 | yes | count=8.00 | yes=23c
Kalshi WS trade #6338: KXATPCHALLENGERMATCH-26FEB13LLAMIK-LLA | no | count=94.00 | yes=89c
Kalshi WS trade #6339: KXINXU-26FEB13H1000-T6839.9999 | no | count=20.00 | yes=3c
Kalshi WS trade #6340: KXINXU-26FEB13H1000-T6839.9999 | no | count=30.00 | yes=2c
Kalshi WS trade #6341: KXBTCD-26FEB1310-T67749.99 | no | count=29.00 | yes=20c
Kalshi WS trade #6342: KXBTCD-26FEB1310-T67749.99 | no | count=1.00 | yes=19c
Kalshi WS trade #6343: KXATPCHALLENGERMATCH-26FEB13LLAMIK-MIK | no | count=53.00 | yes=6c
Kalshi WS trade #6344: KXEARNINGSMENTIONDKNG-26JUN30-FEAT | yes | count=93.00 | yes=1c
Kalshi WS trade #6345: KXATPCHALLENGERMATCH-26FEB13LLAMIK-LLA | yes | count=11.00 | yes=94c
Kalshi WS trade #6346: KXATPCHALLENGERMATCH-26FEB13LLAMIK-LLA | yes | count=94.00 | yes=94c
Kalshi WS trade #6347: KXSENATETXR-26-KP | no | count=4.00 | yes=70c
Kalshi WS trade #6348: KXATPMATCH-26FEB13DEVAN-VAN | yes | count=88.00 | yes=53c
Kalshi WS trade #6349: KXATPMATCH-26FEB13DEVAN-VAN | yes | count=669.00 | yes=53c
Kalshi WS trade #6350: KXATPCHALLENGERMATCH-26FEB13TRAMOR-TRA | yes | count=100.00 | yes=15c
Kalshi WS trade #6351: KXATPCHALLENGERMATCH-26FEB13TRAMOR-TRA | yes | count=169.00 | yes=15c
Kalshi WS trade #6352: KXBTC-26FEB1310-B67875 | no | count=18.00 | yes=19c
Kalshi WS trade #6353: KXBTC-26FEB1310-B67875 | no | count=50.00 | yes=19c
Kalshi WS trade #6354: KXWTAMATCH-26FEB13COCVEK-COC | no | count=14.00 | yes=80c
Kalshi WS trade #6355: KXATPMATCH-26FEB13DEVAN-VAN | yes | count=181.00 | yes=53c
Kalshi WS trade #6356: KXBTCD-26FEB1310-T67749.99 | no | count=7.00 | yes=21c
Kalshi WS trade #6357: KXSAUDIPLTOTAL-26FEB13HILITT-4 | yes | count=57.00 | yes=33c
Kalshi WS trade #6358: KXWTAMATCH-26FEB13COCVEK-COC | yes | count=10.00 | yes=82c
Kalshi WS trade #6359: KXATPCHALLENGERMATCH-26FEB13TABECH-ECH | yes | count=23.00 | yes=40c
Kalshi WS trade #6360: KXNASDAQ100U-26FEB13H1000-T24699.99 | no | count=1.00 | yes=6c
Kalshi WS trade #6361: KXPGATOUR-ATPBP26-RHIS | yes | count=23.00 | yes=8c
Kalshi WS trade #6362: KXLIGUE1GAME-26FEB13RENPSG-PSG | yes | count=136.00 | yes=70c
Kalshi WS trade #6363: KXWTAMATCH-26FEB13OSTMBO-OST | yes | count=12.00 | yes=34c
Kalshi WS trade #6364: KXT20MATCH-26FEB13NEDUSA-NED | yes | count=75.00 | yes=19c
Kalshi WS trade #6365: KXATPCHALLENGERMATCH-26FEB13LLAMIK-MIK | no | count=1.00 | yes=6c
Kalshi WS trade #6366: KXATPMATCH-26FEB13DEVAN-VAN | no | count=799.00 | yes=52c
Kalshi WS trade #6367: KXBTCD-26FEB1310-T67749.99 | no | count=169.00 | yes=21c
Kalshi WS trade #6368: KXSERIEAGAME-26FEB13PISACM-ACM | yes | count=7.00 | yes=62c
Kalshi WS trade #6369: KXBTCD-26FEB1310-T67749.99 | no | count=24.00 | yes=21c
Kalshi WS trade #6370: KXBTCD-26FEB1310-T67749.99 | no | count=4.00 | yes=20c
Kalshi WS trade #6371: KXATPMATCH-26FEB13DEVAN-VAN | yes | count=35.00 | yes=53c
Kalshi WS trade #6372: KXPGATOUR-ATPBP26-KBRA | yes | count=18.00 | yes=9c
Kalshi WS trade #6373: KXWTACHALLENGERMATCH-26FEB13STEJOR-JOR | no | count=3.00 | yes=36c
Kalshi WS trade #6374: KXWTACHALLENGERMATCH-26FEB13STEJOR-JOR | no | count=1312.00 | yes=36c
Kalshi WS trade #6375: KXETHD-26FEB1310-T1989.99 | yes | count=4.00 | yes=25c
Kalshi WS trade #6376: KXETH15M-26FEB131000-00 | yes | count=79.00 | yes=95c
Kalshi WS trade #6377: KXXRP15M-26FEB131000-00 | yes | count=56.00 | yes=90c
Kalshi WS trade #6378: KXBTCD-26FEB1310-T68249.99 | yes | count=5.00 | yes=1c
Kalshi WS trade #6379: KXXRP15M-26FEB131000-00 | yes | count=22.00 | yes=90c
Kalshi WS trade #6380: KXATPMATCH-26FEB13DEVAN-VAN | yes | count=1.00 | yes=53c
Kalshi WS trade #6381: KXNCAAMBGAME-26FEB13MSUWIS-MSU | yes | count=69.00 | yes=56c
Kalshi WS trade #6382: KXBTC15M-26FEB131000-00 | no | count=10.00 | yes=99c
Kalshi WS trade #6383: KXATPCHALLENGERMATCH-26FEB13LLAMIK-MIK | no | count=24.00 | yes=6c
Kalshi WS trade #6384: KXBTCD-26FEB1310-T67499.99 | no | count=90.00 | yes=78c
Kalshi WS trade #6385: KXBTCD-26FEB1310-T67499.99 | no | count=20.00 | yes=78c
Kalshi WS trade #6386: KXBTCD-26FEB1310-T67499.99 | no | count=80.00 | yes=77c
Kalshi WS trade #6387: KXBTCD-26FEB1310-T67499.99 | no | count=100.00 | yes=77c
Kalshi WS trade #6388: KXBTCD-26FEB1310-T67499.99 | no | count=110.00 | yes=77c
Poly WS trade #129: asset=43946269812975261940... | SELL | size=200.85 | price=0.76
Kalshi WS trade #6389: KXATPCHALLENGERMATCH-26FEB13TRAMOR-TRA | yes | count=22.00 | yes=15c
Kalshi WS trade #6390: KXR6GAME-26FEB13SECRETWCG-WCG | yes | count=114.00 | yes=32c
Kalshi WS trade #6391: KXWO-GOLD-26-USA | yes | count=6.00 | yes=13c
Kalshi WS trade #6392: KXHIGHTMIN-26FEB13-T42 | no | count=1.00 | yes=1c
Kalshi WS trade #6393: KXLOLGAME-26FEB14VKSLEV-VKS | yes | count=10.00 | yes=74c
Kalshi WS trade #6394: KXNCAAWBGAME-26FEB13HARVYALE-YALE | yes | count=11.00 | yes=8c
Kalshi WS trade #6395: KXBTC-26FEB1310-B67875 | yes | count=22.00 | yes=21c
Kalshi WS trade #6396: KXNCAAWBGAME-26FEB13HARVYALE-HARV | no | count=11.00 | yes=93c
Kalshi WS trade #6397: KXATPCHALLENGERMATCH-26FEB13LLAMIK-MIK | no | count=35.00 | yes=6c
Kalshi WS trade #6398: KXWTAMATCH-26FEB13COCVEK-COC | no | count=104.00 | yes=80c
Kalshi WS trade #6399: KXBTCD-26FEB1310-T67749.99 | no | count=79.00 | yes=22c
Kalshi WS trade #6400: KXATPMATCH-26FEB13DEVAN-DE | yes | count=10.00 | yes=48c
Kalshi WS trade #6401: KXATPMATCH-26FEB13DEVAN-DE | yes | count=59.00 | yes=49c
Kalshi WS trade #6402: KXWTAMATCH-26FEB13COCVEK-VEK | no | count=77.00 | yes=16c
Kalshi WS trade #6403: KXWTAMATCH-26FEB13COCVEK-VEK | yes | count=49.00 | yes=19c
Kalshi WS trade #6404: KXTRUMPMENTION-26FEB14-BIDE | no | count=11.00 | yes=76c
Kalshi WS trade #6405: KXNASDAQ100U-26FEB13H1000-T24699.99 | yes | count=1.00 | yes=10c
Kalshi WS trade #6406: KXFEDDECISION-26MAR-C26 | yes | count=17.00 | yes=2c
Kalshi WS trade #6407: KXBTC15M-26FEB131000-00 | no | count=34.00 | yes=99c
Kalshi WS trade #6408: KXBTCD-26FEB1310-T67749.99 | yes | count=12.00 | yes=23c
Kalshi WS trade #6409: KXCABOUT-29JAN-PBON | yes | count=197.00 | yes=24c
Kalshi WS trade #6410: KXBTCD-26FEB1310-T67749.99 | yes | count=1.00 | yes=25c
Kalshi WS trade #6411: KXBTCD-26FEB1310-T67499.99 | no | count=1.00 | yes=78c
Kalshi WS trade #6412: KXATPMATCH-26FEB13DEVAN-VAN | yes | count=18.00 | yes=53c
Kalshi WS trade #6413: KXATPMATCH-26FEB13DEVAN-DE | no | count=4.00 | yes=47c
Kalshi WS trade #6414: KXT20MATCH-26FEB16SRIAUS-SRI | yes | count=33.00 | yes=28c
Kalshi WS trade #6415: KXSAUDIPLTOTAL-26FEB13HILITT-3 | no | count=14.00 | yes=52c
Kalshi WS trade #6416: KXBTCMAX100-26-FEB | yes | count=3627.00 | yes=3c
Kalshi WS trade #6417: KXBTC15M-26FEB131000-00 | no | count=93.00 | yes=99c
Kalshi WS trade #6418: KXATPCHALLENGERMATCH-26FEB13TRAMOR-MOR | yes | count=129.00 | yes=92c
Kalshi WS trade #6419: KXWTAMATCH-26FEB13COCVEK-VEK | no | count=198.00 | yes=17c
Kalshi WS trade #6420: KXWTAMATCH-26FEB13COCVEK-VEK | no | count=50.00 | yes=17c
Kalshi WS trade #6421: KXWTAMATCH-26FEB13COCVEK-VEK | no | count=50.00 | yes=17c
Kalshi WS trade #6422: KXWTAMATCH-26FEB13COCVEK-VEK | no | count=74.00 | yes=16c
Kalshi WS trade #6423: KXWTACHALLENGERMATCH-26FEB13CHWLAM-CHW | yes | count=25.00 | yes=92c
Kalshi WS trade #6424: KXWTACHALLENGERMATCH-26FEB13CHWLAM-CHW | yes | count=29.00 | yes=92c
Kalshi WS trade #6425: KXWTAMATCH-26FEB13COCVEK-VEK | yes | count=128.00 | yes=16c
Kalshi WS trade #6426: KXWTAMATCH-26FEB13COCVEK-COC | yes | count=128.00 | yes=82c
Kalshi WS trade #6427: KXBTCD-26FEB1310-T67999.99 | no | count=221.00 | yes=2c
Kalshi WS trade #6428: KXBTCD-26FEB1310-T67999.99 | no | count=10.00 | yes=2c
Kalshi WS trade #6429: KXBTCD-26FEB1310-T67999.99 | no | count=200.00 | yes=2c
Kalshi WS trade #6430: KXBTCD-26FEB1310-T67999.99 | no | count=500.00 | yes=2c
Kalshi WS trade #6431: KXBTCD-26FEB1310-T67999.99 | no | count=83.00 | yes=2c
Kalshi WS trade #6432: KXBTCD-26FEB1310-T67499.99 | yes | count=3.00 | yes=81c
Kalshi WS trade #6433: KXETHD-26FEB1310-T1989.99 | yes | count=4.00 | yes=26c
Kalshi WS trade #6434: KXNASDAQ100U-26FEB13H1000-T24599.99 | yes | count=1.00 | yes=82c
Kalshi WS trade #6435: KXWTAMATCH-26FEB13COCVEK-COC | yes | count=12.00 | yes=82c
Kalshi WS trade #6436: KXWOMHOCKEYTOTAL-26FEB13FRACZE-6 | no | count=247.00 | yes=43c
Kalshi WS trade #6437: KXLIGUE1GAME-26FEB13ASMFCN-FCN | yes | count=5.00 | yes=14c
Kalshi WS trade #6438: KXWTAMATCH-26FEB13COCVEK-COC | yes | count=102.00 | yes=82c
Kalshi WS trade #6439: KXWTAMATCH-26FEB13COCVEK-COC | yes | count=26.00 | yes=82c
Kalshi WS trade #6440: KXT20MATCH-26FEB13NEDUSA-NED | yes | count=75.00 | yes=19c
Kalshi WS trade #6441: KXATPCHALLENGERMATCH-26FEB13LLAMIK-LLA | no | count=290.00 | yes=90c
Kalshi WS trade #6442: KXATPCHALLENGERMATCH-26FEB13LLAMIK-LLA | no | count=660.00 | yes=89c
Kalshi WS trade #6443: KXU3MAX-27-5 | no | count=18.00 | yes=32c
Kalshi WS trade #6444: KXU3MAX-27-5 | no | count=145.00 | yes=32c
Kalshi WS trade #6445: KXATPCHALLENGERMATCH-26FEB13LLAMIK-MIK | yes | count=120.00 | yes=7c
Kalshi WS trade #6446: KXATPCHALLENGERMATCH-26FEB13LLAMIK-MIK | yes | count=170.00 | yes=7c
Kalshi WS trade #6447: KXWOSSKATE-M10K26MEDAL-SEIT | yes | count=500.00 | yes=49c
Kalshi WS trade #6448: KXBTCD-26FEB1310-T67749.99 | no | count=19.00 | yes=25c
Kalshi WS trade #6449: KXBERNIEMENTION-26FEB14-PAYC | no | count=4.00 | yes=81c
Kalshi WS trade #6450: KXBTCD-26FEB1310-T67749.99 | no | count=180.00 | yes=25c
Kalshi WS trade #6451: KXBTCD-26FEB1310-T67749.99 | no | count=50.00 | yes=24c
Kalshi WS trade #6452: KXBTCD-26FEB1310-T67749.99 | no | count=52.00 | yes=23c
Kalshi WS trade #6453: KXSAUDIPLGAME-26FEB13HILITT-HIL | yes | count=116.00 | yes=85c
Kalshi WS trade #6454: KXT20MATCH-26FEB15NEPWI-NEP | yes | count=11.00 | yes=16c
Kalshi WS trade #6455: KXINXU-26FEB13H1600-T6849.9999 | yes | count=60.00 | yes=40c
Kalshi WS trade #6456: KXINXU-26FEB13H1600-T6849.9999 | yes | count=3.00 | yes=40c
Kalshi WS trade #6457: KXALIENS-27 | yes | count=26.00 | yes=18c
Kalshi WS trade #6458: KXBTC-26FEB1310-B67625 | yes | count=17.00 | yes=54c
Poly WS trade #130: asset=48458075019957098166... | BUY | size=162 | price=0.994
Kalshi WS trade #6459: KXT20MATCH-26FEB13NEDUSA-USA | no | count=90.00 | yes=80c
Kalshi WS trade #6460: KXT20MATCH-26FEB13NEDUSA-USA | no | count=1000.00 | yes=80c
Kalshi WS trade #6461: KXINXU-26FEB13H1000-T6849.9999 | no | count=300.00 | yes=4c
Kalshi WS trade #6462: KXWOHOCKEY-MEN26MEDAL-USA | yes | count=250.00 | yes=83c
Kalshi WS trade #6463: KXNCAAMBTOTAL-26FEB13MANNIAG-131 | yes | count=1.00 | yes=68c
Kalshi WS trade #6464: KXWOCURLGAME-26FEB13CZENOR-NOR | yes | count=8.00 | yes=67c
Kalshi WS trade #6465: KXCABOUT-29JAN-PBON | yes | count=7.00 | yes=24c
Kalshi WS trade #6466: KXATPMATCH-26FEB13DEVAN-VAN | yes | count=374.00 | yes=53c
Kalshi WS trade #6467: KXETH-26FEB1310-B1980 | yes | count=1.00 | yes=82c
Kalshi WS trade #6468: KXTRUMPMENTION-26FEB28-AFFO | yes | count=15.00 | yes=71c
INFO:     35.145.33.17:0 - "GET /api/markets HTTP/1.1" 200 OK
Kalshi WS trade #6469: KXT20MATCH-26FEB13NEDUSA-USA | yes | count=20.00 | yes=81c
Kalshi WS trade #6470: KXEARNINGSMENTIONDKNG-26JUN30-OLYM | yes | count=93.00 | yes=1c
INFO:     35.145.33.17:0 - "GET /api/spreads?min_spread_pct=0.05 HTTP/1.1" 200 OK
Kalshi WS trade #6471: KXBTCD-26FEB1310-T67499.99 | no | count=21.00 | yes=78c
Kalshi WS trade #6472: KXWTAMATCH-26FEB13COCVEK-VEK | yes | count=22.00 | yes=19c
Kalshi WS trade #6473: KXATPMATCH-26FEB13DEVAN-DE | yes | count=70.00 | yes=49c
Kalshi WS trade #6474: KXBTCD-26FEB1310-T67749.99 | no | count=10.00 | yes=26c
Kalshi WS trade #6475: KXWTAMATCH-26FEB13COCVEK-COC | yes | count=24.00 | yes=82c
Kalshi WS trade #6476: KXWTAMATCH-26FEB13COCVEK-COC | yes | count=190.00 | yes=82c
Kalshi WS trade #6477: KXETHD-26FEB1310-T1989.99 | no | count=27.00 | yes=23c
Poly WS trade #131: asset=43946269812975261940... | SELL | size=6 | price=0.758
Kalshi WS trade #6478: KXWTAMATCH-26FEB13COCVEK-COC | no | count=42.00 | yes=80c
Kalshi WS trade #6479: KXBTC-26FEB1310-B67625 | no | count=50.00 | yes=53c
Kalshi WS trade #6480: KXETH-26FEB1310-B1980 | no | count=50.00 | yes=75c
Kalshi WS trade #6481: KXWTACHALLENGERMATCH-26FEB13CHWLAM-LAM | no | count=56.00 | yes=7c
Poly WS trade #132: asset=10255981703463102222... | SELL | size=48 | price=0.92
Kalshi WS trade #6482: KXNASDAQ100U-26FEB13H1000-T24549.99 | no | count=1.00 | yes=93c
Kalshi WS trade #6483: KXBTCD-26FEB1310-T67749.99 | no | count=1.00 | yes=26c
Kalshi WS trade #6484: KXGOVTSHUTDOWN-26FEB14 | yes | count=17.00 | yes=89c
Kalshi WS trade #6485: KXBESSENTMTPMENTION-26FEB14-AI | yes | count=93.00 | yes=1c
Kalshi WS trade #6486: KXBTCD-26FEB1310-T67749.99 | no | count=98.00 | yes=26c
Kalshi WS trade #6487: KXATPCHALLENGERMATCH-26FEB13LLAMIK-MIK | no | count=103.00 | yes=6c
Kalshi WS trade #6488: KXATPMATCH-26FEB13DEVAN-VAN | yes | count=23.00 | yes=53c
Poly WS trade #133: asset=10255981703463102222... | BUY | size=4144 | price=0.93
Kalshi WS trade #6489: KXNCAAMBGAME-26FEB13QUINSIE-QUIN | yes | count=12.00 | yes=39c
Kalshi WS trade #6490: KXT20MATCH-26FEB13NEDUSA-NED | yes | count=1000.00 | yes=19c
Kalshi WS trade #6491: KXNASDAQ100U-26FEB13H1000-T24539.99 | no | count=2.00 | yes=95c
Kalshi WS trade #6492: KXATPMATCH-26FEB13DEVAN-DE | yes | count=206.00 | yes=49c
Kalshi WS trade #6493: KXATPMATCH-26FEB13DEVAN-DE | yes | count=89.00 | yes=49c
Kalshi WS trade #6494: KXMVESPORTSMULTIGAMEEXTENDED-S20263ED74B38A41-B54F82AD17C | yes | count=9.00 | yes=20c
Kalshi WS trade #6495: KXINXU-26FEB13H1000-T6819.9999 | no | count=10.00 | yes=48c
Kalshi WS trade #6496: KXNBACELEBRITY3PT-26-WILL | yes | count=34.00 | yes=4c
Kalshi WS trade #6497: KXNBACELEBRITY3PT-26-WILL | yes | count=24.00 | yes=6c
Kalshi WS trade #6498: KXBTCD-26FEB1310-T67749.99 | no | count=61.00 | yes=25c
Kalshi WS trade #6499: KXBTCD-26FEB1317-T64999.99 | yes | count=1.00 | yes=96c
Kalshi WS trade #6500: KXGOVTSHUTLENGTH-26FEB07-G20 | yes | count=83.00 | yes=42c
Kalshi WS trade #6501: KXGOVTSHUTLENGTH-26FEB07-G20 | yes | count=1.00 | yes=43c
Kalshi WS trade #6502: KXGOVTSHUTLENGTH-26FEB07-G20 | yes | count=21.00 | yes=44c
Kalshi WS trade #6503: KXGOVTSHUTLENGTH-26FEB07-G20 | yes | count=29.00 | yes=44c
Kalshi WS trade #6504: KXBTCD-26FEB1310-T67999.99 | no | count=200.00 | yes=2c
Kalshi WS trade #6505: KXBTCD-26FEB1310-T67999.99 | no | count=100.00 | yes=2c
Kalshi WS trade #6506: KXATPMATCH-26FEB13DEVAN-DE | yes | count=197.00 | yes=49c
Kalshi WS trade #6507: KXETH-26FEB1310-B1980 | no | count=50.00 | yes=78c
Kalshi WS trade #6508: KXHIGHTBOS-26FEB13-B33.5 | no | count=25.00 | yes=13c
Kalshi WS trade #6509: KXT20MATCH-26FEB13NEDUSA-NED | yes | count=75.00 | yes=19c
Kalshi WS trade #6510: KXBTC-26FEB1310-B67375 | yes | count=14.00 | yes=20c
Kalshi WS trade #6511: KXNASCARRACE-FREFF26-LARI | yes | count=16.00 | yes=9c
Kalshi WS trade #6512: KXINXU-26FEB13H1000-T6849.9999 | no | count=1.00 | yes=5c
Kalshi WS trade #6513: KXGOVTSHUTDOWN-26FEB14 | no | count=91.00 | yes=88c
Kalshi WS trade #6514: KXGOVTSHUTDOWN-26FEB14 | no | count=50.00 | yes=88c
Kalshi WS trade #6515: KXGOVTSHUTDOWN-26FEB14 | no | count=643.00 | yes=88c
Kalshi WS trade #6516: KXATPMATCH-26FEB13DEVAN-DE | yes | count=80.00 | yes=49c
Kalshi WS trade #6517: KXNCAAMBGAME-26FEB13MSUWIS-WIS | yes | count=350.00 | yes=47c
Kalshi WS trade #6518: KXMVESPORTSMULTIGAMEEXTENDED-S2026184C0D5B3C9-34B493CF7D1 | yes | count=2.00 | yes=42c
Kalshi WS trade #6519: KXMVESPORTSMULTIGAMEEXTENDED-S2026ED823FE3902-B374D17FD2F | yes | count=338.00 | yes=2c
Kalshi WS trade #6520: KXBTCD-26FEB1310-T67249.99 | yes | count=24.00 | yes=98c
Kalshi WS trade #6521: KXWTAMATCH-26FEB13COCVEK-VEK | no | count=51.00 | yes=15c
Kalshi WS trade #6522: KXBTC-26FEB1310-B67875 | yes | count=50.00 | yes=22c
Kalshi WS trade #6523: CONTROLH-2026-D | yes | count=315.00 | yes=78c
Kalshi WS trade #6524: KXWTACHALLENGERMATCH-26FEB13STEJOR-STE | yes | count=36.00 | yes=68c
Kalshi WS trade #6525: KXWTACHALLENGERMATCH-26FEB13STEJOR-STE | yes | count=8.00 | yes=68c
Kalshi WS trade #6526: KXATPCHALLENGERMATCH-26FEB13TABECH-TAB | yes | count=39.00 | yes=61c
Kalshi WS trade #6527: KXETH-26FEB1310-B1980 | no | count=50.00 | yes=79c
Kalshi WS trade #6528: KXATPCHALLENGERMATCH-26FEB13TABECH-ECH | yes | count=23.00 | yes=40c
Kalshi WS trade #6529: KXBTCD-26FEB1310-T67749.99 | no | count=50.00 | yes=26c
Kalshi WS trade #6530: KXBTCD-26FEB1310-T67749.99 | no | count=123.00 | yes=26c
Kalshi WS trade #6531: KXWTAMATCH-26FEB13COCVEK-COC | yes | count=1801.00 | yes=82c
Kalshi WS trade #6532: KXBTCD-26FEB1310-T67249.99 | no | count=139.00 | yes=97c
Kalshi WS trade #6533: KXBTCD-26FEB1310-T67249.99 | yes | count=71.00 | yes=98c
Kalshi WS trade #6534: KXBTCD-26FEB1310-T67499.99 | yes | count=10.00 | yes=84c
Kalshi WS trade #6535: KXBTCD-26FEB1310-T67499.99 | yes | count=90.00 | yes=84c
Kalshi WS trade #6536: KXBTCD-26FEB1310-T67499.99 | yes | count=90.00 | yes=84c
Kalshi WS trade #6537: KXLIVTOUR-LIGA26-BDEC | yes | count=23.00 | yes=20c
Kalshi WS trade #6538: KXBTC15M-26FEB131000-00 | no | count=68.00 | yes=99c
Kalshi WS trade #6539: KXT20MATCH-26FEB13NEDUSA-USA | no | count=82.00 | yes=80c
Kalshi WS trade #6540: KXT20MATCH-26FEB13NEDUSA-USA | no | count=30.00 | yes=80c
Kalshi WS trade #6541: KXATPMATCH-26FEB13DEVAN-DE | yes | count=3977.00 | yes=49c
Kalshi WS trade #6542: KXATPMATCH-26FEB13DEVAN-DE | yes | count=23.00 | yes=49c
Kalshi WS trade #6543: KXBTCD-26FEB1310-T67749.99 | no | count=58.00 | yes=25c
Kalshi WS trade #6544: KXWTAMATCH-26FEB13COCVEK-VEK | yes | count=99.00 | yes=19c
Poly WS trade #134: asset=76489251550443972870... | SELL | size=9002.98 | price=0.231
Kalshi WS trade #6545: KXBTCD-26FEB1310-T68249.99 | yes | count=10.00 | yes=1c
Kalshi WS trade #6546: KXATPCHALLENGERMATCH-26FEB13TABECH-TAB | no | count=200.00 | yes=60c
Kalshi WS trade #6547: KXATPCHALLENGERMATCH-26FEB13LLAMIK-MIK | yes | count=330.00 | yes=7c
Kalshi WS trade #6548: KXATPCHALLENGERMATCH-26FEB13LLAMIK-MIK | yes | count=100.00 | yes=7c
Kalshi WS trade #6549: KXATPCHALLENGERMATCH-26FEB13LLAMIK-MIK | yes | count=14.00 | yes=7c
Kalshi WS trade #6550: KXWTAMATCH-26FEB13COCVEK-COC | no | count=440.00 | yes=80c
Kalshi WS trade #6551: KXNCAAMBGAME-26FEB13UNLVBSU-BSU | yes | count=29.00 | yes=83c
Kalshi WS trade #6552: KXATPMATCH-26FEB13DEVAN-VAN | yes | count=1.00 | yes=53c
Kalshi WS trade #6553: KXWTACHALLENGERMATCH-26FEB13CHWLAM-LAM | yes | count=7.00 | yes=8c
Kalshi WS trade #6554: KXPGATOP5-ATPBP26-CGOT | yes | count=64.00 | yes=37c
Kalshi WS trade #6555: KXBUNDESLIGAGAME-26FEB13BVBM05-BVB | yes | count=15.00 | yes=61c
Kalshi WS trade #6556: KXBTC-26FEB1310-B67625 | yes | count=200.00 | yes=54c
Kalshi WS trade #6557: KXWTAMATCH-26FEB13COCVEK-VEK | no | count=49.00 | yes=15c
Kalshi WS trade #6558: KXWTAMATCH-26FEB13COCVEK-VEK | no | count=1.00 | yes=15c
Kalshi WS trade #6559: KXWTAMATCH-26FEB13COCVEK-VEK | no | count=5.00 | yes=15c
Kalshi WS trade #6560: KXWTAMATCH-26FEB13COCVEK-VEK | no | count=220.00 | yes=15c
Kalshi WS trade #6561: KXWTAMATCH-26FEB13COCVEK-VEK | no | count=50.00 | yes=15c
Kalshi WS trade #6562: KXWTAMATCH-26FEB13COCVEK-VEK | no | count=12.00 | yes=15c
Kalshi WS trade #6563: KXWTAMATCH-26FEB13COCVEK-COC | yes | count=220.00 | yes=82c
Kalshi WS trade #6564: KXNETFLIXRANKMOVIE-26FEB16-THE | yes | count=83.00 | yes=4c
Kalshi WS trade #6565: KXATPCHALLENGERMATCH-26FEB13TRAMOR-TRA | yes | count=12.00 | yes=15c
Kalshi WS trade #6566: KXHIGHTBOS-26FEB13-B35.5 | no | count=5.00 | yes=39c
Kalshi WS trade #6567: KXHIGHTBOS-26FEB13-B35.5 | no | count=4.00 | yes=39c
Kalshi WS trade #6568: KXBTCMAX100-26-FEB | yes | count=200.00 | yes=3c
Kalshi WS trade #6569: KXWTAMATCH-26FEB13COCVEK-COC | yes | count=60.00 | yes=82c
Kalshi WS trade #6570: KXWTAMATCH-26FEB13COCVEK-COC | yes | count=120.00 | yes=82c
Kalshi WS trade #6571: KXT20MATCH-26FEB13NEDUSA-NED | yes | count=30.00 | yes=19c
Kalshi WS trade #6572: KXBTC15M-26FEB131000-00 | no | count=93.00 | yes=99c
Kalshi WS trade #6573: KXPGATOUR-ATPBP26-CGOT | yes | count=85.00 | yes=11c
Kalshi WS trade #6574: KXWTAMATCH-26FEB13COCVEK-COC | yes | count=60.00 | yes=82c
Kalshi WS trade #6575: KXBTC-26FEB1310-B67625 | no | count=50.00 | yes=54c
Kalshi WS trade #6576: KXWTACHALLENGERMATCH-26FEB13STEJOR-STE | yes | count=7.00 | yes=67c
Kalshi WS trade #6577: KXT20MATCH-26FEB13NEDUSA-USA | yes | count=13.00 | yes=81c
Kalshi WS trade #6578: KXBTCD-26FEB1310-T67749.99 | no | count=50.00 | yes=27c
Kalshi WS trade #6579: KXBTCD-26FEB1310-T67749.99 | no | count=81.00 | yes=27c
Kalshi WS trade #6580: KXWOWHOCKEY-26FEB13USAITA-ITA | yes | count=2431.00 | yes=1c
Kalshi WS trade #6581: KXNCAAMBSPREAD-26FEB13MSUWIS-MSU1 | no | count=18.00 | yes=55c
Kalshi WS trade #6582: KXNCAAMBGAME-26FEB13MSUWIS-WIS | no | count=18.00 | yes=46c
Kalshi WS trade #6583: KXATPCHALLENGERMATCH-26FEB13TABECH-ECH | yes | count=2.00 | yes=40c
Kalshi WS trade #6584: KXBTCD-26FEB1317-T68999.99 | yes | count=3.00 | yes=16c
Kalshi WS trade #6585: KXXRP15M-26FEB131000-00 | yes | count=59.00 | yes=92c
Kalshi WS trade #6586: KXETH-26FEB1310-B1980 | no | count=50.00 | yes=76c
Kalshi WS trade #6587: KXLIGUE1GAME-26FEB13RENPSG-PSG | yes | count=12.00 | yes=70c
Kalshi WS trade #6588: KXBTCD-26FEB1310-T67749.99 | yes | count=100.00 | yes=31c
Kalshi WS trade #6589: KXBTCD-26FEB1310-T67749.99 | yes | count=50.00 | yes=31c
Kalshi WS trade #6590: KXATPMATCH-26FEB13DEVAN-DE | yes | count=61.00 | yes=49c
Kalshi WS trade #6591: KXMVESPORTSMULTIGAMEEXTENDED-S2026AD234AF1236-AAA2CFA37EF | yes | count=3.00 | yes=31c
Kalshi WS trade #6592: KXETH-26FEB1310-B2000 | no | count=50.00 | yes=27c
Kalshi WS trade #6593: KXBTC-26FEB1310-B67875 | yes | count=50.00 | yes=26c
Kalshi WS trade #6594: KXETHD-26FEB1310-T1989.99 | yes | count=50.00 | yes=28c
Kalshi WS trade #6595: KXBTC-26FEB1310-B68125 | no | count=100.00 | yes=3c
Kalshi WS trade #6596: KXBTCD-26FEB1310-T67999.99 | yes | count=100.00 | yes=2c
Kalshi WS trade #6597: KXETH-26FEB1310-B2000 | yes | count=43.00 | yes=28c
Kalshi WS trade #6598: KXBTCD-26FEB1310-T67999.99 | no | count=31.00 | yes=1c
Kalshi WS trade #6599: KXBTC-26FEB1310-B67625 | yes | count=26.00 | yes=52c
Kalshi WS trade #6600: KXT20MATCH-26FEB13NEDUSA-NED | yes | count=75.00 | yes=19c
Kalshi WS trade #6601: KXT20MATCH-26FEB13NEDUSA-NED | yes | count=249.00 | yes=19c
Kalshi WS trade #6602: KXSOL15M-26FEB131000-00 | yes | count=4.00 | yes=97c
Kalshi WS trade #6603: KXATPCHALLENGERMATCH-26FEB13LLAMIK-MIK | no | count=68.00 | yes=6c
Kalshi WS trade #6604: KXSENATETXR-26-JC | no | count=2.00 | yes=22c
Kalshi WS trade #6605: KXSENATETXR-26-WHUN | no | count=1.00 | yes=8c
Kalshi WS trade #6606: KXETH-26FEB1310-B1980 | no | count=50.00 | yes=72c
Kalshi WS trade #6607: KXBTC-26FEB1310-B67875 | no | count=51.00 | yes=26c
Kalshi WS trade #6608: KXT20MATCH-26FEB13NEDUSA-NED | yes | count=152.00 | yes=19c
Kalshi WS trade #6609: KXMVESPORTSMULTIGAMEEXTENDED-S20266B36350FE80-4960EBA5D1F | yes | count=99.00 | yes=22c
Kalshi WS trade #6610: KXPGATOUR-ATPBP26-KBRA | yes | count=20.00 | yes=9c
Kalshi WS trade #6611: KXBTCD-26FEB1310-T67749.99 | no | count=50.00 | yes=30c
Kalshi WS trade #6612: KXBTCD-26FEB1310-T67749.99 | no | count=200.00 | yes=30c
Kalshi WS trade #6613: KXBTCD-26FEB1310-T67749.99 | no | count=10.00 | yes=29c
Kalshi WS trade #6614: KXBTCD-26FEB1310-T67749.99 | no | count=154.00 | yes=29c
Kalshi WS trade #6615: KXWTAMATCH-26FEB13COCVEK-COC | yes | count=40.00 | yes=82c
Kalshi WS trade #6616: KXWTAMATCH-26FEB13COCVEK-COC | yes | count=293.00 | yes=82c
Kalshi WS trade #6617: KXBTCD-26FEB1310-T67499.99 | no | count=25.00 | yes=85c
Kalshi WS trade #6618: KXT20MATCH-26FEB13NEDUSA-NED | yes | count=64.00 | yes=19c
Kalshi WS trade #6619: KXATPCHALLENGERMATCH-26FEB13TABECH-TAB | yes | count=29.00 | yes=60c
Kalshi WS trade #6620: KXATPCHALLENGERMATCH-26FEB13TABECH-TAB | yes | count=61.00 | yes=61c
Kalshi WS trade #6621: KXATPCHALLENGERMATCH-26FEB13TABECH-TAB | yes | count=60.00 | yes=63c
Kalshi WS trade #6622: KXATPCHALLENGERMATCH-26FEB13LLAMIK-LLA | no | count=125.00 | yes=93c
Kalshi WS trade #6623: KXBTCD-26FEB1310-T67749.99 | no | count=100.00 | yes=29c
Kalshi WS trade #6624: KXSAUDIPLGAME-26FEB13SHAAAS-SHA | yes | count=4.00 | yes=2c
Kalshi WS trade #6625: KXBTCD-26FEB1310-T67999.99 | yes | count=100.00 | yes=2c
Kalshi WS trade #6626: KXBTC-26FEB1310-B68125 | no | count=100.00 | yes=3c
Kalshi WS trade #6627: KXBTC-26FEB1310-B67625 | no | count=50.00 | yes=53c
Kalshi WS trade #6628: KXBTCD-26FEB1310-T67499.99 | no | count=41.00 | yes=85c
Kalshi WS trade #6629: KXETHD-26FEB1310-T1989.99 | no | count=100.00 | yes=28c
Kalshi WS trade #6630: KXETH-26FEB1310-B2000 | no | count=43.00 | yes=30c
Kalshi WS trade #6631: KXMVESPORTSMULTIGAMEEXTENDED-S20268C9C26B0C9A-BEB11C27890 | yes | count=666.00 | yes=0c
Kalshi WS trade #6632: KXATPMATCH-26FEB13DEVAN-DE | yes | count=98.00 | yes=49c
Kalshi WS trade #6633: KXATPCHALLENGERMATCH-26FEB13LLAMIK-MIK | no | count=94.00 | yes=6c
Kalshi WS trade #6634: KXBTCD-26FEB1310-T67749.99 | no | count=1.00 | yes=32c
Kalshi WS trade #6635: KXWTAMATCH-26FEB13COCVEK-COC | yes | count=7.00 | yes=82c
Kalshi WS trade #6636: KXWTAMATCH-26FEB13COCVEK-COC | yes | count=103.00 | yes=82c
Kalshi WS trade #6637: KXWTAMATCH-26FEB13COCVEK-COC | yes | count=500.00 | yes=82c
Kalshi WS trade #6638: KXWTAMATCH-26FEB13COCVEK-COC | yes | count=100.00 | yes=83c
Kalshi WS trade #6639: KXWTAMATCH-26FEB13COCVEK-COC | yes | count=475.00 | yes=83c
Poly WS trade #135: asset=43946269812975261940... | BUY | size=6.493505 | price=0.77
Kalshi WS trade #6640: KXBTCD-26FEB1310-T67749.99 | yes | count=227.00 | yes=29c
Kalshi WS trade #6641: KXNCAAMBGAME-26FEB14CLEMDUKE-CLEM | yes | count=10.00 | yes=15c
Kalshi WS trade #6642: KXATPCHALLENGERMATCH-26FEB13LLAMIK-MIK | no | count=96.00 | yes=6c
Kalshi WS trade #6643: KXATPCHALLENGERMATCH-26FEB13LLAMIK-MIK | no | count=176.00 | yes=6c
Kalshi WS trade #6644: KXNCAAWBGAME-26FEB13HARVYALE-YALE | yes | count=236.00 | yes=8c
Kalshi WS trade #6645: KXNCAAWBGAME-26FEB13HARVYALE-YALE | yes | count=36.00 | yes=8c
Kalshi WS trade #6646: KXNCAAWBGAME-26FEB13HARVYALE-YALE | yes | count=351.00 | yes=9c
Kalshi WS trade #6647: KXNCAAWBGAME-26FEB13HARVYALE-YALE | yes | count=340.00 | yes=9c
Kalshi WS trade #6648: KXNCAAWBGAME-26FEB13HARVYALE-YALE | yes | count=150.00 | yes=10c
Kalshi WS trade #6649: KXNCAAWBGAME-26FEB13HARVYALE-YALE | yes | count=100.00 | yes=10c
Kalshi WS trade #6650: KXNCAAWBGAME-26FEB13HARVYALE-YALE | yes | count=995.00 | yes=11c
Kalshi WS trade #6651: KXNCAAWBGAME-26FEB13HARVYALE-YALE | yes | count=41.00 | yes=13c
Kalshi WS trade #6652: KXNCAAWBGAME-26FEB13HARVYALE-YALE | yes | count=740.00 | yes=13c
Kalshi WS trade #6653: KXWOMHOCKEY-26FEB13FRACZE-CZE | yes | count=110.00 | yes=95c
Kalshi WS trade #6654: KXNCAAWBGAME-26FEB13HARVYALE-HARV | no | count=340.00 | yes=93c
Kalshi WS trade #6655: KXNCAAWBGAME-26FEB13HARVYALE-HARV | no | count=995.00 | yes=93c
Kalshi WS trade #6656: KXNCAAWBGAME-26FEB13HARVYALE-HARV | no | count=61.00 | yes=93c
Kalshi WS trade #6657: KXNCAAWBGAME-26FEB13HARVYALE-HARV | no | count=25.00 | yes=92c
Kalshi WS trade #6658: KXNCAAWBGAME-26FEB13HARVYALE-HARV | no | count=1.00 | yes=92c
Kalshi WS trade #6659: KXNCAAWBGAME-26FEB13HARVYALE-HARV | no | count=13.00 | yes=91c
Kalshi WS trade #6660: KXNCAAWBGAME-26FEB13HARVYALE-HARV | no | count=236.00 | yes=91c
Kalshi WS trade #6661: KXBTCD-26FEB1310-T67499.99 | yes | count=45.00 | yes=88c
Kalshi WS trade #6662: KXBTCD-26FEB1310-T67999.99 | no | count=161.00 | yes=1c
Kalshi WS trade #6663: KXBTCD-26FEB1310-T67999.99 | no | count=211.00 | yes=1c
Kalshi WS trade #6664: KXBTCD-26FEB1310-T67999.99 | no | count=100.00 | yes=1c
Kalshi WS trade #6665: KXBTCD-26FEB1310-T67999.99 | no | count=200.00 | yes=1c
Kalshi WS trade #6666: KXBTCD-26FEB1310-T67999.99 | no | count=337.00 | yes=1c
Kalshi WS trade #6667: KXBTCD-26FEB1310-T67249.99 | no | count=50.00 | yes=97c
Kalshi WS trade #6668: KXATPMATCH-26FEB13DEVAN-VAN | yes | count=182.00 | yes=53c
Kalshi WS trade #6669: KXWTACHALLENGERMATCH-26FEB13CHWLAM-LAM | yes | count=10.00 | yes=8c
Kalshi WS trade #6670: KXWTACHALLENGERMATCH-26FEB13CHWLAM-LAM | yes | count=199.00 | yes=9c
Poly WS trade #136: asset=76489251550443972870... | BUY | size=20.746886 | price=0.241
Kalshi WS trade #6671: KXLIGUE1GAME-26FEB13RENPSG-PSG | yes | count=6.00 | yes=70c
Kalshi WS trade #6672: KXWTAMATCH-26FEB13COCVEK-VEK | no | count=6.00 | yes=15c
Kalshi WS trade #6673: KXNCAAMBGAME-26FEB13GMUGW-GW | yes | count=118.00 | yes=56c
Kalshi WS trade #6674: KXATPCHALLENGERMATCH-26FEB13LLAMIK-MIK | no | count=500.00 | yes=5c
Kalshi WS trade #6675: KXATPCHALLENGERMATCH-26FEB13LLAMIK-MIK | no | count=351.00 | yes=5c
Kalshi WS trade #6676: KXHIGHTBOS-26FEB13-B37.5 | no | count=8.00 | yes=34c
Kalshi WS trade #6677: KXSAUDIPLTOTAL-26FEB13HILITT-3 | no | count=123.00 | yes=52c
Kalshi WS trade #6678: KXSAUDIPLTOTAL-26FEB13HILITT-3 | no | count=33.00 | yes=52c
Kalshi WS trade #6679: KXWTACHALLENGERMATCH-26FEB13STEJOR-JOR | yes | count=18.00 | yes=40c
Kalshi WS trade #6680: KXWTACHALLENGERMATCH-26FEB13STEJOR-JOR | yes | count=5.00 | yes=40c
Kalshi WS trade #6681: KXATPCHALLENGERMATCH-26FEB13LLAMIK-LLA | yes | count=100.00 | yes=95c
Kalshi WS trade #6682: KXATPCHALLENGERMATCH-26FEB13LLAMIK-LLA | no | count=111.00 | yes=93c
Kalshi WS trade #6683: KXATPMATCH-26FEB13DEVAN-VAN | yes | count=1368.00 | yes=53c
Kalshi WS trade #6684: KXGOVTSHUTDOWN-26FEB14 | no | count=142.00 | yes=88c
Kalshi WS trade #6685: KXBTCD-26FEB1310-T67749.99 | no | count=6.00 | yes=32c
Kalshi WS trade #6686: KXWTAMATCH-26FEB13COCVEK-COC | no | count=202.00 | yes=80c
Kalshi WS trade #6687: KXATPMATCH-26FEB13DEVAN-VAN | yes | count=36.00 | yes=53c
Kalshi WS trade #6688: KXATPMATCH-26FEB13DEVAN-VAN | yes | count=63.00 | yes=53c
Kalshi WS trade #6689: KXT20MATCH-26FEB13NEDUSA-NED | yes | count=75.00 | yes=19c
Kalshi WS trade #6690: KXATPMATCH-26FEB13DEVAN-VAN | no | count=1500.00 | yes=52c
Kalshi WS trade #6691: KXBTCD-26FEB1310-T67749.99 | yes | count=2.00 | yes=33c
Kalshi WS trade #6692: KXBTCD-26FEB1310-T67249.99 | no | count=11.00 | yes=97c
Kalshi WS trade #6693: KXBTCD-26FEB1310-T67249.99 | no | count=100.00 | yes=97c
Kalshi WS trade #6694: KXBTCD-26FEB1310-T67249.99 | no | count=33.00 | yes=97c
Kalshi WS trade #6695: KXBTCD-26FEB1310-T67249.99 | no | count=168.00 | yes=97c
Kalshi WS trade #6696: KXBTCD-26FEB1310-T67749.99 | no | count=1.00 | yes=32c
Kalshi WS trade #6697: KXBTC-26FEB1310-B68125 | no | count=100.00 | yes=3c
Kalshi WS trade #6698: KXBTCD-26FEB1310-T67999.99 | yes | count=100.00 | yes=2c
INFO:     35.145.33.17:0 - "GET /api/markets HTTP/1.1" 200 OK
Kalshi WS trade #6699: KXLIVTOUR-LIGA26-JRAH | yes | count=29.00 | yes=56c
Kalshi WS trade #6700: KXBTCD-26FEB1310-T67499.99 | yes | count=10.00 | yes=87c
Kalshi WS trade #6701: KXSOL15M-26FEB131000-00 | no | count=18.00 | yes=95c
Kalshi WS trade #6702: KXLOVEISBLINDENGAGEMENT-26-ELI | no | count=3.00 | yes=25c
Kalshi WS trade #6703: KXNASDAQ100U-26FEB13H1000-T24659.99 | yes | count=5000.00 | yes=23c
Kalshi WS trade #6704: KXSERIEAGAME-26FEB13PISACM-ACM | yes | count=118.00 | yes=62c
Kalshi WS trade #6705: KXTXSENDPRIMARYMOV-26MAR03-JTAL-P10 | yes | count=2.00 | yes=9c
Kalshi WS trade #6706: KXATPMATCH-26FEB13DEVAN-DE | yes | count=46.00 | yes=48c
Kalshi WS trade #6707: KXMVESPORTSMULTIGAMEEXTENDED-S20260DC523B1DC4-D8A95D1BA4B | yes | count=844.00 | yes=2c
Poly WS trade #137: asset=48458075019957098166... | BUY | size=154 | price=0.994
Kalshi WS trade #6708: KXBTCD-26FEB1310-T67749.99 | no | count=775.00 | yes=31c
Kalshi WS trade #6709: KXETHD-26FEB1310-T1989.99 | no | count=50.00 | yes=25c
Kalshi WS trade #6710: KXBTCD-26FEB1310-T67499.99 | yes | count=25.00 | yes=89c
Kalshi WS trade #6711: KXATPCHALLENGERMATCH-26FEB13LLAMIK-LLA | yes | count=104.00 | yes=95c
INFO:     35.145.33.17:0 - "GET /api/spreads?min_spread_pct=0.05 HTTP/1.1" 200 OK
Kalshi WS trade #6712: KXATPMATCH-26FEB13DEVAN-VAN | yes | count=91.00 | yes=53c
Kalshi WS trade #6713: KXBTCD-26FEB1310-T67749.99 | no | count=50.00 | yes=27c
Kalshi WS trade #6714: KXBTCD-26FEB1310-T67749.99 | no | count=50.00 | yes=27c
Kalshi WS trade #6715: KXATPMATCH-26FEB13DEVAN-DE | no | count=2399.00 | yes=46c
Kalshi WS trade #6716: KXBTCD-26FEB1310-T67499.99 | yes | count=56.00 | yes=87c
Kalshi WS trade #6717: KXINXU-26FEB13H1600-T6824.9999 | yes | count=20.00 | yes=54c
Kalshi WS trade #6718: KXSERIEAGAME-26FEB13PISACM-ACM | yes | count=117.00 | yes=62c
Kalshi WS trade #6719: KXATPCHALLENGERMATCH-26FEB13LLAMIK-MIK | no | count=247.00 | yes=5c
Kalshi WS trade #6720: KXWOSBOARD-MSL26CGOLD-USA | yes | count=30.00 | yes=50c
Kalshi WS trade #6721: KXATPMATCH-26FEB13DEVAN-VAN | yes | count=255.00 | yes=53c
Kalshi WS trade #6722: KXATPMATCH-26FEB13DEVAN-VAN | yes | count=293.00 | yes=53c
Kalshi WS trade #6723: KXWTACHALLENGERMATCH-26FEB13CHWLAM-CHW | yes | count=71.00 | yes=92c
Kalshi WS trade #6724: KXWTACHALLENGERMATCH-26FEB13CHWLAM-CHW | yes | count=120.00 | yes=92c
Kalshi WS trade #6725: KXWTACHALLENGERMATCH-26FEB13CHWLAM-CHW | yes | count=10.00 | yes=92c
Kalshi WS trade #6726: KXT20MATCH-26FEB13NEDUSA-USA | no | count=36.00 | yes=80c
Kalshi WS trade #6727: KXSOL15M-26FEB131000-00 | yes | count=1.00 | yes=97c
Kalshi WS trade #6728: KXT20MATCH-26FEB13NEDUSA-USA | no | count=60.00 | yes=80c
Kalshi WS trade #6729: KXLOWTDEN-26FEB13-B28.5 | yes | count=100.00 | yes=98c
Kalshi WS trade #6730: KXLOWTDEN-26FEB13-B28.5 | yes | count=24.00 | yes=99c
Kalshi WS trade #6731: KXLOWTDEN-26FEB13-B28.5 | yes | count=25.00 | yes=99c
Kalshi WS trade #6732: KXMVESPORTSMULTIGAMEEXTENDED-S2026877DBFAF8EA-FA5DCE64B74 | yes | count=17.00 | yes=26c
Kalshi WS trade #6733: KXWOSSKATE-M10K26CGOLD-POL | yes | count=49.00 | yes=5c
Kalshi WS trade #6734: KXATPMATCH-26FEB13DEVAN-VAN | yes | count=181.00 | yes=53c
Kalshi WS trade #6735: KXPGATOP20-ATPBP26-SSCH | yes | count=182.00 | yes=53c
Kalshi WS trade #6736: KXNCAAMBSPREAD-26FEB13MSUWIS-WIS2 | no | count=22.00 | yes=34c
Kalshi WS trade #6737: KXINXU-26FEB13H1600-T6849.9999 | yes | count=60.00 | yes=40c
Kalshi WS trade #6738: KXINXU-26FEB13H1600-T6849.9999 | yes | count=3.00 | yes=40c
Kalshi WS trade #6739: KXINXU-26FEB13H1600-T6849.9999 | yes | count=20.00 | yes=40c
Kalshi WS trade #6740: KXATPMATCH-26FEB13DEVAN-VAN | yes | count=4150.00 | yes=53c
Poly WS trade #138: asset=48458075019957098166... | BUY | size=1117.334 | price=0.994
Kalshi WS trade #6741: KXATPCHALLENGERMATCH-26FEB13LLAMIK-MIK | no | count=232.00 | yes=5c
Kalshi WS trade #6742: KXNCAAMBGAME-26FEB13GMUGW-GW | yes | count=69.00 | yes=56c
Kalshi WS trade #6743: KXATPMATCH-26FEB13DEVAN-DE | yes | count=402.00 | yes=48c
Kalshi WS trade #6744: KXATPCHALLENGERMATCH-26FEB13LLAMIK-MIK | no | count=26.00 | yes=5c
Kalshi WS trade #6745: KXBTC15M-26FEB131000-00 | no | count=93.00 | yes=99c
Kalshi WS trade #6746: KXFACUPTOTAL-26FEB13WREIPS-2 | yes | count=1545.00 | yes=50c
Kalshi WS trade #6747: KXBTC15M-26FEB131000-00 | no | count=93.00 | yes=99c
Kalshi WS trade #6748: KXBTCD-26FEB1310-T67749.99 | no | count=33.00 | yes=27c
Kalshi WS trade #6749: KXETH15M-26FEB131000-00 | no | count=46.00 | yes=96c
Kalshi WS trade #6750: KXATPCHALLENGERMATCH-26FEB13LLAMIK-LLA | yes | count=61.00 | yes=95c
Kalshi WS trade #6751: KXINXU-26FEB13H1600-T6849.9999 | no | count=30.00 | yes=40c
Kalshi WS trade #6752: KXNCAAMBGAME-26FEB14TTUARIZ-ARIZ | yes | count=1.00 | yes=84c
Kalshi WS trade #6753: KXLALIGAGAME-26FEB14RMARSO-RSO | yes | count=7.00 | yes=12c
Kalshi WS trade #6754: KXATPMATCH-26FEB13DEVAN-VAN | yes | count=529.00 | yes=53c
Kalshi WS trade #6755: KXWTACHALLENGERMATCH-26FEB13STEJOR-STE | no | count=5.00 | yes=62c
Kalshi WS trade #6756: KXWTACHALLENGERMATCH-26FEB13STEJOR-STE | no | count=4.00 | yes=62c
Kalshi WS trade #6757: KXWTACHALLENGERMATCH-26FEB13STEJOR-JOR | yes | count=120.00 | yes=41c
Kalshi WS trade #6758: KXWTACHALLENGERMATCH-26FEB13STEJOR-JOR | yes | count=100.00 | yes=41c
Kalshi WS trade #6759: KXWTACHALLENGERMATCH-26FEB13STEJOR-JOR | yes | count=50.00 | yes=41c
Kalshi WS trade #6760: KXBTCD-26FEB1310-T67999.99 | yes | count=935.00 | yes=2c
Kalshi WS trade #6761: KXATPCHALLENGERMATCH-26FEB13LLAMIK-MIK | yes | count=228.00 | yes=6c
Kalshi WS trade #6762: KXATPCHALLENGERMATCH-26FEB13LLAMIK-MIK | yes | count=500.00 | yes=6c
Kalshi WS trade #6763: KXATPCHALLENGERMATCH-26FEB13LLAMIK-MIK | yes | count=69.00 | yes=6c
Kalshi WS trade #6764: KXATPCHALLENGERMATCH-26FEB13LLAMIK-MIK | yes | count=100.00 | yes=6c
Kalshi WS trade #6765: KXATPCHALLENGERMATCH-26FEB13LLAMIK-MIK | yes | count=446.00 | yes=7c
Kalshi WS trade #6766: KXATPCHALLENGERMATCH-26FEB13LLAMIK-MIK | yes | count=1456.00 | yes=7c
Kalshi WS trade #6767: KXWTACHALLENGERMATCH-26FEB13STEJOR-JOR | yes | count=50.00 | yes=41c
Kalshi WS trade #6768: KXWTACHALLENGERMATCH-26FEB13STEJOR-JOR | yes | count=120.00 | yes=41c
Kalshi WS trade #6769: KXWTACHALLENGERMATCH-26FEB13STEJOR-JOR | yes | count=50.00 | yes=41c
Kalshi WS trade #6770: KXBTCD-26FEB1310-T67499.99 | yes | count=5.00 | yes=87c
Kalshi WS trade #6771: KXPGATOUR-MAST26-BDEC | yes | count=25.00 | yes=6c
Kalshi WS trade #6772: KXT20MATCH-26FEB13NEDUSA-NED | yes | count=75.00 | yes=19c
Kalshi WS trade #6773: KXCABOUT-29JAN-HLUT | yes | count=2.00 | yes=18c
Kalshi WS trade #6774: KXCABOUT-29JAN-HLUT | yes | count=5.00 | yes=18c
Kalshi WS trade #6775: KXCABOUT-29JAN-HLUT | yes | count=5.00 | yes=18c
Kalshi WS trade #6776: KXCABOUT-29JAN-HLUT | yes | count=5.00 | yes=18c
Kalshi WS trade #6777: KXCABOUT-29JAN-HLUT | yes | count=10.00 | yes=18c
Kalshi WS trade #6778: KXCABOUT-29JAN-HLUT | yes | count=10.00 | yes=18c
Kalshi WS trade #6779: KXCABOUT-29JAN-HLUT | yes | count=10.00 | yes=18c
Kalshi WS trade #6780: KXCABOUT-29JAN-HLUT | yes | count=3.00 | yes=18c
Kalshi WS trade #6781: KXCABOUT-29JAN-HLUT | yes | count=2.00 | yes=18c
Kalshi WS trade #6782: KXWTAMATCH-26FEB13COCVEK-COC | yes | count=52.00 | yes=82c
Kalshi WS trade #6783: KXATPMATCH-26FEB13DEVAN-VAN | yes | count=18.00 | yes=53c
Kalshi WS trade #6784: KXSAUDIPLTOTAL-26FEB13HILITT-2 | yes | count=268.00 | yes=73c
Kalshi WS trade #6785: KXATPMATCH-26FEB13DEVAN-DE | yes | count=10.00 | yes=48c
Kalshi WS trade #6786: KXBTCD-26FEB1310-T67499.99 | yes | count=34.00 | yes=87c
Kalshi WS trade #6787: KXBTCD-26FEB1310-T67499.99 | yes | count=250.00 | yes=87c
Kalshi WS trade #6788: KXBTCD-26FEB1310-T67499.99 | yes | count=100.00 | yes=87c
Kalshi WS trade #6789: KXBTCD-26FEB1310-T67499.99 | yes | count=50.00 | yes=88c
Kalshi WS trade #6790: KXBTCD-26FEB1310-T67499.99 | yes | count=10.00 | yes=89c
Kalshi WS trade #6791: KXBTCD-26FEB1310-T67499.99 | yes | count=48.00 | yes=90c
Kalshi WS trade #6792: KXBTCD-26FEB1310-T67499.99 | yes | count=44.00 | yes=90c
Kalshi WS trade #6793: KXATPCHALLENGERMATCH-26FEB13LLAMIK-LLA | no | count=8.00 | yes=93c
Kalshi WS trade #6794: KXETHD-26FEB1310-T1989.99 | no | count=25.00 | yes=24c
Kalshi WS trade #6795: KXATPMATCH-26FEB13DEVAN-DE | yes | count=4.00 | yes=47c
Kalshi WS trade #6796: KXATPMATCH-26FEB13DEVAN-DE | yes | count=38.00 | yes=48c
INFO:     35.145.33.17:0 - "GET /api/execution/stream HTTP/1.1" 200 OK
Kalshi WS trade #6797: KXBTCD-26FEB1310-T67749.99 | yes | count=50.00 | yes=27c
Kalshi WS trade #6798: KXT20MATCH-26FEB13NEDUSA-USA | yes | count=12.00 | yes=81c
Kalshi WS trade #6799: KXBTCD-26FEB1310-T67499.99 | yes | count=100.00 | yes=89c
Kalshi WS trade #6800: KXATPMATCH-26FEB13DEVAN-VAN | yes | count=1000.00 | yes=53c
Kalshi WS trade #6801: KXBTCD-26FEB1310-T67249.99 | yes | count=183.00 | yes=98c
Kalshi WS trade #6802: KXBTCD-26FEB1317-T67499.99 | no | count=90.00 | yes=56c
Kalshi WS trade #6803: KXBTCD-26FEB1317-T67499.99 | no | count=90.00 | yes=55c
Kalshi WS trade #6804: KXBTCD-26FEB1317-T67499.99 | no | count=142.00 | yes=55c
Kalshi WS trade #6805: KXATPCHALLENGERMATCH-26FEB13TRAMOR-TRA | no | count=169.00 | yes=8c
Kalshi WS trade #6806: KXT20MATCH-26FEB13NEDUSA-USA | no | count=9.00 | yes=80c
Kalshi WS trade #6807: KXBTC-26FEB1310-B67375 | no | count=100.00 | yes=11c
Kalshi WS trade #6808: KXMVESPORTSMULTIGAMEEXTENDED-S202606888741EAC-E7ECA4D0140 | yes | count=400.00 | yes=9c
Kalshi WS trade #6809: KXMVESPORTSMULTIGAMEEXTENDED-S202606888741EAC-E7ECA4D0140 | yes | count=123.00 | yes=9c
Kalshi WS trade #6810: KXSERIEAGAME-26FEB13PISACM-ACM | yes | count=15.00 | yes=62c
Kalshi WS trade #6811: KXSAUDIPLTOTAL-26FEB13HILITT-3 | yes | count=126.00 | yes=53c
Kalshi WS trade #6812: KXINXU-26FEB13H1000-T6839.9999 | no | count=2.00 | yes=3c
Kalshi WS trade #6813: KXINXU-26FEB13H1000-T6839.9999 | no | count=12.00 | yes=3c
Kalshi WS trade #6814: KXETHD-26FEB1310-T1989.99 | no | count=50.00 | yes=27c
Kalshi WS trade #6815: KXETHD-26FEB1310-T1989.99 | no | count=100.00 | yes=26c
Kalshi WS trade #6816: KXGOVTSHUTDOWN-26FEB14 | yes | count=149.00 | yes=89c
Kalshi WS trade #6817: KXT20MATCH-26FEB13NEDUSA-NED | yes | count=3512.00 | yes=19c
Kalshi WS trade #6818: KXATPMATCH-26FEB13DEVAN-VAN | no | count=31.00 | yes=52c
Kalshi WS trade #6819: KXGOVTSHUTDOWN-26FEB14 | yes | count=96.00 | yes=89c
Kalshi WS trade #6820: KXGOVTSHUTDOWN-26FEB14 | yes | count=70.00 | yes=89c
Kalshi WS trade #6821: KXBTC-26FEB1310-B67375 | no | count=100.00 | yes=10c
Kalshi WS trade #6822: KXBTC-26FEB1310-B67625 | yes | count=32.00 | yes=59c
Kalshi WS trade #6823: KXSAUDIPLGAME-26FEB13SHAAAS-TIE | yes | count=65.00 | yes=6c
Kalshi WS trade #6824: KXSAUDIPLGAME-26FEB13SHAAAS-TIE | yes | count=82.00 | yes=6c
Kalshi WS trade #6825: KXBTCD-26FEB1317-T66999.99 | no | count=317.00 | yes=70c
Kalshi WS trade #6826: KXNASDAQ100U-26FEB13H1000-T24649.99 | no | count=6.00 | yes=37c
Kalshi WS trade #6827: KXWTACHALLENGERMATCH-26FEB13STEJOR-JOR | no | count=12.00 | yes=42c
Kalshi WS trade #6828: KXBTCD-26FEB1310-T67999.99 | yes | count=233.00 | yes=2c
Kalshi WS trade #6829: KXETH-26FEB1310-B2000 | no | count=43.00 | yes=30c
Kalshi WS trade #6830: KXBTC15M-26FEB131000-00 | no | count=93.00 | yes=99c
Kalshi WS trade #6831: KXMENWORLDCUP-26-GB | yes | count=7.00 | yes=13c
Kalshi WS trade #6832: KXETH-26FEB1310-B2000 | yes | count=43.00 | yes=31c
Kalshi WS trade #6833: KXETHD-26FEB1310-T1989.99 | no | count=50.00 | yes=31c
Kalshi WS trade #6834: KXBTCD-26FEB1310-T67999.99 | yes | count=30.00 | yes=2c
Kalshi WS trade #6835: KXATPMATCH-26FEB13DEVAN-VAN | yes | count=18.00 | yes=53c
Kalshi WS trade #6836: KXBTCD-26FEB1310-T67749.99 | no | count=10.00 | yes=30c
Kalshi WS trade #6837: KXBTCD-26FEB1310-T67749.99 | no | count=50.00 | yes=30c
Kalshi WS trade #6838: KXBTCD-26FEB1310-T67749.99 | no | count=100.00 | yes=30c
Kalshi WS trade #6839: KXBTCD-26FEB1310-T67749.99 | no | count=74.00 | yes=30c
Kalshi WS trade #6840: KXWOCURLGAME-26FEB13CZENOR-NOR | yes | count=5.00 | yes=67c
Kalshi WS trade #6841: KXGOVTSHUTDOWN-26FEB14 | no | count=21.00 | yes=88c
Kalshi WS trade #6842: KXPGATOUR-ATPBP26-KBRA | yes | count=25.00 | yes=9c
Kalshi WS trade #6843: KXATPCHALLENGERMATCH-26FEB13LLAMIK-MIK | no | count=172.00 | yes=5c
Kalshi WS trade #6844: KXETH15M-26FEB131000-00 | no | count=3.00 | yes=98c
Kalshi WS trade #6845: KXBERNIEMENTION-26FEB14-AI | no | count=4.00 | yes=78c
Kalshi WS trade #6846: KXBTCD-26FEB1310-T67499.99 | yes | count=1.00 | yes=90c
Kalshi WS trade #6847: KXBTCD-26FEB1310-T67499.99 | yes | count=77.00 | yes=91c
Kalshi WS trade #6848: KXBTCD-26FEB1310-T67499.99 | yes | count=27.00 | yes=91c
Kalshi WS trade #6849: KXBTC-26FEB1310-B67375 | no | count=100.00 | yes=10c
Kalshi WS trade #6850: KXBTCD-26FEB1310-T67749.99 | no | count=200.00 | yes=30c
Kalshi WS trade #6851: KXBTCD-26FEB1310-T67749.99 | no | count=134.00 | yes=30c
Kalshi WS trade #6852: KXT20MATCH-26FEB13NEDUSA-NED | yes | count=79.00 | yes=19c
Kalshi WS trade #6853: KXVALORANTGAME-26FEB13BBLGM-GM | yes | count=27.00 | yes=52c
Kalshi WS trade #6854: KXATPMATCH-26FEB13DEVAN-DE | no | count=2000.00 | yes=46c
Kalshi WS trade #6855: KXATPCHALLENGERMATCH-26FEB13COLVAN-VAN | yes | count=313.00 | yes=40c
Kalshi WS trade #6856: KXATPMATCH-26FEB13DEVAN-VAN | yes | count=5.00 | yes=53c
Kalshi WS trade #6857: KXWTACHALLENGERMATCH-26FEB13CHWLAM-LAM | yes | count=104.00 | yes=9c
Kalshi WS trade #6858: KXSAUDIPLGAME-26FEB13HILITT-HIL | yes | count=8.00 | yes=85c
Kalshi WS trade #6859: KXETH15M-26FEB131000-00 | yes | count=32.00 | yes=99c
Kalshi WS trade #6860: KXT20MATCH-26FEB13NEDUSA-NED | yes | count=75.00 | yes=19c
Kalshi WS trade #6861: KXATPCHALLENGERMATCH-26FEB13LLAMIK-LLA | yes | count=158.00 | yes=95c
Kalshi WS trade #6862: KXBTCD-26FEB1310-T67999.99 | yes | count=5.00 | yes=2c
Kalshi WS trade #6863: KXATPCHALLENGERMATCH-26FEB13LLAMIK-MIK | no | count=186.00 | yes=5c
Kalshi WS trade #6864: KXBTCD-26FEB1310-T67499.99 | no | count=100.00 | yes=87c
Kalshi WS trade #6865: KXBTCD-26FEB1310-T67499.99 | no | count=50.00 | yes=86c
Kalshi WS trade #6866: KXBTCD-26FEB1310-T67499.99 | no | count=10.00 | yes=85c
Kalshi WS trade #6867: KXBTCD-26FEB1310-T67499.99 | no | count=181.00 | yes=85c
Kalshi WS trade #6868: KXWTACHALLENGERMATCH-26FEB13CHWLAM-LAM | yes | count=52.00 | yes=9c
Kalshi WS trade #6869: KXETHD-26FEB1310-T1989.99 | no | count=4.00 | yes=31c
Kalshi WS trade #6870: KXWO-GOLD-26-DEU | yes | count=1.00 | yes=2c
Kalshi WS trade #6871: KXMVESPORTSMULTIGAMEEXTENDED-S2026B5D8803C41A-47492AC83C6 | yes | count=20.00 | yes=23c
Kalshi WS trade #6872: KXNASDAQ100U-26FEB13H1000-T24659.99 | no | count=4.00 | yes=30c
Kalshi WS trade #6873: KXWTAMATCH-26FEB13COCVEK-COC | yes | count=29.00 | yes=83c
Kalshi WS trade #6874: KXWTAMATCH-26FEB13COCVEK-COC | yes | count=51.00 | yes=83c
Kalshi WS trade #6875: KXCODGAME-26FEB13FAZMH-MH | yes | count=5.00 | yes=26c
Kalshi WS trade #6876: KXATPCHALLENGERMATCH-26FEB13TRAMOR-TRA | no | count=15.00 | yes=8c
Kalshi WS trade #6877: KXATPCHALLENGERMATCH-26FEB13LLAMIK-MIK | yes | count=1111.00 | yes=7c
Poly WS trade #139: asset=76489251550443972870... | SELL | size=5 | price=0.231
Kalshi WS trade #6878: KXSERIEAGAME-26FEB13PISACM-ACM | yes | count=1.00 | yes=62c
Kalshi WS trade #6879: KXWTACHALLENGERMATCH-26FEB13STEJOR-JOR | yes | count=27.00 | yes=43c
Kalshi WS trade #6880: KXBTCD-26FEB1310-T67749.99 | yes | count=100.00 | yes=31c
Kalshi WS trade #6881: KXBTCD-26FEB1310-T67499.99 | yes | count=56.00 | yes=90c
Kalshi WS trade #6882: KXBTCD-26FEB1310-T67999.99 | no | count=13.00 | yes=1c
Kalshi WS trade #6883: KXTRUMPMENTION-26FEB14-EPST | yes | count=8.00 | yes=5c
Kalshi WS trade #6884: KXNCAAMBSPREAD-26FEB13CLMBPENN-PENN2 | yes | count=87.00 | yes=54c
Kalshi WS trade #6885: KXATPCHALLENGERMATCH-26FEB13TABECH-TAB | yes | count=15.00 | yes=65c
Kalshi WS trade #6886: KXATPCHALLENGERMATCH-26FEB13LLAMIK-LLA | no | count=340.00 | yes=93c
Kalshi WS trade #6887: KXATPMATCH-26FEB13DEVAN-VAN | yes | count=45.00 | yes=53c
Kalshi WS trade #6888: KXLIGUE1GAME-26FEB13RENPSG-PSG | yes | count=11.00 | yes=70c
Kalshi WS trade #6889: KXWTAMATCH-26FEB13COCVEK-VEK | no | count=8.00 | yes=16c
Kalshi WS trade #6890: KXETH-26FEB1310-B2000 | yes | count=86.00 | yes=37c
Kalshi WS trade #6891: KXBTCD-26FEB1310-T67749.99 | no | count=90.00 | yes=32c
Kalshi WS trade #6892: KXBTCD-26FEB1310-T67749.99 | no | count=45.00 | yes=31c
Kalshi WS trade #6893: KXMVESPORTSMULTIGAMEEXTENDED-S2026F601A6E6061-B3DF9CFB316 | yes | count=29.00 | yes=65c
Kalshi WS trade #6894: KXTRUMPMENTION-26FEB14-STOC | yes | count=4.00 | yes=43c
Kalshi WS trade #6895: KXATPCHALLENGERMATCH-26FEB13LLAMIK-LLA | yes | count=6.00 | yes=95c
Kalshi WS trade #6896: KXEARNINGSMENTIONWEN-26JUN30-BACO | no | count=7.00 | yes=99c
Kalshi WS trade #6897: KXBTCD-26FEB1310-T67999.99 | yes | count=100.00 | yes=2c
Kalshi WS trade #6898: KXBTC-26FEB1310-B68125 | no | count=100.00 | yes=3c
Kalshi WS trade #6899: KXETHD-26FEB1310-T1989.99 | no | count=100.00 | yes=36c
Kalshi WS trade #6900: KXXRP15M-26FEB131000-00 | no | count=1.00 | yes=94c
Kalshi WS trade #6901: KXATPCHALLENGERMATCH-26FEB13LLAMIK-MIK | no | count=65.00 | yes=5c
Kalshi WS trade #6902: KXATPMATCH-26FEB13DEVAN-VAN | yes | count=131.00 | yes=53c
Kalshi WS trade #6903: KXATPMATCH-26FEB13FRIKOR-FRI | yes | count=3.00 | yes=63c
Kalshi WS trade #6904: KXATPCHALLENGERMATCH-26FEB13LLAMIK-MIK | yes | count=1.00 | yes=7c
Kalshi WS trade #6905: KXBTCD-26FEB1310-T67499.99 | no | count=10.00 | yes=89c
Kalshi WS trade #6906: KXNCAAMBTOTAL-26FEB13MSUWIS-145 | yes | count=45.00 | yes=54c
Kalshi WS trade #6907: KXATPMATCH-26FEB13DEVAN-DE | no | count=7.00 | yes=47c
Kalshi WS trade #6908: KXT20MATCH-26FEB13NEDUSA-NED | yes | count=50.00 | yes=19c
Kalshi WS trade #6909: KXATPMATCH-26FEB13DEVAN-DE | yes | count=1298.00 | yes=48c
Kalshi WS trade #6910: KXBTCD-26FEB1310-T67499.99 | no | count=36.00 | yes=88c
Kalshi WS trade #6911: KXNASDAQ100U-26FEB13H1000-T24659.99 | no | count=4.00 | yes=29c
Kalshi WS trade #6912: KXSOL15M-26FEB131000-00 | no | count=151.00 | yes=96c
Kalshi WS trade #6913: KXSOL15M-26FEB131000-00 | no | count=2.00 | yes=95c
Kalshi WS trade #6914: KXSOL15M-26FEB131000-00 | no | count=29.00 | yes=95c
Kalshi WS trade #6915: KXSOL15M-26FEB131000-00 | no | count=25.00 | yes=90c
Kalshi WS trade #6916: KXSOL15M-26FEB131000-00 | no | count=1.00 | yes=89c
Kalshi WS trade #6917: KXNCAAMBGAME-26FEB13MSUWIS-MSU | yes | count=100.00 | yes=56c
Kalshi WS trade #6918: KXGOVTSHUTDOWN-26FEB14 | no | count=4.00 | yes=88c
Kalshi WS trade #6919: KXBTC-26FEB1310-B67625 | yes | count=5.00 | yes=57c
Kalshi WS trade #6920: KXPGATOUR-ATPBP26-PROD | no | count=15.00 | yes=3c
Kalshi WS trade #6921: KXBERNIEMENTION-26FEB14-MIDD | yes | count=9.00 | yes=57c
Kalshi WS trade #6922: KXBERNIEMENTION-26FEB14-MIDD | yes | count=7.00 | yes=58c
Kalshi WS trade #6923: KXGOVTSHUTDOWN-26FEB14 | no | count=13.00 | yes=88c
INFO:     35.145.33.17:0 - "GET /api/markets HTTP/1.1" 200 OK
Kalshi WS trade #6924: KXATPCHALLENGERMATCH-26FEB13LLAMIK-MIK | yes | count=1341.00 | yes=7c
Kalshi WS trade #6925: KXATPMATCH-26FEB13DEVAN-VAN | yes | count=215.00 | yes=53c
Kalshi WS trade #6926: KXATPMATCH-26FEB13DEVAN-DE | yes | count=502.00 | yes=48c
Kalshi WS trade #6927: KXATPCHALLENGERMATCH-26FEB13LLAMIK-LLA | no | count=100.00 | yes=94c
Kalshi WS trade #6928: KXINXU-26FEB13H1600-T6849.9999 | yes | count=30.00 | yes=40c
Kalshi WS trade #6929: KXINXU-26FEB13H1600-T6849.9999 | yes | count=20.00 | yes=40c
Kalshi WS trade #6930: KXATPMATCH-26FEB13DEVAN-DE | no | count=10.00 | yes=47c
Kalshi WS trade #6931: KXT20MATCH-26FEB13NEDUSA-USA | yes | count=42.00 | yes=81c
Kalshi WS trade #6932: KXT20MATCH-26FEB13NEDUSA-USA | yes | count=50.00 | yes=81c
Kalshi WS trade #6933: KXT20MATCH-26FEB13NEDUSA-USA | yes | count=29.00 | yes=81c
Kalshi WS trade #6934: KXBTCD-26FEB1310-T67499.99 | yes | count=6.00 | yes=91c
Kalshi WS trade #6935: KXMVESPORTSMULTIGAMEEXTENDED-S2026A0F14E905DF-8EC555E0E02 | yes | count=96.00 | yes=24c
INFO:     35.145.33.17:0 - "GET /api/spreads?min_spread_pct=0.05 HTTP/1.1" 200 OK
Kalshi WS trade #6936: KXWTAMATCH-26FEB13COCVEK-COC | yes | count=5.00 | yes=83c
Kalshi WS trade #6937: KXT20MATCH-26FEB13NEDUSA-NED | yes | count=75.00 | yes=19c
Kalshi WS trade #6938: KXWTACHALLENGERMATCH-26FEB13CHWLAM-LAM | yes | count=208.00 | yes=9c
Kalshi WS trade #6939: KXATPMATCH-26FEB13DEVAN-DE | yes | count=300.00 | yes=48c
Kalshi WS trade #6940: KXATPMATCH-26FEB13DEVAN-DE | yes | count=102.00 | yes=48c
Poly WS trade #140: asset=48458075019957098166... | SELL | size=162 | price=0.993
Kalshi WS trade #6941: KXWOFSKATE-MENS26MEDAL-YKAG | yes | count=1.00 | yes=90c
Poly WS trade #141: asset=76489251550443972870... | SELL | size=10 | price=0.231
Kalshi WS trade #6942: KXATPMATCH-26FEB13DEVAN-VAN | yes | count=9.00 | yes=53c
Kalshi WS trade #6943: KXWTAMATCH-26FEB13COCVEK-COC | yes | count=10.00 | yes=83c
Kalshi WS trade #6944: KXWTAMATCH-26FEB13COCVEK-COC | yes | count=19.00 | yes=84c
Kalshi WS trade #6945: KXWTACHALLENGERMATCH-26FEB13STEJOR-STE | yes | count=83.00 | yes=58c
Kalshi WS trade #6946: KXWTACHALLENGERMATCH-26FEB13VIDGAL-GAL | no | count=5.00 | yes=64c
Kalshi WS trade #6947: KXWTACHALLENGERMATCH-26FEB13VIDGAL-GAL | no | count=347.00 | yes=63c
Kalshi WS trade #6948: KXLIGAMXGAME-26FEB13PUEPUM-PUM | yes | count=25.00 | yes=37c
Kalshi WS trade #6949: KXBTCD-26FEB1317-T67999.99 | no | count=15.00 | yes=37c
Kalshi WS trade #6950: KXMVESPORTSMULTIGAMEEXTENDED-S2026DCEDDFFFC7D-759BE9DF452 | yes | count=343.00 | yes=1c
Kalshi WS trade #6951: KXATPCHALLENGERMATCH-26FEB13LLAMIK-MIK | no | count=33.00 | yes=5c
Kalshi WS trade #6952: KXSENATETXR-26-KP | no | count=3.00 | yes=70c
Kalshi WS trade #6953: KXGOVTSHUTDOWN-26FEB14 | no | count=7.00 | yes=88c
Kalshi WS trade #6954: KXHIGHTPHX-26FEB13-B72.5 | no | count=5.00 | yes=31c
Kalshi WS trade #6955: KXATPCHALLENGERMATCH-26FEB13TRAMOR-TRA | yes | count=470.00 | yes=10c
Kalshi WS trade #6956: KXBTCD-26FEB1310-T67749.99 | yes | count=50.00 | yes=32c
Poly WS trade #142: asset=11435008330551587660... | BUY | size=12.5 | price=0.08
Kalshi WS trade #6957: KXETHD-26FEB1317-T2059.99 | yes | count=45.00 | yes=8c
Kalshi WS trade #6958: KXT20MATCH-26FEB13NEDUSA-USA | no | count=13.00 | yes=80c
Kalshi WS trade #6959: KXATPMATCH-26FEB13DEVAN-VAN | yes | count=5.00 | yes=53c
Kalshi WS trade #6960: KXNCAAMBSPREAD-26FEB13MSUWIS-MSU1 | yes | count=8.00 | yes=56c
Kalshi WS trade #6961: KXGOVTSHUTDOWN-26FEB14 | no | count=14.00 | yes=88c
Kalshi WS trade #6962: KXNCAAMBSPREAD-26FEB13MSUWIS-MSU1 | no | count=50.00 | yes=55c
Kalshi WS trade #6963: KXNCAAMBGAME-26FEB13MSUWIS-WIS | no | count=50.00 | yes=46c
Kalshi WS trade #6964: KXLOVEISBLINDENGAGEMENT-26-BRIS | yes | count=20.00 | yes=16c
Kalshi WS trade #6965: KXLOVEISBLINDENGAGEMENT-26-BRIS | yes | count=137.00 | yes=17c
Kalshi WS trade #6966: KXLOVEISBLINDENGAGEMENT-26-BRIS | yes | count=10.00 | yes=19c
Kalshi WS trade #6967: KXLOVEISBLINDENGAGEMENT-26-BRIS | yes | count=20.00 | yes=19c
Kalshi WS trade #6968: KXLOVEISBLINDENGAGEMENT-26-BRIS | yes | count=2.00 | yes=19c
Kalshi WS trade #6969: KXLOVEISBLINDENGAGEMENT-26-BRIS | yes | count=1.00 | yes=19c
Kalshi WS trade #6970: KXLOVEISBLINDENGAGEMENT-26-BRIS | yes | count=2.00 | yes=19c
Kalshi WS trade #6971: KXLOVEISBLINDENGAGEMENT-26-BRIS | yes | count=3.00 | yes=19c
Kalshi WS trade #6972: KXLOVEISBLINDENGAGEMENT-26-BRIS | yes | count=7.00 | yes=19c
Kalshi WS trade #6973: KXLOVEISBLINDENGAGEMENT-26-BRIS | yes | count=324.00 | yes=20c
Kalshi WS trade #6974: KXLOVEISBLINDENGAGEMENT-26-BRIS | yes | count=1.00 | yes=62c
Kalshi WS trade #6975: KXLOVEISBLINDENGAGEMENT-26-BRIS | yes | count=5.00 | yes=63c
Kalshi WS trade #6976: KXLOVEISBLINDENGAGEMENT-26-BRIS | yes | count=405.00 | yes=96c
Poly WS trade #143: asset=20939351535690701474... | SELL | size=30.34 | price=0.966
Kalshi WS trade #6977: KXINXU-26FEB13H1000-T6824.9999 | no | count=56.00 | yes=25c
Kalshi WS trade #6978: KXATPCHALLENGERMATCH-26FEB13LLAMIK-LLA | yes | count=18.00 | yes=94c
Kalshi WS trade #6979: KXWTACHALLENGERMATCH-26FEB13STEJOR-STE | yes | count=33.00 | yes=58c
Kalshi WS trade #6980: KXWTACHALLENGERMATCH-26FEB13STEJOR-STE | yes | count=500.00 | yes=58c
Kalshi WS trade #6981: KXBTCD-26FEB1310-T67499.99 | no | count=6.00 | yes=88c
Kalshi WS trade #6982: KXNCAAMBGAME-26FEB13MSMRID-MSM | yes | count=27.00 | yes=71c
Kalshi WS trade #6983: KXATPMATCH-26FEB13DEVAN-DE | no | count=4.00 | yes=47c
Kalshi WS trade #6984: KXBTCD-26FEB1310-T67749.99 | no | count=45.00 | yes=29c
Kalshi WS trade #6985: KXBTCD-26FEB1310-T67749.99 | no | count=200.00 | yes=29c
Kalshi WS trade #6986: KXINXU-26FEB13H1600-T6824.9999 | no | count=140.00 | yes=54c
Kalshi WS trade #6987: KXHIGHLAX-26FEB13-B70.5 | yes | count=10.00 | yes=44c
Kalshi WS trade #6988: KXBERNIEMENTION-26FEB14-IMMI | yes | count=8.00 | yes=48c
Kalshi WS trade #6989: KXBERNIEMENTION-26FEB14-IMMI | yes | count=6.00 | yes=48c
Kalshi WS trade #6990: KXBERNIEMENTION-26FEB14-IMMI | yes | count=6.00 | yes=48c
Poly WS trade #144: asset=43946269812975261940... | SELL | size=5.99 | price=0.761
Kalshi WS trade #6991: KXETH15M-26FEB131000-00 | yes | count=2.00 | yes=99c
Kalshi WS trade #6992: KXATPCHALLENGERMATCH-26FEB13LLAMIK-MIK | no | count=1104.00 | yes=5c
Kalshi WS trade #6993: KXATPCHALLENGERMATCH-26FEB13LLAMIK-MIK | no | count=10.00 | yes=5c
Kalshi WS trade #6994: KXPGATOUR-ATPBP26-SBUR | yes | count=23.00 | yes=8c
Poly WS trade #145: asset=82502710596437163348... | SELL | size=804.02 | price=0.994
Kalshi WS trade #6995: KXBTCD-26FEB1310-T67499.99 | yes | count=70.00 | yes=88c
Kalshi WS trade #6996: KXBTCMAXMON-BTC-26FEB28-8250000 | yes | count=213.00 | yes=11c
Kalshi WS trade #6997: KXBTCD-26FEB1310-T67499.99 | yes | count=90.00 | yes=88c
Kalshi WS trade #6998: KXBTCD-26FEB1310-T67499.99 | yes | count=100.00 | yes=88c
Kalshi WS trade #6999: KXBTCD-26FEB1310-T67499.99 | yes | count=200.00 | yes=89c
Kalshi WS trade #7000: KXBTCD-26FEB1310-T67499.99 | yes | count=200.00 | yes=89c
Kalshi WS trade #7001: KXBTCD-26FEB1310-T67499.99 | yes | count=200.00 | yes=89c
Kalshi WS trade #7002: KXBTCD-26FEB1310-T67499.99 | yes | count=90.00 | yes=89c
Kalshi WS trade #7003: KXBTCD-26FEB1310-T67499.99 | yes | count=195.00 | yes=89c
Kalshi WS trade #7004: KXATPCHALLENGERMATCH-26FEB13LLAMIK-LLA | yes | count=3178.00 | yes=94c
Kalshi WS trade #7005: KXLIVTOUR-LIGA26-JRAH | yes | count=15.00 | yes=56c
INFO:     35.145.33.17:0 - "OPTIONS /api/trade/execute HTTP/1.1" 200 OK
Kalshi WS trade #7006: KXBTC-26FEB1310-B67375 | no | count=100.00 | yes=12c
Kalshi WS trade #7007: KXBTCD-26FEB1310-T67749.99 | yes | count=3.00 | yes=29c
INFO:     35.145.33.17:0 - "POST /api/trade/execute HTTP/1.1" 422 Unprocessable Entity
Kalshi WS trade #7008: KXWTAMATCH-26FEB13COCVEK-VEK | yes | count=27.00 | yes=17c
Kalshi WS trade #7009: KXGOVTSHUTDOWN-26FEB14 | no | count=15.00 | yes=88c
Kalshi WS trade #7010: KXLIVTOUR-LIGA26-BDEC | no | count=91.00 | yes=19c
Kalshi WS trade #7011: KXSOL15M-26FEB131000-00 | no | count=4.00 | yes=95c
Kalshi WS trade #7012: KXBTCD-26FEB1310-T67749.99 | no | count=100.00 | yes=28c
Kalshi WS trade #7013: KXATPCHALLENGERMATCH-26FEB13LLAMIK-LLA | no | count=212.00 | yes=93c
Kalshi WS trade #7014: KXT20MATCH-26FEB13NEDUSA-NED | yes | count=75.00 | yes=19c
Kalshi WS trade #7015: KXT20MATCH-26FEB13NEDUSA-USA | no | count=280.00 | yes=80c
Kalshi WS trade #7016: KXT20MATCH-26FEB13NEDUSA-USA | no | count=2047.00 | yes=80c
Kalshi WS trade #7017: KXT20MATCH-26FEB13NEDUSA-USA | no | count=12.00 | yes=80c
Kalshi WS trade #7018: KXWOHOCKEY-MEN26CGOLD-CAN | yes | count=37.00 | yes=51c
Kalshi WS trade #7019: KXATPMATCH-26FEB13DEVAN-VAN | yes | count=10.00 | yes=53c
Kalshi WS trade #7020: KXBTCD-26FEB1317-T64999.99 | no | count=100.00 | yes=92c
Kalshi WS trade #7021: KXWTAMATCH-26FEB13COCVEK-COC | yes | count=69.00 | yes=84c
Kalshi WS trade #7022: KXWTAMATCH-26FEB13COCVEK-COC | yes | count=439.00 | yes=85c
Kalshi WS trade #7023: KXBTCD-26FEB1317-T64999.99 | yes | count=100.00 | yes=92c
Kalshi WS trade #7024: KXBTC-26FEB1310-B67625 | yes | count=200.00 | yes=63c
Kalshi WS trade #7025: KXBTC-26FEB1310-B67625 | yes | count=59.00 | yes=63c
Kalshi WS trade #7026: KXBTCD-26FEB1317-T65499.99 | no | count=6.00 | yes=93c
Kalshi WS trade #7027: KXSAUDIPLGAME-26FEB13HILITT-ITT | yes | count=50.00 | yes=7c
Kalshi WS trade #7028: KXBTCD-26FEB1317-T65499.99 | no | count=100.00 | yes=93c
Kalshi WS trade #7029: KXBTCD-26FEB1310-T67749.99 | yes | count=50.00 | yes=26c
Kalshi WS trade #7030: KXBTCD-26FEB1317-T65499.99 | no | count=555.00 | yes=93c
Kalshi WS trade #7031: KXBTCD-26FEB1310-T67499.99 | yes | count=44.00 | yes=89c
Kalshi WS trade #7032: KXWTAMATCH-26FEB13COCVEK-VEK | no | count=8.00 | yes=15c
Kalshi WS trade #7033: KXBTC-26FEB1310-B68125 | no | count=20.00 | yes=2c
Kalshi WS trade #7034: KXATPMATCH-26FEB13DEVAN-DE | yes | count=1.00 | yes=49c
Kalshi WS trade #7035: KXATPMATCH-26FEB13DEVAN-DE | yes | count=10.00 | yes=49c
Kalshi WS trade #7036: KXATPMATCH-26FEB13DEVAN-DE | yes | count=19.00 | yes=49c
Kalshi WS trade #7037: KXMVESPORTSMULTIGAMEEXTENDED-S2026A8ADF849279-58569890160 | yes | count=127.00 | yes=37c
Kalshi WS trade #7038: KXINXU-26FEB13H1000-T6809.9999 | no | count=10.00 | yes=80c
Kalshi WS trade #7039: KXINXU-26FEB13H1000-T6809.9999 | no | count=2.00 | yes=76c
Kalshi WS trade #7040: KXINXU-26FEB13H1000-T6809.9999 | no | count=123.00 | yes=75c
Kalshi WS trade #7041: KXWTAMATCH-26FEB13COCVEK-VEK | yes | count=22.00 | yes=16c
Kalshi WS trade #7042: KXATPMATCH-26FEB13DEVAN-DE | yes | count=27.00 | yes=49c
Kalshi WS trade #7043: KXEARNINGSMENTIONDKNG-26JUN30-FEAT | yes | count=187.00 | yes=1c
Kalshi WS trade #7044: KXNCAAWBGAME-26FEB14PFWDET-PFW | yes | count=1.00 | yes=96c
Kalshi WS trade #7045: KXATPCHALLENGERMATCH-26FEB13LLAMIK-MIK | yes | count=40.00 | yes=7c
Kalshi WS trade #7046: KXBTCD-26FEB1310-T67499.99 | yes | count=50.00 | yes=89c
Kalshi WS trade #7047: KXWTAMATCH-26FEB13COCVEK-VEK | yes | count=300.00 | yes=16c
Kalshi WS trade #7048: KXATPMATCH-26FEB13DEVAN-DE | no | count=30.00 | yes=47c
Kalshi WS trade #7049: KXATPCHALLENGERMATCH-26FEB13LLAMIK-LLA | no | count=193.00 | yes=93c
Kalshi WS trade #7050: KXATPCHALLENGERMATCH-26FEB13TABECH-ECH | yes | count=50.00 | yes=40c
Kalshi WS trade #7051: KXATPCHALLENGERMATCH-26FEB13TABECH-ECH | yes | count=9.00 | yes=43c
Poly WS trade #146: asset=48458075019957098166... | SELL | size=154 | price=0.993
Kalshi WS trade #7052: KXATPMATCH-26FEB13DEVAN-DE | yes | count=454.00 | yes=49c
Kalshi WS trade #7053: KXATPMATCH-26FEB13DEVAN-DE | yes | count=36.00 | yes=49c
Kalshi WS trade #7054: KXWTACHALLENGERMATCH-26FEB13STEJOR-STE | yes | count=16.00 | yes=58c
Kalshi WS trade #7055: KXBTCD-26FEB1310-T67749.99 | yes | count=1.00 | yes=27c
Kalshi WS trade #7056: KXNCAAMBGAME-26FEB13MSMRID-MSM | yes | count=4.00 | yes=71c
Kalshi WS trade #7057: KXMVESPORTSMULTIGAMEEXTENDED-S202675AD53D6207-12C3DCA004B | yes | count=20.00 | yes=28c
Kalshi WS trade #7058: KXBERNIEMENTION-26FEB14-ONE | yes | count=100.00 | yes=83c
Kalshi WS trade #7059: KXETHD-26FEB1310-T1989.99 | no | count=500.00 | yes=33c
Kalshi WS trade #7060: KXPGATOUR-ATPBP26-RHIS | yes | count=25.00 | yes=8c
Kalshi WS trade #7061: KXT20MATCH-26FEB13NEDUSA-NED | yes | count=2.00 | yes=19c
Kalshi WS trade #7062: KXSUPERBOWLWHITEHOUSE-26DEC31 | yes | count=24.00 | yes=76c
Kalshi WS trade #7063: KXSUPERBOWLWHITEHOUSE-26DEC31 | yes | count=4.00 | yes=77c
Kalshi WS trade #7064: KXATPMATCH-26FEB13DEVAN-DE | yes | count=394.00 | yes=48c
Kalshi WS trade #7065: KXBTCD-26FEB1310-T67749.99 | yes | count=49.00 | yes=27c
Kalshi WS trade #7066: KXBTCD-26FEB1310-T67749.99 | yes | count=100.00 | yes=27c
Kalshi WS trade #7067: KXBTCD-26FEB1310-T67749.99 | yes | count=10.00 | yes=27c
Kalshi WS trade #7068: KXBTCD-26FEB1310-T67749.99 | yes | count=90.00 | yes=27c
Kalshi WS trade #7069: KXBTCD-26FEB1310-T67749.99 | yes | count=90.00 | yes=28c
Kalshi WS trade #7070: KXBTCD-26FEB1310-T67749.99 | yes | count=42.00 | yes=29c
Kalshi WS trade #7071: KXINXU-26FEB13H1600-T6849.9999 | no | count=30.00 | yes=41c
Kalshi WS trade #7072: KXINXU-26FEB13H1600-T6849.9999 | no | count=7.00 | yes=41c
Kalshi WS trade #7073: KXINXU-26FEB13H1600-T6849.9999 | no | count=50.00 | yes=40c
Kalshi WS trade #7074: KXBTCD-26FEB1310-T67749.99 | yes | count=10.00 | yes=28c
Kalshi WS trade #7075: KXATPMATCH-26FEB13DEVAN-DE | no | count=49.00 | yes=47c
Kalshi WS trade #7076: KXATPMATCH-26FEB13DEVAN-DE | yes | count=95.00 | yes=47c
Kalshi WS trade #7077: KXNASDAQ100U-26FEB13H1000-T24569.99 | no | count=3.00 | yes=94c
Kalshi WS trade #7078: KXBTCD-26FEB1317-T69499.99 | no | count=54.00 | yes=7c
Kalshi WS trade #7079: KXATPCHALLENGERMATCH-26FEB13LLAMIK-LLA | no | count=141.00 | yes=93c
Kalshi WS trade #7080: KXWTAMATCH-26FEB13COCVEK-VEK | yes | count=29.00 | yes=16c
Kalshi WS trade #7081: KXATPCHALLENGERMATCH-26FEB13TABECH-TAB | yes | count=14.00 | yes=65c
Kalshi WS trade #7082: KXATPCHALLENGERMATCH-26FEB13TABECH-TAB | yes | count=11.00 | yes=65c
Kalshi WS trade #7083: KXATPCHALLENGERMATCH-26FEB13TABECH-TAB | yes | count=19.00 | yes=65c
Kalshi WS trade #7084: KXBTCD-26FEB1310-T67749.99 | no | count=100.00 | yes=25c
Kalshi WS trade #7085: KXBTCD-26FEB1310-T67749.99 | no | count=31.00 | yes=24c
Kalshi WS trade #7086: KXBERNIEMENTION-26FEB14-MIDD | yes | count=18.00 | yes=58c
Kalshi WS trade #7087: KXBTCD-26FEB1310-T67749.99 | no | count=6.00 | yes=25c
Kalshi WS trade #7088: KXATPCHALLENGERMATCH-26FEB13LLAMIK-MIK | no | count=5.00 | yes=5c
Kalshi WS trade #7089: KXLIVTOUR-LIGA26-JRAH | yes | count=17.00 | yes=56c
Kalshi WS trade #7090: KXBTCD-26FEB1310-T67999.99 | yes | count=280.00 | yes=2c
Kalshi WS trade #7091: KXTRUMPMENTION-26FEB28-OLYM | yes | count=25.00 | yes=73c
Kalshi WS trade #7092: KXATPMATCH-26FEB13DEVAN-VAN | yes | count=188.00 | yes=53c
Kalshi WS trade #7093: KXATPMATCH-26FEB13DEVAN-VAN | yes | count=40.00 | yes=54c
Kalshi WS trade #7094: KXATPMATCH-26FEB13DEVAN-VAN | yes | count=293.00 | yes=55c
Kalshi WS trade #7095: KXATPMATCH-26FEB13DEVAN-VAN | yes | count=361.00 | yes=56c
Kalshi WS trade #7096: KXATPCHALLENGERMATCH-26FEB13LLAMIK-MIK | no | count=110.00 | yes=5c
Kalshi WS trade #7097: KXBTC-26FEB1317-B67750 | no | count=1.00 | yes=21c
Kalshi WS trade #7098: KXBTCD-26FEB1310-T67499.99 | no | count=5.00 | yes=87c
Kalshi WS trade #7099: KXBTCD-26FEB1310-T67499.99 | no | count=9.00 | yes=87c
Kalshi WS trade #7100: KXBTCD-26FEB1310-T67499.99 | no | count=72.00 | yes=87c
Kalshi WS trade #7101: KXWTAMATCH-26FEB13COCVEK-VEK | no | count=85.00 | yes=15c
Kalshi WS trade #7102: KXWTACHALLENGERMATCH-26FEB13STEJOR-JOR | yes | count=20.00 | yes=43c
Kalshi WS trade #7103: KXATPCHALLENGERMATCH-26FEB13LLAMIK-MIK | no | count=25.00 | yes=5c
Kalshi WS trade #7104: KXNCAAMBGAME-26FEB13SPCSHU-SPC | yes | count=83.00 | yes=58c
Kalshi WS trade #7105: KXNCAAMLAXGAME-26FEB13BUCROB-BUC | yes | count=215.00 | yes=80c
Kalshi WS trade #7106: KXNCAAMBTOTAL-26FEB13CORPRIN-154 | no | count=49.00 | yes=51c
Kalshi WS trade #7107: KXMENWORLDCUP-26-ES | yes | count=4.00 | yes=19c
INFO:     35.145.33.17:0 - "POST /api/trade/execute HTTP/1.1" 422 Unprocessable Entity
Kalshi WS trade #7108: KXATPCHALLENGERMATCH-26FEB13LLAMIK-LLA | yes | count=10.00 | yes=94c
Kalshi WS trade #7109: KXWOMHOCKEYSPREAD-26FEB13CANCHE-CAN2 | no | count=165.00 | yes=56c
Kalshi WS trade #7110: KXWOMHOCKEYSPREAD-26FEB13CANCHE-CAN2 | no | count=1809.00 | yes=55c
Kalshi WS trade #7111: KXATPCHALLENGERMATCH-26FEB13LLAMIK-LLA | no | count=39.00 | yes=93c
Kalshi WS trade #7112: KXWOFSKATE-WOMENS26GOLD-KSAK | no | count=50.00 | yes=48c
Kalshi WS trade #7113: KXATPCHALLENGERMATCH-26FEB13LLAMIK-MIK | no | count=207.00 | yes=5c
Kalshi WS trade #7114: KXSOL15M-26FEB131000-00 | no | count=112.00 | yes=95c
Kalshi WS trade #7115: KXNCAAMBSPREAD-26FEB13CLMBPENN-PENN2 | yes | count=10.00 | yes=54c
Kalshi WS trade #7116: KXATPMATCH-26FEB13DEVAN-DE | yes | count=39.00 | yes=47c
Kalshi WS trade #7117: KXATPCHALLENGERMATCH-26FEB13LLAMIK-MIK | no | count=70.00 | yes=5c
Kalshi WS trade #7118: KXBTCD-26FEB1310-T67749.99 | no | count=64.00 | yes=24c
Kalshi WS trade #7119: KXBTC-26FEB1310-B67625 | yes | count=4.00 | yes=64c
Kalshi WS trade #7120: KXBTCD-26FEB1310-T67499.99 | yes | count=50.00 | yes=90c
Kalshi WS trade #7121: KXBTCD-26FEB1310-T67499.99 | yes | count=236.00 | yes=90c
Kalshi WS trade #7122: KXBTCD-26FEB1310-T67499.99 | no | count=214.00 | yes=90c
Kalshi WS trade #7123: KXBTC-26FEB1310-B67375 | no | count=100.00 | yes=11c
Kalshi WS trade #7124: KXBTC-26FEB1310-B67125 | no | count=100.00 | yes=1c
Kalshi WS trade #7125: KXWTAMATCH-26FEB13COCVEK-COC | yes | count=50.00 | yes=85c
Kalshi WS trade #7126: KXATPCHALLENGERMATCH-26FEB13TRAMOR-TRA | yes | count=53.00 | yes=10c
Kalshi WS trade #7127: KXATPCHALLENGERMATCH-26FEB13LLAMIK-LLA | no | count=65.00 | yes=93c
Kalshi WS trade #7128: KXNCAAMBGAME-26FEB14CALBC-BC | yes | count=10.00 | yes=48c
Kalshi WS trade #7129: KXNCAAMBGAME-26FEB14CALBC-BC | yes | count=10.00 | yes=49c
Kalshi WS trade #7130: KXNCAAMBGAME-26FEB14CALBC-BC | yes | count=9.00 | yes=51c
Kalshi WS trade #7131: KXTXSENDPRIMARYMOV-26MAR03-JTAL-P13 | yes | count=3.00 | yes=5c
Kalshi WS trade #7132: KXATPMATCH-26FEB13DEVAN-VAN | yes | count=5.00 | yes=54c
Kalshi WS trade #7133: KXRATECUTCOUNT-26DEC31-T3 | yes | count=85.00 | yes=28c
Kalshi WS trade #7134: KXBTC15M-26FEB131000-00 | no | count=93.00 | yes=99c
INFO:     35.145.33.17:0 - "GET /api/markets HTTP/1.1" 200 OK
Kalshi WS trade #7135: KXBTCD-26FEB1310-T67499.99 | yes | count=1.00 | yes=89c
Kalshi WS trade #7136: KXBTCD-26FEB1310-T67499.99 | yes | count=19.00 | yes=90c
Kalshi WS trade #7137: KXT20MATCH-26FEB16ITAENG-ITA | yes | count=17.00 | yes=11c
Kalshi WS trade #7138: KXATPMATCH-26FEB13DEVAN-DE | yes | count=1.00 | yes=47c
Kalshi WS trade #7139: KXLIVTOUR-LIGA26-JRAH | yes | count=259.00 | yes=56c
Kalshi WS trade #7140: KXSAUDIPLGAME-26FEB13SHAAAS-AAS | no | count=37.00 | yes=94c
Kalshi WS trade #7141: KXSAUDIPLGAME-26FEB13SHAAAS-AAS | no | count=236.00 | yes=93c
Kalshi WS trade #7142: KXBTCD-26FEB1310-T67499.99 | yes | count=1.00 | yes=89c
Kalshi WS trade #7143: KXBTCD-26FEB1310-T67499.99 | yes | count=70.00 | yes=90c
Kalshi WS trade #7144: KXATPCHALLENGERMATCH-26FEB13LLAMIK-MIK | yes | count=26.00 | yes=7c
Poly WS trade #147: asset=10832696757358093775... | BUY | size=9 | price=0.9
Kalshi WS trade #7145: KXWTACHALLENGERMATCH-26FEB13STEJOR-JOR | yes | count=73.00 | yes=43c
Kalshi WS trade #7146: KXWTACHALLENGERMATCH-26FEB13STEJOR-JOR | yes | count=100.00 | yes=43c
Kalshi WS trade #7147: KXWTACHALLENGERMATCH-26FEB13STEJOR-JOR | yes | count=27.00 | yes=43c
Kalshi WS trade #7148: KXWTACHALLENGERMATCH-26FEB13STEJOR-JOR | yes | count=20.00 | yes=43c
Kalshi WS trade #7149: KXWTACHALLENGERMATCH-26FEB13STEJOR-JOR | yes | count=236.00 | yes=44c
Kalshi WS trade #7150: KXATPMATCH-26FEB13DEVAN-VAN | yes | count=17.00 | yes=54c
Kalshi WS trade #7151: KXATPCHALLENGERMATCH-26FEB13TRAMOR-TRA | yes | count=9.00 | yes=10c
Kalshi WS trade #7152: KXBTC15M-26FEB131000-00 | no | count=1929.00 | yes=99c
Kalshi WS trade #7153: KXBTC15M-26FEB131000-00 | no | count=1700.00 | yes=99c
Kalshi WS trade #7154: KXBTC15M-26FEB131000-00 | no | count=65.00 | yes=99c
Kalshi WS trade #7155: KXBTC15M-26FEB131000-00 | no | count=1.00 | yes=99c
Kalshi WS trade #7156: KXBTC15M-26FEB131000-00 | no | count=48.00 | yes=99c
Kalshi WS trade #7157: KXBTC15M-26FEB131000-00 | no | count=32.00 | yes=99c
Kalshi WS trade #7158: KXBTC15M-26FEB131000-00 | no | count=19.00 | yes=99c
Kalshi WS trade #7159: KXBTC15M-26FEB131000-00 | no | count=500.00 | yes=99c
Kalshi WS trade #7160: KXBTC15M-26FEB131000-00 | no | count=143.00 | yes=99c
Kalshi WS trade #7161: KXBTC15M-26FEB131000-00 | no | count=143.00 | yes=99c
Kalshi WS trade #7162: KXBTC15M-26FEB131000-00 | no | count=143.00 | yes=99c
Kalshi WS trade #7163: KXBTC15M-26FEB131000-00 | no | count=143.00 | yes=99c
Kalshi WS trade #7164: KXBTC15M-26FEB131000-00 | no | count=143.00 | yes=99c
Kalshi WS trade #7165: KXBTC15M-26FEB131000-00 | no | count=143.00 | yes=99c
Kalshi WS trade #7166: KXBTC15M-26FEB131000-00 | no | count=4000.00 | yes=99c
Kalshi WS trade #7167: KXBTC15M-26FEB131000-00 | no | count=143.00 | yes=99c
Kalshi WS trade #7168: KXBTC15M-26FEB131000-00 | no | count=56.00 | yes=99c
Kalshi WS trade #7169: KXINXMAXY-01JAN2027-7199.99 | yes | count=28.00 | yes=70c
Kalshi WS trade #7170: KXINXMAXY-01JAN2027-7199.99 | yes | count=10.00 | yes=70c
Kalshi WS trade #7171: KXWO-MEDALS-26-ITA | yes | count=31.00 | yes=6c
Kalshi WS trade #7172: KXBTCD-26FEB1310-T67499.99 | yes | count=1.00 | yes=89c
Kalshi WS trade #7173: KXBTCD-26FEB1310-T67499.99 | yes | count=5.00 | yes=90c
Kalshi WS trade #7174: KXATPCHALLENGERMATCH-26FEB13LLAMIK-MIK | yes | count=2922.00 | yes=7c
Kalshi WS trade #7175: KXATPCHALLENGERMATCH-26FEB13LLAMIK-MIK | yes | count=431.00 | yes=7c
Kalshi WS trade #7176: KXATPMATCH-26FEB13DEVAN-DE | yes | count=51.00 | yes=47c
Kalshi WS trade #7177: KXBTCD-26FEB1310-T67499.99 | no | count=7.00 | yes=88c
Kalshi WS trade #7178: KXBTCD-26FEB1310-T67499.99 | yes | count=6.00 | yes=90c
Kalshi WS trade #7179: KXBTCD-26FEB1310-T67499.99 | yes | count=10.00 | yes=90c
Kalshi WS trade #7180: KXBTCD-26FEB1310-T67749.99 | no | count=58.00 | yes=24c
Kalshi WS trade #7181: KXTRUMPMENTION-26FEB14-NOBE | yes | count=5.00 | yes=24c
Kalshi WS trade #7182: KXTRUMPMENTION-26FEB14-NOBE | yes | count=14.00 | yes=25c
Kalshi WS trade #7183: KXBUNDESLIGAGAME-26FEB14SVWBMU-BMU | yes | count=25.00 | yes=76c
Kalshi WS trade #7184: KXBTCD-26FEB1310-T66999.99 | no | count=100.00 | yes=99c
Kalshi WS trade #7185: KXBTCD-26FEB1310-T66999.99 | no | count=367.00 | yes=99c
Kalshi WS trade #7186: KXATPCHALLENGERMATCH-26FEB13LLAMIK-LLA | no | count=52.00 | yes=93c
Poly WS trade #148: asset=50310842821679504948... | SELL | size=2358.39 | price=0.033
Kalshi WS trade #7187: KXATPCHALLENGERMATCH-26FEB13LLAMIK-MIK | no | count=477.00 | yes=5c
Kalshi WS trade #7188: KXATPCHALLENGERMATCH-26FEB13LLAMIK-MIK | no | count=123.00 | yes=5c
Kalshi WS trade #7189: KXATPMATCH-26FEB13DEVAN-VAN | yes | count=68.00 | yes=54c
Kalshi WS trade #7190: KXBTCD-26FEB1310-T67999.99 | no | count=202.00 | yes=1c
Kalshi WS trade #7191: KXBTCD-26FEB1310-T67999.99 | no | count=98.00 | yes=1c
Kalshi WS trade #7192: KXBTCD-26FEB1310-T67499.99 | no | count=100.00 | yes=87c
Kalshi WS trade #7193: KXBTC15M-26FEB131000-00 | no | count=87.00 | yes=99c
Kalshi WS trade #7194: KXBTC15M-26FEB131000-00 | no | count=6.00 | yes=99c
Kalshi WS trade #7195: KXBTCD-26FEB1310-T67249.99 | no | count=100.00 | yes=99c
Kalshi WS trade #7196: KXBTCD-26FEB1310-T67249.99 | no | count=57.00 | yes=99c
Kalshi WS trade #7197: KXETHD-26FEB1310-T1989.99 | yes | count=50.00 | yes=27c
Kalshi WS trade #7198: KXBTCD-26FEB1310-T67499.99 | no | count=6.00 | yes=87c
Kalshi WS trade #7199: KXETH-26FEB1310-B1980 | yes | count=50.00 | yes=72c
Kalshi WS trade #7200: KXBTCD-26FEB1317-T64999.99 | yes | count=1.00 | yes=95c
Kalshi WS trade #7201: KXBTCD-26FEB1317-T64999.99 | yes | count=100.00 | yes=95c
Kalshi WS trade #7202: KXBTCD-26FEB1317-T64999.99 | no | count=4.00 | yes=95c
Kalshi WS trade #7203: KXETH15M-26FEB131000-00 | no | count=48.00 | yes=99c
Kalshi WS trade #7204: KXETH15M-26FEB131000-00 | no | count=1000.00 | yes=99c
Kalshi WS trade #7205: KXWTAMATCH-26FEB13COCVEK-VEK | no | count=1048.00 | yes=15c
Kalshi WS trade #7206: KXWTAMATCH-26FEB13COCVEK-VEK | no | count=50.00 | yes=15c
Kalshi WS trade #7207: KXWTAMATCH-26FEB13COCVEK-VEK | no | count=610.00 | yes=15c
Kalshi WS trade #7208: KXWTAMATCH-26FEB13COCVEK-VEK | no | count=50.00 | yes=15c
Kalshi WS trade #7209: KXWTAMATCH-26FEB13COCVEK-VEK | no | count=38.00 | yes=15c
Kalshi WS trade #7210: KXBTCD-26FEB1310-T67749.99 | no | count=2.00 | yes=23c
Kalshi WS trade #7211: KXBTC-26FEB1310-B67875 | no | count=100.00 | yes=20c
Kalshi WS trade #7212: KXBTCD-26FEB1310-T67749.99 | yes | count=31.00 | yes=23c
Kalshi WS trade #7213: KXGOVTSHUTDOWN-26FEB14 | yes | count=20.00 | yes=89c
Kalshi WS trade #7214: KXINXU-26FEB13H1600-T6849.9999 | no | count=30.00 | yes=40c
Kalshi WS trade #7215: KXINXU-26FEB13H1600-T6849.9999 | no | count=300.00 | yes=39c
Kalshi WS trade #7216: KXBTC-26FEB1310-B67875 | no | count=50.00 | yes=18c
Kalshi WS trade #7217: KXATPMATCH-26FEB13DEVAN-DE | yes | count=4.00 | yes=47c
Kalshi WS trade #7218: KXNCAAWBGAME-26FEB14CONNMARQ-MARQ | yes | count=93.00 | yes=1c
Kalshi WS trade #7219: KXT20MATCH-26FEB13NEDUSA-NED | yes | count=1872.00 | yes=19c
Kalshi WS trade #7220: KXSAUDIPLGAME-26FEB13SHAAAS-SHA | yes | count=1.00 | yes=1c
Kalshi WS trade #7221: KXSAUDIPLGAME-26FEB13SHAAAS-SHA | yes | count=1.00 | yes=1c
Kalshi WS trade #7222: KXSAUDIPLGAME-26FEB13SHAAAS-SHA | yes | count=232.00 | yes=2c
Poly WS trade #149: asset=76489251550443972870... | BUY | size=110.100459 | price=0.239
Poly WS trade #150: asset=76489251550443972870... | BUY | size=99.916316 | price=0.239
Kalshi WS trade #7223: KXBTC-26FEB1310-B67625 | yes | count=200.00 | yes=66c
Kalshi WS trade #7224: KXBTC-26FEB1310-B67625 | yes | count=57.00 | yes=66c
Kalshi WS trade #7225: KXATPCHALLENGERMATCH-26FEB13LLAMIK-MIK | no | count=94.00 | yes=5c
Kalshi WS trade #7226: KXBTCD-26FEB1310-T67749.99 | no | count=2.00 | yes=20c
Kalshi WS trade #7227: KXLIGUE1GAME-26FEB13RENPSG-PSG | yes | count=13.00 | yes=70c
Kalshi WS trade #7228: KXNCAAMBGAME-26FEB13MASSAKR-MASS | yes | count=10.00 | yes=12c
Kalshi WS trade #7229: KXMVESPORTSMULTIGAMEEXTENDED-S202631EF8F6B8A3-A25466E2EF6 | yes | count=2.00 | yes=42c
Kalshi WS trade #7230: KXMARMAD-26-DUKE | yes | count=78.00 | yes=12c
Kalshi WS trade #7231: KXBTCD-26FEB1310-T67499.99 | yes | count=1.00 | yes=87c
Kalshi WS trade #7232: KXATPMATCH-26FEB13DEVAN-DE | yes | count=2.00 | yes=47c
Kalshi WS trade #7233: KXBTC-26FEB1310-B67625 | yes | count=200.00 | yes=66c
Kalshi WS trade #7234: KXATPMATCH-26FEB13DEVAN-DE | yes | count=14.00 | yes=47c
Kalshi WS trade #7235: KXATPMATCH-26FEB13DEVAN-DE | yes | count=41.00 | yes=47c
Kalshi WS trade #7236: KXINXU-26FEB13H1000-T6829.9999 | no | count=2.00 | yes=6c
Kalshi WS trade #7237: KXINXU-26FEB13H1000-T6829.9999 | no | count=150.00 | yes=6c
Kalshi WS trade #7238: KXETHD-26FEB1317-T2019.99 | yes | count=100.00 | yes=24c
Kalshi WS trade #7239: KXINXU-26FEB13H1000-T6809.9999 | no | count=2.00 | yes=76c
Kalshi WS trade #7240: KXBTC15M-26FEB131000-00 | no | count=137.00 | yes=99c
Kalshi WS trade #7241: KXBTC15M-26FEB131000-00 | no | count=143.00 | yes=99c
Kalshi WS trade #7242: KXBTC15M-26FEB131000-00 | no | count=187.00 | yes=99c
Kalshi WS trade #7243: KXBTC-26FEB1310-B67625 | yes | count=200.00 | yes=66c
Kalshi WS trade #7244: KXPGATOUR-MAST26-JROS | yes | count=33.00 | yes=4c
Kalshi WS trade #7245: KXWTAMATCH-26FEB13COCVEK-VEK | no | count=12.00 | yes=15c
Kalshi WS trade #7246: KXWTAMATCH-26FEB13COCVEK-VEK | no | count=88.00 | yes=14c
Kalshi WS trade #7247: KXBTC-26FEB1310-B67625 | yes | count=200.00 | yes=66c
Kalshi WS trade #7248: KXWTACHALLENGERMATCH-26FEB13CHWLAM-CHW | no | count=45.00 | yes=92c
Kalshi WS trade #7249: KXETH15M-26FEB131000-00 | no | count=104.00 | yes=99c
Kalshi WS trade #7250: KXHIGHTNOLA-26FEB13-B72.5 | no | count=8.00 | yes=31c
Kalshi WS trade #7251: KXBTC-26FEB1310-B67875 | yes | count=50.00 | yes=19c
Poly WS trade #151: asset=76489251550443972870... | SELL | size=20.74 | price=0.231
Kalshi WS trade #7252: KXWTAMATCH-26FEB13COCVEK-COC | yes | count=4.00 | yes=85c
Kalshi WS trade #7253: KXATPCHALLENGERMATCH-26FEB13LLAMIK-MIK | no | count=10.00 | yes=5c
Kalshi WS trade #7254: KXMVESPORTSMULTIGAMEEXTENDED-S202651508CA36DA-61C29AA7E14 | yes | count=35.00 | yes=26c
Kalshi WS trade #7255: KXBTC-26FEB1310-B67375 | no | count=100.00 | yes=13c
Kalshi WS trade #7256: KXBTC-26FEB1310-B67375 | no | count=57.00 | yes=13c
Kalshi WS trade #7257: KXWTACHALLENGERMATCH-26FEB13STEJOR-JOR | yes | count=11.00 | yes=43c
Kalshi WS trade #7258: KXGOVTSHUTDOWN-26FEB14 | no | count=142.00 | yes=88c
Kalshi WS trade #7259: KXATPCHALLENGERMATCH-26FEB13LLAMIK-MIK | yes | count=174.00 | yes=7c
Kalshi WS trade #7260: KXT20MATCH-26FEB13NEDUSA-USA | no | count=500.00 | yes=80c
Kalshi WS trade #7261: KXBTC-26FEB1310-B67875 | no | count=50.00 | yes=20c
Kalshi WS trade #7262: KXINXU-26FEB13H1600-T6849.9999 | no | count=8.00 | yes=34c
Kalshi WS trade #7263: KXOSCARPIC-26-SIN | yes | count=277.00 | yes=16c
Kalshi WS trade #7264: KXWTAMATCH-26FEB13COCVEK-COC | yes | count=507.00 | yes=85c
Kalshi WS trade #7265: KXWTAMATCH-26FEB13COCVEK-COC | yes | count=181.00 | yes=85c
Kalshi WS trade #7266: KXATPMATCH-26FEB13DEVAN-DE | no | count=141.00 | yes=44c
Kalshi WS trade #7267: KXHIGHMIA-26FEB13-B79.5 | yes | count=3.00 | yes=41c
Kalshi WS trade #7268: KXHIGHMIA-26FEB13-B79.5 | yes | count=8.00 | yes=41c
Kalshi WS trade #7269: KXNCAAMBGAME-26FEB13YALEDART-YALE | yes | count=11.00 | yes=82c
Kalshi WS trade #7270: KXWTAMATCH-26FEB13COCVEK-VEK | yes | count=51.00 | yes=16c
Kalshi WS trade #7271: KXWTAMATCH-26FEB13COCVEK-COC | yes | count=70.00 | yes=85c
Kalshi WS trade #7272: KXBTCD-26FEB1310-T67749.99 | no | count=1.00 | yes=22c
Kalshi WS trade #7273: KXBTCD-26FEB1310-T67749.99 | no | count=5.00 | yes=21c
Kalshi WS trade #7274: KXATPCHALLENGERMATCH-26FEB13LLAMIK-MIK | no | count=5.00 | yes=5c
Kalshi WS trade #7275: KXBTCD-26FEB1310-T67749.99 | no | count=1.00 | yes=22c
Kalshi WS trade #7276: KXBTCD-26FEB1310-T67749.99 | no | count=122.00 | yes=21c
Kalshi WS trade #7277: KXWTAMATCH-26FEB13COCVEK-VEK | no | count=34.00 | yes=14c
Kalshi WS trade #7278: KXNCAAMBGAME-26FEB13UNLVBSU-BSU | yes | count=100.00 | yes=83c
Poly WS trade #152: asset=48458075019957098166... | SELL | size=86.16 | price=0.993
Kalshi WS trade #7279: KXATPCHALLENGERMATCH-26FEB13LLAMIK-LLA | yes | count=177.00 | yes=94c
Kalshi WS trade #7280: KXPGATOUR-ATPBP26-SBUR | yes | count=25.00 | yes=8c
Kalshi WS trade #7281: KXATPCHALLENGERMATCH-26FEB13LLAMIK-MIK | no | count=2.00 | yes=5c
Poly WS trade #153: asset=48458075019957098166... | BUY | size=162 | price=0.994
Kalshi WS trade #7282: KXBTC-26FEB1310-B67375 | no | count=50.00 | yes=11c
Kalshi WS trade #7283: KXBTC-26FEB1310-B67375 | no | count=1.00 | yes=11c
Kalshi WS trade #7284: KXATPCHALLENGERMATCH-26FEB13LLAMIK-MIK | yes | count=50.00 | yes=7c
Kalshi WS trade #7285: KXETH-26FEB1310-B2000 | yes | count=100.00 | yes=25c
Kalshi WS trade #7286: KXWTAMATCH-26FEB13COCVEK-COC | yes | count=200.00 | yes=85c
Kalshi WS trade #7287: KXSAUDIPLGAME-26FEB13HILITT-HIL | yes | count=28.00 | yes=85c
Kalshi WS trade #7288: KXATPCHALLENGERMATCH-26FEB13LLAMIK-LLA | no | count=638.00 | yes=93c
Kalshi WS trade #7289: KXNASDAQ100U-26FEB13H1000-T24569.99 | yes | count=2.00 | yes=93c
Kalshi WS trade #7290: KXATPMATCH-26FEB13DEVAN-DE | yes | count=12.00 | yes=47c
Kalshi WS trade #7291: KXSAUDIPLGAME-26FEB13SHAAAS-AAS | yes | count=64.00 | yes=95c
Kalshi WS trade #7292: KXSAUDIPLGAME-26FEB13SHAAAS-AAS | yes | count=40.00 | yes=95c
Kalshi WS trade #7293: KXBTCD-26FEB1310-T67499.99 | yes | count=25.00 | yes=87c
Kalshi WS trade #7294: KXMVESPORTSMULTIGAMEEXTENDED-S2026DC84A8A4180-3291AA1D275 | yes | count=116.00 | yes=0c
Kalshi WS trade #7295: KXWTACHALLENGERMATCH-26FEB13CHWLAM-LAM | yes | count=220.00 | yes=9c
Kalshi WS trade #7296: KXWOCURL-MEN26CGOLD-CAN | yes | count=34.00 | yes=28c
Kalshi WS trade #7297: KXBTC-26FEB1310-B67875 | no | count=50.00 | yes=22c
Kalshi WS trade #7298: KXETH-26FEB1310-B2000 | no | count=50.00 | yes=22c
Kalshi WS trade #7299: KXBTC-26FEB1310-B67625 | yes | count=50.00 | yes=66c
Kalshi WS trade #7300: KXETH-26FEB1310-B1980 | yes | count=50.00 | yes=75c
Kalshi WS trade #7301: KXVALORANTGAME-26FEB13BBLGM-GM | yes | count=9.00 | yes=52c
Kalshi WS trade #7302: KXMENWORLDCUP-26-FR | yes | count=78.00 | yes=12c
Kalshi WS trade #7303: KXBTCD-26FEB1310-T67749.99 | yes | count=11.00 | yes=24c
Kalshi WS trade #7304: KXNCAAMBGAME-26FEB13BRWNHARV-HARV | yes | count=12.00 | yes=80c
Kalshi WS trade #7305: KXBTCD-26FEB1310-T67749.99 | no | count=19.00 | yes=23c
Kalshi WS trade #7306: KXNCAAMBGAME-26FEB14CLEMDUKE-CLEM | yes | count=117.00 | yes=15c
Kalshi WS trade #7307: KXSENATETXR-26-JC | no | count=3.00 | yes=22c
Kalshi WS trade #7308: KXSENATETXR-26-WHUN | no | count=1.00 | yes=8c
Kalshi WS trade #7309: KXBTCD-26FEB1310-T67999.99 | yes | count=39.00 | yes=2c
Kalshi WS trade #7310: KXBTCD-26FEB1310-T67999.99 | yes | count=7.00 | yes=2c
Kalshi WS trade #7311: KXALIENS-27 | yes | count=525.00 | yes=18c
Kalshi WS trade #7312: KXHIGHMIA-26FEB13-B77.5 | no | count=12.00 | yes=6c
Kalshi WS trade #7313: KXHIGHMIA-26FEB13-B77.5 | no | count=5.00 | yes=6c
Kalshi WS trade #7314: KXHIGHMIA-26FEB13-B77.5 | no | count=13.00 | yes=6c
Poly WS trade #154: asset=82502710596437163348... | BUY | size=5.025 | price=0.995
Kalshi WS trade #7315: KXWOMHOCKEYSPREAD-26FEB13CANCHE-CAN1 | yes | count=1.00 | yes=73c
Kalshi WS trade #7316: KXMVESPORTSMULTIGAMEEXTENDED-S20264E0D1913385-760D12D7D45 | yes | count=11.00 | yes=8c
Kalshi WS trade #7317: KXBTCD-26FEB1310-T67499.99 | no | count=40.00 | yes=87c
Kalshi WS trade #7318: KXWTACHALLENGERMATCH-26FEB13STEJOR-STE | no | count=27.00 | yes=57c
Kalshi WS trade #7319: KXRATECUTCOUNT-26DEC31-T3 | yes | count=85.00 | yes=28c
Kalshi WS trade #7320: KXNCAAMBGAME-26FEB13MANNIAG-MAN | yes | count=10.00 | yes=48c
Kalshi WS trade #7321: KXATPCHALLENGERMATCH-26FEB13LLAMIK-LLA | yes | count=477.00 | yes=94c
Kalshi WS trade #7322: KXETH-26FEB1310-B1980 | yes | count=50.00 | yes=78c
Kalshi WS trade #7323: KXBTCD-26FEB1310-T67749.99 | no | count=58.00 | yes=21c
Kalshi WS trade #7324: KXNCAAMBGAME-26FEB14KSUHOU-KSU | yes | count=62.00 | yes=6c
Kalshi WS trade #7325: KXLIVTOUR-LIGA26-JRAH | yes | count=5.00 | yes=56c
Kalshi WS trade #7326: KXBTCD-26FEB1310-T67749.99 | no | count=34.00 | yes=21c
Kalshi WS trade #7327: KXEPLGAME-26FEB18WOLARS-ARS | yes | count=2.00 | yes=76c
Kalshi WS trade #7328: KXNCAAMBGAME-26FEB14KSUHOU-HOU | no | count=62.00 | yes=95c
Kalshi WS trade #7329: KXETH-26FEB1310-B2000 | yes | count=50.00 | yes=21c
Kalshi WS trade #7330: KXETHD-26FEB1310-T1989.99 | no | count=50.00 | yes=21c
Kalshi WS trade #7331: KXSOL15M-26FEB131000-00 | yes | count=2.00 | yes=94c
Kalshi WS trade #7332: KXWTAMATCH-26FEB13COCVEK-VEK | no | count=69.00 | yes=12c
Kalshi WS trade #7333: KXATPMATCH-26FEB13DEVAN-DE | yes | count=10.00 | yes=43c
Kalshi WS trade #7334: KXATPMATCH-26FEB13DEVAN-DE | no | count=12.00 | yes=42c
Kalshi WS trade #7335: KXATPMATCH-26FEB13DEVAN-DE | no | count=52.00 | yes=41c
Kalshi WS trade #7336: KXATPMATCH-26FEB13DEVAN-DE | no | count=100.00 | yes=41c
Kalshi WS trade #7337: KXATPMATCH-26FEB13DEVAN-DE | no | count=1.00 | yes=41c
Kalshi WS trade #7338: KXATPMATCH-26FEB13DEVAN-DE | no | count=98.00 | yes=40c
Kalshi WS trade #7339: KXATPMATCH-26FEB13DEVAN-DE | no | count=18.00 | yes=40c
Kalshi WS trade #7340: KXATPMATCH-26FEB13DEVAN-DE | no | count=265.00 | yes=39c
Kalshi WS trade #7341: KXATPMATCH-26FEB13DEVAN-DE | no | count=208.00 | yes=39c
Kalshi WS trade #7342: KXATPMATCH-26FEB13DEVAN-VAN | yes | count=1.00 | yes=57c
Kalshi WS trade #7343: KXATPMATCH-26FEB13DEVAN-VAN | yes | count=207.00 | yes=58c
Kalshi WS trade #7344: KXATPMATCH-26FEB13DEVAN-VAN | yes | count=176.00 | yes=59c
Kalshi WS trade #7345: KXATPMATCH-26FEB13DEVAN-VAN | yes | count=18.00 | yes=59c
Kalshi WS trade #7346: KXATPMATCH-26FEB13DEVAN-VAN | yes | count=500.00 | yes=59c
Kalshi WS trade #7347: KXATPMATCH-26FEB13DEVAN-VAN | yes | count=388.00 | yes=61c
Kalshi WS trade #7348: KXATPCHALLENGERMATCH-26FEB13LLAMIK-LLA | no | count=24.00 | yes=93c
Kalshi WS trade #7349: KXNASCARRACE-DAY26-ANAL | yes | count=935.00 | yes=1c
Kalshi WS trade #7350: KXATPMATCH-26FEB13DEVAN-DE | yes | count=207.00 | yes=39c
Kalshi WS trade #7351: KXSUPERBOWLWHITEHOUSE-26DEC31 | no | count=82.00 | yes=72c
Kalshi WS trade #7352: KXSUPERBOWLWHITEHOUSE-26DEC31 | no | count=1.00 | yes=72c
Kalshi WS trade #7353: KXSUPERBOWLWHITEHOUSE-26DEC31 | no | count=2.00 | yes=72c
Kalshi WS trade #7354: KXT20MATCH-26FEB13NEDUSA-USA | yes | count=50.00 | yes=81c
Kalshi WS trade #7355: KXT20MATCH-26FEB13NEDUSA-USA | yes | count=190.00 | yes=81c
Kalshi WS trade #7356: KXWTAMATCH-26FEB13COCVEK-VEK | yes | count=6.00 | yes=16c
Kalshi WS trade #7357: KXINXU-26FEB13H1000-T6809.9999 | no | count=77.00 | yes=75c
Kalshi WS trade #7358: KXINXU-26FEB13H1000-T6814.9999 | no | count=400.00 | yes=50c
Kalshi WS trade #7359: KXHIGHAUS-26FEB13-T78 | no | count=5.00 | yes=3c
Kalshi WS trade #7360: KXHIGHAUS-26FEB13-T78 | no | count=20.00 | yes=3c
Kalshi WS trade #7361: KXETH15M-26FEB131000-00 | no | count=496.00 | yes=99c
Kalshi WS trade #7362: KXBTC-26FEB1310-B67875 | no | count=50.00 | yes=19c
Kalshi WS trade #7363: KXBTC-26FEB1310-B67375 | yes | count=50.00 | yes=13c
INFO:     35.145.33.17:0 - "GET /api/spreads?min_spread_pct=0.05 HTTP/1.1" 200 OK
Kalshi WS trade #7364: KXATPCHALLENGERMATCH-26FEB13TRAMOR-TRA | yes | count=470.00 | yes=10c
Kalshi WS trade #7365: KXETH15M-26FEB131000-00 | no | count=1.00 | yes=98c
Kalshi WS trade #7366: KXBTC-26FEB1310-B67875 | yes | count=24.00 | yes=18c
Kalshi WS trade #7367: KXBTCD-26FEB1310-T67749.99 | no | count=494.00 | yes=20c
Kalshi WS trade #7368: KXBTCD-26FEB1310-T67749.99 | no | count=1.00 | yes=20c
Kalshi WS trade #7369: KXATPMATCH-26FEB13DEVAN-DE | yes | count=2.00 | yes=39c
Kalshi WS trade #7370: KXETHD-26FEB1310-T1989.99 | yes | count=50.00 | yes=18c
Kalshi WS trade #7371: KXBTC-26FEB1310-B67875 | no | count=100.00 | yes=17c
Kalshi WS trade #7372: KXBTC-26FEB1310-B67875 | yes | count=1.00 | yes=17c
Kalshi WS trade #7373: KXBERNIEMENTION-26FEB14-BILL | yes | count=100.00 | yes=91c
Kalshi WS trade #7374: KXINXU-26FEB13H1000-T6819.9999 | yes | count=19.00 | yes=49c
Kalshi WS trade #7375: KXINXU-26FEB13H1000-T6819.9999 | yes | count=1.00 | yes=50c
Kalshi WS trade #7376: KXATPCHALLENGERMATCH-26FEB13LLAMIK-LLA | yes | count=573.00 | yes=94c
Kalshi WS trade #7377: KXATPCHALLENGERMATCH-26FEB13LLAMIK-MIK | yes | count=6.00 | yes=7c
Kalshi WS trade #7378: KXEPLGAME-26FEB23EVEMUN-EVE | yes | count=48.00 | yes=28c
Kalshi WS trade #7379: KXINXU-26FEB13H1000-T6804.9999 | no | count=5.00 | yes=81c
Kalshi WS trade #7380: KXBTCD-26FEB1310-T67749.99 | yes | count=4.00 | yes=18c
Kalshi WS trade #7381: KXBTC-26FEB1310-B67875 | no | count=100.00 | yes=15c
Kalshi WS trade #7382: KXBTC-26FEB1310-B67875 | no | count=100.00 | yes=14c
Kalshi WS trade #7383: KXBTC-26FEB1310-B67875 | no | count=55.00 | yes=14c
Kalshi WS trade #7384: KXBTC-26FEB1310-B67875 | no | count=1.00 | yes=14c
Kalshi WS trade #7385: KXETHD-26FEB1310-T1989.99 | yes | count=50.00 | yes=15c
Kalshi WS trade #7386: KXLOLGAME-26FEB14FOXGEN-FOX | yes | count=18.00 | yes=10c
Kalshi WS trade #7387: KXBTCD-26FEB1310-T67499.99 | yes | count=7.00 | yes=85c
Kalshi WS trade #7388: KXBTCD-26FEB1310-T67499.99 | no | count=120.00 | yes=84c
Kalshi WS trade #7389: KXLIGUE1GAME-26FEB13RENPSG-PSG | yes | count=13.00 | yes=70c
Kalshi WS trade #7390: KXBTCD-26FEB1317-T68999.99 | yes | count=3.00 | yes=16c
Poly WS trade #155: asset=43946269812975261940... | SELL | size=374.9 | price=0.761
Kalshi WS trade #7391: KXSAUDIPLSPREAD-26FEB13SHAAAS-AAS1 | no | count=32.00 | yes=75c
Kalshi WS trade #7392: KXWOSBOARD-MHP26MEDAL-AHIR | yes | count=17.00 | yes=28c
Kalshi WS trade #7393: KXATPCHALLENGERMATCH-26FEB13LLAMIK-MIK | no | count=14.00 | yes=5c
Kalshi WS trade #7394: KXPGATOP5-ATPBP26-RHEN | yes | count=45.00 | yes=21c
Kalshi WS trade #7395: KXWOHOCKEY-MEN26CGOLD-CAN | yes | count=1.00 | yes=51c
Kalshi WS trade #7396: KXBTCD-26FEB1310-T67749.99 | yes | count=23.00 | yes=18c
Kalshi WS trade #7397: KXATPMATCH-26FEB13DEVAN-DE | yes | count=24.00 | yes=39c
Kalshi WS trade #7398: KXATPCHALLENGERMATCH-26FEB13TRAMOR-MOR | yes | count=79.00 | yes=92c
Kalshi WS trade #7399: KXDOTA2GAME-26FEB13LIQUIDFLC-LIQUID | yes | count=2.00 | yes=42c
Kalshi WS trade #7400: KXDOTA2GAME-26FEB13LIQUIDFLC-LIQUID | yes | count=25.00 | yes=42c
Kalshi WS trade #7401: KXDOTA2GAME-26FEB13LIQUIDFLC-LIQUID | yes | count=18.00 | yes=43c
Kalshi WS trade #7402: KXBTCD-26FEB1310-T67999.99 | yes | count=5.00 | yes=2c
Kalshi WS trade #7403: KXBTCD-26FEB1310-T67499.99 | yes | count=1.00 | yes=84c
Kalshi WS trade #7404: KXBTCD-26FEB1310-T67499.99 | yes | count=50.00 | yes=85c
Kalshi WS trade #7405: KXBTCD-26FEB1310-T67499.99 | yes | count=49.00 | yes=85c
Kalshi WS trade #7406: KXNBA3PTCONTEST-26-DBOO | yes | count=15.00 | yes=12c
Kalshi WS trade #7407: KXXRP15M-26FEB131000-00 | yes | count=2.00 | yes=95c
Kalshi WS trade #7408: KXATPCHALLENGERMATCH-26FEB13TABECH-TAB | yes | count=7.00 | yes=65c
Kalshi WS trade #7409: KXPGATOUR-ATPBP26-TFIN | yes | count=156.00 | yes=3c
Kalshi WS trade #7410: KXBTCD-26FEB1310-T67499.99 | yes | count=1.00 | yes=84c
Kalshi WS trade #7411: KXBTCD-26FEB1310-T67499.99 | yes | count=114.00 | yes=85c
Kalshi WS trade #7412: KXWOMHOCKEY-26FEB13FRACZE-FRA | yes | count=4.00 | yes=6c
Kalshi WS trade #7413: KXMVESPORTSMULTIGAMEEXTENDED-S2026E89489C44D7-B9C35919071 | yes | count=41.00 | yes=34c
Kalshi WS trade #7414: KXBTCD-26FEB1310-T67499.99 | yes | count=1.00 | yes=84c
Kalshi WS trade #7415: KXBTCD-26FEB1310-T67499.99 | yes | count=10.00 | yes=86c
Kalshi WS trade #7416: KXBTCD-26FEB1310-T67499.99 | yes | count=104.00 | yes=86c
Kalshi WS trade #7417: KXWTAMATCH-26FEB13COCVEK-VEK | yes | count=2.00 | yes=16c
Kalshi WS trade #7418: KXWTAMATCH-26FEB13COCVEK-VEK | yes | count=27.00 | yes=16c
Kalshi WS trade #7419: KXT20MATCH-26FEB13NEDUSA-USA | no | count=500.00 | yes=80c
Kalshi WS trade #7420: KXBTCD-26FEB1317-T59999.99 | yes | count=10.00 | yes=99c
Kalshi WS trade #7421: KXBTCD-26FEB1317-T59999.99 | yes | count=190.00 | yes=99c
Kalshi WS trade #7422: KXHNLGAME-26FEB13SLALOK-LOK | yes | count=14.00 | yes=34c
INFO:     35.145.33.17:0 - "GET /api/markets HTTP/1.1" 200 OK
Kalshi WS trade #7423: KXWOFSKATE-WOMENS26GOLD-KSAK | no | count=300.00 | yes=47c
Kalshi WS trade #7424: KXWTAMATCH-26FEB13COCVEK-VEK | yes | count=94.00 | yes=16c
Kalshi WS trade #7425: KXWOSBOARD-WSX26MEDAL-JBAF | no | count=57.00 | yes=99c
Kalshi WS trade #7426: KXMVESPORTSMULTIGAMEEXTENDED-S2026264466122C5-042A3B72E31 | yes | count=235.00 | yes=41c
Kalshi WS trade #7427: KXFACUPTOTAL-26FEB13HULCFC-3 | yes | count=20.00 | yes=48c
Kalshi WS trade #7428: KXFACUPTOTAL-26FEB13HULCFC-3 | yes | count=738.00 | yes=49c
Kalshi WS trade #7429: KXFACUPTOTAL-26FEB13HULCFC-3 | yes | count=1212.00 | yes=49c
Kalshi WS trade #7430: KXBTCD-26FEB1310-T67499.99 | yes | count=50.00 | yes=85c
Kalshi WS trade #7431: KXBTCD-26FEB1310-T67499.99 | yes | count=100.00 | yes=85c
Kalshi WS trade #7432: KXBTCD-26FEB1310-T67499.99 | yes | count=70.00 | yes=85c
Kalshi WS trade #7433: KXBTC-26FEB1310-B67875 | no | count=1.00 | yes=14c
Kalshi WS trade #7434: KXWTAMATCH-26FEB13COCVEK-COC | yes | count=100.00 | yes=86c
Kalshi WS trade #7435: KXWTAMATCH-26FEB13COCVEK-COC | yes | count=14.00 | yes=86c
Kalshi WS trade #7436: KXNASDAQ100U-26FEB13H1000-T24619.99 | no | count=594.00 | yes=43c
Kalshi WS trade #7437: KXATPCHALLENGERMATCH-26FEB13LLAMIK-MIK | yes | count=26.00 | yes=7c
Kalshi WS trade #7438: KXWTAMATCH-26FEB13COCVEK-COC | no | count=34.00 | yes=85c
Kalshi WS trade #7439: KXWTAMATCH-26FEB13COCVEK-COC | no | count=56.00 | yes=84c
Kalshi WS trade #7440: KXWTAMATCH-26FEB13COCVEK-COC | no | count=36.00 | yes=84c
Kalshi WS trade #7441: KXBTC-26FEB1310-B67375 | no | count=1.00 | yes=15c
Kalshi WS trade #7442: KXETH-26FEB1310-B1980 | yes | count=11.00 | yes=89c
Kalshi WS trade #7443: KXT20MATCH-26FEB13NEDUSA-USA | no | count=500.00 | yes=80c
INFO:     35.145.33.17:0 - "GET /api/spreads?min_spread_pct=0.05 HTTP/1.1" 200 OK
Kalshi WS trade #7444: KXT20MATCH-26FEB13NEDUSA-USA | no | count=1046.00 | yes=80c
Kalshi WS trade #7445: KXATPCHALLENGERMATCH-26FEB13LLAMIK-LLA | yes | count=2792.00 | yes=94c
Kalshi WS trade #7446: KXATPCHALLENGERMATCH-26FEB13LLAMIK-LLA | yes | count=500.00 | yes=94c
Kalshi WS trade #7447: KXATPCHALLENGERMATCH-26FEB13LLAMIK-LLA | yes | count=1916.00 | yes=94c
Kalshi WS trade #7448: KXBTCD-26FEB1310-T67749.99 | yes | count=26.00 | yes=18c
Kalshi WS trade #7449: KXBTCD-26FEB1310-T67749.99 | yes | count=5.00 | yes=18c
Kalshi WS trade #7450: KXETH-26FEB1310-B2000 | no | count=50.00 | yes=15c
Kalshi WS trade #7451: KXMVESPORTSMULTIGAMEEXTENDED-S2026721F9C2C750-43C96D8DA84 | yes | count=24.00 | yes=0c
Kalshi WS trade #7452: KXETH-26FEB1310-B1980 | yes | count=50.00 | yes=87c
Kalshi WS trade #7453: KXETHD-26FEB1310-T1989.99 | no | count=50.00 | yes=13c
Kalshi WS trade #7454: KXATPMATCH-26FEB13DEVAN-VAN | no | count=31.00 | yes=61c
Kalshi WS trade #7455: KXATPMATCH-26FEB13DEVAN-VAN | yes | count=332.00 | yes=62c
Kalshi WS trade #7456: KXDCSNOWM-26FEB-3.0 | yes | count=99.00 | yes=8c
Kalshi WS trade #7457: KXDCSNOWM-26FEB-3.0 | yes | count=14.00 | yes=8c
Kalshi WS trade #7458: KXDCSNOWM-26FEB-3.0 | yes | count=41.00 | yes=9c
Kalshi WS trade #7459: KXATPMATCH-26FEB13DEVAN-VAN | yes | count=16.00 | yes=62c
Kalshi WS trade #7460: KXATPMATCH-26FEB13DEVAN-DE | no | count=10.00 | yes=38c
Kalshi WS trade #7461: KXWTACHALLENGERMATCH-26FEB13STEJOR-JOR | yes | count=22.00 | yes=42c
Kalshi WS trade #7462: KXBTCD-26FEB1310-T67499.99 | yes | count=10.00 | yes=85c
Kalshi WS trade #7463: KXATPCHALLENGERMATCH-26FEB13TRAMOR-TRA | yes | count=9.00 | yes=10c
Kalshi WS trade #7464: KXBTCD-26FEB1310-T67749.99 | yes | count=100.00 | yes=18c
Kalshi WS trade #7465: KXBTCD-26FEB1310-T67749.99 | yes | count=50.00 | yes=18c
Kalshi WS trade #7466: KXATPMATCH-26FEB13DEVAN-DE | yes | count=73.00 | yes=39c
Kalshi WS trade #7467: KXATPMATCH-26FEB13DEVAN-DE | yes | count=614.00 | yes=39c
Kalshi WS trade #7468: KXATPCHALLENGERMATCH-26FEB13LLAMIK-LLA | yes | count=412.00 | yes=94c
Kalshi WS trade #7469: KXBTCD-26FEB1310-T67749.99 | no | count=50.00 | yes=18c
Kalshi WS trade #7470: KXBTCD-26FEB1310-T67749.99 | no | count=100.00 | yes=18c
Kalshi WS trade #7471: KXBTCD-26FEB1310-T67749.99 | yes | count=450.00 | yes=15c
Kalshi WS trade #7472: KXBTCD-26FEB1310-T67499.99 | no | count=10.00 | yes=84c
Kalshi WS trade #7473: KXATPMATCH-26FEB13DEVAN-VAN | no | count=456.00 | yes=61c
Kalshi WS trade #7474: KXWTAMATCH-26FEB13COCVEK-VEK | yes | count=29.00 | yes=16c
Kalshi WS trade #7475: KXWOSBOARD-WSX26MEDAL-AALB | yes | count=20.00 | yes=9c
Kalshi WS trade #7476: KXNCAAMBGAME-26FEB13MSUWIS-WIS | yes | count=20.00 | yes=47c
Kalshi WS trade #7477: KXETHD-26FEB1310-T1989.99 | yes | count=50.00 | yes=17c
Kalshi WS trade #7478: KXINXU-26FEB13H1600-T6824.9999 | yes | count=10.00 | yes=51c
Kalshi WS trade #7479: KXATPMATCH-26FEB13DEVAN-DE | no | count=46.00 | yes=38c
Kalshi WS trade #7480: KXNCAAMBGAME-26FEB14PURIOWA-PUR | yes | count=5.00 | yes=54c
Kalshi WS trade #7481: KXBTC-26FEB1310-B68125 | no | count=54.00 | yes=2c
Kalshi WS trade #7482: KXBTCD-26FEB1310-T67499.99 | no | count=100.00 | yes=84c
Kalshi WS trade #7483: KXWOSKIJUMP-MLH26GOLD-PRAI | no | count=150.00 | yes=12c
Kalshi WS trade #7484: KXCABLEAVE-26FEB-26AUG | yes | count=76.00 | yes=64c
Poly WS trade #156: asset=48458075019957098166... | BUY | size=154 | price=0.994
Kalshi WS trade #7485: KXWTACHALLENGERMATCH-26FEB13CHWLAM-LAM | yes | count=5.00 | yes=9c
Kalshi WS trade #7486: KXBTCD-26FEB1310-T67499.99 | yes | count=39.00 | yes=84c
Kalshi WS trade #7487: KXNBAMVP-26-TMAX | yes | count=187.00 | yes=1c
Kalshi WS trade #7488: KXGOVTSHUTDOWN-26FEB14 | no | count=99.00 | yes=88c
Kalshi WS trade #7489: KXRANKLIST1SONG-26FEB28B-OPA | yes | count=10.00 | yes=48c
Kalshi WS trade #7490: KXATPCHALLENGERMATCH-26FEB13LLAMIK-LLA | no | count=1500.00 | yes=93c
Kalshi WS trade #7491: KXATPMATCH-26FEB13DEVAN-DE | yes | count=440.00 | yes=39c
Kalshi WS trade #7492: KXATPCHALLENGERMATCH-26FEB13LLAMIK-MIK | yes | count=13.00 | yes=7c
Kalshi WS trade #7493: KXBTCD-26FEB1310-T67749.99 | no | count=22.00 | yes=14c
Kalshi WS trade #7494: KXBTCD-26FEB1310-T67499.99 | no | count=1.00 | yes=83c
Kalshi WS trade #7495: KXBTCD-26FEB1310-T67749.99 | no | count=19.00 | yes=14c
Kalshi WS trade #7496: KXATPMATCH-26FEB13DEVAN-VAN | no | count=76.00 | yes=61c
Kalshi WS trade #7497: KXEPLGAME-26FEB22CRYWOL-TIE | no | count=18.00 | yes=20c
Kalshi WS trade #7498: KXWTACHALLENGERMATCH-26FEB13STEJOR-STE | yes | count=3.00 | yes=58c
Kalshi WS trade #7499: KXWTACHALLENGERMATCH-26FEB13STEJOR-STE | yes | count=5.00 | yes=59c
Kalshi WS trade #7500: KXATPMATCH-26FEB13DEVAN-DE | yes | count=676.00 | yes=39c
Kalshi WS trade #7501: KXWTACHALLENGERMATCH-26FEB13CHWLAM-LAM | yes | count=522.00 | yes=9c
Kalshi WS trade #7502: KXBTCD-26FEB1310-T67749.99 | yes | count=31.00 | yes=16c
Kalshi WS trade #7503: KXBTCD-26FEB1310-T67749.99 | yes | count=69.00 | yes=15c
Kalshi WS trade #7504: KXBTCD-26FEB1310-T67749.99 | yes | count=30.00 | yes=16c
Kalshi WS trade #7505: KXATPMATCH-26FEB13DEVAN-VAN | yes | count=23.00 | yes=62c
Kalshi WS trade #7506: KXATPCHALLENGERMATCH-26FEB13COLVAN-COL | yes | count=4.00 | yes=62c
Kalshi WS trade #7507: KXSOL15M-26FEB131000-00 | yes | count=26.00 | yes=95c
Kalshi WS trade #7508: KXBTCD-26FEB1310-T67749.99 | yes | count=89.00 | yes=16c
Kalshi WS trade #7509: KXWTAMATCH-26FEB13COCVEK-VEK | yes | count=10.00 | yes=16c
Kalshi WS trade #7510: KXBTCD-26FEB1310-T67749.99 | yes | count=11.00 | yes=16c
Kalshi WS trade #7511: KXBTCD-26FEB1310-T67749.99 | yes | count=39.00 | yes=16c
Kalshi WS trade #7512: KXMVESPORTSMULTIGAMEEXTENDED-S2026595E422CEBD-9BF8EA47B74 | yes | count=20.00 | yes=13c
Kalshi WS trade #7513: KXBTCD-26FEB1310-T67749.99 | yes | count=50.00 | yes=16c
Kalshi WS trade #7514: KXBTCD-26FEB1310-T67749.99 | yes | count=55.00 | yes=16c
Kalshi WS trade #7515: KXBTCD-26FEB1310-T67499.99 | yes | count=30.00 | yes=83c
Poly WS trade #157: asset=20939351535690701474... | BUY | size=5 | price=0.967
Kalshi WS trade #7516: KXNCAAMBGAME-26FEB13QUINSIE-SIE | yes | count=8.00 | yes=64c
Kalshi WS trade #7517: KXNCAAMBSPREAD-26FEB13MANNIAG-NIAG2 | yes | count=200.00 | yes=48c
Kalshi WS trade #7518: KXATPMATCH-26FEB13DEVAN-DE | no | count=401.00 | yes=38c
Kalshi WS trade #7519: KXBTCD-26FEB1310-T67499.99 | yes | count=1.00 | yes=83c
Kalshi WS trade #7520: KXBTCD-26FEB1310-T67499.99 | yes | count=5.00 | yes=83c
Kalshi WS trade #7521: KXBTCD-26FEB1310-T67499.99 | yes | count=8.00 | yes=83c
Kalshi WS trade #7522: KXINXU-26FEB13H1600-T6849.9999 | no | count=1.00 | yes=33c
Kalshi WS trade #7523: KXBTCD-26FEB1310-T67499.99 | yes | count=37.00 | yes=83c
Kalshi WS trade #7524: KXBTCD-26FEB1310-T67499.99 | yes | count=100.00 | yes=83c
Kalshi WS trade #7525: KXBTCD-26FEB1310-T67499.99 | yes | count=10.00 | yes=83c
Kalshi WS trade #7526: KXBTCD-26FEB1310-T67499.99 | yes | count=206.00 | yes=83c
Kalshi WS trade #7527: KXATPMATCH-26FEB13DEVAN-VAN | yes | count=3.00 | yes=62c
Kalshi WS trade #7528: KXLIVTOUR-LIGA26-BDEC | yes | count=94.00 | yes=20c
Kalshi WS trade #7529: KXBTC-26FEB1310-B67875 | no | count=50.00 | yes=13c
Kalshi WS trade #7530: KXATPMATCH-26FEB13DEVAN-VAN | yes | count=23.00 | yes=62c
Kalshi WS trade #7531: KXINXU-26FEB13H1600-T6799.9999 | no | count=20.00 | yes=59c
Kalshi WS trade #7532: KXBTCD-26FEB1310-T67499.99 | yes | count=10.00 | yes=83c
Kalshi WS trade #7533: KXBTCD-26FEB1310-T67499.99 | yes | count=109.00 | yes=83c
Kalshi WS trade #7534: KXNCAAMBGAME-26FEB13MSUWIS-WIS | yes | count=10.00 | yes=47c
Kalshi WS trade #7535: KXATPMATCH-26FEB13DEVAN-VAN | yes | count=13.00 | yes=62c
Kalshi WS trade #7536: KXATPCHALLENGERMATCH-26FEB13LLAMIK-MIK | no | count=65.00 | yes=5c
Kalshi WS trade #7537: KXBTCD-26FEB1310-T67749.99 | no | count=92.00 | yes=13c
Kalshi WS trade #7538: KXSOL15M-26FEB131000-00 | yes | count=25.00 | yes=92c
Kalshi WS trade #7539: KXBTCD-26FEB1310-T67749.99 | yes | count=23.00 | yes=16c
Kalshi WS trade #7540: KXBTCD-26FEB1310-T67499.99 | yes | count=3.00 | yes=83c
Kalshi WS trade #7541: KXNCAAMBSPREAD-26FEB13MSUWIS-MSU1 | yes | count=83.00 | yes=57c
Kalshi WS trade #7542: KXBTC-26FEB1310-B67375 | no | count=2.00 | yes=17c
Kalshi WS trade #7543: KXETHD-26FEB1310-T1989.99 | yes | count=60.00 | yes=14c
Kalshi WS trade #7544: KXNCAAWBGAME-26FEB14CONNMARQ-MARQ | yes | count=187.00 | yes=1c
Kalshi WS trade #7545: KXBTCD-26FEB1310-T67499.99 | yes | count=71.00 | yes=83c
Kalshi WS trade #7546: KXMVESPORTSMULTIGAMEEXTENDED-S20265A5F51AE6BE-97D63353F10 | yes | count=104.00 | yes=45c
Kalshi WS trade #7547: KXATPMATCH-26FEB13DEVAN-VAN | yes | count=781.00 | yes=62c
Kalshi WS trade #7548: KXSOL15M-26FEB131000-00 | yes | count=2.00 | yes=94c
Kalshi WS trade #7549: KXBTCD-26FEB1310-T67499.99 | yes | count=17.00 | yes=83c
Kalshi WS trade #7550: KXBTCD-26FEB1310-T67499.99 | yes | count=200.00 | yes=83c
Kalshi WS trade #7551: KXBTCD-26FEB1310-T67499.99 | yes | count=64.00 | yes=83c
Kalshi WS trade #7552: KXEPLGAME-26FEB23EVEMUN-TIE | yes | count=22.00 | yes=26c
Kalshi WS trade #7553: KXEPLGAME-26FEB23EVEMUN-TIE | yes | count=29.00 | yes=27c
Kalshi WS trade #7554: KXATPCHALLENGERMATCH-26FEB13TRAMOR-TRA | yes | count=33.00 | yes=10c
Kalshi WS trade #7555: KXWTACHALLENGERMATCH-26FEB13STEJOR-STE | no | count=3.00 | yes=59c
Kalshi WS trade #7556: KXWTACHALLENGERMATCH-26FEB13STEJOR-STE | no | count=47.00 | yes=58c
Kalshi WS trade #7557: KXATPCHALLENGERMATCH-26FEB13LLAMIK-MIK | yes | count=13.00 | yes=7c
Kalshi WS trade #7558: KXWTACHALLENGERMATCH-26FEB13STEJOR-JOR | yes | count=184.00 | yes=44c
Kalshi WS trade #7559: KXWTACHALLENGERMATCH-26FEB13STEJOR-STE | no | count=173.00 | yes=57c
Kalshi WS trade #7560: KXWTACHALLENGERMATCH-26FEB13STEJOR-STE | no | count=300.00 | yes=57c
Kalshi WS trade #7561: KXWTACHALLENGERMATCH-26FEB13STEJOR-JOR | yes | count=100.00 | yes=45c
Kalshi WS trade #7562: KXWTACHALLENGERMATCH-26FEB13STEJOR-JOR | yes | count=120.00 | yes=45c
Kalshi WS trade #7563: KXWTACHALLENGERMATCH-26FEB13STEJOR-JOR | yes | count=50.00 | yes=45c
Kalshi WS trade #7564: KXBTCD-26FEB1310-T67749.99 | no | count=1.00 | yes=14c
Kalshi WS trade #7565: KXBTCD-26FEB1310-T67749.99 | no | count=8.00 | yes=13c
Kalshi WS trade #7566: KXSAUDIPLGAME-26FEB13HILITT-HIL | yes | count=17.00 | yes=85c
Kalshi WS trade #7567: KXATPCHALLENGERMATCH-26FEB13LLAMIK-LLA | yes | count=1041.00 | yes=94c
Kalshi WS trade #7568: KXWTAMATCH-26FEB13COCVEK-COC | yes | count=13.00 | yes=85c
Kalshi WS trade #7569: KXWTAMATCH-26FEB13COCVEK-COC | yes | count=32.00 | yes=87c
Kalshi WS trade #7570: KXATPMATCH-26FEB13DEVAN-VAN | yes | count=157.00 | yes=62c
Kalshi WS trade #7571: KXBTCD-26FEB1310-T67749.99 | yes | count=1.00 | yes=16c
Kalshi WS trade #7572: KXWTACHALLENGERMATCH-26FEB13STEJOR-JOR | yes | count=50.00 | yes=45c
Kalshi WS trade #7573: KXWTACHALLENGERMATCH-26FEB13STEJOR-JOR | yes | count=120.00 | yes=45c
Kalshi WS trade #7574: KXWTACHALLENGERMATCH-26FEB13STEJOR-JOR | yes | count=50.00 | yes=45c
Kalshi WS trade #7575: KXWTAMATCH-26FEB13COCVEK-COC | yes | count=25.00 | yes=86c
Kalshi WS trade #7576: KXLIGUE1GAME-26FEB13ASMFCN-ASM | yes | count=14.00 | yes=67c
Kalshi WS trade #7577: KXBTCD-26FEB1310-T67749.99 | yes | count=7.00 | yes=16c
Kalshi WS trade #7578: KXNCAAMLAXGAME-26FEB13BUCROB-BUC | yes | count=6.00 | yes=80c
Kalshi WS trade #7579: KXNCAAMLAXGAME-26FEB13BUCROB-BUC | yes | count=5.00 | yes=80c
Kalshi WS trade #7580: KXSAUDIPLGAME-26FEB13ITJFAY-ITJ | yes | count=12.00 | yes=70c
Kalshi WS trade #7581: KXMVESPORTSMULTIGAMEEXTENDED-S2026E76B35FC08B-10372B0EFF2 | yes | count=2341.00 | yes=4c
Kalshi WS trade #7582: KXETHD-26FEB1310-T1989.99 | yes | count=50.00 | yes=16c
Kalshi WS trade #7583: KXWTAMATCH-26FEB13COCVEK-COC | no | count=16.00 | yes=83c
Kalshi WS trade #7584: KXWTAMATCH-26FEB13COCVEK-COC | no | count=9.00 | yes=83c
Kalshi WS trade #7585: KXWTAMATCH-26FEB13COCVEK-COC | no | count=19.00 | yes=82c
Kalshi WS trade #7586: KXCABOUT-29JAN-PBON | yes | count=19.00 | yes=24c
Kalshi WS trade #7587: KXWTAMATCH-26FEB13COCVEK-VEK | yes | count=50.00 | yes=17c
Kalshi WS trade #7588: KXATPCHALLENGERMATCH-26FEB13TRAMOR-MOR | yes | count=12.00 | yes=92c
Kalshi WS trade #7589: KXWTAMATCH-26FEB13COCVEK-COC | yes | count=58.00 | yes=85c
Kalshi WS trade #7590: KXATPCHALLENGERMATCH-26FEB13TABECH-TAB | yes | count=22.00 | yes=65c
Kalshi WS trade #7591: KXATPCHALLENGERMATCH-26FEB13TABECH-TAB | yes | count=7.00 | yes=65c
Kalshi WS trade #7592: KXATPCHALLENGERMATCH-26FEB13TABECH-TAB | yes | count=14.00 | yes=65c
Kalshi WS trade #7593: KXATPCHALLENGERMATCH-26FEB13TABECH-TAB | yes | count=6.00 | yes=65c
Kalshi WS trade #7594: KXATPCHALLENGERMATCH-26FEB13TABECH-TAB | yes | count=44.00 | yes=66c
Kalshi WS trade #7595: KXATPCHALLENGERMATCH-26FEB13TABECH-TAB | yes | count=11.00 | yes=67c
Kalshi WS trade #7596: KXATPCHALLENGERMATCH-26FEB13TABECH-TAB | yes | count=42.00 | yes=70c
Kalshi WS trade #7597: KXATPCHALLENGERMATCH-26FEB13TABECH-ECH | no | count=4.00 | yes=39c
Kalshi WS trade #7598: KXATPCHALLENGERMATCH-26FEB13TABECH-ECH | no | count=7.00 | yes=39c
Kalshi WS trade #7599: KXSENATETXR-26-KP | no | count=4.00 | yes=70c
Kalshi WS trade #7600: KXBTCD-26FEB1310-T67749.99 | no | count=17.00 | yes=14c
Kalshi WS trade #7601: KXOSCARACTO-26-ETH | yes | count=31.00 | yes=3c
Kalshi WS trade #7602: KXNCAAMBGAME-26FEB13BRWNHARV-HARV | yes | count=24.00 | yes=80c
Kalshi WS trade #7603: KXFEDCHAIRNOM-29-JS | yes | count=750.00 | yes=4c
Kalshi WS trade #7604: KXINXU-26FEB13H1600-T6799.9999 | yes | count=5.00 | yes=59c
Kalshi WS trade #7605: KXINXU-26FEB13H1600-T6849.9999 | yes | count=60.00 | yes=34c
Kalshi WS trade #7606: KXINXU-26FEB13H1600-T6849.9999 | yes | count=4.00 | yes=34c
Kalshi WS trade #7607: KXT20MATCH-26FEB13NEDUSA-USA | no | count=500.00 | yes=80c
Kalshi WS trade #7608: KXMVESPORTSMULTIGAMEEXTENDED-S2026183009A4709-34DBEE98F14 | yes | count=58.00 | yes=12c
Kalshi WS trade #7609: KXINX-26FEB13H1600-B6912 | no | count=18.00 | yes=10c
Kalshi WS trade #7610: KXPGATOUR-ATPBP26-KBRA | yes | count=104.00 | yes=9c
Kalshi WS trade #7611: KXATPMATCH-26FEB13DEVAN-DE | yes | count=194.00 | yes=39c
Kalshi WS trade #7612: KXBTCD-26FEB1310-T67749.99 | no | count=1.00 | yes=15c
Kalshi WS trade #7613: KXBTCD-26FEB1310-T67749.99 | no | count=99.00 | yes=15c
Kalshi WS trade #7614: KXATPCHALLENGERMATCH-26FEB13TRAMOR-TRA | yes | count=746.00 | yes=10c
Kalshi WS trade #7615: KXATPCHALLENGERMATCH-26FEB13TRAMOR-TRA | yes | count=6.00 | yes=10c
Kalshi WS trade #7616: KXBTCD-26FEB1310-T67749.99 | yes | count=5.00 | yes=17c
Kalshi WS trade #7617: KXBTCD-26FEB1310-T67499.99 | yes | count=50.00 | yes=88c
Kalshi WS trade #7618: KXBTCD-26FEB1310-T67499.99 | yes | count=100.00 | yes=88c
Kalshi WS trade #7619: KXBTCD-26FEB1317-T66999.99 | no | count=100.00 | yes=68c
Poly WS trade #158: asset=48458075019957098166... | SELL | size=162 | price=0.993
Kalshi WS trade #7620: KXATPCHALLENGERMATCH-26FEB13LLAMIK-MIK | no | count=651.00 | yes=5c
Kalshi WS trade #7621: KXWTAMATCH-26FEB13OSTMBO-OST | yes | count=17.00 | yes=34c
Kalshi WS trade #7622: KXWTAMATCH-26FEB13OSTMBO-OST | yes | count=10.00 | yes=35c
Kalshi WS trade #7623: KXATPMATCH-26FEB13DEVAN-VAN | yes | count=15.00 | yes=62c
Kalshi WS trade #7624: KXBTCD-26FEB1317-T66999.99 | yes | count=900.00 | yes=68c
Kalshi WS trade #7625: KXBTCD-26FEB1317-T66999.99 | yes | count=100.00 | yes=69c
Kalshi WS trade #7626: KXWTAMATCH-26FEB13COCVEK-COC | yes | count=116.00 | yes=82c
Kalshi WS trade #7627: KXATPCHALLENGERMATCH-26FEB13LLAMIK-MIK | no | count=23.00 | yes=5c
Kalshi WS trade #7628: KXSOL15M-26FEB131000-00 | no | count=4.00 | yes=95c
Kalshi WS trade #7629: KXBTCD-26FEB1310-T67499.99 | no | count=1.00 | yes=89c
Kalshi WS trade #7630: KXBTC-26FEB1310-B67875 | yes | count=1.00 | yes=15c
Kalshi WS trade #7631: KXBTC-26FEB1310-B67875 | yes | count=26.00 | yes=17c
Kalshi WS trade #7632: KXNASDAQ100U-26FEB13H1000-T24709.99 | no | count=40.00 | yes=1c
Kalshi WS trade #7633: KXATPCHALLENGERMATCH-26FEB13LLAMIK-LLA | no | count=81.00 | yes=93c
Kalshi WS trade #7634: KXATPCHALLENGERMATCH-26FEB13LLAMIK-LLA | no | count=25.00 | yes=93c
Kalshi WS trade #7635: KXSAUDIPLGAME-26FEB13ITJFAY-ITJ | yes | count=4.00 | yes=70c
Kalshi WS trade #7636: KXWTAMATCH-26FEB13COCVEK-COC | no | count=326.00 | yes=80c
Kalshi WS trade #7637: KXWTAMATCH-26FEB13COCVEK-COC | no | count=627.00 | yes=80c
Kalshi WS trade #7638: KXWTACHALLENGERMATCH-26FEB13STEJOR-STE | no | count=6.00 | yes=52c
Kalshi WS trade #7639: KXWTACHALLENGERMATCH-26FEB13STEJOR-STE | no | count=321.00 | yes=52c
Kalshi WS trade #7640: KXWTACHALLENGERMATCH-26FEB13STEJOR-JOR | yes | count=100.00 | yes=48c
Kalshi WS trade #7641: KXWTAMATCH-26FEB13COCVEK-COC | yes | count=25.00 | yes=82c
Kalshi WS trade #7642: KXVALORANTGAME-26FEB13BBLGM-GM | no | count=9.00 | yes=48c
Kalshi WS trade #7643: KXBTCD-26FEB1310-T67749.99 | no | count=57.00 | yes=16c
INFO:     35.145.33.17:0 - "GET /api/markets HTTP/1.1" 200 OK
Kalshi WS trade #7644: KXBTCD-26FEB1317-T67999.99 | no | count=5.00 | yes=35c
Kalshi WS trade #7645: KXATPMATCH-26FEB13DEVAN-DE | no | count=7.00 | yes=38c
Kalshi WS trade #7646: KXATPMATCH-26FEB13DEVAN-DE | no | count=265.00 | yes=38c
Kalshi WS trade #7647: KXSECPRESSMENTION-26MAR08-PROT | yes | count=32.00 | yes=18c
Kalshi WS trade #7648: KXSECPRESSMENTION-26MAR08-PROT | yes | count=20.00 | yes=19c
Kalshi WS trade #7649: KXSECPRESSMENTION-26MAR08-PROT | yes | count=24.00 | yes=19c
INFO:     35.145.33.17:0 - "GET /api/spreads?min_spread_pct=0.05 HTTP/1.1" 200 OK
Kalshi WS trade #7650: KXATPCHALLENGERMATCH-26FEB13TABECH-ECH | yes | count=67.00 | yes=42c
Kalshi WS trade #7651: KXATPCHALLENGERMATCH-26FEB13TABECH-ECH | yes | count=4.00 | yes=43c
Kalshi WS trade #7652: KXATPCHALLENGERMATCH-26FEB13TABECH-ECH | yes | count=118.00 | yes=53c
Kalshi WS trade #7653: KXATPCHALLENGERMATCH-26FEB13TABECH-TAB | no | count=4.00 | yes=64c
Kalshi WS trade #7654: KXATPCHALLENGERMATCH-26FEB13TABECH-TAB | no | count=7.00 | yes=64c
Kalshi WS trade #7655: KXATPCHALLENGERMATCH-26FEB13TABECH-TAB | no | count=56.00 | yes=63c
Kalshi WS trade #7656: KXMVESPORTSMULTIGAMEEXTENDED-S2026EEAFEF95F22-2AB69550126 | yes | count=81.00 | yes=29c
Kalshi WS trade #7657: KXWTAMATCH-26FEB13COCVEK-COC | yes | count=119.00 | yes=82c
Kalshi WS trade #7658: KXWTACHALLENGERMATCH-26FEB13CHWLAM-LAM | yes | count=104.00 | yes=9c
Kalshi WS trade #7659: KXBTC-26FEB1310-B67625 | yes | count=21.00 | yes=74c
Kalshi WS trade #7660: KXWTAMATCH-26FEB13COCVEK-VEK | no | count=11.00 | yes=18c
Kalshi WS trade #7661: KXNCAAMBSPREAD-26FEB13MSMRID-MSM1 | yes | count=1.00 | yes=69c
Kalshi WS trade #7662: KXBTCD-26FEB1310-T67499.99 | yes | count=200.00 | yes=90c
Kalshi WS trade #7663: KXSPOTIFYD-26FEB13-DTM | yes | count=9.00 | yes=97c
Kalshi WS trade #7664: KXPGATOUR-ATPBP26-CGOT | no | count=62.00 | yes=10c
Kalshi WS trade #7665: KXWTACHALLENGERMATCH-26FEB13STEJOR-STE | yes | count=40.00 | yes=51c
Kalshi WS trade #7666: KXATPMATCH-26FEB13DEVAN-VAN | yes | count=15.00 | yes=62c
Kalshi WS trade #7667: KXATPMATCH-26FEB13DEVAN-DE | no | count=147.00 | yes=38c
Kalshi WS trade #7668: KXBTC-26FEB1310-B67875 | no | count=41.00 | yes=15c
Kalshi WS trade #7669: KXLOWTLAX-26FEB13-B47.5 | yes | count=12.00 | yes=77c
Kalshi WS trade #7670: KXNASCARRACE-DAY26-RYBL | yes | count=23.00 | yes=8c
Kalshi WS trade #7671: KXATPMATCH-26FEB13DEVAN-DE | yes | count=12.00 | yes=39c
Kalshi WS trade #7672: KXGOVTSHUTDOWN-26FEB14 | yes | count=5.00 | yes=89c
Kalshi WS trade #7673: KXATPCHALLENGERMATCH-26FEB13LLAMIK-LLA | no | count=15.00 | yes=93c
Kalshi WS trade #7674: KXNBAALLSTARMVP-26-VWEM | yes | count=4.00 | yes=23c
Kalshi WS trade #7675: KXBTCD-26FEB1317-T67499.99 | yes | count=14.00 | yes=56c
Kalshi WS trade #7676: KXPGATOUR-ATPBP26-RHIS | no | count=23.00 | yes=7c
Poly WS trade #159: asset=11435008330551587660... | BUY | size=12.5 | price=0.08
Kalshi WS trade #7677: KXATPMATCH-26FEB13DEVAN-DE | yes | count=100.00 | yes=39c
Kalshi WS trade #7678: KXATPMATCH-26FEB13DEVAN-DE | no | count=88.00 | yes=38c
Kalshi WS trade #7679: KXT20MATCH-26FEB13NEDUSA-NED | yes | count=10.00 | yes=22c
Kalshi WS trade #7680: KXT20MATCH-26FEB13NEDUSA-NED | yes | count=10.00 | yes=22c
Kalshi WS trade #7681: KXT20MATCH-26FEB13NEDUSA-NED | yes | count=14.00 | yes=22c
Kalshi WS trade #7682: KXT20MATCH-26FEB13NEDUSA-NED | yes | count=388.00 | yes=22c
Kalshi WS trade #7683: KXBTCD-26FEB1310-T67749.99 | no | count=5.00 | yes=19c
Kalshi WS trade #7684: KXBTCD-26FEB1310-T67749.99 | no | count=4.00 | yes=19c
Kalshi WS trade #7685: KXETHD-26FEB1310-T1989.99 | no | count=11.00 | yes=14c
Kalshi WS trade #7686: KXNCAAMBGAME-26FEB14GONZSCU-GONZ | yes | count=1.00 | yes=66c
Kalshi WS trade #7687: KXNCAAMBSPREAD-26FEB13GMUGW-GW2 | no | count=50.00 | yes=48c
Kalshi WS trade #7688: KXBTCD-26FEB1310-T67499.99 | no | count=1.00 | yes=88c
Kalshi WS trade #7689: KXSOL15M-26FEB131000-00 | no | count=156.00 | yes=94c
Kalshi WS trade #7690: KXATPCHALLENGERMATCH-26FEB13TRAMOR-TRA | yes | count=94.00 | yes=10c
Kalshi WS trade #7691: KXATPCHALLENGERMATCH-26FEB13LLAMIK-MIK | yes | count=13.00 | yes=7c
Kalshi WS trade #7692: KXWTAMATCH-26FEB13COCVEK-VEK | yes | count=76.00 | yes=19c
Kalshi WS trade #7693: KXATPMATCH-26FEB13DEVAN-DE | yes | count=3.00 | yes=39c
Kalshi WS trade #7694: KXWTACHALLENGERMATCH-26FEB13STEJOR-STE | yes | count=66.00 | yes=51c
Kalshi WS trade #7695: KXATPMATCH-26FEB13DEVAN-VAN | yes | count=28.00 | yes=62c
Kalshi WS trade #7696: KXWOWHOCKEY-26FEB13CZESWE-CZE | yes | count=17.00 | yes=57c
Kalshi WS trade #7697: KXBTCD-26FEB1310-T67749.99 | no | count=20.00 | yes=16c
Kalshi WS trade #7698: EUCLIMATE-2030 | yes | count=5.00 | yes=53c
Kalshi WS trade #7699: EUCLIMATE-2030 | yes | count=4.00 | yes=54c
Kalshi WS trade #7700: KXLIGUE1GAME-26FEB13ASMFCN-ASM | yes | count=14.00 | yes=67c
Kalshi WS trade #7701: KXBTCD-26FEB1310-T67749.99 | no | count=50.00 | yes=16c
Kalshi WS trade #7702: KXBTCD-26FEB1310-T67749.99 | no | count=100.00 | yes=16c
Kalshi WS trade #7703: KXBTCD-26FEB1310-T67749.99 | no | count=10.00 | yes=15c
Kalshi WS trade #7704: KXATPMATCH-26FEB13DEVAN-VAN | yes | count=10.00 | yes=62c
Kalshi WS trade #7705: KXBTCD-26FEB1310-T67749.99 | yes | count=2007.00 | yes=14c
Kalshi WS trade #7706: KXBTCD-26FEB1310-T67749.99 | yes | count=1600.00 | yes=14c
Kalshi WS trade #7707: KXATPCHALLENGERMATCH-26FEB13LLAMIK-MIK | no | count=9.00 | yes=5c
Kalshi WS trade #7708: KXGOVTSHUTDOWN-26FEB14 | no | count=500.00 | yes=88c
Kalshi WS trade #7709: KXGOVTSHUTDOWN-26FEB14 | no | count=357.00 | yes=88c
Kalshi WS trade #7710: KXBTCD-26FEB1310-T67749.99 | yes | count=100.00 | yes=14c
Kalshi WS trade #7711: KXBTC15M-26FEB131000-00 | no | count=213.00 | yes=99c
Kalshi WS trade #7712: KXBTC15M-26FEB131000-00 | no | count=143.00 | yes=99c
Kalshi WS trade #7713: KXBTC15M-26FEB131000-00 | no | count=173.00 | yes=99c
Kalshi WS trade #7714: KXPGATOUR-ATPBP26-JKNA | yes | count=30.00 | yes=5c
Kalshi WS trade #7715: KXNCAAMBGAME-26FEB13UNLVBSU-BSU | yes | count=25.00 | yes=83c
Kalshi WS trade #7716: KXSAUDIPLSPREAD-26FEB13HILITT-HIL2 | yes | count=225.00 | yes=43c
Kalshi WS trade #7717: KXBTCD-26FEB1310-T67499.99 | no | count=78.00 | yes=88c
Kalshi WS trade #7718: KXMVESPORTSMULTIGAMEEXTENDED-S2026C50D1B02A68-B5212AD1016 | yes | count=222.00 | yes=21c
Kalshi WS trade #7719: KXATPCHALLENGERMATCH-26FEB13LLAMIK-LLA | no | count=60.00 | yes=93c
Kalshi WS trade #7720: KXATPCHALLENGERMATCH-26FEB13LLAMIK-LLA | no | count=72.00 | yes=93c
Kalshi WS trade #7721: KXATPCHALLENGERMATCH-26FEB13LLAMIK-LLA | no | count=80.00 | yes=93c
Kalshi WS trade #7722: KXWOMHOCKEYSPREAD-26FEB13CANCHE-CAN2 | yes | count=42.00 | yes=59c
Kalshi WS trade #7723: KXBTCD-26FEB1310-T67499.99 | yes | count=1.00 | yes=91c
Kalshi WS trade #7724: KXETHD-26FEB1310-T1989.99 | no | count=74.00 | yes=14c
Poly WS trade #160: asset=48458075019957098166... | SELL | size=154 | price=0.993
Kalshi WS trade #7725: KXATPMATCH-26FEB13DEVAN-DE | no | count=400.00 | yes=38c
Kalshi WS trade #7726: KXGOVTSHUTDOWN-26FEB14 | yes | count=219.00 | yes=89c
Kalshi WS trade #7727: KXSAUDIPLGAME-26FEB13SHAAAS-AAS | no | count=24.00 | yes=93c
Kalshi WS trade #7728: KXWTAMATCH-26FEB13COCVEK-VEK | no | count=1027.00 | yes=18c
Kalshi WS trade #7729: KXATPMATCH-26FEB13DEVAN-DE | yes | count=110.00 | yes=39c
Kalshi WS trade #7730: KXBTCD-26FEB1310-T67749.99 | yes | count=640.00 | yes=14c
Kalshi WS trade #7731: KXBTCD-26FEB1310-T67499.99 | no | count=9.00 | yes=91c
Kalshi WS trade #7732: KXBTCD-26FEB1310-T67749.99 | yes | count=24.00 | yes=14c
Kalshi WS trade #7733: KXATPMATCH-26FEB13DEVAN-VAN | yes | count=30.00 | yes=62c
Kalshi WS trade #7734: KXATPCHALLENGERMATCH-26FEB13TABECH-ECH | yes | count=31.00 | yes=46c
Kalshi WS trade #7735: KXBTCD-26FEB1310-T67749.99 | yes | count=163.00 | yes=14c
Kalshi WS trade #7736: KXEARNINGSMENTIONWEN-26JUN30-BACO | no | count=56.00 | yes=99c
Kalshi WS trade #7737: KXEARNINGSMENTIONWEN-26JUN30-BACO | no | count=23.00 | yes=99c
Kalshi WS trade #7738: KXWTAMATCH-26FEB13COCVEK-COC | yes | count=25.00 | yes=82c
Kalshi WS trade #7739: KXBTCD-26FEB1310-T67749.99 | yes | count=34.00 | yes=14c
Kalshi WS trade #7740: KXBTCD-26FEB1317-T64999.99 | no | count=3.00 | yes=95c
Kalshi WS trade #7741: KXWTAMATCH-26FEB13COCVEK-VEK | yes | count=44.00 | yes=19c
Kalshi WS trade #7742: KXATPMATCH-26FEB13DEVAN-DE | yes | count=270.00 | yes=39c
Kalshi WS trade #7743: KXWTAMATCH-26FEB13COCVEK-COC | no | count=196.00 | yes=80c
Kalshi WS trade #7744: KXWTAMATCH-26FEB13COCVEK-VEK | yes | count=100.00 | yes=19c
Kalshi WS trade #7745: KXBTCD-26FEB1317-T66999.99 | no | count=100.00 | yes=68c
Kalshi WS trade #7746: KXBTCD-26FEB1317-T66999.99 | no | count=325.00 | yes=68c
Kalshi WS trade #7747: KXBTCD-26FEB1317-T66999.99 | no | count=1000.00 | yes=68c
Kalshi WS trade #7748: KXBTCD-26FEB1310-T67499.99 | no | count=100.00 | yes=89c
Kalshi WS trade #7749: KXATPCHALLENGERMATCH-26FEB13TABECH-ECH | no | count=3.00 | yes=39c
Kalshi WS trade #7750: KXATPCHALLENGERMATCH-26FEB13TABECH-ECH | no | count=12.00 | yes=36c
Kalshi WS trade #7751: KXATPCHALLENGERMATCH-26FEB13TABECH-ECH | no | count=195.00 | yes=36c
Kalshi WS trade #7752: KXATPCHALLENGERMATCH-26FEB13TABECH-ECH | no | count=6.00 | yes=35c
Kalshi WS trade #7753: KXATPCHALLENGERMATCH-26FEB13TABECH-ECH | no | count=124.00 | yes=35c
Kalshi WS trade #7754: KXATPCHALLENGERMATCH-26FEB13TABECH-ECH | no | count=20.00 | yes=33c
Kalshi WS trade #7755: KXATPCHALLENGERMATCH-26FEB13TABECH-ECH | no | count=108.00 | yes=30c
Kalshi WS trade #7756: KXWTAMATCH-26FEB13OSTMBO-MBO | yes | count=381.00 | yes=69c
Kalshi WS trade #7757: KXWTACHALLENGERMATCH-26FEB13STEJOR-STE | yes | count=1.00 | yes=51c
Kalshi WS trade #7758: KXNBA3PTCONTEST-26-KKNU | yes | count=79.00 | yes=24c
Kalshi WS trade #7759: KXETH15M-26FEB131000-00 | yes | count=1.00 | yes=99c
Kalshi WS trade #7760: KXBTCD-26FEB1310-T67499.99 | no | count=21.00 | yes=88c
Kalshi WS trade #7761: KXATPCHALLENGERMATCH-26FEB13LLAMIK-LLA | yes | count=2.00 | yes=94c
Kalshi WS trade #7762: KXCODGAME-26FEB13BOSTEX-BOS | yes | count=13.00 | yes=14c
Kalshi WS trade #7763: KXBTCD-26FEB1310-T67749.99 | yes | count=5.00 | yes=14c
Kalshi WS trade #7764: KXBUNDESLIGAGAME-26FEB13BVBM05-TIE | yes | count=10.00 | yes=22c
Kalshi WS trade #7765: KXWTACHALLENGERMATCH-26FEB13STEJOR-JOR | yes | count=38.00 | yes=50c
Kalshi WS trade #7766: KXBUNDESLIGAGAME-26FEB13BVBM05-BVB | yes | count=1.00 | yes=61c
Kalshi WS trade #7767: KXEARNINGSMENTIONDKNG-26JUN30-FEAT | yes | count=93.00 | yes=1c
Kalshi WS trade #7768: KXWTAMATCH-26FEB13COCVEK-COC | yes | count=98.00 | yes=82c
Kalshi WS trade #7769: KXBTCD-26FEB1310-T67749.99 | yes | count=93.00 | yes=14c
Kalshi WS trade #7770: KXNCAAMBGAME-26FEB13MANNIAG-NIAG | yes | count=22.00 | yes=55c
Kalshi WS trade #7771: KXNCAAMBGAME-26FEB13MANNIAG-NIAG | yes | count=48.00 | yes=55c
Kalshi WS trade #7772: KXWTAMATCH-26FEB13SAKMUC-MUC | yes | count=38.00 | yes=71c
Kalshi WS trade #7773: KXWTACHALLENGERMATCH-26FEB13STEJOR-JOR | yes | count=12.00 | yes=50c
Kalshi WS trade #7774: KXWTACHALLENGERMATCH-26FEB13STEJOR-JOR | yes | count=24.00 | yes=50c
Kalshi WS trade #7775: KXBTCD-26FEB1310-T67749.99 | yes | count=174.00 | yes=14c
Kalshi WS trade #7776: KXBTCD-26FEB1310-T67749.99 | yes | count=100.00 | yes=14c
Kalshi WS trade #7777: KXGOVTSHUTDOWN-26FEB14 | no | count=7.00 | yes=88c
Kalshi WS trade #7778: KXWTAMATCH-26FEB13COCVEK-COC | yes | count=117.00 | yes=82c
Kalshi WS trade #7779: KXWTAMATCH-26FEB13COCVEK-COC | yes | count=500.00 | yes=83c
Kalshi WS trade #7780: KXWTAMATCH-26FEB13COCVEK-COC | yes | count=34.00 | yes=83c
Kalshi WS trade #7781: KXSAUDIPLGAME-26FEB13SHAAAS-AAS | no | count=81.00 | yes=93c
Kalshi WS trade #7782: KXPGATOUR-MAST26-LABE | yes | count=33.00 | yes=4c
Kalshi WS trade #7783: KXWTACHALLENGERMATCH-26FEB13STEJOR-JOR | yes | count=96.00 | yes=50c
Kalshi WS trade #7784: KXWTACHALLENGERMATCH-26FEB13STEJOR-JOR | yes | count=62.00 | yes=50c
Kalshi WS trade #7785: KXATPMATCH-26FEB13DEVAN-VAN | yes | count=39.00 | yes=62c
Kalshi WS trade #7786: KXATPCHALLENGERMATCH-26FEB13LLAMIK-MIK | yes | count=4.00 | yes=6c
Kalshi WS trade #7787: KXHIGHCHI-26FEB13-B54.5 | no | count=7.00 | yes=30c
Kalshi WS trade #7788: KXWTACHALLENGERMATCH-26FEB13STEJOR-STE | yes | count=6.00 | yes=51c
Kalshi WS trade #7789: KXATPMATCH-26FEB13DEVAN-VAN | yes | count=251.00 | yes=62c
Kalshi WS trade #7790: KXBTCD-26FEB1310-T67499.99 | yes | count=100.00 | yes=87c
Kalshi WS trade #7791: KXBTCD-26FEB1310-T67499.99 | yes | count=50.00 | yes=88c
Kalshi WS trade #7792: KXBTCD-26FEB1310-T67499.99 | yes | count=50.00 | yes=88c
Kalshi WS trade #7793: KXBTCD-26FEB1310-T67499.99 | yes | count=56.00 | yes=87c
Kalshi WS trade #7794: KXWOHOCKEY-MEN26MEDAL-DEU | yes | count=188.00 | yes=10c
Kalshi WS trade #7795: KXBTC15M-26FEB131000-00 | no | count=1.00 | yes=99c
Kalshi WS trade #7796: KXWOMHOCKEY-26FEB14DEULVA-DEU | yes | count=14.00 | yes=73c
Kalshi WS trade #7797: KXWTACHALLENGERMATCH-26FEB13STEJOR-JOR | yes | count=19.00 | yes=50c
Kalshi WS trade #7798: KXWTACHALLENGERMATCH-26FEB13STEJOR-JOR | yes | count=11.00 | yes=50c
Kalshi WS trade #7799: KXETHD-26FEB1310-T1989.99 | yes | count=25.00 | yes=15c
Kalshi WS trade #7800: KXATPMATCH-26FEB13DEVAN-VAN | yes | count=922.00 | yes=62c
Kalshi WS trade #7801: KXWTACHALLENGERMATCH-26FEB13STEJOR-STE | no | count=20.00 | yes=50c
Kalshi WS trade #7802: KXWTACHALLENGERMATCH-26FEB13STEJOR-STE | no | count=3.00 | yes=50c
Kalshi WS trade #7803: KXWTACHALLENGERMATCH-26FEB13STEJOR-STE | no | count=7.00 | yes=49c
Kalshi WS trade #7804: KXBTCD-26FEB1310-T67749.99 | no | count=10.00 | yes=11c
Kalshi WS trade #7805: KXNCAAMBGAME-26FEB13MSUWIS-MSU | yes | count=311.00 | yes=56c
Kalshi WS trade #7806: KXBTCD-26FEB1310-T67749.99 | no | count=15.00 | yes=11c
Kalshi WS trade #7807: KXATPMATCH-26FEB13DEVAN-VAN | yes | count=812.00 | yes=62c
Kalshi WS trade #7808: KXATPMATCH-26FEB13DEVAN-VAN | yes | count=10.00 | yes=62c
Kalshi WS trade #7809: KXATPMATCH-26FEB13DEVAN-VAN | yes | count=36.00 | yes=63c
Kalshi WS trade #7810: KXETH15M-26FEB131000-00 | yes | count=29.00 | yes=99c
Kalshi WS trade #7811: KXETH15M-26FEB131000-00 | yes | count=30.00 | yes=99c
Kalshi WS trade #7812: KXETH15M-26FEB131000-00 | yes | count=10.00 | yes=99c
Kalshi WS trade #7813: KXBTCD-26FEB1310-T67499.99 | yes | count=10.00 | yes=89c
Kalshi WS trade #7814: KXBTCD-26FEB1310-T67499.99 | yes | count=1.00 | yes=89c
Kalshi WS trade #7815: KXATPCHALLENGERMATCH-26FEB13TRAMOR-TRA | yes | count=67.00 | yes=14c
Kalshi WS trade #7816: KXATPMATCH-26FEB13DEVAN-DE | yes | count=184.00 | yes=39c
Kalshi WS trade #7817: KXSUPERLIGGAME-26FEB13GALEYU-TIE | yes | count=330.00 | yes=10c
Kalshi WS trade #7818: KXSUPERLIGGAME-26FEB13GALEYU-TIE | yes | count=40.00 | yes=10c
Kalshi WS trade #7819: KXSUPERLIGGAME-26FEB13GALEYU-TIE | yes | count=30.00 | yes=10c
Kalshi WS trade #7820: KXSUPERLIGGAME-26FEB13GALEYU-TIE | yes | count=630.00 | yes=10c
Kalshi WS trade #7821: KXSUPERLIGGAME-26FEB13GALEYU-TIE | yes | count=200.00 | yes=10c
Kalshi WS trade #7822: KXSUPERLIGGAME-26FEB13GALEYU-TIE | yes | count=18.00 | yes=11c
Kalshi WS trade #7823: KXSOL15M-26FEB131000-00 | yes | count=61.00 | yes=96c
Kalshi WS trade #7824: KXSENATETXR-26-WHUN | no | count=1.00 | yes=8c
Kalshi WS trade #7825: KXSENATETXR-26-JC | no | count=3.00 | yes=22c
INFO:     35.145.33.17:0 - "GET /api/markets HTTP/1.1" 200 OK
Kalshi WS trade #7826: KXATPMATCH-26FEB13DEVAN-DE | yes | count=12.00 | yes=39c
Kalshi WS trade #7827: KXWOCURLGAME-26FEB13CHNCHE-CHN | yes | count=1.00 | yes=22c
Kalshi WS trade #7828: KXTAKEOVERACQWB-27JUN30-NFLX | yes | count=9.00 | yes=49c
Kalshi WS trade #7829: KXWTAMATCH-26FEB13COCVEK-COC | no | count=10.00 | yes=80c
Kalshi WS trade #7830: KXWOHOCKEY-WOMEN26CGOLD-FIN | yes | count=33.00 | yes=1c
Kalshi WS trade #7831: KXLIVTOUR-LIGA26-BDEC | yes | count=15.00 | yes=20c
Kalshi WS trade #7832: KXGOVTSHUTDOWN-26FEB14 | no | count=62.00 | yes=88c
Kalshi WS trade #7833: KXBTCD-26FEB1310-T67749.99 | no | count=17.00 | yes=11c
Kalshi WS trade #7834: KXATPMATCH-26FEB13DEVAN-DE | yes | count=12.00 | yes=39c
INFO:     35.145.33.17:0 - "GET /api/spreads?min_spread_pct=0.05 HTTP/1.1" 200 OK
Kalshi WS trade #7835: KXGOVTSHUTDOWN-26FEB14 | yes | count=23.00 | yes=89c
Kalshi WS trade #7836: KXLIGUE1GAME-26FEB13RENPSG-PSG | yes | count=20.00 | yes=70c
Kalshi WS trade #7837: KXWTAMATCH-26FEB13COCVEK-COC | yes | count=50.00 | yes=83c
Kalshi WS trade #7838: KXBTCD-26FEB1310-T67749.99 | yes | count=12.00 | yes=15c
Kalshi WS trade #7839: KXSAUDIPLGAME-26FEB13SHAAAS-SHA | yes | count=666.00 | yes=2c
Kalshi WS trade #7840: KXATPMATCH-26FEB13DEVAN-DE | yes | count=12.00 | yes=39c
Kalshi WS trade #7841: KXBTCD-26FEB1310-T67749.99 | no | count=100.00 | yes=11c
Kalshi WS trade #7842: KXBTCD-26FEB1310-T67749.99 | no | count=50.00 | yes=11c
Kalshi WS trade #7843: KXBTCD-26FEB1310-T67749.99 | yes | count=58.00 | yes=15c
Kalshi WS trade #7844: KXATPCHALLENGERMATCH-26FEB13TABECH-TAB | no | count=3.00 | yes=69c
Kalshi WS trade #7845: KXATPCHALLENGERMATCH-26FEB13TABECH-TAB | no | count=2.00 | yes=69c
Kalshi WS trade #7846: KXNASDAQ100U-26FEB13H1000-T24649.99 | yes | count=3.00 | yes=24c
Kalshi WS trade #7847: KXWOCURL-WOMEN26CGOLD-USA | yes | count=72.00 | yes=13c
Kalshi WS trade #7848: KXMVESPORTSMULTIGAMEEXTENDED-S2026EDA5A89493B-64EFB645792 | yes | count=454.00 | yes=0c
Kalshi WS trade #7849: KXPGATOUR-ATPBP26-SSCH | yes | count=750.00 | yes=4c
Kalshi WS trade #7850: KXNASDAQ100U-26FEB13H1000-T24599.99 | yes | count=10.00 | yes=89c
Poly WS trade #161: asset=43946269812975261940... | BUY | size=286.026126 | price=0.769
Kalshi WS trade #7851: KXT20MATCH-26FEB13NEDUSA-USA | yes | count=18.00 | yes=80c
Kalshi WS trade #7852: KXLIGUE1GAME-26FEB13ASMFCN-TIE | yes | count=45.00 | yes=20c
Kalshi WS trade #7853: KXBTCD-26FEB1310-T67749.99 | no | count=54.00 | yes=11c
Kalshi WS trade #7854: KXATPCHALLENGERMATCH-26FEB13TRAMOR-MOR | yes | count=50.00 | yes=93c
Kalshi WS trade #7855: KXETH-26FEB1310-B2000 | no | count=3.00 | yes=8c
Kalshi WS trade #7856: KXGOVTSHUTDOWN-26FEB14 | yes | count=5.00 | yes=89c
Kalshi WS trade #7857: KXATPCHALLENGERMATCH-26FEB13LLAMIK-LLA | no | count=190.00 | yes=92c
Kalshi WS trade #7858: KXBTCD-26FEB1310-T67749.99 | yes | count=30.00 | yes=15c
Kalshi WS trade #7859: KXBTCD-26FEB1310-T67749.99 | yes | count=32.00 | yes=15c
Poly WS trade #162: asset=76489251550443972870... | BUY | size=100 | price=0.236
Poly WS trade #163: asset=76489251550443972870... | BUY | size=110 | price=0.236
Kalshi WS trade #7860: KXATPCHALLENGERMATCH-26FEB13LLAMIK-MIK | yes | count=93.00 | yes=6c
Kalshi WS trade #7861: KXBTC-26FEB1310-B67625 | yes | count=12.00 | yes=79c
Kalshi WS trade #7862: KXT20MATCH-26FEB13NEDUSA-USA | yes | count=32.00 | yes=80c
Kalshi WS trade #7863: KXT20MATCH-26FEB13NEDUSA-USA | yes | count=103.00 | yes=80c
Kalshi WS trade #7864: KXATPCHALLENGERMATCH-26FEB13TABECH-TAB | no | count=5.00 | yes=69c
Kalshi WS trade #7865: KXEUROLEAGUEGAME-26FEB131430DUBOLM-DUB | yes | count=55.00 | yes=42c
Kalshi WS trade #7866: KXBTCD-26FEB1310-T67749.99 | no | count=50.00 | yes=11c
Kalshi WS trade #7867: KXBTCD-26FEB1310-T67749.99 | no | count=61.00 | yes=11c
Kalshi WS trade #7868: KXPRESNOMR-28-TMAS | yes | count=233.00 | yes=2c
Kalshi WS trade #7869: KXBTCD-26FEB1310-T67499.99 | yes | count=6.00 | yes=89c
Kalshi WS trade #7870: KXBTCD-26FEB1310-T67749.99 | no | count=49.00 | yes=11c
Kalshi WS trade #7871: KXNASCARRACE-DAY26-JOLO | yes | count=58.00 | yes=8c
Kalshi WS trade #7872: KXWTAMATCH-26FEB13COCVEK-VEK | yes | count=252.00 | yes=19c
Kalshi WS trade #7873: KXWTAMATCH-26FEB13COCVEK-VEK | yes | count=93.00 | yes=19c
Kalshi WS trade #7874: KXRT-WUT-67 | yes | count=344.00 | yes=9c
Kalshi WS trade #7875: KXHIGHNY-26FEB13-B35.5 | yes | count=2.00 | yes=9c
Kalshi WS trade #7876: KXHIGHNY-26FEB13-B35.5 | yes | count=3.00 | yes=10c
Kalshi WS trade #7877: KXHIGHNY-26FEB13-B35.5 | yes | count=45.00 | yes=10c
Kalshi WS trade #7878: KXBTC-26FEB1310-B67625 | no | count=22.00 | yes=73c
Kalshi WS trade #7879: KXHIGHDEN-26FEB13-T55 | yes | count=30.00 | yes=25c
Kalshi WS trade #7880: KXHIGHDEN-26FEB13-T55 | yes | count=20.00 | yes=25c
Kalshi WS trade #7881: KXATPCHALLENGERMATCH-26FEB13LLAMIK-MIK | yes | count=312.00 | yes=6c
Kalshi WS trade #7882: KXT20MATCH-26FEB13NEDUSA-USA | yes | count=300.00 | yes=80c
Kalshi WS trade #7883: KXHIGHMIA-26FEB13-T80 | no | count=3.00 | yes=52c
Kalshi WS trade #7884: KXHIGHMIA-26FEB13-T80 | no | count=2.00 | yes=52c
Kalshi WS trade #7885: KXETHD-26FEB1310-T1989.99 | yes | count=720.00 | yes=13c
Poly WS trade #164: asset=48458075019957098166... | BUY | size=152 | price=0.994
Kalshi WS trade #7886: KXATPMATCH-26FEB13DEVAN-VAN | no | count=300.00 | yes=61c
Kalshi WS trade #7887: KXATPMATCH-26FEB13DEVAN-VAN | no | count=100.00 | yes=60c
Kalshi WS trade #7888: KXATPMATCH-26FEB13DEVAN-VAN | no | count=11.00 | yes=60c
Kalshi WS trade #7889: KXATPMATCH-26FEB13DEVAN-VAN | no | count=1.00 | yes=60c
Kalshi WS trade #7890: KXATPMATCH-26FEB13DEVAN-DE | yes | count=1.00 | yes=39c
Kalshi WS trade #7891: KXATPMATCH-26FEB13DEVAN-DE | yes | count=499.00 | yes=40c
Kalshi WS trade #7892: KXHIGHMIA-26FEB13-T73 | yes | count=50.00 | yes=1c
Kalshi WS trade #7893: KXHIGHMIA-26FEB13-B75.5 | yes | count=45.00 | yes=3c
Kalshi WS trade #7894: KXWTAMATCH-26FEB13COCVEK-COC | yes | count=50.00 | yes=84c
Kalshi WS trade #7895: KXWTAMATCH-26FEB13COCVEK-COC | yes | count=67.00 | yes=84c
Kalshi WS trade #7896: KXWTACHALLENGERMATCH-26FEB13STEJOR-STE | yes | count=87.00 | yes=51c
Kalshi WS trade #7897: KXATPMATCH-26FEB13DEVAN-VAN | no | count=5.00 | yes=62c
Kalshi WS trade #7898: KXBTC-26FEB1310-B67625 | yes | count=12.00 | yes=78c
Kalshi WS trade #7899: KXETH-26FEB1310-B2000 | no | count=3.00 | yes=17c
Kalshi WS trade #7900: KXNCAAMBGAME-26FEB13SLULCHI-SLU | yes | count=94.00 | yes=95c
Kalshi WS trade #7901: KXATPMATCH-26FEB13FRIKOR-FRI | yes | count=192.00 | yes=63c
Kalshi WS trade #7902: KXSNLHOST-26-PED | yes | count=111.00 | yes=30c
Kalshi WS trade #7903: KXSNLHOST-26-PED | yes | count=15.00 | yes=30c
Kalshi WS trade #7904: KXSNLHOST-26-PED | yes | count=874.00 | yes=30c
Kalshi WS trade #7905: KXSNLHOST-26-PED | yes | count=60.00 | yes=40c
Kalshi WS trade #7906: KXSNLHOST-26-PED | yes | count=60.00 | yes=50c
Kalshi WS trade #7907: KXSNLHOST-26-PED | yes | count=60.00 | yes=60c
Kalshi WS trade #7908: KXSNLHOST-26-PED | yes | count=791.00 | yes=67c
Kalshi WS trade #7909: KXWTAMATCH-26FEB13COCVEK-COC | yes | count=7.00 | yes=84c
Kalshi WS trade #7910: KXBTCD-26FEB1310-T67749.99 | yes | count=44.00 | yes=14c
Kalshi WS trade #7911: KXWTAMATCH-26FEB13COCVEK-VEK | no | count=47.00 | yes=18c
Kalshi WS trade #7912: KXHIGHPHIL-26FEB13-B35.5 | no | count=27.00 | yes=8c
Kalshi WS trade #7913: KXETH-26FEB1310-B2000 | yes | count=3.00 | yes=16c
Kalshi WS trade #7914: KXSERIEAGAME-26FEB13PISACM-ACM | yes | count=3.00 | yes=62c
Kalshi WS trade #7915: KXBTCD-26FEB1310-T67749.99 | no | count=27.00 | yes=13c
Kalshi WS trade #7916: KXWTACHALLENGERMATCH-26FEB13CHWLAM-CHW | yes | count=4.00 | yes=92c
Kalshi WS trade #7917: KXWTAMATCH-26FEB13OSTMBO-MBO | yes | count=100.00 | yes=69c
Kalshi WS trade #7918: KXATPCHALLENGERMATCH-26FEB13LLAMIK-MIK | no | count=45.00 | yes=5c
Kalshi WS trade #7919: KXATPMATCH-26FEB13DEVAN-DE | yes | count=50.00 | yes=42c
Kalshi WS trade #7920: KXATPMATCH-26FEB13DEVAN-DE | yes | count=52.00 | yes=43c
Kalshi WS trade #7921: KXATPMATCH-26FEB13DEVAN-DE | yes | count=1.00 | yes=43c
Kalshi WS trade #7922: KXVALORANTGAME-26FEB13BBLGM-BBL | yes | count=9.00 | yes=51c
Kalshi WS trade #7923: KXATPCHALLENGERMATCH-26FEB13LLAMIK-LLA | yes | count=264.00 | yes=94c
Kalshi WS trade #7924: KXWTACHALLENGERMATCH-26FEB13STEJOR-JOR | yes | count=8.00 | yes=50c
Kalshi WS trade #7925: KXWTACHALLENGERMATCH-26FEB13STEJOR-JOR | yes | count=24.00 | yes=50c
Kalshi WS trade #7926: KXWTACHALLENGERMATCH-26FEB13STEJOR-JOR | yes | count=62.00 | yes=50c
Kalshi WS trade #7927: KXWTACHALLENGERMATCH-26FEB13STEJOR-JOR | yes | count=96.00 | yes=50c
Kalshi WS trade #7928: KXWTACHALLENGERMATCH-26FEB13STEJOR-JOR | yes | count=19.00 | yes=50c
Kalshi WS trade #7929: KXWTACHALLENGERMATCH-26FEB13STEJOR-JOR | yes | count=11.00 | yes=50c
Kalshi WS trade #7930: KXWTACHALLENGERMATCH-26FEB13STEJOR-JOR | yes | count=24.00 | yes=50c
Kalshi WS trade #7931: KXATPMATCH-26FEB13DEVAN-DE | yes | count=122.00 | yes=44c
Kalshi WS trade #7932: KXATPMATCH-26FEB13DEVAN-DE | yes | count=1.00 | yes=44c
Kalshi WS trade #7933: KXATPMATCH-26FEB13DEVAN-VAN | no | count=3.00 | yes=56c
Kalshi WS trade #7934: KXATPMATCH-26FEB13DEVAN-VAN | no | count=1.00 | yes=55c
Kalshi WS trade #7935: KXATPCHALLENGERMATCH-26FEB13TABECH-ECH | yes | count=3.00 | yes=32c
Kalshi WS trade #7936: KXATPCHALLENGERMATCH-26FEB13TABECH-ECH | yes | count=2.00 | yes=32c
Kalshi WS trade #7937: KXBTCD-26FEB1310-T67749.99 | no | count=22.00 | yes=12c
Kalshi WS trade #7938: KXWTACHALLENGERMATCH-26FEB13CHWLAM-CHW | yes | count=428.00 | yes=93c
Kalshi WS trade #7939: KXNCAAMBTOTAL-26FEB13MASSAKR-160 | yes | count=37.00 | yes=52c
Kalshi WS trade #7940: KXWOMHOCKEYSPREAD-26FEB13CANCHE-CAN2 | yes | count=123.00 | yes=59c
Kalshi WS trade #7941: KXNASDAQ100U-26FEB13H1000-T24599.99 | no | count=12.00 | yes=91c
Kalshi WS trade #7942: KXWOCURLGAME-26FEB13DNKSWE-SWE | yes | count=69.00 | yes=84c
Kalshi WS trade #7943: KXWOCURLGAME-26FEB13DNKSWE-SWE | yes | count=165.00 | yes=85c
Kalshi WS trade #7944: KXATPMATCH-26FEB13DEVAN-VAN | yes | count=76.00 | yes=55c
Kalshi WS trade #7945: KXPGATOUR-ATPBP26-RHIS | yes | count=23.00 | yes=8c
Kalshi WS trade #7946: KXPGATOUR-ATPBP26-JSPI | yes | count=312.00 | yes=3c
Kalshi WS trade #7947: KXBTCD-26FEB1310-T67749.99 | no | count=50.00 | yes=13c
Kalshi WS trade #7948: KXBTCD-26FEB1310-T67749.99 | no | count=62.00 | yes=12c
Kalshi WS trade #7949: KXT20MATCH-26FEB13NEDUSA-NED | yes | count=43.00 | yes=22c
Kalshi WS trade #7950: KXATPCHALLENGERMATCH-26FEB13LLAMIK-LLA | no | count=1378.00 | yes=92c
Kalshi WS trade #7951: KXSAUDIPLGAME-26FEB13SHAAAS-AAS | no | count=8.00 | yes=93c
Kalshi WS trade #7952: KXBTCD-26FEB1310-T67749.99 | yes | count=52.00 | yes=17c
Kalshi WS trade #7953: KXBTCD-26FEB1317-T66999.99 | no | count=1000.00 | yes=68c
Kalshi WS trade #7954: KXNCAAMBGAME-26FEB13IONACAN-IONA | yes | count=28.00 | yes=68c
Kalshi WS trade #7955: KXBTCD-26FEB1310-T67749.99 | no | count=100.00 | yes=13c
Kalshi WS trade #7956: KXBTCD-26FEB1310-T67749.99 | no | count=200.00 | yes=12c
Kalshi WS trade #7957: KXBTCD-26FEB1310-T67749.99 | no | count=800.00 | yes=12c
Kalshi WS trade #7958: KXBTCD-26FEB1310-T67749.99 | no | count=900.00 | yes=12c
Poly WS trade #165: asset=43946269812975261940... | SELL | size=5.99 | price=0.768
Kalshi WS trade #7959: KXGOVTSHUTDOWN-26FEB14 | no | count=107.00 | yes=88c
Kalshi WS trade #7960: KXATPMATCH-26FEB13DEVAN-VAN | yes | count=440.00 | yes=54c
Kalshi WS trade #7961: KXATPCHALLENGERMATCH-26FEB13LLAMIK-MIK | yes | count=20.00 | yes=6c
Kalshi WS trade #7962: KXNCAAMBGAME-26FEB13MSUWIS-WIS | yes | count=10.00 | yes=47c
Kalshi WS trade #7963: KXMVESPORTSMULTIGAMEEXTENDED-S20261C192DF0F7D-476C5B258BE | yes | count=111.00 | yes=37c
Kalshi WS trade #7964: KXBTCD-26FEB1310-T67749.99 | no | count=15.00 | yes=14c
Kalshi WS trade #7965: KXWTAMATCH-26FEB13COCVEK-VEK | yes | count=213.00 | yes=20c
Kalshi WS trade #7966: KXATPCHALLENGERMATCH-26FEB13TRAMOR-TRA | yes | count=40.00 | yes=7c
Kalshi WS trade #7967: KXWTAMATCH-26FEB13COCVEK-VEK | no | count=1.00 | yes=18c
Kalshi WS trade #7968: KXVALORANTGAME-26FEB13VITFNC-VIT | yes | count=280.00 | yes=1c
Kalshi WS trade #7969: KXBTC-26FEB1310-B67875 | no | count=45.00 | yes=13c
Kalshi WS trade #7970: KXSOL15M-26FEB131000-00 | no | count=78.00 | yes=96c
Kalshi WS trade #7971: KXBTCD-26FEB1310-T67499.99 | no | count=5.00 | yes=91c
Kalshi WS trade #7972: KXBTCD-26FEB1310-T67499.99 | no | count=100.00 | yes=91c
Kalshi WS trade #7973: KXBTCD-26FEB1310-T67499.99 | no | count=1.00 | yes=90c
Kalshi WS trade #7974: KXBTCD-26FEB1310-T67499.99 | no | count=9.00 | yes=90c
Kalshi WS trade #7975: KXBTCD-26FEB1310-T67499.99 | yes | count=100.00 | yes=93c
Kalshi WS trade #7976: KXATPCHALLENGERMATCH-26FEB13LLAMIK-LLA | yes | count=15.00 | yes=94c
Kalshi WS trade #7977: KXHIGHMIA-26FEB13-B79.5 | no | count=6.00 | yes=39c
Kalshi WS trade #7978: KXATPCHALLENGERMATCH-26FEB13LLAMIK-MIK | no | count=52.00 | yes=5c
Kalshi WS trade #7979: KXATPMATCH-26FEB13DEVAN-DE | yes | count=1.00 | yes=46c
Kalshi WS trade #7980: KXATPMATCH-26FEB13DEVAN-DE | yes | count=101.00 | yes=47c
Kalshi WS trade #7981: KXATPCHALLENGERMATCH-26FEB13LLAMIK-LLA | yes | count=970.00 | yes=94c
Kalshi WS trade #7982: KXBTCD-26FEB1310-T67999.99 | yes | count=18.00 | yes=1c
Kalshi WS trade #7983: KXATPMATCH-26FEB13DEVAN-VAN | yes | count=23.00 | yes=54c
Kalshi WS trade #7984: KXMVESPORTSMULTIGAMEEXTENDED-S20269795523D986-163E3CD82C1 | yes | count=39.00 | yes=12c
Kalshi WS trade #7985: KXBTCD-26FEB1310-T67999.99 | yes | count=22.00 | yes=1c
Kalshi WS trade #7986: KXINXU-26FEB13H1000-T6819.9999 | yes | count=50.00 | yes=50c
Kalshi WS trade #7987: KXNCAAMBGAME-26FEB13SPCSHU-SPC | yes | count=1.00 | yes=58c
Kalshi WS trade #7988: KXATPCHALLENGERMATCH-26FEB13LLAMIK-LLA | yes | count=408.00 | yes=94c
Kalshi WS trade #7989: KXWTAMATCH-26FEB13COCVEK-VEK | yes | count=17.00 | yes=20c
Kalshi WS trade #7990: KXBTCD-26FEB1310-T67749.99 | yes | count=100.00 | yes=16c
Kalshi WS trade #7991: KXNBAEAST-26-DET | yes | count=119.00 | yes=23c
Kalshi WS trade #7992: KXNCAAWBGAME-26FEB14COLGNAVY-COLG | yes | count=17.00 | yes=3c
Kalshi WS trade #7993: KXNCAAWBGAME-26FEB14COLGNAVY-COLG | yes | count=8.00 | yes=5c
Kalshi WS trade #7994: KXNCAAMBGAME-26FEB13GMUGW-GMU | yes | count=104.00 | yes=46c
Kalshi WS trade #7995: KXSERIEAGAME-26FEB14COMFIO-COM | yes | count=5.00 | yes=57c
Kalshi WS trade #7996: KXSERIEAGAME-26FEB14COMFIO-COM | yes | count=29.00 | yes=57c
Kalshi WS trade #7997: KXBTC15M-26FEB131000-00 | no | count=187.00 | yes=99c
Kalshi WS trade #7998: KXBTC-26FEB1310-B67625 | yes | count=24.00 | yes=79c
Kalshi WS trade #7999: KXATPCHALLENGERMATCH-26FEB13LLAMIK-LLA | no | count=10.00 | yes=92c
Kalshi WS trade #8000: KXHIGHNY-26FEB13-B37.5 | yes | count=8.00 | yes=50c
Kalshi WS trade #8001: KXHIGHNY-26FEB13-B37.5 | yes | count=10.00 | yes=50c
Kalshi WS trade #8002: KXATPCHALLENGERMATCH-26FEB13TRAMOR-TRA | yes | count=67.00 | yes=7c
Kalshi WS trade #8003: KXPGATOP5-ATPBP26-CGOT | yes | count=50.00 | yes=37c
Kalshi WS trade #8004: KXATPCHALLENGERMATCH-26FEB13LLAMIK-MIK | yes | count=15.00 | yes=6c
Kalshi WS trade #8005: KXBTCD-26FEB1310-T67499.99 | no | count=1.00 | yes=93c
INFO:     35.145.33.17:0 - "GET /api/markets HTTP/1.1" 200 OK
Kalshi WS trade #8006: KXBERNIEMENTION-26FEB14-MIDD | yes | count=3.00 | yes=58c
Kalshi WS trade #8007: KXATPCHALLENGERMATCH-26FEB13LLAMIK-LLA | yes | count=248.00 | yes=94c
Kalshi WS trade #8008: KXETHD-26FEB1310-T1989.99 | yes | count=38.00 | yes=16c
Kalshi WS trade #8009: KXNASCARRACE-FREFF26-RIST | yes | count=20.00 | yes=7c
INFO:     35.145.33.17:0 - "GET /api/spreads?min_spread_pct=0.05 HTTP/1.1" 200 OK
Kalshi WS trade #8010: KXWOSSKATE-M10K26MEDAL-SEIT | yes | count=1.00 | yes=53c
Kalshi WS trade #8011: KXTRUMPSAY-26FEB16-TDS | no | count=2.00 | yes=38c
Kalshi WS trade #8012: KXATPMATCH-26FEB13DEVAN-VAN | yes | count=269.00 | yes=54c
Kalshi WS trade #8013: KXATPMATCH-26FEB13DEVAN-VAN | yes | count=7.00 | yes=54c
Kalshi WS trade #8014: KXINXU-26FEB13H1000-T6809.9999 | yes | count=1.00 | yes=93c
Kalshi WS trade #8015: KXNBAALLSTARMVP-26-CCUN | yes | count=13.00 | yes=7c
Kalshi WS trade #8016: KXMVESPORTSMULTIGAMEEXTENDED-S2026D51D1B5877B-C02E85891DA | yes | count=55.00 | yes=16c
Poly WS trade #166: asset=11435008330551587660... | BUY | size=12.5 | price=0.08
Kalshi WS trade #8017: KXBTC-26FEB1310-B67625 | yes | count=11.00 | yes=79c
Kalshi WS trade #8018: KXHIGHAUS-26FEB13-B84.5 | no | count=2.00 | yes=4c
Kalshi WS trade #8019: KXATPCHALLENGERMATCH-26FEB13TRAMOR-TRA | yes | count=13.00 | yes=7c
Kalshi WS trade #8020: KXNCAABMENTION-26FEB14UKFLA-NIL | yes | count=4.00 | yes=22c
Kalshi WS trade #8021: KXBTCD-26FEB1317-T67999.99 | no | count=3.00 | yes=35c
Kalshi WS trade #8022: KXHIGHTSFO-26FEB13-B62.5 | yes | count=41.00 | yes=12c
Kalshi WS trade #8023: KXWTAMATCH-26FEB13COCVEK-COC | yes | count=1.00 | yes=83c
Kalshi WS trade #8024: KXWTACHALLENGERMATCH-26FEB13STEJOR-STE | yes | count=2.00 | yes=51c
Kalshi WS trade #8025: KXBTCD-26FEB1310-T67749.99 | no | count=100.00 | yes=12c
Kalshi WS trade #8026: KXMVESPORTSMULTIGAMEEXTENDED-S2026DAC29194990-658A5CDF362 | yes | count=85.00 | yes=39c
Kalshi WS trade #8027: KXMVESPORTSMULTIGAMEEXTENDED-S2026C036BC292F9-62FEAB9A324 | yes | count=87.00 | yes=44c
Kalshi WS trade #8028: KXBTC-26FEB1310-B67375 | no | count=50.00 | yes=5c
Kalshi WS trade #8029: KXBTC-26FEB1310-B67375 | no | count=12.00 | yes=5c
Kalshi WS trade #8030: KXNASDAQ100U-26FEB13H1000-T24599.99 | no | count=8.00 | yes=91c
Kalshi WS trade #8031: KXWTACHALLENGERMATCH-26FEB13STEJOR-JOR | no | count=396.00 | yes=50c
Kalshi WS trade #8032: KXUCL-26-CHE | yes | count=142.00 | yes=5c
Kalshi WS trade #8033: KXBTCD-26FEB1310-T67749.99 | yes | count=15.00 | yes=13c
Kalshi WS trade #8034: KXBTCD-26FEB1310-T67499.99 | yes | count=50.00 | yes=93c
Kalshi WS trade #8035: KXBTCD-26FEB1310-T67499.99 | yes | count=100.00 | yes=93c
Kalshi WS trade #8036: KXBTCD-26FEB1310-T67499.99 | yes | count=21.00 | yes=94c
Kalshi WS trade #8037: KXBTCD-26FEB1310-T67499.99 | yes | count=40.00 | yes=94c
Kalshi WS trade #8038: KXNCAAMBGAME-26FEB13SPCSHU-SHU | yes | count=20.00 | yes=44c
Kalshi WS trade #8039: KXATPCHALLENGERMATCH-26FEB13TRAMOR-TRA | yes | count=13.00 | yes=7c
Kalshi WS trade #8040: KXNCAAMBSPREAD-26FEB13GMUGW-GW2 | no | count=40.00 | yes=48c
Kalshi WS trade #8041: KXSENATETXR-26-KP | no | count=4.00 | yes=70c
Kalshi WS trade #8042: KXPGATOUR-ATPBP26-SSCH | no | count=19.00 | yes=3c
Kalshi WS trade #8043: KXLOVEISBLINDENGAGEMENT-26-ELI | no | count=10.00 | yes=33c
Kalshi WS trade #8044: KXATPCHALLENGERMATCH-26FEB13TRAMOR-MOR | no | count=28.00 | yes=94c
Kalshi WS trade #8045: KXATPCHALLENGERMATCH-26FEB13TRAMOR-MOR | no | count=29.00 | yes=93c
Kalshi WS trade #8046: KXBTCD-26FEB1310-T67749.99 | no | count=50.00 | yes=12c
Kalshi WS trade #8047: KXBTCD-26FEB1310-T67749.99 | no | count=100.00 | yes=12c
Kalshi WS trade #8048: KXNCAAMBGAME-26FEB13MSUWIS-WIS | yes | count=6.00 | yes=47c
Poly WS trade #167: asset=11435008330551587660... | BUY | size=12.5 | price=0.08
Kalshi WS trade #8049: KXATPMATCH-26FEB13DEVAN-VAN | yes | count=168.00 | yes=54c
Kalshi WS trade #8050: KXATPCHALLENGERMATCH-26FEB13TABECH-ECH | yes | count=5.00 | yes=32c
Kalshi WS trade #8051: KXATPMATCH-26FEB13DEVAN-DE | yes | count=41.00 | yes=47c
Kalshi WS trade #8052: KXWOMHOCKEY-26FEB13CANCHE-CAN | yes | count=5.00 | yes=90c
Kalshi WS trade #8053: KXNASCARRACE-DAY26-RYBL | yes | count=58.00 | yes=8c
Poly WS trade #168: asset=21431572216384228534... | SELL | size=6.32 | price=0.944
Poly WS trade #169: asset=48458075019957098166... | BUY | size=154 | price=0.994
Kalshi WS trade #8054: KXMVESPORTSMULTIGAMEEXTENDED-S2026DCEDDFFFC7D-81CBB0D1CC0 | yes | count=444.00 | yes=7c
Kalshi WS trade #8055: KXATPMATCH-26FEB13DEVAN-DE | yes | count=205.00 | yes=47c
Kalshi WS trade #8056: KXBTCD-26FEB1310-T67749.99 | no | count=100.00 | yes=12c
Kalshi WS trade #8057: KXBERNIEMENTION-26FEB14-BERN | yes | count=30.00 | yes=47c
Kalshi WS trade #8058: KXBERNIEMENTION-26FEB14-BERN | yes | count=300.00 | yes=48c
Kalshi WS trade #8059: KXBERNIEMENTION-26FEB14-BERN | yes | count=99.00 | yes=49c
Kalshi WS trade #8060: KXBERNIEMENTION-26FEB14-BERN | yes | count=55.00 | yes=49c
Kalshi WS trade #8061: KXBERNIEMENTION-26FEB14-BERN | yes | count=100.00 | yes=50c
Kalshi WS trade #8062: KXBERNIEMENTION-26FEB14-BERN | yes | count=100.00 | yes=51c
Kalshi WS trade #8063: KXBERNIEMENTION-26FEB14-BERN | yes | count=386.00 | yes=51c
Kalshi WS trade #8064: KXBERNIEMENTION-26FEB14-BERN | yes | count=465.00 | yes=52c
Kalshi WS trade #8065: KXBERNIEMENTION-26FEB14-BERN | yes | count=36.00 | yes=52c
Kalshi WS trade #8066: KXHIGHTBOS-26FEB13-T33 | yes | count=22.00 | yes=3c
Kalshi WS trade #8067: KXHIGHAUS-26FEB13-B80.5 | yes | count=11.00 | yes=43c
Kalshi WS trade #8068: KXBTCD-26FEB1310-T67749.99 | no | count=10.00 | yes=11c
Kalshi WS trade #8069: KXBTCD-26FEB1310-T67749.99 | no | count=50.00 | yes=11c
Kalshi WS trade #8070: KXBTCD-26FEB1310-T67749.99 | no | count=20.00 | yes=10c
Kalshi WS trade #8071: KXBTCD-26FEB1310-T67749.99 | no | count=1.00 | yes=10c
Kalshi WS trade #8072: KXBTCD-26FEB1310-T67749.99 | no | count=28.00 | yes=10c
Kalshi WS trade #8073: KXATPCHALLENGERMATCH-26FEB13LLAMIK-LLA | no | count=124.00 | yes=92c
Kalshi WS trade #8074: KXNASDAQ100U-26FEB13H1000-T24649.99 | no | count=3.00 | yes=30c
Kalshi WS trade #8075: KXATPCHALLENGERMATCH-26FEB13LLAMIK-MIK | yes | count=109.00 | yes=6c
Kalshi WS trade #8076: KXATPMATCH-26FEB13DEVAN-VAN | yes | count=500.00 | yes=54c
Kalshi WS trade #8077: KXATPCHALLENGERMATCH-26FEB13LLAMIK-LLA | yes | count=149.00 | yes=94c
Kalshi WS trade #8078: KXBTCD-26FEB1310-T67749.99 | yes | count=5.00 | yes=12c
Kalshi WS trade #8079: KXHIGHDEN-26FEB13-B57.5 | yes | count=50.00 | yes=29c
Kalshi WS trade #8080: KXATPCHALLENGERMATCH-26FEB13LLAMIK-MIK | no | count=73.00 | yes=5c
Kalshi WS trade #8081: KXGOVTSHUTDOWN-26FEB14 | no | count=35.00 | yes=88c
Kalshi WS trade #8082: KXSAUDIPLGAME-26FEB13SHAAAS-AAS | yes | count=5.00 | yes=95c
Kalshi WS trade #8083: KXATPMATCH-26FEB13DEVAN-DE | no | count=3.00 | yes=46c
Kalshi WS trade #8084: KXATPCHALLENGERMATCH-26FEB13LLAMIK-LLA | no | count=27.00 | yes=92c
Kalshi WS trade #8085: KXATPMATCH-26FEB13DEVAN-VAN | no | count=10.00 | yes=52c
Kalshi WS trade #8086: KXGOVTSHUTDOWN-26FEB14 | no | count=2.00 | yes=88c
Kalshi WS trade #8087: KXATPCHALLENGERMATCH-26FEB13TRAMOR-TRA | yes | count=67.00 | yes=7c
Kalshi WS trade #8088: KXATPCHALLENGERMATCH-26FEB13LLAMIK-MIK | no | count=29.00 | yes=5c
Kalshi WS trade #8089: KXWTACHALLENGERMATCH-26FEB13VIDGAL-GAL | yes | count=2.00 | yes=66c
Kalshi WS trade #8090: KXHIGHMIA-26FEB13-B77.5 | yes | count=50.00 | yes=7c
Kalshi WS trade #8091: KXBTCMAX150-25-26MAR31-149999.99 | no | count=25.00 | yes=2c
Kalshi WS trade #8092: KXSOL15M-26FEB131000-00 | no | count=1.00 | yes=97c
Kalshi WS trade #8093: KXNCAAMBGAME-26FEB14GTND-GT | yes | count=39.00 | yes=26c
Kalshi WS trade #8094: KXHIGHCHI-26FEB13-B52.5 | yes | count=33.00 | yes=46c
Kalshi WS trade #8095: KXHIGHCHI-26FEB13-B52.5 | yes | count=17.00 | yes=46c
Kalshi WS trade #8096: KXUFCFIGHT-26FEB21MILJUD-JUD | yes | count=10.00 | yes=82c
Poly WS trade #170: asset=10150694304905327693... | BUY | size=59.28 | price=0.949
Kalshi WS trade #8097: KXBTCD-26FEB1310-T67749.99 | no | count=50.00 | yes=10c
Kalshi WS trade #8098: KXBTCD-26FEB1310-T67749.99 | no | count=100.00 | yes=9c
Kalshi WS trade #8099: KXBTCD-26FEB1310-T67749.99 | no | count=800.00 | yes=9c
Kalshi WS trade #8100: KXBTCD-26FEB1310-T67749.99 | no | count=10.00 | yes=9c
Kalshi WS trade #8101: KXATPCHALLENGERMATCH-26FEB13LLAMIK-LLA | no | count=27.00 | yes=92c
Kalshi WS trade #8102: KXBTCD-26FEB1310-T67749.99 | yes | count=40.00 | yes=9c
Kalshi WS trade #8103: KXBTCD-26FEB1310-T67749.99 | yes | count=100.00 | yes=10c
Kalshi WS trade #8104: KXBTCD-26FEB1310-T67749.99 | yes | count=403.00 | yes=12c
Kalshi WS trade #8105: KXBTCD-26FEB1310-T67249.99 | no | count=443.00 | yes=99c
Kalshi WS trade #8106: KXBTCD-26FEB1310-T67249.99 | no | count=24.00 | yes=99c
Kalshi WS trade #8107: KXHIGHPHIL-26FEB13-B35.5 | yes | count=50.00 | yes=9c
Kalshi WS trade #8108: KXMARMAD-26-KU | yes | count=40.00 | yes=7c
Kalshi WS trade #8109: KXBTCD-26FEB1310-T67499.99 | yes | count=50.00 | yes=94c
Kalshi WS trade #8110: KXBTCD-26FEB1310-T67499.99 | yes | count=100.00 | yes=94c
Kalshi WS trade #8111: KXBTCD-26FEB1310-T67499.99 | yes | count=50.00 | yes=94c
Kalshi WS trade #8112: KXATPMATCH-26FEB13FRIKOR-FRI | yes | count=1547.00 | yes=63c
Kalshi WS trade #8113: KXATPMATCH-26FEB13DEVAN-VAN | yes | count=20.00 | yes=54c
Kalshi WS trade #8114: KXBTCD-26FEB1310-T67499.99 | no | count=66.00 | yes=91c
Kalshi WS trade #8115: KXBTCD-26FEB1310-T66999.99 | no | count=27.00 | yes=99c
Kalshi WS trade #8116: KXMVESPORTSMULTIGAMEEXTENDED-S2026CBDAB7F783B-4D14502898C | yes | count=32.00 | yes=29c
Kalshi WS trade #8117: KXSOL15M-26FEB131000-00 | yes | count=16.00 | yes=98c
Kalshi WS trade #8118: KXNCAAMBGAME-26FEB13MSUWIS-MSU | yes | count=17.00 | yes=56c
Kalshi WS trade #8119: KXATPCHALLENGERMATCH-26FEB13TABECH-ECH | yes | count=1.00 | yes=32c
Kalshi WS trade #8120: KXATPCHALLENGERMATCH-26FEB13TABECH-ECH | yes | count=25.00 | yes=32c
Kalshi WS trade #8121: KXLOVEISBLINDENGAGEMENT-26-ELI | no | count=10.00 | yes=25c
Kalshi WS trade #8122: KXBTCD-26FEB1310-T67749.99 | yes | count=35.00 | yes=12c
Kalshi WS trade #8123: KXWTAMATCH-26FEB13COCVEK-VEK | yes | count=18.00 | yes=20c
Kalshi WS trade #8124: KXATPCHALLENGERMATCH-26FEB13LLAMIK-LLA | no | count=4000.00 | yes=92c
Kalshi WS trade #8125: KXBTC-26FEB1310-B67625 | yes | count=50.00 | yes=81c
Kalshi WS trade #8126: KXBTC-26FEB1310-B67625 | yes | count=70.00 | yes=84c
Kalshi WS trade #8127: KXPGATOP10-ATPBP26-SSCH | yes | count=340.00 | yes=28c
Kalshi WS trade #8128: KXBTC-26FEB1310-B67875 | no | count=50.00 | yes=9c
Kalshi WS trade #8129: KXBTC-26FEB1310-B67875 | no | count=21.00 | yes=8c
Kalshi WS trade #8130: KXBTCD-26FEB1310-T67749.99 | no | count=50.00 | yes=11c
Kalshi WS trade #8131: KXBTCD-26FEB1310-T67749.99 | no | count=800.00 | yes=9c
Kalshi WS trade #8132: KXBTCD-26FEB1310-T67749.99 | no | count=77.00 | yes=8c
Kalshi WS trade #8133: KXBTCD-26FEB1310-T67749.99 | no | count=100.00 | yes=8c
Kalshi WS trade #8134: KXBTCD-26FEB1310-T67749.99 | no | count=63.00 | yes=8c
Kalshi WS trade #8135: KXBTCD-26FEB1310-T67749.99 | yes | count=2612.00 | yes=12c
Kalshi WS trade #8136: KXBTCD-26FEB1310-T67749.99 | yes | count=100.00 | yes=12c
Kalshi WS trade #8137: KXIMPEACH-28-JAN01 | yes | count=2.00 | yes=65c
Kalshi WS trade #8138: KXATPCHALLENGERMATCH-26FEB13LLAMIK-LLA | no | count=1156.00 | yes=92c
Kalshi WS trade #8139: KXATPCHALLENGERMATCH-26FEB13LLAMIK-LLA | no | count=1366.00 | yes=92c
Kalshi WS trade #8140: KXBTCD-26FEB1310-T67499.99 | no | count=1.00 | yes=94c
Kalshi WS trade #8141: KXBTCD-26FEB1310-T67499.99 | no | count=4.00 | yes=93c
Kalshi WS trade #8142: KXETHD-26FEB1310-T1989.99 | no | count=11.00 | yes=10c
Kalshi WS trade #8143: KXWTACHALLENGERMATCH-26FEB13STEJOR-JOR | no | count=44.00 | yes=50c
Kalshi WS trade #8144: KXATPMATCH-26FEB13DEVAN-VAN | yes | count=17.00 | yes=54c
Kalshi WS trade #8145: KXATPCHALLENGERMATCH-26FEB13TRAMOR-TRA | yes | count=107.00 | yes=7c
Kalshi WS trade #8146: KXBTCD-26FEB1310-T67749.99 | no | count=10.00 | yes=11c
Kalshi WS trade #8147: KXATPMATCH-26FEB13DEVAN-VAN | yes | count=8.00 | yes=54c
Poly WS trade #171: asset=76489251550443972870... | BUY | size=100 | price=0.232
Poly WS trade #172: asset=76489251550443972870... | BUY | size=110 | price=0.232
Kalshi WS trade #8148: KXNBA3PTCONTEST-26-DMIT | yes | count=7.00 | yes=12c
Kalshi WS trade #8149: KXSERIEAGAME-26FEB13PISACM-ACM | yes | count=15.00 | yes=62c
Kalshi WS trade #8150: KXNCAAMBGAME-26FEB13SLULCHI-LCHI | yes | count=31.00 | yes=6c
Kalshi WS trade #8151: KXLLM1-26FEB14-A | yes | count=28.00 | yes=96c
Kalshi WS trade #8152: KXMVESPORTSMULTIGAMEEXTENDED-S2026E76B35FC08B-10372B0EFF2 | yes | count=100.00 | yes=5c
Kalshi WS trade #8153: KXATPCHALLENGERMATCH-26FEB13LLAMIK-MIK | yes | count=156.00 | yes=6c
Kalshi WS trade #8154: KXBTCD-26FEB1317-T67999.99 | yes | count=100.00 | yes=38c
Kalshi WS trade #8155: KXBTCD-26FEB1317-T67999.99 | yes | count=139.00 | yes=39c
Kalshi WS trade #8156: KXSCOURT-29-JH | yes | count=7.00 | yes=12c
Kalshi WS trade #8157: KXSC01R-26-APEL | yes | count=6.00 | yes=6c
Kalshi WS trade #8158: KXSC01R-26-APEL | yes | count=44.00 | yes=6c
Kalshi WS trade #8159: KXGOVTSHUTDOWN-26FEB14 | yes | count=164.00 | yes=89c
Kalshi WS trade #8160: KXATPCHALLENGERMATCH-26FEB13TABECH-ECH | yes | count=1.00 | yes=34c
Kalshi WS trade #8161: KXBTCD-26FEB1310-T67749.99 | no | count=8.00 | yes=14c
Kalshi WS trade #8162: KXBTCD-26FEB1310-T67749.99 | no | count=10.00 | yes=11c
Kalshi WS trade #8163: KXBTCD-26FEB1310-T67749.99 | no | count=14.00 | yes=11c
Kalshi WS trade #8164: KXWTAMATCH-26FEB13COCVEK-COC | yes | count=18.00 | yes=82c
Kalshi WS trade #8165: KXWTAMATCH-26FEB13COCVEK-COC | yes | count=15.00 | yes=82c
Kalshi WS trade #8166: KXBTC-26FEB1310-B67875 | no | count=32.00 | yes=9c
Kalshi WS trade #8167: KXPGATOUR-ATPBP26-KBRA | yes | count=6.00 | yes=9c
Kalshi WS trade #8168: KXATPCHALLENGERMATCH-26FEB13LLAMIK-MIK | yes | count=15.00 | yes=6c
Kalshi WS trade #8169: KXATPCHALLENGERMATCH-26FEB13LLAMIK-MIK | yes | count=3.00 | yes=6c
Kalshi WS trade #8170: KXBTCD-26FEB1310-T67749.99 | no | count=100.00 | yes=15c
Kalshi WS trade #8171: KXBTCD-26FEB1310-T67749.99 | no | count=50.00 | yes=14c
Kalshi WS trade #8172: KXBTCD-26FEB1310-T67749.99 | no | count=200.00 | yes=14c
Kalshi WS trade #8173: KXBTCD-26FEB1310-T67749.99 | no | count=227.00 | yes=13c
Kalshi WS trade #8174: KXATPMATCH-26FEB13DEVAN-DE | yes | count=10.00 | yes=47c
Kalshi WS trade #8175: KXATPCHALLENGERMATCH-26FEB13LLAMIK-MIK | no | count=10.00 | yes=5c
Kalshi WS trade #8176: KXATPMATCH-26FEB13DEVAN-VAN | no | count=1428.00 | yes=52c
Kalshi WS trade #8177: KXBTC-26FEB1310-B67875 | no | count=3.00 | yes=11c
Kalshi WS trade #8178: KXCS2GAME-26FEB14B8FURIA-B8 | yes | count=11.00 | yes=17c
Kalshi WS trade #8179: KXBTCD-26FEB1310-T67749.99 | yes | count=100.00 | yes=15c
Kalshi WS trade #8180: KXT20MATCH-26FEB13NEDUSA-NED | yes | count=68.00 | yes=22c
Kalshi WS trade #8181: KXT20MATCH-26FEB13NEDUSA-NED | yes | count=36.00 | yes=22c
Kalshi WS trade #8182: KXT20MATCH-26FEB13NEDUSA-NED | yes | count=1.00 | yes=22c
Kalshi WS trade #8183: KXNCAAMBSPREAD-26FEB13YALEDART-YALE9 | no | count=9.00 | yes=49c
Kalshi WS trade #8184: KXMVESPORTSMULTIGAMEEXTENDED-S2026C4B7103F6D0-7F00E2CCFDB | yes | count=41.00 | yes=4c
Kalshi WS trade #8185: KXBTC-26FEB1310-B67875 | no | count=13.00 | yes=9c
Kalshi WS trade #8186: KXBTCD-26FEB1310-T67749.99 | yes | count=100.00 | yes=14c
Kalshi WS trade #8187: KXKHLGAME-26FEB130900HCDAVT-AVT | yes | count=20.00 | yes=42c
Kalshi WS trade #8188: KXKHLGAME-26FEB130900HCDAVT-AVT | yes | count=1.00 | yes=76c
Kalshi WS trade #8189: KXNCAAMBTOTAL-26FEB13MANNIAG-122 | yes | count=3.00 | yes=88c
Kalshi WS trade #8190: KXBTC15M-26FEB131000-00 | no | count=93.00 | yes=99c
Kalshi WS trade #8191: KXATPMATCH-26FEB13DEVAN-DE | no | count=806.00 | yes=46c
Kalshi WS trade #8192: KXBTCD-26FEB1310-T67499.99 | yes | count=20.00 | yes=95c
Kalshi WS trade #8193: KXBTCD-26FEB1310-T67499.99 | yes | count=1.00 | yes=95c
Kalshi WS trade #8194: KXBTCD-26FEB1310-T67499.99 | yes | count=31.00 | yes=95c
Kalshi WS trade #8195: KXATPMATCH-26FEB13DEVAN-VAN | yes | count=448.00 | yes=54c
Kalshi WS trade #8196: KXBTCD-26FEB1310-T67749.99 | no | count=100.00 | yes=14c
Kalshi WS trade #8197: KXBTCD-26FEB1310-T67749.99 | no | count=1250.00 | yes=12c
Kalshi WS trade #8198: KXBTCD-26FEB1310-T67749.99 | no | count=749.00 | yes=12c
Kalshi WS trade #8199: KXATPCHALLENGERMATCH-26FEB13PIEDOS-PIE | yes | count=5.00 | yes=26c
Kalshi WS trade #8200: KXMVESPORTSMULTIGAMEEXTENDED-S20263575B2976A1-40827458846 | yes | count=130.00 | yes=10c
Kalshi WS trade #8201: KXNCAAWBGAME-26FEB13NCATUNCW-NCAT | yes | count=4.00 | yes=72c
Kalshi WS trade #8202: KXNASDAQ100U-26FEB13H1000-T24649.99 | no | count=3.00 | yes=26c
Kalshi WS trade #8203: KXBTC-26FEB1310-B67625 | yes | count=8.00 | yes=80c
Kalshi WS trade #8204: KXBTC-26FEB1310-B67625 | yes | count=22.00 | yes=81c
Kalshi WS trade #8205: KXATPCHALLENGERMATCH-26FEB13TRAMOR-TRA | no | count=401.00 | yes=5c
INFO:     35.145.33.17:0 - "GET /api/markets HTTP/1.1" 200 OK
Kalshi WS trade #8206: KXATPMATCH-26FEB13DEVAN-VAN | yes | count=392.00 | yes=54c
Kalshi WS trade #8207: KXBTCD-26FEB1310-T67749.99 | no | count=10.00 | yes=14c
Kalshi WS trade #8208: KXBTCD-26FEB1310-T67749.99 | no | count=200.00 | yes=13c
Kalshi WS trade #8209: KXBTCD-26FEB1310-T67749.99 | no | count=100.00 | yes=13c
Kalshi WS trade #8210: KXBTCD-26FEB1310-T67749.99 | no | count=942.00 | yes=13c
Kalshi WS trade #8211: KXSAUDIPLSPREAD-26FEB13SHAAAS-AAS1 | no | count=2.00 | yes=76c
Kalshi WS trade #8212: KXSAUDIPLSPREAD-26FEB13SHAAAS-AAS1 | no | count=13.00 | yes=75c
Kalshi WS trade #8213: KXBTCD-26FEB1310-T67749.99 | no | count=22.00 | yes=14c
Kalshi WS trade #8214: KXBTCD-26FEB1310-T67499.99 | yes | count=50.00 | yes=95c
Kalshi WS trade #8215: KXATPCHALLENGERMATCH-26FEB13LLAMIK-LLA | yes | count=509.00 | yes=94c
Kalshi WS trade #8216: KXMVESPORTSMULTIGAMEEXTENDED-S2026343F8BBE03A-31B3E1FDC7D | yes | count=465.00 | yes=0c
Kalshi WS trade #8217: KXMVESPORTSMULTIGAMEEXTENDED-S2026141C479E54D-BD8B87F7181 | yes | count=100.00 | yes=39c
Kalshi WS trade #8218: KXWTAMATCH-26FEB13COCVEK-COC | yes | count=5.00 | yes=83c
Kalshi WS trade #8219: KXMVESPORTSMULTIGAMEEXTENDED-S202646424C72318-3CDCD7CCBE6 | yes | count=35.00 | yes=26c
Kalshi WS trade #8220: KXNCAAWBGAME-26FEB13VALPMURR-VALP | yes | count=93.00 | yes=3c
Kalshi WS trade #8221: KXSAUDIPLGAME-26FEB13SHAAAS-SHA | no | count=14.00 | yes=1c
Kalshi WS trade #8222: KXWTACHALLENGERMATCH-26FEB13CHWLAM-LAM | yes | count=208.00 | yes=9c
Kalshi WS trade #8223: KXATPCHALLENGERMATCH-26FEB13LLAMIK-MIK | yes | count=323.00 | yes=6c
Kalshi WS trade #8224: KXATPCHALLENGERMATCH-26FEB13LLAMIK-MIK | yes | count=458.00 | yes=6c
Kalshi WS trade #8225: KXHIGHAUS-26FEB13-B82.5 | no | count=10.00 | yes=43c
Kalshi WS trade #8226: KXHIGHAUS-26FEB13-B82.5 | no | count=256.00 | yes=43c
Kalshi WS trade #8227: KXBERNIEMENTION-26FEB14-IMMI | yes | count=4.00 | yes=48c
Kalshi WS trade #8228: KXBERNIEMENTION-26FEB14-IMMI | yes | count=16.00 | yes=48c
Poly WS trade #173: asset=43946269812975261940... | BUY | size=150 | price=0.77
Kalshi WS trade #8229: KXPGATOP20-ATPBP26-SSCH | yes | count=40.00 | yes=53c
Kalshi WS trade #8230: KXGOVTSHUTDOWN-26FEB14 | no | count=7.00 | yes=88c
Kalshi WS trade #8231: KXBTCD-26FEB1310-T67749.99 | no | count=1.00 | yes=14c
Kalshi WS trade #8232: KXINXU-26FEB13H1000-T6839.9999 | no | count=3900.00 | yes=1c
Kalshi WS trade #8233: KXBTC-26FEB1310-B67625 | yes | count=4.00 | yes=83c
Poly WS trade #174: asset=48458075019957098166... | SELL | size=152 | price=0.993
Kalshi WS trade #8234: KXSAUDIPLGAME-26FEB13HILITT-ITT | yes | count=14.00 | yes=6c
Kalshi WS trade #8235: KXWTACHALLENGERMATCH-26FEB13CHWLAM-LAM | no | count=2.00 | yes=8c
Kalshi WS trade #8236: KXWTACHALLENGERMATCH-26FEB13CHWLAM-LAM | no | count=20.00 | yes=8c
Poly WS trade #175: asset=82502710596437163348... | SELL | size=6.21 | price=0.994
Kalshi WS trade #8237: KXWTACHALLENGERMATCH-26FEB13STEJOR-JOR | yes | count=89.00 | yes=54c
Kalshi WS trade #8238: KXT20MATCH-26FEB16SRIAUS-SRI | yes | count=3.00 | yes=28c
Kalshi WS trade #8239: KXLOVEISBLINDENGAGEMENT-26-ELI | no | count=10.00 | yes=26c
Kalshi WS trade #8240: KXBTCD-26FEB1310-T67499.99 | no | count=10.00 | yes=94c
Kalshi WS trade #8241: KXBTCD-26FEB1310-T67499.99 | no | count=68.00 | yes=94c
Kalshi WS trade #8242: KXWOSSKATE-M10K26GOLD-DGHI | yes | count=12.00 | yes=54c
Kalshi WS trade #8243: KXWOSSKATE-M10K26GOLD-DGHI | yes | count=5.00 | yes=54c
Kalshi WS trade #8244: KXATPMATCH-26FEB13DEVAN-VAN | yes | count=179.00 | yes=54c
Kalshi WS trade #8245: KXT20MATCH-26FEB13NEDUSA-USA | no | count=167.00 | yes=79c
Kalshi WS trade #8246: KXNCAAMBGAME-26FEB13IONACAN-IONA | yes | count=7.00 | yes=68c
Kalshi WS trade #8247: KXWTAMATCH-26FEB13COCVEK-VEK | yes | count=118.00 | yes=20c
Kalshi WS trade #8248: KXBTCD-26FEB1310-T67499.99 | yes | count=99.00 | yes=95c
Kalshi WS trade #8249: KXBTCD-26FEB1310-T67499.99 | yes | count=105.00 | yes=95c
Kalshi WS trade #8250: KXBTCD-26FEB1310-T67499.99 | yes | count=11.00 | yes=95c
INFO:     35.145.33.17:0 - "GET /api/spreads?min_spread_pct=0.05 HTTP/1.1" 200 OK
